% Model,3d_full_flux.mph
% Version,COMSOL 6.2.0.339
% Date,"Apr 17 2026, 16:32"
% Dimension,3
% Nodes,4286
% Expressions,1
% Description,Volume
% X,Y,Z,Temperature
0.17656132305921285,0.05,0.24539001097615984,357.7578187934494
0.17333333333333337,0.05,0.25,357.7114774879634
0.16989465639254617,0.05,0.24539001097615984,357.8546055256564
0.09785108682395038,0.027726898495404904,0.25,352.83686524783013
0.1000925894728541,0.03328181003790619,0.25,354.00955332170605
0.10449794177632822,0.027733304452145127,0.25,352.8367608205786
0.2,0.03372003901035904,0.1861366274361847,354.05682083218943
0.2,0.03919779934264397,0.19030176612715233,355.29179906146635
0.19999999999999996,0.039044479335430135,0.18397741492575698,355.3139890548745
0.19577290344402273,0.04647521159494428,0.25,356.35098076507666
0.2,0.05,0.25,357.24244467600784
0.2,0.044444444444444446,0.25,355.72715698173613
0.20000000000000004,0.03970541749367719,0.20937476088977364,355.1977005300815
0.20000000000000007,0.03438097716860609,0.20512371698994492,354.0023104818181
0.20000000000000007,0.034735275312425484,0.2114621041409145,354.00179790658916
0.1,0.05,0.25,358.2350233493349
0.09333333333333335,0.05,0.25,358.2307188522126
0.09666666666666666,0.05,0.24422649730810375,358.35248559261987
0.1625600087032334,0,0.21370454342262063,348.82735923695776
0.16684695288401208,0,0.21878578569668544,348.7130306105974
0.1698248161400387,0,0.21406754981159695,348.73782945209143
0.19438707888783163,0.05,0.1822849676352139,358.33278722266994
0.18877415777566323,0.05,0.1786724993729919,358.4704398931851
0.19438707888783163,0.05,0.17587471122495751,358.3855739167163
0.2,0,0.17948717948717946,348.6306886811546
0.2,0,0.18589743589743588,348.57932081584556
0.2,0.005771578769674226,0.18386806866697095,349.253217552788
0.18868709546784304,0.05,0.19756523420086725,358.2890259166481
0.18303064320176457,0.05000000000000001,0.20019400514745475,358.35867844370995
0.18307417435567466,0.05000000000000001,0.19395276593864527,358.4274765149673
0.16981582660076117,0.006452880617861938,0.25,348.9322032017357
0.17333333333333334,0,0.25,348.1523852334349
0.16666666666666669,0,0.25,348.2338911828002
0.15015755669225445,0.05,0.2334557015909966,358.31187248344116
0.14343837112816962,0.05,0.2331969650354348,358.37777809611674
0.14694763162361918,0.05,0.22819754152879215,358.4320945336289
0.19577290344402276,0.04091965603938871,0.25,354.9119400722324
0.2,0.03888888888888889,0.25,354.33396970299026
0.15333333333333338,0.05,0.25,357.96008503196776
0.15005251889741816,0.05,0.24448523386366555,358.1059358669497
0.15671918556408485,0.05,0.24448523386366555,358.03649974682867
0.2,0.005771578769674226,0.19027832507722736,349.1971721344725
0.2,0.0117461274236881,0.19464571272414175,349.955323029131
0.2,0.011543157539348451,0.18824895784676243,349.9867643201723
0.17439879130832187,0,0.2361551209948211,348.3686657078726
0.17286300173654562,0,0.24041232833601056,348.32068084414885
0.17796729044004905,0,0.24094895682681583,348.2444463923703
0.12894486494857954,0.03893184331585173,0.25,355.23830994212403
0.12447243247428977,0.044465921657925865,0.25,356.66060867229857
0.13113909914095645,0.04446592165792587,0.25,356.6249799166763
0.17378338179202923,0.05,0.23113407692858218,358.06274830514906
0.16635177127618772,0.05,0.23064234072270126,358.1744926601805
0.1704511838905785,0.05,0.225606384722804,358.2021923302746
0.2,0.011543157539348451,0.18183870143650602,350.04169571469913
0.18906352138794558,0.0055719509085705166,0.25,348.55268958092864
0.18479370944255785,0.011143901817141033,0.25,349.3492992959903
0.1914603761092245,0.011143901817141033,0.25,349.24394439327625
0.11112876645920328,0.04443154065046221,0.25,356.697026533661
0.11779543312586994,0.04443154065046221,0.25,356.67858730728
0.11559086625173987,0.03886308130092442,0.25,355.27827027573994
0.20000000000000004,0.02364562179344271,0.20954006726291835,351.74709089610565
0.20000000000000004,0.023291323649623313,0.20320168011194878,351.75776683428194
0.2,0.017923645962041622,0.20540985524843547,350.79413035269994
0.2,0.011949097308027748,0.20745272401177747,349.8451847301687
0.2,0.011949097308027748,0.20104246760152106,349.91794472645864
0.18833761674085844,0.049999999999999996,0.21093154387156796,358.1311817295702
0.19399406900693691,0.049999999999999996,0.2147130293352369,357.9727493001514
0.18798813801387385,0.04999999999999999,0.21788759713201225,358.0402261994911
0.2,0.017720676077701975,0.19901310037105613,350.8323365570446
0.2,0.023088353765283662,0.19680492523456944,351.7909559342972
0.2,0.017517706193362327,0.19261634549367682,350.8646057497583
0.1222678656001597,0.03889746230838808,0.25,355.2624879559945
0.16666666666666669,0.05,0.25,357.8036361529898
0.16322798972587949,0.05,0.2453900109761598,357.9419698434519
0.19999999999999998,0.02273206387373019,0.18408381915579478,351.84794743773745
0.2,0.01718909680365388,0.1797620180445905,350.9244492211585
0.19999999999999998,0.017314736309022676,0.18621959061629748,350.8909379308407
0.1503447691146056,0.05000000000000001,0.2122571894887252,358.64142829442716
0.14738869408490407,0.05,0.2055626676352261,358.75827231507554
0.15377522541388328,0.05,0.20619791260414663,358.686550482487
0.06238288394882709,0.02218509910138524,0.25,351.64798367519256
0.05790990626386332,0.02777325317749974,0.25,352.6809784542771
0.06459318378107928,0.027730418415656065,0.25,352.7209585382
0.16241957432729415,0.0402080935700942,0.25,355.25570317400826
0.15798329877630077,0.04467890330035319,0.25,356.44947969398464
0.16443627555099338,0.045529190269741004,0.25,356.59794013610184
0.2,0.027812817671170345,0.24586599720222807,351.9894567184655
0.2,0.03333333333333333,0.25,353.0628828397702
0.2,0.034124979123350746,0.24522166635949705,353.3280392257814
0.1897382458102191,0,0.24148558531762104,348.0625439147082
0.18307157914355246,0,0.24148558531762107,348.1635901613288
0.1882024562384429,0,0.24574279265881055,348.0157390442129
0.17776960888432675,0.04552919026974101,0.25,356.41103205800044
0.18000000000000002,0.05,0.25,357.60989640852546
0.19486912290510955,0,0.2393325362485541,348.01427617895814
0.18973824581021914,0,0.23507532890736466,348.16417631386935
0.2,0.05,0.1794871794871795,358.24189737024244
0.13596572080798194,0.02230999802459925,0.25,351.6817286904421
0.1407108552928532,0.016810353563536835,0.25,350.70634758622924
0.13376900970822336,0.016721875536483313,0.25,350.73900774521223
0.1819344121996306,0.05,0.24588594656694984,357.66256806948223
0.1886010788662973,0.05,0.24588594656694984,357.54757658228084
0.18666666666666668,0.05,0.25,357.49809058519793
0.2,0.02860446346118776,0.24108766356172512,352.23412128114825
0.10666666666666667,0.05,0.25,358.2307610567697
0.10333333333333333,0.05,0.24422649730810372,358.3527552269694
0.1888934148492192,0,0.20291338323862482,348.60080052114273
0.19444670742460962,0,0.2008156659782868,348.5331395658764
0.18889341484921923,0,0.1965031268283684,348.66766514295335
0.2,0.04452223966771507,0.17532204079621183,356.77274741933553
0.19999999999999998,0.03899460469445523,0.17111575099836795,355.403796063515
0.2,0.03904447933543014,0.1775671585155006,355.3680357638612
0.16619633506987896,0,0.24041232833601056,348.40193684522853
0.16976483420160615,0,0.24520616416800528,348.2798304449394
0.1753618412561346,0.018477712144294393,0.25,350.6124986642697
0.16944747980228353,0.019358641853585816,0.25,350.83920949231384
0.17408021231833157,0.022702098022697917,0.25,351.3647831554519
0.14677170446150295,0.05,0.23897046772733105,358.24349271865316
0.15343837112816963,0.05,0.23897046772733108,358.17833310677423
0.20000000000000004,0.03402667902478669,0.19878532983897534,353.99673299924024
0.2,0.03935111934985779,0.20303637373880407,355.1900964959694
0.20000000000000004,0.0393511193498578,0.19662611732854768,355.26346073032124
0.18268116447477997,0.05,0.20715005840789902,358.27972209555975
0.18868709546784304,0.05,0.20397549061112366,358.2139287314505
0.16556873426138863,0.029994307521289475,0.25,352.89718674726595
0.16040287310359488,0.0348869968704474,0.25,354.02204739183986
0.1668558498782875,0.03573728383983521,0.25,354.1367262068506
0.19999999999999998,0.01896477386853147,0.22344892682258616,350.7321487830158
0.19999999999999996,0.01264318257902098,0.21947877172787794,349.79340061531684
0.19999999999999996,0.01264318257902098,0.22588902813813433,349.7034642451892
0.12454358697469088,0.027775261478198008,0.25,352.79089254208856
0.12674029807444945,0.03336338396631394,0.25,353.9600877976598
0.1312205863231107,0.027809642485661663,0.25,352.7629560606429
0.1901787471714215,0.026479398806655667,0.25,351.82724248195467
0.18590893522603374,0.020940238604115074,0.25,350.87549824088603
0.1846273062882307,0.025164624482518598,0.25,351.6659587538788
0.14005251889741815,0.05,0.23871173117176928,358.30508226681144
0.13333333333333336,0.05,0.23845299461620745,358.3577783645745
0.13671918556408483,0.05,0.232938228479873,358.43479025839684
0.20000000000000004,0.04047218046892372,0.2340330763087377,355.01549866793926
0.2,0.04523609023446186,0.23881140994924066,356.1519461749104
0.20000000000000004,0.045236090234461866,0.23240115353898425,356.26495308189965
0.17999457377218264,0.021821168313406497,0.25,351.12181128281844
0.17871294483437963,0.026045554191810018,0.25,351.9251916711018
0.14022844605953438,0.05,0.22793880497323035,358.4935687206737
0.13701852099089915,0.05,0.2226806449110259,358.6023607228762
0.14373770655498397,0.05,0.2229393814665877,358.5453179614621
0.1781706571384524,0.05000000000000001,0.19062132489791728,358.54233975949245
0.1782141882923625,0.05,0.1843800856891078,358.6016376028534
0.18311770550958473,0.05,0.1877115267298358,358.49004207969324
0.18460736871532868,0,0.23722837797643162,348.2092406905884
0.17008440526988264,0,0.22451769009545436,348.59592610089123
0.16281959783307734,0,0.224154683706478,348.6860739499087
0.1660570502189479,0,0.22988658810524693,348.56693960257735
0.2,0,0.22435897435897437,348.1500491371976
0.1937921892525409,0,0.22701675333769988,348.2184285124049
0.2,0,0.23076923076923075,348.05821477212004
0.18,0,0.25,348.0631350035596
0.1764315008682728,0,0.24520616416800528,348.19457732946194
0.20000000000000004,0.040265948053210154,0.22807824037986868,355.0635805005039
0.08453700732554414,0.011075105617910135,0.24999999999999994,349.963180635305
0.08226850366277207,0.005537552808955067,0.24999999999999997,349.2226804708589
0.07788712420736903,0.01106986781737865,0.25,349.94010761505393
0.19022146256083194,0.034049326159696094,0.25,353.4005556359443
0.19577290344402273,0.035364100483833164,0.25,353.5949997949139
0.19444855911680922,0.03201855900919626,0.25,352.8825839496341
0.13815995500035885,0.011177409700006717,0.25,349.86894167301153
0.18939546618185768,0,0.18497127593894058,348.765480680951
0.18409319927278653,0,0.18130306775456473,348.87699780425606
0.1838421736064673,0,0.18706899319927864,348.8330692113996
0.19999999999999998,0.04452223966771507,0.18814255361672463,356.6623962657659
0.2,0.044522239667715076,0.18173229720646825,356.7207841457227
0.2,0.012296139943524364,0.21346574786982772,349.82186487201153
0.19999999999999998,0.018617731233034854,0.2174359029645359,350.75795370478124
0.2,0.01827068859753824,0.21142287910648572,350.7786142280093
0.15185083117842918,0.028324083797569843,0.25,352.70612945098924
0.14710569669355794,0.03382372825863225,0.25,353.919763694445
0.15394989632890227,0.034036709901059586,0.25,353.90143781452025
0.2,0.023992664428939325,0.21555309112096854,351.73364281589284
0.17553921776865344,0.04105838053948202,0.25,355.28955800834274
0.16887255110198676,0.04105838053948201,0.25,355.38430742141776
0.17110294221766006,0.045529190269741004,0.25,356.5091973042569
0.11666666666666667,0.05,0.23267949192431123,358.5430151921191
0.12000000000000001,0.05,0.23845299461620745,358.42650753987795
0.11333333333333334,0.05,0.2384529946162075,358.44797374921706
0.1943435477339215,0.05,0.19493646325427977,358.21042106032246
0.18873062662175313,0.05000000000000001,0.1913239949920578,358.3550023832554
0.10890329407980237,0.022184798866384067,0.25,351.77098546154565
0.11562508497736734,0.022185968928233074,0.25,351.7560016076671
0.11338358232846363,0.016631057385731784,0.25,350.8116280223562
0.14290756639261176,0.02239847605165277,0.25,351.6473290803863
0.14765270087748303,0.016898831590590357,0.25,350.6649078171112
0.2,0.005974548654013874,0.20308533636486312,349.09281387604085
0.2,0.005974548654013874,0.1966750799546067,349.16062173347245
0.16929450260481843,0,0.23561849250401584,348.4414455476204
0.2,0.040059715637496586,0.2221234044509996,355.10574799285615
0.20000000000000007,0.03529580587195845,0.2237553272207531,353.95452262952557
0.1433858522307515,0.05,0.24448523386366555,358.1664979824898
0.2,0.005771578769674226,0.17745781225671453,349.3034713943084
0.20000000000000004,0.0446755596749289,0.2008771612283764,356.5674792461594
0.2,0.05,0.19871794871794873,358.05351122376584
0.20000000000000004,0.0446755596749289,0.19446690481812,356.6388376888188
0.12333333333333335,0.05,0.24422649730810372,358.301009129809
0.11666666666666668,0.05,0.24422649730810375,358.3267855512343
0.2,0.02229230200900736,0.24173199440445614,351.0198684700509
0.2,0.02225726211561479,0.24586599720222807,350.9405307681577
0.1683200915500978,0.05,0.19019968202527077,358.69194072089846
0.17322360876732004,0.05,0.19353112306599873,358.5878968353296
0.16854590155227267,0.05,0.19504179713196446,358.6382774374781
0.2,0,0.23717948717948717,347.9607308471042
0.19486912290510955,0,0.23292227983829772,348.11383434104664
0.16317516501584378,0.05,0.23526525581598517,358.1346239947367
0.15984296711439305,0.05,0.229737563610207,358.27102569360346
0.16271225449696736,0.05,0.19814303337375674,358.6802972085905
0.156878607441662,0.05,0.201244269615549,358.7136053820694
0.15665279743948712,0.05,0.1964021545088553,358.77175249189986
0.19333333333333333,0.05,0.25,357.3756066743587
0.18910623677735608,0.04647521159494428,0.25,356.4762650672371
0.1914603761092245,0.022255012928252143,0.25,351.0167327201693
0.18719056416383678,0.01671585272571155,0.25,350.149053500285
0.14929993088593485,0.03935780660070639,0.25,355.18913014111195
0.1513166321096341,0.0446789033003532,0.25,356.5203169965773
0.15596659755260153,0.039357806600706396,0.25,355.1211681642899
0.12902387522335212,0.02222151999754573,0.25,351.7073486903628
0.1773492127066879,0,0.22488069648443065,348.49645287837535
0.17332185765575317,0,0.23024959449422325,348.4724618835595
0.17411176032081738,0,0.21914879208566176,348.6178872580818
0.18914444051553844,0,0.1907372013836545,348.7189153171672
0.18359114794014805,0,0.19283491864399255,348.78445580811297
0.18243957011068943,0.04647521159494428,0.25,356.5908712818857
0.18487914022137883,0.04295042318988855,0.25,355.620763694531
0.18020917899501612,0.042004401864685285,0.25,355.45591361966245
0.17505705831805624,0.05,0.23666596851926947,357.9463101738682
0.18043014745847402,0.05,0.2371619041100595,357.853359962164
0.17849573525884344,0.05,0.24127595754310968,357.80791438740243
0.0912323266764229,0.027721155529732377,0.24999999999999997,352.8289789867451
0.09344573452047625,0.033275404081165964,0.25,354.0039547616052
0.12666666666666668,0.05,0.23845299461620745,358.3964432547616
0.18137656775762268,0,0.2195117984746381,348.513418532068
0.18866131215765045,0,0.22916980240676682,348.26969820660184
0.18353043506276,0,0.23132285147583376,348.31569030469495
0.16553787195926,0,0.20898630753753217,348.85105443684125
0.09000000000000001,0.05,0.24422649730810375,358.34392394372526
0.09333333333333332,0.05,0.2384529946162075,358.4607780417416
0.19999999999999998,0.01750278218740674,0.23288163667865153,350.34794371611633
0.2,0.023083947799024777,0.23695366076395322,351.2440412094051
0.2,0.023814943639587142,0.23223730583592053,351.4553806471486
0.17648249326742782,0.006452880617861938,0.25,348.8457138043264
0.11782965185149741,0.011087761611104193,0.25,349.9582074364948
0.1201053732260286,0.01663222744758079,0.25,350.79134490485495
0.1943435477339215,0.05,0.2077569760747926,358.05928695576176
0.2,0.05,0.21153846153846154,357.8947531166437
0.07561862054459695,0.0055323150084235825,0.25,349.1972748595133
0.14245573125059052,0.03914482495827906,0.25,355.197523753736
0.181324404778492,0.03513407198499265,0.25,353.7920206838672
0.18467002167764118,0.032734551835559025,0.25,353.2055944336083
0.1800000604512785,0.03178853051035575,0.25,353.07554878851255
0.18386882439926122,0.05,0.24177189313389968,357.71058971124785
0.2,0.011181190897896253,0.23532173799419975,349.3503521579196
0.2,0.005590595448948126,0.23945574079197168,348.5507462347243
0.2,0.011181190897896253,0.2417319944044562,349.2458931181489
0.19526774553296394,0.05,0.24588594656694984,357.4219070075676
0.19526774553296394,0.05,0.2394756901566934,357.5453647309941
0.2,0.05,0.24358974358974358,357.3712833040002
0.2,0.05,0.22435897435897434,357.70801207798075
0.19399406900693691,0.049999999999999996,0.2275335421557497,357.7784758502166
0.19399406900693694,0.05,0.2211232857454933,357.87922724049577
0.2,0,0.25,347.7484124180464
0.19573018805461226,0.0055719509085705166,0.25,348.44373069919664
0.2,0.005555555555555555,0.25,348.36778078543284
0.11999999999999998,0,0.25,348.5870445460784
0.11555393047696622,0.005543295774627593,0.25,349.2298563224602
0.12227572137453119,0.005544465836476599,0.25,349.20753944107986
0.14255090029249434,0.005632943863530119,0.25,349.10210960096083
0.14666666666666667,0,0.25,348.43185363746073
0.13999999999999999,0,0.25,348.48230520641306
0.1356090547078645,0.005544465836476598,0.25,349.13926556881205
0.2,0.033873359017572865,0.19246097863758,354.02985108458324
0.2,0.028456031452865353,0.19459675009808272,352.85347304548105
0.09781524484015874,0.04442513469372199,0.25,356.7068419038198
0.1044620997925366,0.04443154065046221,0.25,356.7069224679702
0.10227734463269533,0.0388566753441842,0.25,355.29932527003547
0.13121810941572903,0.011088931672953196,0.25,349.89945993136104
0.1702223680169065,0.05,0.21512504952842812,358.3638794202888
0.16711898598912778,0.05,0.22007869251702578,358.33384495417795
0.162790757501065,0.05,0.2146333133225472,358.46910990219345
0.16000000000000003,0.05,0.25,357.88637240360475
0.20000000000000004,0.03570827070338558,0.2356649990784912,353.8554343208329
0.20000000000000004,0.03550203828767201,0.22971016314962212,353.90793564528536
0.2,0.030127105091767543,0.23159297499318948,352.7066665387378
0.19526774553296394,0.05,0.233065433746437,357.66043478866345
0.2,0.05,0.23717948717948717,357.49173426623565
0.15631838347355684,0,0.22334321252971825,348.7656375690681
0.1595558358594274,0,0.22907511692848717,348.6506758128441
0.1784261463592566,0,0.23078622298502852,348.3963869837587
0.0934242711358437,0.01661840139253773,0.24999999999999994,350.8220721736036
0.08680551098831622,0.016612658426865202,0.24999999999999997,350.8092824138369
0.08901891883236956,0.02216690697829879,0.24999999999999994,351.7640882041557
0.1530546214999069,0,0.2282636457517274,348.72705247113043
0.15629207388577743,0,0.23399555015049628,348.6099035983883
0.17296498653485567,0.012905761235723876,0.25,349.7710719672445
0.17887934798870678,0.012024831526432456,0.25,349.56185621626685
0.1957301880546123,0.011127506464126071,0.25,349.16983348859685
0.2,0.01111111111111111,0.25,349.0923938805445
0.2,0.005974548654013875,0.20949559277511953,349.01922935364314
0.1943870788878316,0.05,0.18869522404547032,358.2735759222797
0.18877415777566323,0.05,0.18508275578324834,358.41474634333144
0.1378057658076231,0.044465921657925865,0.25,356.5807416399123
0.14464996544296743,0.04467890330035319,0.25,356.5822802945889
0.2,0.02792400265111908,0.1625876600893198,352.99974661114084
0.19999999999999998,0.03346696972119538,0.16690946120052408,354.1487625524334
0.19999999999999998,0.03341709508022047,0.16045805368339144,354.1748850582439
0.12682716412359357,0.016633397509429795,0.25,350.76288829406025
0.12234687587493231,0.022187138990082074,0.25,351.73284426049463
0.08679274339049997,0.03326123704347171,0.25,353.98816422062157
0.10892419958507318,0.03886308130092442,0.25,355.293799851793
0.1133862993776098,0.03329462195138663,0.25,353.9956555008035
0.10673944442523194,0.03328821599464641,0.25,354.0067869014388
0.1782569250604138,0,0.18985627018137904,348.8888596240373
0.1726716765143603,0,0.19264354716347942,348.9379023697907
0.17800589939409456,0,0.19562219562609295,348.83765299232687
0.19486912290510955,0,0.24574279265881052,347.90893449052766
0.19333333333333333,0,0.25,347.8609752787962
0.177089623576844,0,0.2144305562005733,348.63897429372673
0.1777441417489127,0,0.20746023807192943,348.71416623610367
0.17280267939606533,0,0.20934931392650852,348.75781284612583
0.10004303128337118,0.016624144358210254,0.24999999999999997,350.8268905845125
0.09563767897989704,0.022172649943971313,0.24999999999999994,351.7744262145816
0.1707345954191824,0.02510161817213155,0.25,351.8557147511958
0.17536732793523047,0.028445074341243652,0.25,352.4482143435984
0.15319390635083796,0,0.238789385982491,348.56436137637985
0.14979085952625695,0,0.23318407897373655,348.6830932958018
0.1465272396841713,0,0.23878938598249103,348.6226388302868
0.11114479672870609,0.02773971040888535,0.25,352.828291412959
0.20000000000000004,0.03508957345624488,0.21780049129188406,353.9951952735533
0.2,0.02971464026034041,0.21968330313545142,352.80273250065494
0.12000000000000002,0.05,0.25,358.19660659542393
0.11333333333333334,0.05,0.25,358.21795547213276
0.17332575004468523,0.05,0.2101714065398305,358.3875900610293
0.17367522877166983,0.05000000000000001,0.2032153532793862,358.4710266460272
0.1780034572597326,0.05,0.20866073247386474,358.3362568098706
0.2,0,0.21153846153846154,348.31626422312326
0.1944467074246096,0,0.20722592238854318,348.4625027307184
0.19379218925254088,0,0.21419624051718705,348.3899501028793
0.17306443704124716,0,0.19751127148067202,348.8849342245029
0.1681229746883998,0,0.1994003473352511,348.92730337917425
0.17345719756813405,0,0.20237899579786464,348.82858740181354
0.14993028650875231,0,0.24439469299124553,348.50134495572775
0.14326361984208566,0,0.24439469299124553,348.5557094671573
0.1845295600728648,0.05,0.23212594811016224,357.8744986182825
0.1858032365988918,0.05,0.23765783970084953,357.75396133382213
0.17850795072673303,0,0.1840903447366651,348.9353814453177
0.2,0.027777777777777773,0.25,351.9055517371649
0.19573018805461226,0.027794173130792736,0.25,351.98800916666426
0.18666666666666668,0,0.25,347.96588280730066
0.18153578957177624,0,0.24574279265881055,348.11488826565255
0.159115757486696,0.029144020551901663,0.25,352.79730639194776
0.17788279440642002,0.05,0.22609812092868492,358.0842055870586
0.1745505965049693,0.05,0.22057042872290672,358.2214129460637
0.18198220702081078,0.049999999999999996,0.2210621649287876,358.09718381466297
0.07571604458421816,0.02214750214007305,0.24999999999999994,351.7174740852702
0.0801556278701411,0.016607420626333715,0.24999999999999994,350.7885419846805
0.07350574475196599,0.016602182825802232,0.24999999999999997,350.75969705096145
0.19999999999999998,0.0335168443621703,0.1733608687176567,354.1163482803717
0.19999999999999998,0.03356671900314521,0.17981227623478935,354.07764224205863
0.2,0.029367597624843794,0.21367027927740118,352.8141125363901
0.2,0.04502985781874829,0.2264463176101152,356.3086154225764
0.0866666666666667,0.05,0.25,358.2178187060895
0.0911485781734921,0.04442513469372199,0.25,356.69986386292675
0.08448191150682546,0.04442513469372199,0.25,356.6842901730329
0.2,0.029920872676053978,0.22563813906432045,352.7576566898026
0.18758437850508178,0,0.22326427590616899,348.37016309905414
0.18245350141019134,0,0.22541732497523592,348.41708291852154
0.13000000000000003,0.05,0.24422649730810375,358.26669505854085
0.16968396917763845,0.05,0.2361700329284795,358.03281196893437
0.2,0.022885383880944014,0.1904081703571901,351.8182080226813
0.19999999999999998,0.028302711445651524,0.1882723988966874,352.8849017956807
0.08236592770239329,0.022152739940604536,0.24999999999999994,351.744148554518
0.08457933554644662,0.027706988492038124,0.24999999999999997,352.8111138914344
0.12006329872602964,0.03332900295885029,0.25,353.9820694962942
0.1630981675349395,0,0.24520616416800528,348.35733927990685
0.16,0,0.25,348.3076528516554
0.09563048968031751,0.03885026938744398,0.25,355.2964857079099
0.08896382301365086,0.03885026938744398,0.25,355.28683412324614
0.19154580688804546,0.04295042318988855,0.25,355.5033570885612
0.18233168574779537,0.049999999999999996,0.2141061116683433,358.1925572192108
0.07127646129829522,0.027687583653812388,0.25,352.7523225597809
0.06906616146604305,0.022142264339541567,0.25,351.6826951114599
0.20000000000000004,0.0450298578187483,0.2200360611998588,356.4074559369751
0.20000000000000004,0.04005971563749659,0.2157131480407432,355.1992145063867
0.17797878787934282,0.03753359213442629,0.25,354.3983462583065
0.1766544435521293,0.03418805065978939,0.25,353.65056186194226
0.2,0,0.1923076923076923,348.5221613737413
0.13666666666666671,0.05,0.24422649730810375,358.223771466131
0.2,0,0.24358974358974356,347.8574633957463
0.2,0.005590595448948126,0.24586599720222807,348.443991225989
0.17950308001182527,0,0.23669174948562638,348.29126408886185
0.09999999999999998,0.05,0.23845299461620745,358.4652842815692
0.163019573374737,0.05,0.22511464851692306,358.30838195020425
0.1596873754732863,0.05000000000000001,0.21958695631114486,358.43447983900575
0.06685586163379087,0.016596945025270746,0.25,350.72274761268
0.15651076921294232,0.05,0.22420987140442877,358.39963599124803
0.1533008441443071,0.05000000000000001,0.21895171134222433,358.5152543915939
0.07565784075369829,0.038821935312055474,0.25,355.23524092300084
0.08231083188367457,0.038836102349749727,0.25,355.2651963866254
0.08013975226052368,0.033247070005777465,0.25,353.9640559526341
0.07792634441647034,0.027692821454343874,0.24999999999999997,352.7849310691199
0.11,0.05,0.2442264973081037,358.34404203513776
0.09666666666666665,0.05,0.23267949192431123,358.5686435420059
0.19999999999999998,0.01706345729828508,0.17330444547288348,350.95198213198
0.19999999999999996,0.011417518033979654,0.175381128864799,350.0729886978227
0.18239685472127892,0.0055719509085705166,0.25,348.6539931304151
0.17915647093244702,0.05,0.2316300125193722,357.9718476700347
0.2,0.044675559674928894,0.2072874176386328,356.48943653510395
0.2,0.05,0.20512820512820512,357.9774743044028
0.13333333333333336,0.05,0.25,358.12807056958377
0.156596953175419,0,0.2443946929912455,348.43921456166447
0.20000000000000007,0.029396109251205182,0.23630932992122222,352.4778132848405
0.20000000000000007,0.034916624913368166,0.24044333271899415,353.59222305280235
0.19999999999999996,0.018233778027969105,0.22816528175061884,350.5406206122793
0.1631491599340945,0.006452880617861938,0.25,349.010948318635
0.17330882665298014,0.03658757080922302,0.25,354.24547425955274
0.2,0,0.20512820512820512,348.3906732716287
0.18127620270998568,0.01759678243500297,0.25,350.38244666692685
0.2,0.05,0.23076923076923075,357.6037975627141
0.19999999999999998,0.00632159128951049,0.21550861663316973,348.9881057620194
0.19434354773392154,0.05000000000000001,0.2013467196645362,358.1381961422401
0.15969512071035846,0,0.23960085715925078,348.4868288867944
0.16279328824529793,0,0.23480702132725606,348.5293543489945
0.17326713992123016,0.05,0.1872898838571893,358.65015946385694
0.15012423788396315,0.05,0.22357462643550824,358.4766870979933
0.2,0.04523609023446186,0.24522166635949705,356.03055160216405
0.14510180058498867,0.011265887727060237,0.25,349.82964380452694
0.17812712598454233,0.05000000000000001,0.19686256410672676,358.47680940960015
0.15333333333333332,0,0.25,348.3736361858749
0.2,0,0.19871794871794873,348.4593056551681
0.18926181453990087,0.05,0.22982974513295595,357.8297785520396
0.07782892037684917,0.044410967656027735,0.25,356.656805240775
0.19469773309092886,0,0.18863948412331644,348.6472018707795
0.14000000000000004,0.05,0.25,358.0808882749512
0.13816243190774052,0.02789812051271518,0.25,352.7355966096495
0.19154580688804546,0.03739486763433299,0.25,354.1405633971442
0.0912036739922108,0.011075105617910135,0.24999999999999994,349.97769792000724
0.19999999999999996,0.038944730053480314,0.16466434348123532,355.43326459691735
0.15673130044358477,0.05,0.21289243445764575,358.5651801018389
0.11786658762627106,0.027740880470734357,0.25,352.81043332940914
0.19999999999999998,0.024545939480149506,0.22752095090788782,351.6655713594654
0.19999999999999998,0.024339707064435938,0.2215661149790188,351.71505033714243
0.1598346824713635,0.05000000000000001,0.20793879146904812,358.5960225832238
0.1957301880546123,0.02223861757523718,0.25,350.9393680576222
0.19573018805461226,0.016683062019681626,0.25,350.00118100572223
0.19146037610922453,0.01669945737269659,0.25,350.0767816046902
0.18889711823361846,0.03070378468505919,0.25,352.7017680161319
0.1859943660048547,0.03608009331019592,0.25,353.9319739693409
0.19999999999999998,0.02797387729209399,0.16903906760645243,352.9710812019507
0.19999999999999996,0.0280237519330689,0.17549047512358507,352.9361240265091
0.2,0.05,0.17307692307692307,358.2917772084815
0.19999999999999996,0.02260642436836139,0.17762624658408777,351.8776739920792
0.19999999999999996,0.0281493914384377,0.18194804769529205,352.91018220814334
0.16589413952884374,0.05,0.20967967033394955,358.4974161400107
0.1595821454472068,0,0.21842277930770912,348.79884858961447
0.1783529359867172,0.05000000000000001,0.20170467921342045,358.4174532764446
0.19999999999999998,0.022480784862992594,0.17116867401238078,351.9014221669246
0.2,0.01693781779291629,0.1668468729011765,350.97353666330497
0.2,0.0450298578187483,0.21362580478960239,356.4990671207502
0.19444670742460962,0,0.19440540956803037,348.5979997360684
0.177653978532748,0.04999999999999999,0.21561678573430904,358.2468518150978
0.19053549106592788,0.05,0.24177189313389968,357.59241256017236
0.16851573521528665,0,0.2042680716524437,348.86993418926517
0.2,0.05,0.21794871794871795,357.804997262624
0.18798813801387385,0.04999999999999999,0.22429785354226867,357.94293793419973
0.1832558835468378,0.049999999999999996,0.22659405651947492,357.98890611189614
0.1405277814863487,0.05,0.21768122140438323,358.65154276694074
0.1826487491057055,0.03847961345962955,0.25,354.5497127206093
0.1937921892525409,0,0.22060649692744347,348.307098248347
0.18758437850508178,0,0.21685401949591257,348.45566820586083
0.13341729742286929,0.0333977649737776,0.25,353.92971040490056
0.14500663154308485,0.02811110215514251,0.25,352.725313871885
0.17312264611842565,0.05,0.24078002195231965,357.89879064691905
0.1687717115544476,0.05,0.1998839122386582,358.5807633813312
0.17344941876949493,0.05000000000000001,0.19837323817269248,358.5313871270417
0.06680348361333147,0.03327573772992689,0.25,353.9036133507484
0.149217566959161,0.005632943863530119,0.25,349.0478934444284
0.2,0.02243091022201768,0.16471726649524815,351.93263047949455
0.17839865992098142,0,0.20048991994328555,348.78232853685716
0.19053549106592788,0.05,0.23536163672364327,357.7104893790328
0.2,0.016701706560059235,0.2458659972022281,350.0020588749922
0.2,0.01114615100450368,0.24586599720222807,349.1704026866281
0.17202171103608127,0.030844594490677286,0.25,352.99113634027543
0.2,0,0.21794871794871795,348.23606562086536
0.08000000000000006,0.05,0.25,358.19632291096553
0.07123724108919391,0.011064630016847165,0.25,349.90893009024035
0.15994717528996433,0.05,0.23987524483982536,358.08895399648463
0.1566663608540491,0.05,0.23436047870349092,358.22764416623886
0.12455144274906238,0.011088931672953198,0.25,349.93282069040714
0.1356115316152462,0.03893184331585173,0.25,355.19701568322876
0.09782243413973829,0.011080848583582662,0.25,349.9850849050775
0.16899752155662245,0.05,0.2047260273453519,358.51939855245786
0.10225643912742452,0.02217839290964384,0.25,351.7767928761496
0.1873187103320682,0.039425634784832825,0.25,354.6995736464612
0.1266666666666667,0.05,0.25,358.1666433430747
0.20000000000000004,0.028659001337205,0.20099350497546203,352.82530104979537
0.19999999999999998,0.00632159128951049,0.22832912945368256,348.81215290822394
0.19469773309092886,0,0.17581897130280363,348.7492993881779
0.19469773309092886,0,0.18222922771306005,348.7011464178762
0.15081915038418175,0.05,0.19950339075064755,358.7985909809504
0.20000000000000004,0.0396805346789063,0.24522166635949708,354.61824520620996
0.2,0.040472180468923716,0.2404433327189941,354.90154815043906
0.13,0.05,0.2326794919243112,358.4829089702817
0.20000000000000004,0.0290132994810244,0.2073318921264316,352.8227518219962
0.0734867611305474,0.03323290296808321,0.25,353.931629957643
0.2,0.0055905954489481255,0.23304548438171524,348.6517177171175
0.1882388966771505,0,0.20988370136726872,348.53174918431347
0.16248644449479244,0.05,0.19330091826706303,358.7362024052159
0.16293806449914222,0.05,0.20298514848045046,358.62054123923855
0.2,0.02222222222222222,0.25,350.85867469170194
0.16733745363462604,0,0.1896648987008659,349.03190572678795
0.1677302141615129,0,0.1945326230180585,348.98129389168184
0.15333416295259839,0.05,0.2288327864977127,358.35876687272645
0.2,0.05,0.1923076923076923,358.1228638747329
0.10666179143089867,0.01662988732388278,0.25,350.82373764656364
0.1033333333333333,0.05,0.2326794919243112,358.5687337062299
0.18316123666349482,0.05,0.18147028752102634,358.546375137888
0.1402614970582136,0.033610746616204924,0.25,353.9291878912385
0.1469143128153279,0.05000000000000001,0.2183164663733038,358.58760870090555
0.1439582377856264,0.05,0.21162194451980468,358.709256243739
0.19999999999999998,0.00632159128951049,0.2219188730434261,348.9030382758266
0.2,0.05,0.1858974358974359,358.1855929256596
0.17292270218067954,0,0.18687762171876549,348.987017419495
0.1466666666666667,0.05,0.25,358.02492365574994
0.16645597945175897,0.05,0.24078002195231962,357.9907830318951
0.16629831986818902,0.012905761235723876,0.25,349.8548005321877
0.1893954661818577,0,0.1785610195286842,348.8162103330404
0.15176846725165533,0.011265887727060237,0.25,349.77166306041426
0.16428161864448976,0.02425133120274374,0.25,351.77656361787894
0.1826856041017601,0,0.20557116221735033,348.6656075485768
0.07999999999999999,0,0.25,348.58778192049886
0.10666666666666666,0.05,0.23845299461620745,358.46113784031513
0.2,0.016666666666666663,0.25,349.9222517033812
0.1820310859296914,0,0.21254148034599424,348.59302786113403
0.15588423362582765,0.005632943863530119,0.25,348.98591140526224
0.2,0.016771786346844376,0.23759799160668427,350.1541180945265
0.1590333935599222,0.012085824481392057,0.25,349.8170858185106
0.11110786095393244,0.011086591549255186,0.25,349.9754206892887
0.08666666666666668,0.05,0.2384529946162075,358.44795924107467
0.0601202060961155,0.03331857249177056,0.25,353.86698068151196
0.12333333333333334,0.05,0.2326794919243112,358.51726111908897
0.15701669233622292,0.02343139444841192,0.25,351.70577889040874
0.16218255349401667,0.018538705099253996,0.25,350.7888169783321
0.15491762718574986,0.017718768344922177,0.25,350.7307164199312
0.1335092604954496,0.05,0.22768006841766855,358.5461494573232
0.1497517660279561,0.0226114576940801,0.25,351.6272861185196
0.18334567735042767,0.02938901036092212,0.25,352.5204350392634
0.2,0.011291878528610858,0.16892355629309203,350.09830330144996
0.2,0.005645939264305429,0.17100023968500755,349.3325460702378
0.08333333333333337,0.05,0.24422649730810375,358.32676664582976
0.19999999999999998,0.04447236502674015,0.1688706332790792,356.8055619803299
0.2,0,0.17307692307692307,348.6762649696686
0.10444119428726578,0.011086591549255188,0.25,349.98450054128983
0.19999999999999998,0.011912186738458615,0.230605383066167,349.5274825642678
0.08999999999999998,0.05,0.23267949192431125,358.55990069670014
0.18334012227382881,0,0.19860084408870646,348.7311575943963
0.10999999999999999,0.05,0.2326794919243112,358.5601711893723
0.09999999999999999,0,0.25,348.62250014890475
0.09560183699610539,0.005537552808955067,0.24999999999999997,349.2487704983632
0.10222059714363288,0.005543295774627594,0.25,349.25075470873696
0.2,0.016736746453451808,0.24173199440445617,350.0793476720407
0.053436928578899555,0.033361407253614236,0.25,353.8217319499336
0.10666666666666663,0.049999999999999996,0.22690598923241495,358.6634422580962
0.10999999999999997,0.049999999999999996,0.22113248654051867,358.7499166410721
0.11333333333333331,0.05,0.22690598923241492,358.6505396656999
0.050160095864764935,0,0.24420294572750884,348.505294412979
0.04698685839619656,0,0.23840589145501767,348.5721992268548
0.043493429198098274,0,0.24420294572750884,348.443227561794
0.1780575154011003,0,0.17130883631222416,349.03576736916216
0.17771993212993958,0,0.16475660213047919,349.0798469559125
0.17235941480057482,0,0.16786683905162858,349.13362660436275
0.027416974020085777,0.024820057114777333,0.25,351.7782645293684
0.021758559067253984,0.02349469310667484,0.25,351.4510689042026
0.0232523344489236,0.029560843604865186,0.25,352.65656231961214
0.2,0.044472365026740165,0.16246037686882278,356.8448208201338
0.2,0.05,0.16025641025641027,358.37244577763926
0.2,0.044472365026740165,0.1560501204585664,356.87782599229195
0.1619964628391811,0,0.19760467010076035,349.01655595356067
0.16238922336606795,0,0.20247239441795295,348.96080109860327
0.11666666666666664,0,0.24422649730810372,348.697979353349
0.11333333333333331,0,0.25,348.6065247661686
0.11666666666666664,0,0.2211324865405187,349.05124369191896
0.11999999999999997,0,0.22690598923241495,348.95930766807777
0.12333333333333331,0,0.2211324865405187,349.02771207477565
0.15358909753708538,0.05000000000000001,0.18818219567982974,358.8909689882642
0.1580377710159389,0.05,0.19074155697344639,358.8161437696406
0.15220412396063357,0.05000000000000001,0.19384279321523865,358.8475741581464
0.2,0.04443216631252923,0.14963344232611003,356.8941179239467
0.2,0.03886433262505845,0.14542073080606624,355.50029336473875
0.2,0.03890453133926938,0.15183740893852257,355.48743493518026
0.1481250340131897,0.05,0.1885673569207943,358.9421545178272
0.05685169635469352,0,0.23255703124669,348.74686222864756
0.05365352506286322,0,0.23840589145501767,348.6302926491815
0.06002493382326189,0,0.23835408551918114,348.67923921875433
0.1430402710669918,0,0.21015720378042105,349.05340446641065
0.13616723533651937,0,0.2103031275929454,349.0997689091007
0.1394923067666724,0,0.21579528569614587,349.00922443276517
0.19999999999999998,0.01677007696452329,0.14760379815697994,351.0358876980609
0.19999999999999996,0.011180051309682193,0.14968458338670457,350.17617297038277
0.19999999999999998,0.016825990573987624,0.15401815640504546,351.02100914608695
0.13017592716211623,0.05,0.22190656572577228,358.65928838737887
0.1336851876575658,0.05,0.2169071422191296,358.71259141872366
0.015239198858463292,0.03956001991293895,0.25,354.77596619464555
0.018395946330727875,0.03549031973117513,0.25,353.8674129537772
0.014437172023827223,0.03230517977852652,0.25,353.09784803820565
0.09999999999999998,0,0.23845299461620745,348.8179278263316
0.1033333333333333,0,0.2326794919243112,348.9075158710813
0.09666666666666665,0,0.23267949192431123,348.9075328123268
0.18872029963953624,0,0.16545655116519423,348.912689992221
0.18872029963953624,0,0.1590462947549378,348.94592658515
0.18308044945930435,0,0.1616463652093298,349.01951090425064
0.18341803273046509,0,0.16819859939107476,348.9780271272433
0.055624619052599716,0.03890760483574283,0.25,355.12415844841144
0.06230789656981567,0.03886477007389915,0.25,355.16626249743786
0.12666666666666665,0,0.22690598923241495,348.9319082521584
0.12983076892222412,0,0.22127792048969316,348.99536695175226
0.1333333333333333,0,0.23845299461620745,348.72038651705424
0.12999999999999998,0,0.23267949192431123,348.82941905354943
0.12666666666666665,0,0.23845299461620748,348.7554245887345
0.06759959277014435,0.05,0.23997855071783275,358.33446896008553
0.07426625943681103,0.05000000000000001,0.23997855071783278,358.37177459497843
0.07046646305173887,0.05,0.2449892753589164,358.25386564671567
0.017530608231417902,0.05,0.24545320055089792,357.66179780949693
0.020899428563683903,0.05,0.23955370031122347,357.8308291846883
0.02336882033226602,0.05,0.24410049976032555,357.78137971956147
0.13316410225555744,0,0.2270514231815894,348.89564813910687
0.2,0,0.16666666666666666,348.71621932408175
0.19436014981976812,0,0.16926673712105866,348.7982746806936
0.03152305478486241,0.044070523873690065,0.25,356.1602194211577
0.026666666666666686,0.05,0.25,357.71035993863507
0.033333333333333354,0.05,0.25,357.80296829834583
0.13971519963683876,0,0.2046650456772206,349.14166890238596
0.13639012820668575,0,0.19917288757402016,349.22375585274693
0.13284216390636633,0,0.20481096948974495,349.1841358998219
0.12,0.05,0.22690598923241495,358.62904693801124
0.11666666666666667,0.05,0.22113248654051867,358.7327098021317
0.19999999999999996,0.022234214767616063,0.13908478931726462,351.9970694176193
0.19999999999999998,0.016680737921999242,0.13482963305818763,351.0509178481323
0.19999999999999996,0.016725407443261266,0.14121671560758378,351.0463134673258
0.16711174952568203,0,0.17720635021547396,349.1366551257872
0.17269699807173552,0,0.17441907323337358,349.0869512078695
0.16699889747121005,0,0.170977075972778,349.18084984960154
0.15147552462053035,0,0.19324559227711788,349.1657700998315
0.14752277528070318,0,0.18795326158830064,349.249504949981
0.14618345032780344,0,0.1935887092601542,349.2083361205983
0.07139938915521651,0.05000000000000001,0.23496782607674915,358.44925160298953
0.07759959277014433,0.05000000000000001,0.23420504802593653,358.49377365129635
0.1329948711777816,0,0.21564985174697138,349.0525316921939
0.13632820451111494,0,0.22142335443886763,348.95558326551213
0.14266097048929396,0.04999999999999999,0.18895251816175884,358.98728680651027
0.13979175925004278,0.04999999999999999,0.19438124178026764,358.954320624426
0.1357126693025989,0.04999999999999999,0.1891058054858233,359.0392896555263
0.1033333333333333,0,0.2211324865405187,349.074888274085
0.10666666666666663,0,0.22690598923241495,348.99064548812345
0.10999999999999997,0,0.2211324865405187,349.0669870354196
0.14319390635083795,0,0.23301588329059475,348.7394486900959
0.14635800860639542,0,0.22738781454787296,348.79850777237203
0.13976105543097644,0,0.2272196188647312,348.8508680265954
0.17839509867226103,0,0.17786107049396915,348.98566719275436
0.05125614988905733,0.027713613260771548,0.25,352.61251133120277
0.0557291275740211,0.02212545918465705,0.25,351.586845957722
0.049075371199215116,0.022065819267928857,0.25,351.5176914664321
0.044966895147619874,0.02733033471659019,0.25,352.4749813528441
0.1943512323705262,0.05000000000000001,0.16320640360348387,358.47176554137974
0.18870246474105237,0.05,0.16615639695055748,358.56196339756235
0.1887024647410524,0.05000000000000001,0.1597461405403011,358.5988131278179
0.1301673427701484,0.05,0.21100115265861547,358.8177704493161
0.1233247489413655,0.05,0.21022707347336186,358.8639768624562
0.126649497882731,0.05,0.20509516309810136,358.91461705806097
0.03637944290305813,0.03814104774738012,0.25,354.73933525154644
0.04266869764449559,0.038524326291561474,0.25,354.90460208124915
0.04085841909602465,0.03259485016525153,0.25,353.5271496833354
0.16283017521072196,0,0.1808722238690182,349.1584820522814
0.16294302726519397,0,0.18710149811171414,349.105687508959
0.16722460158015404,0,0.1834356244581699,349.08700708484935
0.1133333333333333,0,0.23845299461620745,348.80218891967564
0.10999999999999999,0,0.24422649730810375,348.713632009251
0.048400618947185045,0.05,0.24074167490285392,358.16350849891523
0.05260092842077757,0.05,0.23611251235428093,358.29023937741437
0.05506728561385173,0.05,0.24074167490285395,358.2261797480519
0.05886708199892389,0.05000000000000001,0.23573095026177035,358.3512670075774
0.15013619966763062,0,0.1988810399489715,349.1213305455995
0.14326316393715818,0,0.1990269637614958,349.1767575663039
0.1465882353673112,0,0.20451912186469626,349.0907731706888
0.024268248895949904,0.05,0.23365420007154902,357.99025144323326
0.018430036795101787,0.05,0.23500690086212145,357.8741433593987
0.19999999999999998,0.0055900256548410965,0.1517653686164292,349.4238280634768
0.2,0.011235964919146527,0.15609894163477012,350.1587540469776
0.1837556160016258,0,0.17475083357281973,348.93052276057847
0.16331728120539135,0.05,0.1816667499289109,358.83795008080506
0.16776595468424488,0.05,0.18422611122252752,358.7567778920511
0.16387141807124428,0.05,0.1876403207316541,358.7760017835012
0.09999999999999998,0.04999999999999999,0.22690598923241495,358.6676899035631
0.10888726381029956,0.005543295774627593,0.25,349.244136358506
0.10666666666666666,0,0.25,348.6183433004441
0.19999999999999996,0.022278884288878087,0.14547187186666077,351.98913947269585
0.19999999999999996,0.02231908300308902,0.1518885499991171,351.9743871493493
0.04666666666666669,0.05,0.25,357.9599552024287
0.0511456428596332,0.04445380241787142,0.25,356.4851704806064
0.04447897619296652,0.04445380241787141,0.25,356.4175852977417
0.1370099365989313,0.05,0.2117752318438691,358.76222832830194
0.1334920917115139,0.05,0.20586924228335496,358.86458146781564
0.10666666666666663,0,0.23845299461620745,348.8140140113893
0.12333333333333334,0.05,0.22113248654051867,358.7068803440074
0.12,0.05,0.2153589838486224,358.8066815986676
0.1133333333333333,0.049999999999999996,0.2153589838486224,358.8281926841521
0.1440459440657458,0.05,0.18329192062634997,359.0289565603245
0.13858188054185008,0.049999999999999996,0.18367708186731452,359.06996724351535
0.14044039289820898,0.05,0.20571595495929051,358.8162495049529
0.030035486998932683,0.05,0.24410049976032555,357.8788381414639
0.03670215366559935,0.05,0.24410049976032555,357.9668909113966
0.048957952385933035,0.03890760483574282,0.25,355.06277227902393
0.04459639500624859,0.010945350183390776,0.25,349.6913908158126
0.04896486416979095,0.005472675091695388,0.25,349.0122445477987
0.04229819750312429,0.005472675091695388,0.25,348.94812475421895
0.12997424682409653,0.05,0.19996325272284088,358.958602185482
0.1369225480107916,0.05,0.1998099653987764,358.9149103443195
0.07639634258366057,0,0.23252877689144844,348.8618661227191
0.07306300925032724,0,0.2383022795833447,348.75671958103294
0.07986483795849694,0,0.23837763709977608,348.78364058772775
0.2,0.038944730053480314,0.15825408707097893,355.4683211581234
0.09666666666666662,0.04999999999999999,0.2211324865405187,358.75842136992196
0.0933333333333333,0.049999999999999996,0.22690598923241498,358.6632848679482
0.09033195060210442,0.049999999999999996,0.22192570468155143,358.7382278280485
0.08318189864435413,0,0.22189876785315765,349.04032202879307
0.07977284796653122,0,0.2165084058175809,349.10122583350625
0.07638006993618443,0,0.22182341033672626,349.0170976528936
0.08651523197768747,0,0.2161252651612614,349.1263100569347
0.12666666666666668,0.05,0.22690598923241495,358.59895613454546
0.06319817129183027,0,0.24415113979167233,348.6049779923046
0.06639634258366056,0,0.23830227958334466,348.72114699680407
0.04689459250937289,0.016418025275086165,0.25,350.53727235562195
0.05126306167291525,0.010945350183390776,0.25,349.75359012292876
0.1585486008957619,0,0.18453809752256242,349.17511028491
0.12666666666666665,0,0.25,348.5598937678183
0.13,0,0.24422649730810375,348.643538661274
0.12333333333333332,0,0.24422649730810375,348.6746330862441
0.18905788291069697,0,0.1720087853469392,348.86746045745946
0.15942274459239075,0.05000000000000002,0.18508095943803748,358.85494670030295
0.06379979638507219,0.05,0.24498927535891638,358.21164956675483
0.06000000000000003,0.05,0.25,358.08079342299703
0.05753364280692588,0.05,0.24537083745142696,358.1563644299128
0.09333333333333331,0,0.23845299461620745,348.8140159564961
0.08999999999999998,0,0.23267949192431123,348.89972406879457
0.08666666666666664,0,0.23845299461620748,348.80239814751985
0.06666666666666665,0,0.25,348.5250125258189
0.06986483795849693,0,0.24415113979167236,348.6441780644141
0.09999999999999998,0,0.22690598923241495,348.99456253541825
0.1233333333333333,0,0.2326794919243112,348.86068626824493
0.19436014981976812,0,0.16285648071080222,348.8348701543647
0.2,0.03329649893758768,0.14120801928602245,354.2219258831255
0.2,0.02774302209197086,0.13695286302694545,353.0565863216328
0.19999999999999998,0.027787691613232884,0.1433399455763416,353.0511522010508
0.08999999999999998,0,0.24422649730810375,348.71377198294823
0.08333333333333331,0,0.24422649730810375,348.69841743142126
0.14973688396050328,0,0.21103303498427547,348.98772024463995
0.03867764040618242,0.026947056172408838,0.25,352.3303547425575
0.17280985012620753,0,0.18064834747606953,349.03971097224394
0.020000000000000018,0.05,0.25,357.6083459269544
0.019197973165363945,0.042745159865587565,0.25,355.6363629076053
0.016041225693099365,0.046814860047351387,0.25,356.65711741660675
0.12966979974762854,0,0.21015769364377093,349.1392386178348
0.07653150462516362,0,0.24415113979167236,348.6757495614234
0.04510277261278438,0.05,0.23484217466317947,358.2384821188926
0.017593919496091806,0.028235479596762692,0.25,352.3014960654706
0.016987902334762724,0.02289800877366002,0.25,351.2705372223868
0.18873831125835777,0.05,0.1724144481617747,358.5192026354
0.19435123237052618,0.05,0.16961666001374026,358.43161011705115
0.1399302865087523,0,0.23862119029934925,348.6753027445264
0.2,0.05,0.15384615384615385,358.4033995607496
0.1943512323705262,0.05000000000000001,0.1567961471932275,358.50566729806263
0.10333333333333328,0.04999999999999999,0.2211324865405187,358.75848859584596
0.15328484826082267,0,0.2053949530685507,349.0215586878696
0.056826762531431596,0,0.24420294572750884,348.55955791578344
0.2,0,0.16025641025641024,348.7504153266399
0.2,0.00564593926430543,0.16458998327475116,349.37108659536665
0.2,0.00564593926430543,0.15817972686449472,349.4038687686405
0.029712776236391465,0.038141047747380113,0.25,354.65300136254837
0.02485638811819574,0.04407052387369006,0.25,356.06604547081844
0.09999999999999995,0.049999999999999996,0.21535898384862245,358.8453102026214
0.10666666666666662,0.04999999999999999,0.21535898384862243,358.84106888547007
0.05333333333333331,0,0.25,348.43175138254657
0.04666666666666665,0,0.25,348.3735144508839
0.06899117408703162,0.038821935312055474,0.25,355.1997504841222
0.06449558704351582,0.044410967656027735,0.25,356.58280497257357
0.0711622537101825,0.04441096765602774,0.25,356.62411345452733
0.16276314433953842,0.05,0.1756931791261677,358.89421495568985
0.16721181781839195,0.05,0.17825254041978433,358.8159316407844
0.03008783820957834,0.014013120126499135,0.25,349.9756063109011
0.026725225473052224,0.009342080084332755,0.25,349.2643073054713
0.025317181477087083,0.013416435793484314,0.25,349.82372255665587
0.14387084919748666,0.05,0.19965667807471196,358.8615732761423
0.10666666666666665,0,0.21535898384862245,349.1483866805975
0.11333333333333331,0,0.21535898384862245,349.1365296534171
0.012082451386198713,0.04362972009470278,0.25,355.7435292928698
0.011280424551562642,0.03637487996029034,0.25,353.9532098682967
0.13666666666666666,0,0.24422649730810375,348.60468190134213
0.06020210525898488,0.016537305108542552,0.25,350.66893930081324
0.03456916435458719,0.032211571621070176,0.25,353.3692136021445
0.11999999999999997,0,0.23845299461620745,348.78273132963466
0.1328434580633477,0.049999999999999996,0.19453452910433205,359.00216796951526
0.17766005142650956,0.05,0.1784065148863646,358.6620152348739
0.038189721451529074,0.044070523873690065,0.25,356.2449877195273
0.057916818047721245,0.011004990100118971,0.25,349.8162907360907
0.053548348884178885,0.01647766519181436,0.25,350.6071142151272
0.02405436128355967,0.03681568373927763,0.25,354.25978736245463
0.08733056787087555,0.049999999999999996,0.21694542013068785,358.80685793020547
0.08399723453754224,0.05,0.2227189228225841,358.71011309844744
0.040000000000000015,0.05,0.25,357.8861710060869
0.06895195387793028,0.005532315008423582,0.25,349.1645118972148
0.17212301967221885,0.05,0.16908469104048565,358.81533163462046
0.1775883583918987,0.05,0.16589041246393016,358.7531433289259
0.1776242049092041,0.05,0.17214846367514738,358.7105802719261
0.12894238804119784,0.005544465836476598,0.25,349.1772836724268
0.05563153083645761,0.005472675091695388,0.25,349.06856099299785
0.12317236415873775,0,0.21001225969459647,349.1712697633522
0.12634472831747554,0,0.2046655355405705,349.21976805786136
0.08659094932217706,0,0.22728912988873443,348.97315477388923
0.09333333333333331,0,0.22690598923241495,348.9906538979353
0.08992428265551039,0,0.22151562719683818,349.0616137025304
0.021954568740560967,0.008745395751317938,0.25,349.1199798066858
0.062285287211263606,0.0055323150084235825,0.25,349.12412035981623
0.06457057442252724,0.011064630016847165,0.25,349.8709745754332
0.0508669761402592,0.05,0.24537083745142696,358.0970467645453
0.09366528393543774,0.04999999999999999,0.21615220198965515,358.8300446602771
0.07298729190583765,0,0.22713841485587166,348.9269197015007
0.07978912061400736,0,0.22721377237230303,348.9541189611463
0.06322310511509219,0,0.2325052253108535,348.79229649974894
0.047147673837462094,0.03297812870943288,0.25,353.67798913259844
0.14618891966018388,0,0.2166711169000003,348.94707047204287
0.15288553255369536,0,0.21754694810385472,348.8769451909927
0.03307538897291758,0.02614542112287983,0.25,352.1062997459505
0.03158161359124796,0.020079270624689484,0.25,350.97509731553606
0.11999999999999998,0,0.21535898384862245,349.11683052140137
0.1429251576865339,0,0.2215915501220094,348.9072181513599
0.1496217705800454,0,0.22246738132586383,348.84041352037804
0.009374559026432692,0.046814860047351387,0.25,356.5407803659567
0.08666666666666666,0,0.25,348.6068732145765
0.1268425938287829,0.05,0.21613306303387603,358.7643043626326
0.1495100075896415,0.05,0.1829067593853854,358.9818926362539
0.0376046168047912,0.05,0.23357183697207806,358.1746089780333
0.040902463139191866,0.05,0.2394713372117525,358.10666580444956
0.03340430733119868,0.05,0.2382009995206511,358.0377072276465
0.19999999999999998,0.027827890327443816,0.14975662370879794,353.0390635756464
0.19999999999999998,0.027868089041654744,0.15617330184125428,353.0207196027436
0.10999999999999997,0,0.23267949192431123,348.89967324505807
0.1133333333333333,0,0.22690598923241495,348.97885793313793
0.18308954362888397,0.05,0.1689541850985919,358.64335172602534
0.05781230952629988,0.04445380241787142,0.25,356.54384560609924
0.14223070098797624,0,0.18829637857133696,349.2886144141283
0.13931041459733098,0,0.19373463307267855,349.2590781381269
0.0211525419059249,0.018157222283572166,0.25,350.5095646013156
0.016381885173433645,0.01756053795055735,0.25,350.34066393155217
0.13333333333333333,0,0.25,348.5249806545965
0.1831253901461894,0.05,0.17521223630980912,358.5978644219829
0.07333333333333332,0,0.25,348.5602115107089
0.02336261273652611,0.004671040042166378,0.25,348.626705748304
0.019999999999999993,0,0.25,348.0628016393994
0.018591956004034852,0.0040743557091515595,0.25,348.4899345049782
0.07713312971840555,0.05000000000000001,0.2449892753589164,358.28746503097045
0.07333333333333339,0.05,0.25,358.16642977734875
0.03999999999999999,0,0.25,348.30747417084063
0.017183912008069707,0.008148711418303119,0.25,348.97295935616734
0.2,0.016881904183451958,0.16043251465311098,351.000225467835
0.2,0.01129187852861086,0.16251329988283564,350.1354299972945
0.04420030947359253,0.05,0.24537083745142696,358.028819041806
0.15886860772653782,0.05000000000000002,0.17910738863529427,358.9140061237581
0.09666666666666665,0,0.24422649730810372,348.7216079831995
0.15626271151684928,0,0.2006767171834622,349.04459988404807
0.15941136011004134,0,0.20719063030304144,348.93984062430206
0.2,0.033376896366009545,0.1540413755509351,354.19682068070273
0.028910749401755396,0.030886207612967682,0.25,353.01246816517016
0.053333333333333365,0.05,0.25,358.0248293413988
0.2,0.02218954524635404,0.13269770676786846,351.9991779740846
0.09333333333333332,0,0.25,348.61844595737847
0.08893517032943873,0.005537552808955067,0.25,349.2394847602489
0.08046646305173885,0.05,0.23921577266702015,358.41368642656164
0.06133343919199804,0.05,0.24036011281034336,358.28433613155437
0.010863941564751229,0.05,0.24545320055089792,357.54660217954387
0.008394549796169113,0.05,0.24090640110179584,357.5893250875979
0.015061216462835786,0.05,0.24090640110179584,357.70911440162314
0.1033333333333333,0,0.24422649730810372,348.7216229793382
0.1488621002336029,0,0.18231781391644705,349.28584872814525
0.15281484957343008,0,0.18761014460526432,349.2053846028452
0.15415417452632982,0,0.1819746969334107,349.2401740546405
0.15586995098996242,0,0.1958089928662696,349.0987404040538
0.15720927594286216,0,0.190173545194416,349.13933787009097
0.09666666666666665,0,0.2211324865405187,349.0748797426515
0,0.05,0.25,357.24227581544886
0.004197274898084556,0.05,0.24545320055089792,357.41998512496986
0.006666666666666672,0.05,0.25,357.3757206105716
0.01259182469425367,0.05,0.23635960165269382,357.750295703333
0.13659695317541895,0,0.23284768760745297,348.78822394267854
0.18305369711157857,0.05000000000000001,0.1626961338873747,358.68283705001517
0.13827795164814907,0,0.18300404788251973,349.36216542618973
0.14357002594087598,0,0.18266093089948338,349.3265125186617
0.1353576652575038,0,0.1884423023838613,349.3346714284814
0.042786116457777655,0.0216825407237475,0.25,351.38637432704996
0.02592319863841616,0.018753906616586984,0.25,350.67577231934615
0.05999999999999998,0,0.25,348.4821849658288
0.2,0.033336697651798614,0.14762469741847878,354.21250095566324
0.17271300305537723,0.05,0.18131631305444607,358.7127668654434
0.17215886618952428,0.05,0.17534274225170288,358.7696908446109
0.15643349685401475,0,0.21190886618812993,348.91406470254117
0.2,0,0.15384615384615385,348.778852977343
0.14674006043673787,0.049999999999999996,0.19422795445620317,358.89682805232195
0.19436014981976812,0,0.15644622430054583,348.8657072761808
0.16160370231229423,0,0.19273694578356773,349.0689321311165
0.11666666666666663,0,0.2326794919243112,348.8841043320811
0.020546524744595823,0.012819751460469495,0.25,349.66914585067775
0.06666666666666671,0.05,0.25,358.127919948026
0.19999999999999998,0.02237499661255335,0.15830290824718263,351.95646137756097
0.06959451387549086,0,0.232453419375017,348.83069197932747
0.08079841365384328,0.05,0.22846198542426033,358.60608665244786
0.07779703092261442,0.05000000000000001,0.22348170087339678,358.67520376441905
0.013333333333333345,0.05,0.25,357.4977439810735
0.08379979638507215,0.05,0.23344226997512388,358.5306566825333
0.0869986172687711,0.05,0.22769920737344768,358.63816332654534
0.02673764066453202,0.05,0.2382009995206511,357.94480439552217
0.2,0.05,0.16666666666666666,358.33523832688314
0.08319817129183027,0,0.2326041344078798,348.8848768192081
0.1549740711135372,0.05000000000000001,0.18252159814442082,358.92877547130377
0.03010646099679802,0.05,0.23230149928097665,358.0986199548366
0.12951709247621332,0,0.1993188113865445,349.2623254049286
0.0027078923597660203,0.046814860047351387,0.25,356.4130218906857
0.005415784719532041,0.043629720094702784,0.25,355.6214571374507
0.1264974355888908,0,0.21550441779779692,349.088400388406
0.0651332355770702,0.05000000000000001,0.23534938816925977,358.4042710827691
0.1584357488412899,0,0.17830882327986647,349.22559801349325
0.13243737886685858,0,0.1938805568852029,349.30139142139427
0.16665768095253902,0.05,0.17227896961704114,358.8694019670989
0.07459821003891547,0.05000000000000001,0.22922476347507298,358.5663709612802
0.16271732315624995,0,0.17464294962632224,349.20582327848024
0.09325761598884372,0,0.21574212450494193,349.1433686467469
0.015775868012104566,0.012223067127454676,0.25,349.51187619296667
0.08099585180631336,0.05,0.21773863827172057,358.77575001240626
0.05048028759429485,0,0.2326088371825265,348.6943891660231
0.00812367707929806,0.04044458014205417,0.25,354.86758155574375
0.2,0.016636068400737218,0.1284425505087915,351.04970084048085
0.09999999999999998,0,0.21535898384862245,349.15240160294275
0.0027078923597660203,0.04125930449179584,0.25,354.9671542416121
0.008572532191796621,0.0340044643573834,0.25,353.36912004940774
0.011729279664061204,0.029934764175619577,0.25,352.5525976955736
0.005864639832030602,0.03163404875447646,0.25,352.80633774055946
0.06385588764258772,0,0.22296783549422927,348.93529713244806
0.07011797878938608,0,0.22239562291547776,348.979677784271
0.0672486656729345,0,0.2176528309750839,349.02770524280385
0.2,0.02770329131511238,0.12416808264417088,353.0589638425469
0.2,0.0332567681607292,0.12842323890324786,354.23149681967493
0.20000000000000004,0.03323690277229996,0.12203084871186058,354.22714995061466
0.1717363740454285,0,0.16197563206349325,349.1745427731771
0.1657528159609174,0,0.15919466199650728,349.26178375156314
0.16637585671606372,0,0.16508586898464264,349.22378222765076
0.03671690593941335,0.05,0.21352217384893457,358.4788349311015
0.0360013995435753,0.05,0.22070673132810711,358.3651144593431
0.031537473788474116,0.05,0.21793238432263157,358.34791021693826
0.03899414357298374,0.010143715133861766,0.25,349.5210793709617
0.03669594606985944,0.0046710400421663785,0.25,348.7915665570709
0.033391892139718896,0.009342080084332757,0.25,349.3476106037577
0.037183865024512805,0.020880905674218492,0.25,351.18231448246945
0.03569008964284319,0.014814755176028146,0.25,350.16598564816076
0.06035379199864062,0,0.22776243337045962,348.84375116064916
0.08278170366485295,0,0.21030118577178436,349.18903780696127
0.0895240876760092,0,0.20991804511546489,349.2102125309024
0.17713748008037258,0.05,0.15979581503373133,358.79527687783826
0.04382252953983253,0,0.23235672320196077,348.63622371672113
0.040329100341734245,0,0.23815377747445193,348.5103136700278
0.1029138933948021,0,0.20940680517401664,349.22540058568484
0.10582778678960422,0,0.20345462649941082,349.29182144345395
0.09918036508196758,0,0.2035827257845396,349.2933463900605
0.12259195504561099,0,0.19871335686596467,349.3006859360289
0.12603622494081873,0,0.19354127796384396,349.33790508496895
0.11911108751021643,0,0.19293582344326413,349.37150153564676
0.14416398843975228,0,0.17064590240757146,349.4093221585922
0.1471070068355539,0,0.16446682967009735,349.42241236276124
0.1411737868800116,0,0.16605713350768447,349.46007271310873
0.02483309579399512,0.05,0.22861309873507873,358.08469873941766
0.030821967392636068,0.05,0.22511694180180414,358.22787434723926
0.15415517085719393,0.05000000000000002,0.16748329101223064,359.0531391040763
0.1502606342441933,0.05000000000000002,0.1708975005213572,359.07038309717865
0.14790391580952136,0.05000000000000001,0.16508545170982536,359.1315911107776
0.08579055936317469,0,0.20409396572598784,349.26974064473393
0,0.033288858411723216,0.2448323755310262,353.15114466600926
0,0.038844413967278765,0.2448323755310262,354.423636957019
0,0.03888888888888889,0.25,354.3341588558142
0.10899304758893519,0.05,0.19796435789359657,359.0614536974703
0.11598678066732229,0.05,0.19863065617001133,359.0368018973795
0.11266203172595678,0.05,0.20376256654527183,358.9847928767619
0.2,0.011092854153865492,0.11768084642130724,350.2031268123964
0.2,0.005545356133579073,0.11973726042600742,349.4666816928716
0.2,0.011090712267158145,0.12408990546739945,350.2065558023164
0.2,0.005545356133579074,0.12614751683626385,349.4684809161296
0.18295966744382317,0.049999999999999996,0.15038589078297104,358.74317606262474
0.18860843507329697,0.04999999999999999,0.1474358974358974,358.6537049270875
0.18865544990717467,0.05,0.15359101898809924,358.6290992267499
0.11249445345627089,0,0.20345462649941082,349.2809375560401
0.10958056006146877,0,0.20940680517401664,349.21795118080524
0.11239655053568856,0.05,0.19284280317605432,359.11064305561285
0.1196557648043439,0.05,0.2044288648216866,358.95452098603073
0.11633101586297838,0.05,0.2095607751969471,358.89986884382756
0.2,0.011090712267158147,0.1305001618776559,350.20443800609274
0.17111333329028217,0,0.15608442507535789,349.2105280878545
0.2,0.03886433262505846,0.13901047439580985,355.51682198018466
0.20000000000000004,0.03327663354915844,0.13481562909463518,354.22975546384527
0.15974522650417833,0,0.16291578688374908,349.31030175112204
0.00541578471953204,0.03807416453914723,0.25,354.2446522605977
0.11939028361407568,0.05,0.19350910145246908,359.0818722453919
0.16036826725932465,0,0.16880699387188444,349.26985573605344
0.11566681761500866,0,0.19810790234538483,349.3304655264694
0.1121859500796141,0,0.1923303689226843,349.396517045665
0.1096643491963117,0.049999999999999996,0.20956077519694713,358.9166571643263
0.2,0.027705433201819726,0.11775902359807866,353.0557054451204
0.011925289337368188,0.004074355709151559,0.25,348.3902274579154
0.01333333333333333,0,0.25,347.96566965822797
0.13187679772210925,0,0.1826647689611608,349.4048655309872
0.12888659616236858,0,0.1780760000612738,349.4569166428609
0.12547564379606946,0,0.18232549003980186,349.44025464765923
0.15261735267886525,0.05000000000000002,0.17670954933288902,359.00277788402076
0.011729279664061204,0.024379208620064017,0.25,351.45913102738524
0.005864639832030602,0.020522937643365345,0.25,350.6659732130456
0.005864639832030602,0.026078493198920902,0.25,351.68095745228595
0.0523219640664005,0,0.22321822678698594,348.84672344888
0.0558240597103476,0,0.2184236289107556,348.9400226497916
0.050661544894559055,0,0.21862221426767578,348.89480732129846
0.04050169119614963,0,0.22316469816334036,348.73574279296076
0.03550435231352876,0,0.2275085967020848,348.619629086839
0.042162110367991085,0,0.22776071068265058,348.68775121218727
0.2,0.01664249406085926,0.10921537337051485,351.0334943830923
0.2,0.022173963631339492,0.11348719848429675,351.9911535892797
0.2,0.022184046121244295,0.1070849469932104,351.9793017005529
0.03016900447696929,0,0.24395083174694307,348.29994942452436
0.023502337810302625,0,0.24395083174694307,348.2145453056343
0.026666666666666658,0,0.25,348.15209079585236
0.16530504601796062,0.049999999999999996,0.15399517732644463,358.99364158933713
0.1712212630491666,0.049999999999999996,0.15689549618008797,358.89887839094564
0.16575592432948674,0.04999999999999999,0.16008977475664346,358.9579800905581
0.0715813975355156,0.05,0.2127108555369608,358.80430010583257
0.06831887730061893,0.05,0.2075146258958895,358.8549764879833
0.07447081133652003,0.05,0.20734617898957794,358.8914575466967
0.1595046692818142,0.05,0.1576919354542382,359.0487230148016
0.011123262502732123,0.019041737796961347,0.25,350.50238630702864
0,0.044444444444444446,0.25,355.7273453941545
0.2,0.04443216631252923,0.13681292950559726,356.9291654531514
0.20000000000000004,0.03884446723662922,0.13261808420442256,355.5222644318777
0.01086652727529418,0,0.24528252466774425,348.00895580102446
0.006666666666666665,0,0.25,347.8608316829186
0.2,0.0221696798579248,0.1263053165764812,351.99981413916896
0.2,0.016638210287444565,0.12203349146269926,351.05020170729443
0.09047464468617314,0.05,0.21084591893087612,358.8996102039147
0.0027078923597660203,0.03570374893624029,0.25,353.6430304754925
0.004197274898084556,0.05,0.23263268773038512,357.6576696351329
0.004197274898084556,0.05,0.23904294414064153,357.5430175164117
0,0.05,0.23717948717948717,357.49156461973735
0,0.02773330285616766,0.24483237553102621,351.99280448064735
0,0.03324438349011309,0.2396647510620524,353.235145061336
0.030029279403192773,0.0046710400421663785,0.25,348.71300197567376
0,0.04439996952283433,0.23842211912076977,355.93848568023355
0,0.03879993904566865,0.23325449465179598,354.6210775479661
0,0.04439996952283433,0.23201186271051338,356.05071795676355
0.004199860608627514,0,0.24528252466774422,347.901082790608
0,0,0.25,347.74828771347137
0.2,0.02772315670354162,0.13056047283555816,353.0608191945349
0.1020942584767697,0,0.19763054710993377,349.3567530339208
0.04564475744961573,0.05,0.2190708678598856,358.5025607782191
0.047963481106669675,0.05,0.22475141602468404,358.43891471537086
0.04046532529867649,0.05,0.2234810783335826,358.37682240600856
0.09626647168716546,0,0.2095349044591454,349.2233616212273
0.17709689137479326,0,0.15886539514234382,349.11874691549195
0.033333333333333326,0,0.25,348.2336483063328
0,0.0055555555555555575,0.25,348.36795036104365
0,0.009898111565874293,0.2451228726840512,349.01101608563994
0,0.011111111111111115,0.25,349.0925286640371
0.17167214136069273,0.05,0.16299009361028682,358.8599808670999
0.1059953650592901,0.049999999999999996,0.20376256654527186,358.9968584322747
0.09980704328038041,0.049999999999999996,0.20425449213816813,358.99425838500343
0.10280472581002548,0.05,0.19845628348649283,359.0629516722527
0.2,0.02772559818162933,0.10495452061590596,353.03418779001913
0.2,0.027715515691724528,0.11135677210699232,353.0479608334796
0.2,0.03325706775210956,0.10922634572968788,354.2138468496852
0.055913968846721715,0.05,0.2301563345664057,358.42445974982803
0.05922700927266587,0.05,0.22420015677853047,358.5500423572057
0.062180122424868034,0.05,0.22977477247389513,358.480964942208
0.07634381049980143,0,0.21107105448688593,349.1564581688664
0.13870707822729644,0.049999999999999996,0.1728788962037335,359.1576982723208
0.14168922563107383,0.049999999999999996,0.1774798718148181,359.09854189621194
0.1355997331380727,0.04999999999999999,0.17907610625622988,359.1317630064256
0,0.027688827934557535,0.23966475106205237,352.07575859897094
0,0.03319990856850297,0.2344971265930786,353.3147173864087
0.06844627600301435,0.05000000000000002,0.22939321038138455,358.52944657961666
0.1322975485286677,0,0.17382651008274574,349.46890006803756
0.13823076848421,0,0.17223620624515862,349.44244308683574
0.1352405669244693,0,0.16764743734527163,349.4910691164144
0.03683567114363595,0,0.24395083174694307,348.3776218974419
0.12895651133146402,0,0.18810302346250235,349.37427831266734
0.10299768252964502,0.04999999999999999,0.20956077519694716,358.9248106006583
0.2,0.01113538178842017,0.13688724442705202,350.2029865772917
0.04278404895573044,0.05,0.22916162649838107,358.3112161311605
0.050282204763723616,0.05,0.23043196418948247,358.36814091510263
0.2,0.03882460184819997,0.12622569401303527,355.5216186586808
0.047159449250611954,0,0.22341681214390613,348.7982374948154
0.10874168018440636,0,0.197502447824805,349.35166417625027
0.09042808225220611,0.05,0.19944013467228539,359.0434452821982
0.09361872150147071,0.049999999999999996,0.2047464177310644,358.98415755785896
0.08728400543690852,0.05,0.20553963587209712,358.96241844536564
0.01372151849034411,0.05,0.22627739897975319,357.9421259956777
0.018994883693147006,0.05,0.2299657995256511,357.9704921235937
0.01315667159229889,0.05,0.23131850031622353,357.84854593553854
0.1258963946026279,0,0.1734872311613868,349.5043905438791
0.188608435073297,0,0.14102564102564102,349.01075000478517
0.1829126526099455,0,0.14423076923076925,349.0902978114954
0.188608435073297,0,0.14743589743589744,348.9936216821368
0.19430421753664848,0.049999999999999996,0.15064102564102563,358.5332297903247
0.027004675620605257,0,0.23790166349388614,348.3591169821037
0.021035531752263477,0,0.23923335641468732,348.2582901703449
0,0.008685112020637473,0.24024574536810234,348.930482483476
0,0.01424066757619303,0.24024574536810236,349.7167595832005
0.1943042175366485,0,0.14423076923076925,348.9097601915207
0.1943042175366485,0,0.15064102564102566,348.8898067374194
0.010517245341403043,0.013704266973858674,0.25,349.6467271389211
0.18302451717618473,0,0.1558411665498096,349.0477591381009
0.1829685848930651,0,0.15003596789028942,349.071354773849
0.17704095909167364,0,0.15306019648282365,349.144672240929
0.1263840166924628,0.05,0.19417539972888384,359.04346939793237
0.12298051374570941,0.05,0.1992969544464261,359.0025180600501
0.07120829110162337,0.05,0.2021499493485066,358.9392146710233
0.07761488815181761,0.05,0.20124667778976618,358.98212719763023
0.09253294337433093,0,0.20371082506966837,349.28700586918785
0.19999999999999996,0.011180051309682193,0.14327432697644815,350.1957137600325
0.2,0.0055900256548410965,0.1453551122061728,349.44498775107877
0,0.027777777777777787,0.25,351.9054222920693
0,0.03333333333333334,0.25,353.06271620042804
0.06254004969861003,0.05,0.21824397899065529,358.66698719954735
0.056908285615611925,0.05,0.21851960861373204,358.61852135136235
0.08087740838671428,0.05,0.2064429074308375,358.9310224908055
0.07773333157141671,0.05,0.21254240863064927,358.83696932715765
0.025548602189833167,0.05,0.22142854125590622,358.2098622042065
0.07484391777041224,0.05,0.21790708517803212,358.74689262846937
0.0716450968867133,0.05,0.22365014777970832,358.6423128816189
0.06869198373451113,0.05,0.2180755320843437,358.7106383575164
0.0966164040311158,0.05,0.1989482090793891,359.056948867162
0.005258622670701521,0.015185466820262674,0.25,349.78344261541616
0.07351075681973286,0,0.2170806183963324,349.06794592975524
0.13528775008840838,0,0.17841527898263274,349.41782135254135
0.16620680264101287,0.049999999999999996,0.1661843721868423,358.9165668831454
0.16040642590486648,0.05,0.16988113031463586,358.9657427228501
0.041180831694514544,0.05,0.21629652085441012,358.49344600252994
0.012599581825882545,0,0.2358475740032327,348.18880147312024
0.008399721217255029,0,0.24056504933548845,348.04792071049087
0.015066387883921693,0,0.24056504933548847,348.15112276187665
0.2,0.03326715024201437,0.10282409423860153,354.19815265149106
0.17105740100716255,0,0.1502792264158377,349.2341305048785
0.1651297752057711,0,0.15330345500837195,349.2948544213386
0.005258622670701521,0.009629911264707115,0.25,348.9806706883548
0.010517245341403043,0.008148711418303117,0.25,348.87067724321304
0.02453786956256611,0,0.2331841881616304,348.40028553362106
0.018568725694224325,0,0.23451588108243157,348.2977138017253
0.2,0.044432166312529234,0.14322318591585365,356.9147211468114
0.07008171935300309,0,0.21164326706563744,349.11978340884184
0,0.04439996952283432,0.2448323755310262,355.8178731309829
0.11624722672813544,0,0.20940680517401664,349.2026596710905
0.019559730591192225,0.05,0.22492469818918082,358.06217071572223
0,0.05,0.24358974358974358,357.3711103539533
0.12255535740542417,0,0.18776374454114342,349.40657420872793
0.07291477303307167,0,0.20563370315619098,349.2053044949084
0.0694857355663419,0,0.20019635182549606,349.2477648116321
0.06665268188627331,0,0.20620591573494249,349.16523487861036
0.18866436735641662,0,0.15324109609541764,348.97210043269445
0.13212243917096517,0.04999999999999999,0.18331795249186628,359.11806110247863
0.1518051186294045,0,0.1761387411789729,349.3065974125408
0.030507013430907892,0,0.23185249524082924,348.49651666880743
0.03367134228727192,0,0.23790166349388614,348.4406360634307
0.15995554759334035,0.05,0.16378653288443706,359.0101087231427
0.12279378656082907,0.05,0.18838754673492686,359.1203974702694
0.005258622670701521,0.004074355709151559,0.25,348.28281441671453
0.2,0,0.12820512820512822,348.8357929211845
0.2,0,0.13461538461538464,348.8300730110422
0.2,0.005545356133579074,0.13255777324652027,349.4645620629465
0.051276521532613833,0.05,0.21879523823680885,358.5637125442529
0.12925322793171398,0.04999999999999999,0.18874667611037507,359.0839872992166
0.15651188929186588,0.05,0.17329533982376244,358.98677121369684
0,0.05,0.23076923076923075,357.6036386128007
0.004762121796129776,0.05,0.2275915863939148,357.7531749918449
0.008959396694214333,0.05,0.22945504335506917,357.80343312643583
0.017533193941960845,0,0.24528252466774425,348.10912281730305
0.04129234107610804,0.015616390225557154,0.25,350.3532076630676
0.12930734696892704,0,0.16923774118285878,349.5154015726783
0.17698502680855402,0,0.14725499782330348,349.1659449682641
0.08413992862161095,0.05,0.21163913707190884,358.8731866887683
0.2,0.044412300924099986,0.11760002649369712,356.93042370236367
0.2,0.05,0.11538461538461539,358.4588720527108
0.2,0.044422383414004785,0.11119777500261077,356.92289544716755
0.2,0.00554749802028642,0.1133282013799152,349.45932284621784
0.12914029176718778,0.05,0.17871697688078167,359.1757887319464
0.03225298018431216,0.05,0.21074782684345905,358.45872756393345
0,0.01666666666666667,0.25,349.92202262245183
0.18300668227770087,0.05,0.15654101233517287,358.71584675561724
0.2,0.03882460184819997,0.11981543760277885,355.5198496683317
0.2,0.038834684338104775,0.1134131861116925,355.51426687345617
0.1943042175366485,0,0.13782051282051283,348.92400840463415
0.2,0,0.14102564102564105,348.81870490746354
0.11941959088687322,0,0.20406008101999065,349.25464327728054
0.2,0.05,0.14102564102564105,358.4465963047917
0.2,0.05,0.13461538461538464,358.4589563020258
0.18291265260994546,0.049999999999999996,0.14423076923076922,358.76482497103774
0.020275236987030272,0.05,0.2177401407100083,358.18324325289717
0.02626410858567122,0.05,0.2142439837767337,358.32580714629154
0.2,0.022171821744632145,0.11989625753038897,351.99843537386255
0.12963543833051794,0.05,0.16987415503406067,359.2400939434975
0.13261758573429533,0.049999999999999996,0.17447513064514528,359.1884719064198
0.1261581443634104,0.05,0.17411600126969706,359.228429498498
0.13572493082351908,0.05,0.1682779205926489,359.2117677855133
0.05748447888218905,0,0.22301964143006575,348.8904751973119
0.05398238323824195,0,0.22781423930629613,348.79510366176896
0,0.03879993904566864,0.23966475106205237,354.5086869879695
0.2,0,0.14743589743589747,348.8016315628972
0.11907448987002962,0,0.1819862111184429,349.46833277620584
0.0759236287313934,0,0.19942648311039446,349.28707857367334
0.07935266619812317,0,0.2048638344410894,349.24125119497626
0.15370429254566778,0.05000000000000001,0.16138869358203178,359.094706188615
0.1447965707202976,0.05,0.17128266176232176,359.11908318529936
0.12248544223632876,0,0.17773672113991487,349.4887009450549
0.03528589314773725,0.05,0.22789128880727966,358.24217546488103
0.17709046524649488,0.05,0.15364069348152953,358.82558525709914
0.009524243592259552,0.05,0.22441394201859885,357.89564074882816
0.14715328915496956,0.05000000000000001,0.17709471057385356,359.05368651055625
0.2,0.05,0.14743589743589744,358.42807739103296
0.15311459629229296,0,0.16074570478285555,349.38833622586134
0.15373763704743926,0,0.16663691177099088,349.3503765737734
0.008394549796169113,0.05,0.23449614469153945,357.706555331977
0,0.015453667121429851,0.2451228726840512,349.81890161470955
0.0454990300787705,0,0.21882079962459594,348.84485778717277
0.08879941506149643,0,0.19788674568019132,349.3433343468245
0.09544683676913307,0,0.19775864639506255,349.35397642411226
0.04881986842245341,0,0.22801282466321632,348.7480812877656
0,0.004342556010318736,0.24512287268405117,348.30804621199155
0,0.022222222222222227,0.25,350.8585244327439
0.06098657452613615,0,0.21822504355383543,348.98050377265207
0.01428636538838933,0.05,0.2212362976432829,358.03103588375046
0.1494560627324792,0,0.17030278542453514,349.36734351524774
0.14651304433667758,0,0.17648185816200926,349.3504240709654
0.053595245189667774,0.05,0.22447578640160729,358.4976500157505
0.1711742482152889,0.04999999999999999,0.15074037462788614,358.9264854438652
0.08236152189644491,0,0.1986566143952929,349.3189350854039
0.11920355642919533,0.05,0.18259969374096985,359.1893864024932
0.12566299780008025,0.049999999999999996,0.18295882311641806,359.1578674888045
0.14122097004395068,0,0.17682497514504558,349.3892398464016
0,0.020964747755375282,0.23995524821507738,350.8153786449099
0,0.022177747300612102,0.24483237553102621,350.9448603443187
0.12268085039630289,0.05,0.17835784750533346,359.2115269848298
0.19999999999999998,0.0055900256548410965,0.1389448557959164,349.4604421976928
0.188608435073297,0.049999999999999996,0.14102564102564102,358.67226339719235
0.1943042175366485,0.05,0.14423076923076925,358.55484794051887
0.1943042175366485,0.05,0.13782051282051283,358.5703071741884
0,0.01975174821013846,0.23507812089912855,350.6868759217344
0.06549316285081219,0.05,0.2238185946860199,358.6020251118027
0.15608669294436456,0,0.17247286752542867,349.29082592123
0.17704345041261718,0.04999999999999999,0.14748557192932768,358.85021323776544
0.11563021997482185,0,0.1871582900205636,349.43540657898365
0.11580005348244195,0.05,0.18772124845851207,359.1532872906204
0.2,0.016640352174151912,0.11562443241660705,351.04479955483174
0.08402148520201186,0.05,0.20034340623102576,359.0168707346886
0.09680936075073532,0.04999999999999999,0.21005270078984342,358.9181125313334
0.15912218574903203,0,0.15702457989561375,349.3458169120538
0.2,0.033246985262204765,0.11562859722077423,354.2235126160598
0.06542946349961448,0.05,0.21287930244327238,358.76423399749143
0.2,0.044412300924099986,0.13042053931420994,356.93222077581777
0.06381962820620474,0,0.21221547964438894,349.076147865617
0.037164771485370215,0,0.232104609221395,348.5702662176492
0.14181442331652022,0.05,0.16668168615123713,359.17560017460664
0.2,0.03884476682800958,0.10701093462060615,355.50265564676084
0.06672520075903929,0,0.22771062743462314,348.88535986800645
0,0.026475828389320714,0.23478762374610357,351.9199162078957
0.2,0.01109499604057284,0.11127178737521502,350.19379480319986
0.2,0,0.11538461538461539,348.8300785121464
0.2,0,0.1217948717948718,348.8357947548859
0,0.01302766803095621,0.23536861805215353,349.6155965279248
0.17721687014659399,0,0.1282051282051282,349.19645366630886
0.17152108768324248,0,0.13141025641025642,349.27009418188527
0.17721687014659399,0,0.1346153846153846,349.19077948165307
0.1533008457707366,0,0.15385601881055525,349.4177992696804
0.14729325631399753,0,0.15757714369779705,349.4557123579538
0.027266831330605742,0.05,0.2013734727251811,358.5070992939486
0.032542503899573846,0.05,0.20444077994822088,358.5440052802792
0.026977307615344056,0.05,0.20768051962041928,358.42478024177285
0.16559346188185103,0,0.14084474141304706,349.32804336383896
0.15954027856551561,0,0.14390553712565102,349.3882454505117
0.16536161854381107,0,0.1470740982107095,349.31416691830526
0.07355205252131315,0.05,0.19646359865130927,359.01799907238
0.06866964443296508,0.05,0.19743512255068352,358.97950932178617
0.2,0.03886837033413453,0.08773918897770863,355.42871166367985
0.2,0.044434185167067264,0.09194651756577739,356.8581409861143
0.2,0.04443418516706727,0.08553626115552099,356.82315880251923
0.1829126526099455,0,0.13141025641025642,349.1127781226323
0.1357542116468838,0,0.15639642161885398,349.54648678367454
0.13007781405254878,0,0.1523612175932323,349.59646994749625
0.12982099169134154,0,0.15798672545644113,349.5739367427046
0.024958151709243905,0,0.22789229776795844,348.4845141321155
0.030896562639615634,0,0.22460324487107408,348.60673202155175
0.021991158761637642,0.05,0.19830616550214133,358.4624544113812
0.021701635046375956,0.05,0.2046132123973795,358.38309402337535
0.2,0.005547498020286421,0.1069179449696588,349.44597142189326
0.2,0.005547498020286421,0.10050768855940238,349.42687986081086
0.2,0,0.10256410256410256,348.8016329317681
0.01940928998757992,0,0.22393210029508764,348.4646747505055
0.01898900784090212,0,0.2292239906887596,348.38320407397583
0.188608435073297,0,0.11538461538461539,349.0219324598512
0.188608435073297,0,0.10897435897435898,349.01052633423654
0.1829126526099455,0,0.11217948717948718,349.1041678679398
0.12995881384955973,0.05,0.16432402076512234,359.27410807336406
0.13604830634256088,0.05000000000000001,0.16272778632371057,359.24397890082827
0.188608435073297,0.05,0.08974358974358976,358.59782321284206
0.1829126526099455,0.05,0.09294871794871795,358.71504628767235
0.18291265260994552,0.05000000000000001,0.08653846153846156,358.6808772199907
0.2,0.05,0.08333333333333334,358.3352459898048
0.2,0.04443418516706727,0.0791260047452646,356.78191475604507
0.10846516419716569,0,0.18612678880086353,349.4597580315597
0.15348709524918022,0,0.14696633283825494,349.4405593594206
0.15930843522747568,0,0.15013489392331344,349.37144300449944
0,0.008685112020637473,0.23383548895784595,349.0328417406704
0,0.004342556010318736,0.23871261627379475,348.41374511898385
0,0.004342556010318736,0.23230235986353837,348.5137063264583
0.188608435073297,0,0.1282051282051282,349.0275986365286
0.1829126526099455,0,0.125,349.1155622112106
0,0.04454547129639714,0.2193393142581054,356.28979483847996
0,0.03909094259279427,0.21431965415723647,354.9821289736126
0,0.04454547129639714,0.21292905784784902,356.3806466016522
0.12364361233167714,0,0.16716727193747502,349.55478939839685
0.12023265996537802,0,0.17141676191600308,349.54156052994216
0.11823670005563452,0,0.15947129482888245,349.6165777513277
0.11231614305717741,0,0.16302633344670753,349.6144992887812
0.11797987769442728,0,0.1650968026920913,349.58782197043115
0.13637168186160264,0.05,0.15717765205477222,359.27138041953395
0.142137798835562,0.05,0.16113155188229877,359.20600827537004
0.020988436016703114,0.05,0.2111766765536939,358.28679913661847
0.014999564418062172,0.05,0.21467283348696853,358.1391745557117
0.177216870146594,0.05,0.13461538461538464,358.87869093776334
0.17721687014659404,0.05000000000000001,0.12820512820512822,358.88491786902733
0.1829126526099455,0.05,0.1314102564102564,358.7895452329869
0.09757932253706111,0,0.1788917074593427,349.5243841460211
0.09108919650885107,0,0.1809590039525471,349.5018324785624
0.09465268671187288,0,0.18522338686629225,349.47128693829586
0.013860428265915936,0,0.21997190282221687,348.4369985239771
0.019798839196287665,0,0.2166828499253325,348.5672012300515
0,0.0336364138891914,0.21571025046662393,353.6990045722368
0,0.03349091211562859,0.22197254250877546,353.57716736100394
0,0.0276422569473553,0.21716315406720677,352.4169204477659
0.01571276344773501,0.05,0.20810936933065413,358.24005223070856
0.010237442621932394,0.05,0.21144022145202807,358.0981915340136
0.15970777167232236,0.04999999999999999,0.1508460588885132,359.07680232013155
0,0.03334541034206578,0.22823483455092702,353.44907163239463
0,0.027351253400229678,0.2296877381515099,352.1737637804004
0.2,0.005555146845306129,0.08124706883631977,349.3355693162007
0.2,0,0.08333333333333334,348.71618334299524
0.2,0.005555146845306129,0.08765732524657618,349.3720253398336
0.2,0.044371788298881075,0.07274765741320223,356.7179938723139
0.2,0.04437178829888107,0.06633740100294581,356.6641731580613
0.2,0.03874357659776215,0.0685722379033275,355.2634239658903
0.1829126526099455,0.05,0.13782051282051283,358.7802557552247
0.18291265260994552,0.05000000000000001,0.125,358.7926934043243
0.20000000000000004,0.04441230092409999,0.12401028290395354,356.93438216496514
0.07995864957150739,0.05,0.19556032709256888,359.0571373885866
0.08230241099119717,0.05,0.18987397639537154,359.12580636657486
0.08636524662170164,0.05,0.19465705553382845,359.0881067152446
0.05481523018260212,0,0.19700049799833133,349.1825467286419
0.05697327298236645,0,0.20110755745418415,349.1564817335118
0.06107146147458984,0,0.19654489518398727,349.23386690899065
0.10502089430195793,0,0.19129886770298424,349.4172161053825
0.0888020922794523,0.05,0.18788359524681558,359.1639075724483
0.2,0.05,0.12820512820512822,358.4650480706696
0.188608435073297,0.05,0.13461538461538464,358.68460633778386
0.07879803169342309,0,0.19439223148154774,349.34986681548963
0.036283450730944244,0,0.21301009596257447,348.8231597946615
0.031286111848323375,0,0.2173539945013189,348.7094690356749
0.035893901522236496,0,0.22025934633232963,348.7251336100608
0.005475320825802617,0.05,0.2082076094170876,358.04987757566397
0.010950641651605234,0.05,0.20487675729571367,358.1962480597926
0.09773861922545807,0.05,0.17911975381124673,359.2551180485853
0.1014900953466171,0.05,0.18540128850536333,359.1996756274395
0.09530177356770742,0.05,0.1858932140982596,359.1931284579284
0.2,0.05,0.10256410256410257,358.4280181095497
0.1943042175366485,0.05,0.10576923076923075,358.5547143237516
0.1943042175366485,0.05,0.09935897435897437,358.5331718184582
0.1597721219035556,0,0.13767618032798856,349.3996118450911
0.1537189385872202,0,0.1407369760405925,349.45485175447857
0.04089124040485737,0,0.21591544779358518,348.83653648666
0.09905324968886645,0.05,0.19217474879237623,359.1325962463701
0.10864507441452952,0.05,0.18656126848193771,359.1815979048784
0.10489359829337049,0.05,0.18027973378782108,359.243440391585
0.1120485773612829,0.05,0.18143971376439547,359.2215298428876
0.2,0.05,0.12179487179487182,358.4650199875646
0.19430421753664853,0.05000000000000001,0.125,358.5825663061187
0.19430421753664853,0.05000000000000001,0.11858974358974361,358.57945048930407
0.17128924434520254,0,0.14404986961817529,349.2505482287317
0.10976203922974928,0.05,0.17496761331974084,359.2796465510514
0.2,0.011094996040572841,0.10486153096495862,350.17844467636087
0,0.05,0.21153846153846154,357.8945574563554
0.004762121796129777,0.05,0.214771073573402,357.9473812021384
0,0.05,0.21794871794871795,357.80475958779897
0.188608435073297,0,0.1346153846153846,349.0219930096535
0.1943042175366485,0,0.13141025641025642,348.93243556980565
0.004199860608627514,0,0.2388722682574878,348.0060331401563
0.004199860608627514,0,0.23246201184723142,348.10524579018687
0,0,0.23717948717948717,347.96062712753394
0.1598811914062992,0.04999999999999999,0.14438612798482656,359.09691643749585
0.16565188548591422,0.049999999999999996,0.1410753155190713,359.03322378142394
0.16547846575193742,0.04999999999999999,0.14753524642275795,359.01661018355554
0.10130010841950952,0,0.18509528758116348,349.4747894286395
0.009524243592259554,0.05,0.21800368560834246,357.9928740112701
0.004762121796129776,0.05,0.22118132998365841,357.85386563663934
0.1943042175366485,0,0.09935897435897437,348.88965215897343
0.1943042175366485,0,0.10576923076923078,348.90966378401487
0.1715210876832425,0.049999999999999996,0.13782051282051283,358.95920850404275
0.1713476679492657,0.04999999999999999,0.1442804437241995,358.94602447212895
0.188608435073297,0,0.08333333333333334,348.9076189492785
0.1829126526099455,0,0.08653846153846154,349.0125287811789
0.188608435073297,0,0.08974358974358974,348.94192063271817
0.1943042175366485,0.05,0.13141025641025644,358.57956227118444
0.18860843507329703,0.05000000000000002,0.12820512820512822,358.6908079719506
0.17152108768324248,0,0.13782051282051283,349.2615299011521
0.165825305219891,0,0.13461538461538464,349.33648375793996
0.07523454149040129,0,0.19012784856780257,349.37591010071975
0.08167243465545279,0,0.189357979852701,349.4075764007159
0.07810894445243098,0,0.18509359693895586,349.43236476037833
0,0.05,0.22435897435897434,357.7077866399474
0,0.04454547129639713,0.2257495706683618,356.19176799601246
0.05855024020176863,0.05,0.21276026417394875,358.71477498180167
0.1943042175366485,0,0.08653846153846155,348.8326357526103
0.1943042175366485,0,0.09294871794871795,348.864011017806
0.04723836728263991,0,0.21306825317257336,348.9352496548708
0.04263057760872678,0,0.21016290134156262,348.92591388928844
0.2,0.022191694946264003,0.1006448400906406,351.9608268841848
0.2,0.027733247006649038,0.09851441371333616,353.0135672976946
0.05414021930229787,0,0.2071171213636306,349.0669638679617
0.05071704169037873,0,0.20156316026852822,349.1003429484677
0.06322950427435417,0,0.2006519546398401,349.20562235456663
0.16582530521989103,0.05,0.13461538461538464,359.0434823829427
0.08473925664894782,0.05,0.18310051610835865,359.1982824940479
0.09123893793720295,0.05,0.1811101349598027,359.2311404315133
0.025347700917951646,0,0.22064304739820328,348.5908850482608
0.2,0.0444223834140048,0.10478751859235436,356.9064861986477
0.2,0.03884476682800958,0.10060067821034974,355.4821934923961
0.2,0,0.07692307692307694,348.67629669695606
0.2,0.005554183934070786,0.07489619351663704,349.2935405164824
0.06732769276657756,0,0.1960892923696432,349.2781889253501
0.17721687014659399,0,0.14102564102564102,349.17946791900386
0.13594046112532743,0,0.14950673564655367,349.5723798927258
0,0.013903093041865171,0.23026873245755983,349.82516557279155
0,0.009560537031546435,0.22873560336325224,349.2274525576707
0.038358860525570054,0.05,0.20776282940915128,358.5766276217902
0.044464740866827945,0.05,0.2047778319748435,358.6854782460896
0.04282278628067124,0.05,0.2105371764146268,358.59252936316057
0,0.02749675517379249,0.22342544610935833,352.29847137277153
0,0.0216481000055192,0.2186160576677896,351.2645524623085
0.2,0.011109330779376914,0.07922018542987987,350.06044224258517
0.2,0.011108367868141572,0.07286931011019715,350.0160783671415
0.07236013852837159,0,0.1951621001966493,349.31437678447105
0.2,0.05,0.09615384615384616,358.4033792512523
0.2,0.04442238341400479,0.09837726218209794,356.88393569231647
0.188608435073297,0.05,0.09615384615384615,358.6288317109473
0.188608435073297,0.05,0.10256410256410255,358.6536414048771
0.1829126526099455,0.05,0.09935897435897435,358.7430165511784
0.048977704486509316,0,0.20731570672055077,349.0204113753025
0.052400882098428456,0,0.2128696678156532,348.9835006682633
0.1295641693301343,0,0.16361223331964997,349.5469139510986
0.13549738928567656,0,0.16202192948206282,349.5210227434516
0.2,0.03885656858107205,0.09416993359402918,355.4585988373946
0.06516964996681324,0,0.19198223291379038,349.3053440390385
0.05756339691421702,0,0.21267108245873304,349.0270174760232
0.013440146119238138,0,0.2252637932158888,348.3582857694123
0.11691701829766171,0.05,0.17612759329631522,359.2518933247786
0.17152108768324253,0.05000000000000001,0.13141025641025644,358.9685141952334
0.032832027614835536,0.05,0.1981337330529827,358.62270447218856
0.2,0.005555146845306129,0.09406758165683259,349.4027624639227
0.2,0,0.08974358974358976,348.7503510894907
0.2,0,0.09615384615384616,348.77879993644234
0.03864838424083174,0.05,0.2014557825139131,358.6585359352656
0.08459907048064103,0,0.18302630044575147,349.47115935001483
0.2,0.027693490733352456,0.07292370182894997,352.8575365228257
0.2,0.02214682283368931,0.06869389060032242,351.7647818332104
0.2,0.022209219701875504,0.07507223793238478,351.82564385511364
0.03802278793481365,0,0.20725754951055186,348.91152273222013
0.03167566105703112,0,0.2101047441315637,348.8047277111768
0.188608435073297,0,0.10256410256410257,348.99333607947955
0,0.03894544081923146,0.22699220260964442,354.7587796905837
0.188608435073297,0,0.09615384615384616,348.97051117202625
0.10740386955047199,0,0.16831479145091927,349.59274292604266
0.1096566518214227,0,0.17463475067483106,349.54783884604075
0.11456892532812814,0,0.16934629267061932,349.5723752623209
0.057449844505931685,0.05,0.20191187280985934,358.84604051395917
0.05057062120808585,0.05,0.20179283454053576,358.7852794368319
0.0549111978372734,0.05,0.19719704601203628,358.8790705980521
0.19430421753664853,0.05000000000000001,0.08653846153846155,358.47120152726234
0.19430421753664853,0.05000000000000001,0.08012820512820515,358.4308173017164
0.2,0.022199343771283714,0.0942047331880708,351.93641002077555
0.2,0.027745048759711517,0.09208366909701562,352.98797765713726
0.06039645059428559,0,0.20666151854928655,349.1195984552807
0.2,0.03880597346594834,0.07495058523538987,355.32965255423346
0.2,0.03886837033413453,0.08132893256745224,355.38968299577374
0.02573725012665939,0,0.2133937970284481,348.6897776257847
0.12419498175091857,0.05,0.1620937665561041,359.31785565826556
0.11810777413323563,0.05,0.1654136466160242,359.32338126090167
0.11843114965227741,0.05,0.15986351234708585,359.3542945342853
0.1943042175366485,0,0.11217948717948718,348.9239352722984
0.1943042175366485,0,0.1185897435897436,348.93243135354834
0.1943042175366485,0.05,0.09294871794871795,358.50532388992923
0.027556355045867433,0.05,0.19506642582994294,358.58283982168797
0.188608435073297,0.05,0.11538461538461539,358.6844716475655
0.18291265260994552,0.05000000000000001,0.11858974358974358,358.78952307117504
0.18291265260994552,0.05000000000000001,0.11217948717948717,358.78022127323663
0.12390043469288439,0,0.1615417640742662,349.5849234780553
0,0.014778518052774133,0.22516884686296612,350.03393360210475
0,0.010435962042455397,0.22363571776865854,349.42126235911724
0.054560430704927235,0.05,0.20727654935724224,358.7542057275632
0.061439654002773084,0.05,0.20739558762656587,358.80931577397166
0.01642596247740785,0.05,0.20154590517433973,358.33366890874095
0.08523592485847462,0,0.19362236276644618,349.377899596198
0.10524157146777613,0.05,0.19168282319947993,359.13512084373434
0.2,0.016650142885878967,0.10277526646794503,351.0171652426808
0.1306055648876433,0.05,0.15322375222724566,359.32770754326936
0.13657478425211084,0.05,0.15033177548904725,359.30001629409054
0.15411049732668414,0.049999999999999996,0.14769694045058182,359.1520088522173
0.15428391706066094,0.05,0.14123700954689516,359.16926849272755
0.008399721217255029,0,0.23415479292523206,348.14878285279735
0.14831012059053772,0.05,0.1513936985783754,359.1972591043833
0.14254400361657837,0.05,0.14743979875084884,359.2638675081989
0.1485132229810459,0.05,0.14454782201265043,359.21926118559446
0.2,0,0.10897435897435898,348.8187257903361
0.14234090122607018,0.05,0.1542856753165738,359.23854853031503
0,0,0.24358974358974358,347.8573262702615
0.2,0.011102644865592549,0.0984214240623888,350.15822140771104
0.2,0.0333025555012018,0.08353186038963989,354.1150912839485
0.2,0.027755887601538652,0.07930204916101233,352.9160375334521
0.2,0.027756850512773996,0.08565292448069507,352.9560954978666
0.09286492790995676,0.05,0.19266667438527246,359.12257086913263
0.11234394203459447,0.05,0.16318339240700597,359.35406185628113
0.1943042175366485,0,0.08012820512820513,348.7955415878708
0.188608435073297,0.05,0.10897435897435898,358.67208755716644
0.2,0.01665779171089868,0.09633515956537522,350.9948940552281
0.07020209572860725,0,0.1910550407407965,349.3429362326468
0.2,0.02221018261311085,0.08142311325206751,351.8690223129054
0.2,0.0166635147134477,0.07719330202343996,350.8906092001023
0.2,0.016664477624683045,0.0835441773431227,350.9315327240359
0.15390739493617595,0.05,0.1545428170163068,359.1269681589468
0.12387160623187679,0.05,0.16764390082504244,359.2853919566405
0.009240285510610624,0,0.22357101213788816,348.3161801582128
0.06613099776430678,0.05,0.19272029575286043,359.01483896731816
0.059251774466460946,0.05,0.19260125748353682,358.9657119883145
0.0635923510956485,0.05,0.18800546895503734,359.04520360761904
0.14747950579244115,0,0.15068745772549674,349.48230939906745
0.008820003363932826,0,0.2288629025315601,348.23449130336553
0.004620142755305312,0,0.22717012145355947,348.18991074531664
0.06847475918399656,0.05,0.18703394505566312,359.0871688117398
0.2,0.011110293690612259,0.091981317159819,350.1320560920199
0.12451835726996036,0.05,0.15654363228716575,359.34550976328137
0.13028218936860153,0.05,0.158773886496184,359.3033126066212
0.188608435073297,0,0.1217948717948718,349.0275925865698
0.1829126526099455,0,0.1185897435897436,349.1127380390232
0.2,0.03327895199507684,0.096393349622281,354.1767580476902
0.2,0.03329075374813932,0.08996260500596044,354.14907092517615
0.07335716727234465,0.05,0.18606242115628888,359.1242823545965
0.07101340585265487,0.05,0.1917487718534862,359.0550664446755
0.2,0.022211145524346193,0.08777398857175026,351.90662534346177
0.1168217075990789,0,0.1756662518945311,349.52365309146245
0.05891341867482552,0,0.19243783572813444,349.2588424633851
0.14810701820002953,0.05,0.15823957514410036,359.16803574611106
0.11463048016612809,0.05,0.1696554928516606,359.30678514270795
0.10747550109821566,0.05,0.1684955128750862,359.330148154859
0.09837347259432129,0,0.191426966988113,349.41800928904604
0.04892866662192914,0.05,0.20755217898031902,358.69717436166246
0.07589581394100293,0.05,0.19077724795411194,359.09044226076867
0.05291847611877053,0.05,0.21303589379702556,358.6620263747588
0.047286712035772435,0.05,0.21331152342010234,358.60293480879153
0.2,0.05,0.07692307692307694,358.2917865647624
0.11190943409237344,0,0.18095470989874285,349.49633662164064
0.07307649869063695,0,0.18602078911194975,349.4026048833533
0.044754264582089635,0.05,0.19847078507960533,358.7640171566948
0,0.020627173221047426,0.22997823530453487,350.9185842304202
0.10474437831471728,0,0.17992320867904277,349.515020411579
0.14161685871966248,0,0.15354193967217536,349.5180641408847
0.1829126526099455,0.05,0.10576923076923075,358.76478801050877
0.1829126526099455,0,0.13782051282051283,349.1043566560604
0.2,0.01666544053591839,0.08989505266280542,350.966680820734
0.18860843507329703,0.05000000000000001,0.1217948717948718,358.69072427317525
0,0.021502598231956386,0.22487834970994114,351.14949152355234
0,0,0.23076923076923075,348.0581902852886
0.2,0.05,0.10897435897435898,358.4465157100359
0.2,0.03317776176482941,0.07077516572551515,353.9966131384468
0.2,0.033240158633015604,0.07715351305757752,354.05895128459906
0.044369914812596195,0,0.20441035488954004,349.0100611446505
0.06432906780377753,0.05,0.20203091107918297,358.8973522586896
0.14143060924121886,0,0.16043162564447566,349.4884675887629
0.06179042113511924,0.05,0.1973160842813599,358.9340146261176
0.01301986397256034,0,0.23055568360956075,348.2755534191267
0.08816256068366285,0,0.18729068335949667,349.4434924000504
0.07823957536069272,0.05,0.18509089725691463,359.15654423618895
0.2,0.05,0.08974358974358974,358.37244355196805
0.1829126526099455,0,0.10576923076923078,349.08985169796046
0.1943042175366485,0,0.125,348.9352924998975
0.12415725705409164,0,0.15591625621105737,349.6105679708994
0.2,0.03874357659776215,0.0621619814930711,355.2057021248108
0.2,0.03311536489664322,0.06439681839345279,353.9280768454915
0.18860843507329703,0.05000000000000001,0.08333333333333336,358.56051418679266
0.2,0.044371788298881075,0.0599271445926894,356.6039406065648
0.2,0.05,0.06410256410256412,358.1855355526673
0,0.03909094259279426,0.22072991056749286,354.8902233158245
0.2,0.027631093865166267,0.06654535449688762,352.7928373653965
0.2,0.011110293690612259,0.0855710607495626,350.0990306907934
0.033121551330097226,0.05,0.19182668615774456,358.69482513966153
0.038937907956093434,0.05,0.19514873561867493,358.7338657243047
0.1943042175366485,0.05,0.11217948717948718,358.5701155712337
0.12039431226476925,0.05,0.17188574706067883,359.2712616750439
0,0.015653943063683097,0.22006896126837242,350.24190061586427
0.2,0.05,0.07051282051282053,358.24186697733677
0.1829126526099455,0,0.09294871794871795,349.0440687186276
0.1829126526099455,0,0.09935897435897437,349.0698430242214
0.17721687014659399,0.049999999999999996,0.14102564102564102,358.8663227000745
0,0.005217981021227698,0.22720247426894466,348.69335891559206
0.10260706016183686,0.05,0.17380763334316646,359.297166885627
0.16005461114027597,0.05,0.1379261970811399,359.1106755585102
0.06804405292884294,0,0.18694798128494367,349.36822668079304
0.09172605088668466,0,0.19155506627324181,349.4109370052304
0.1476657552708848,0,0.14379777175319644,349.50220348610225
0.1418031081981061,0,0.14665225369987506,349.5409577389278
0.0630116071670489,0,0.18787517345793753,349.3292301526973
0.10249159604376656,0,0.173603249455131,349.56270454512264
0.2,0.016662551802212357,0.07084242670375723,350.84391024893335
0.2,0.05,0.05769230769230771,358.1227922907538
0,0.05,0.1987179487179487,358.0528610924488
0,0.05,0.1923076923076923,358.12180091934755
0.005475320825802618,0.05,0.19538709659657477,358.20153340266666
0.028229529424978854,0.05,0.1823650221497186,358.7174263359283
0.02782837321422416,0.05,0.18869145990243347,358.6526737309866
0.022535195098351092,0.05,0.18555623364712243,358.60276114634144
0.2,0.03466550781010187,0.04060840144243962,354.0135211356139
0.2,0.038747330654621034,0.04344443915038403,355.0007493518054
0.2,0.04029184248279136,0.03811695109801684,355.3089863203994
0.18282701345071714,0,0.08023851813479553,348.9773016465565
0.18852279591406865,0,0.07703338992966732,348.86970570113925
0.177216870146594,0,0.1217948717948718,349.1964152382076
0.2,0.05,0.051282051282051294,358.05349362114333
0.1947627570153012,0.05000000000000001,0.048416402366831736,358.12736209973724
0.2,0.05,0.044871794871794886,357.97739715975433
0.16012952275653952,0.05,0.125,359.1224676058203
0.16012952275653952,0.05,0.1185897435897436,359.1193845033397
0.16582530521989103,0.05,0.1217948717948718,359.0497782168266
0.07911560225457351,0.05,0.17911460126472398,359.21300022500145
0,0.033782811097852375,0.20968751999520724,353.811637726122
0,0.039237339801455245,0.20829692368581978,355.0974456478721
0.2,0.0362100196382722,0.03528091339007244,354.2953411159417
0.2,0.031396569125891984,0.030241051710534587,353.15501050107827
0.2,0.029852057297721658,0.03556853976290178,352.904045137832
0.054893029955468214,0.05000000000000002,0.17914748720410384,359.0555769691494
0.05437827092065181,0.05000000000000002,0.18411217353465156,359.0076011391696
0.04977123083315346,0.05000000000000001,0.18216552582445866,358.9814528765259
0.2,0.0331191189535021,0.05208953246102214,353.8055298801929
0.2,0.038747330654621034,0.04985469556064044,355.07761925448864
0.2,0.03312099598193155,0.045935889494806814,353.73550591901636
0.2,0.04437366532731052,0.04095298880596125,356.3870816809955
0.2,0.05,0.03846153846153847,357.894502906587
0.2,0.04591817715548084,0.03562550075359406,356.7255404015861
0.2,0.016839829326822302,0.05818552245328966,350.7619754360697
0.2,0.011285645392751517,0.05380214944947315,349.8736782306619
0.2,0.011197006630446545,0.06013060157470694,349.92255369486844
0.06921028222556017,0,0.1768682279331848,349.45575374656454
0.06476095111212476,0,0.17275554343029925,349.4584755256538
0.06417783646376614,0,0.1777954201061787,349.4190648699152
0.2,0.0211892272588518,0.020934365862633975,351.031099233276
0.2,0.024346072053271623,0.016837319794807605,351.53959501596347
0.2,0.020540965278492876,0.015149473336901049,350.82651555264766
0,0,0.22435897435897434,348.1500099520365
0,0.005217981021227698,0.22079221785868824,348.78289491039345
0.18892531065263585,0.05,0.06453064245491803,358.40831326039546
0.1833879659789538,0.05,0.0679498098362232,358.53730744350236
0.18368806766793705,0.05,0.06166499353969848,358.47417618855707
0.16012952275653952,0.05,0.13141025641025644,359.1193201881443
0.16582530521989103,0.05,0.12820512820512822,359.0497455599629
0.17721687014659399,0.05,0.10256410256410256,358.8476420077093
0.2,0,0.05769230769230771,348.5221290091985
0.2,0.005554183934070785,0.062075680696124215,349.1916572783778
0.2,0.005642822696375759,0.05574722857089043,349.14364095757475
0.034325019962361314,0.05,0.17284737289959984,358.8783324082652
0.033923863751606616,0.05,0.17917381065231475,358.82354086837137
0.028630685635733552,0.05,0.17603858439700368,358.7758013912293
0.08561528354282863,0.05,0.17712422011616802,359.2517562592429
0.19446265532631793,0.05,0.06111147507361287,358.2701415428126
0.19476275701530119,0.05,0.054826658777088144,358.1996600385846
0.058985311008150146,0.05,0.18605882124484444,359.02885138286746
0.0546447343789626,0.05,0.19065460977334392,358.94680813267183
0.04395883332415594,0,0.1914451851450381,349.1393139287327
0.044743429347571306,0,0.19817358171351085,349.0807970783297
0.049932445666963365,0,0.19483476370005548,349.16301643342473
0.14866304621357296,0.05,0.13151594067088346,359.2436644132831
0.15443374029318802,0.05,0.1282051282051282,359.1868834448351
0.15435882867692446,0.05,0.13472106887601168,359.18130726015215
0.10666754487813773,0.05,0.16239044821850154,359.3692195977792
0.10867131882615767,0.05,0.15879344324950548,359.38585811973013
0.17721687014659399,0.05,0.09615384615384616,358.82273825437255
0.1362946762392121,0,0.14330675800789977,349.5887828124608
0.14858813459730943,0.05,0.13803188134176694,359.23469409080957
0.17711618239823854,0,0.08350587109194446,349.07835608638857
0.17703054323901019,0,0.07720592768827846,349.0402855771868
0.2,0.027719732627471235,0.06021690237165381,352.75278214412145
0.2,0.03311724192507266,0.05824317542723746,353.869720189018
0.048363253620132635,0,0.18137797056311,349.26886412400836
0.049147849643548,0,0.18810636713158274,349.219190158605
0.05324603813577139,0,0.18354370486138583,349.2938806868398
0.18952551403060236,0.05000000000000002,0.05196100986186859,358.26833693326654
0.1839881693569203,0.05000000000000002,0.055380177243173755,358.4046813656562
0.18428827104590353,0.05000000000000001,0.04909536094664903,358.3288229747996
0.2,0.017512526874348483,0.04484348170410167,350.72930159704754
0.2,0.0223259773867287,0.04988334338363952,351.61607042350124
0.2,0.022910036171949904,0.04286975475968532,351.64113035010996
0.17142039993488706,0,0.08671099929707266,349.1717162412982
0.17721687014659399,0,0.08974358974358973,349.11042980574933
0.18876687286296645,0.05000000000000001,0.0771371160992539,358.51551293879453
0.18307109039961494,0.05000000000000001,0.08034224430438211,358.63897610452733
0.1832295281892844,0.05000000000000001,0.07414602707030266,358.59111951236446
0.2,0.02830754546955133,0.040896027815268965,352.65688453831626
0.1715210876832425,0,0.125,349.27292371778043
0.2,0,0.07051282051282054,348.6306482064007
0.19421857837742015,0,0.07382826172453913,348.75494222621484
0.1311404593942027,0,0.13376128467727064,349.6379842430744
0.1366488913530967,0,0.1371067803692459,349.59974204099785
0.13700629220608063,0,0.13084085645151378,349.60527319293334
0.12042775606436694,0,0.1463752654814029,349.6605425170522
0.12525278505845786,0,0.1493682415373176,349.6312273539958
0.1256070001723425,0,0.14316826389866372,349.6482108514272
0.03947375691929203,0.05,0.17595342387455276,358.9197662516155
0.03907260070853733,0.05,0.18227986162726767,358.8622374527563
0.17721687014659399,0,0.11538461538461538,349.1907087639945
0.17152108768324248,0,0.11217948717948718,349.26141930866396
0.17152108768324248,0,0.11858974358974358,349.2700080849026
0.0804438152286954,0,0.17292027472020144,349.53389410152676
0.07927637984056318,0,0.17900693582957866,349.48588732693923
0.08576650586877324,0,0.17693963933637427,349.5215481927964
0.09211496483108374,0.05,0.17513383896761203,359.28163197309095
0.177216870146594,0.05,0.12179487179487179,358.88494905527523
0.177216870146594,0.05,0.11538461538461536,358.8786908065687
0.11933222806000074,0,0.15292328015514267,349.6417047994809
0.11925371698824502,0.05,0.15352838515734443,359.38201860759904
0.12534092460592797,0.05,0.15020850509742434,359.3689928113951
0.17721687014659399,0,0.10897435897435898,349.1792562908856
0,0.010435962042455397,0.21722546135840215,349.508514681972
0,0.005217981021227698,0.21438196144843186,348.8666935973279
0.0646218691652813,0.05,0.1780760962939419,359.1415807891373
0.06898951821881297,0.05,0.18206925872511537,359.13609486291915
0.0641071101304649,0.05,0.1830407826244896,359.09537403431113
0.08568335421663148,0.05,0.16504285946739272,359.3377294353866
0.09130700861100581,0.05,0.1690287743110274,359.3246245520252
0.0864913104367094,0.05,0.17114792412397736,359.2994483768457
0,0.044691868505058116,0.1940858145559195,356.6473727037299
0,0.044691868505058116,0.20049607096617592,356.5764137470572
0,0.011074501839288122,0.20591747501324292,349.7380390141969
0,0.016292482860515822,0.20876097492321322,350.4895940498152
0,0.01075523194087176,0.21157146818582254,349.62541908231503
0,0.03392920830651336,0.2036647895237906,353.9186681581545
0,0.02810792405443264,0.2054864304232105,352.66111954270235
0.016969998814121305,0.05,0.18879597331932085,358.4810828728174
0.01122265981996196,0.05,0.1920915349579478,358.34610640067314
0.011494677988318687,0.05,0.18571656903043837,358.4135884227953
0.2,0.011157239002476088,0.015384674329586073,349.3580619666861
0.2,0.017384120484073052,0.019246519404727415,350.3618253464444
0.2,0.016735858503714132,0.013461626878994493,350.1654557563907
0.07387192630716105,0.05,0.18109773482574112,359.1719640302631
0.07474795320104183,0.05,0.17512143883355047,359.2253862828944
0.1662895751512548,0.05,0.07799973499896713,358.87636220266035
0.17183060097081837,0.05,0.0808459771787986,358.8191537282449
0.16613481850746686,0.049999999999999996,0.0840511053839268,358.919023504264
0.11398907670652966,0.05,0.15051313802752309,359.41167229090206
0.11316650937056207,0.05,0.15684826521726453,359.3860269547949
0.10949388616212527,0.05,0.15245831605976404,359.414126627108
0.2,0.011869704177972722,0.040378304415262536,349.80782407071194
0.2,0.006226881481596965,0.0359131271264234,348.9943315809623
0.2,0.005642822696375758,0.0429267157503776,349.00692345815224
0.13732725979642374,0.05,0.13134415788562975,359.3403935166818
0.14295769719686657,0.05,0.13468801961369836,359.29157742459665
0.1372523481801602,0.05,0.13786009855651324,359.3314132163717
0.18843715675484027,0,0.0643231901157449,348.7748056178793
0.1826557351322604,0,0.0676386313274635,348.8901213099928
0.1884371567548403,0,0.07073344652600132,348.82621709722724
0.004620142755305312,0,0.22075986504330308,348.2786459696277
0.03876981700476389,0,0.1947840031584935,349.05316930265195
0.03798522098134852,0,0.18805560659002077,349.107529518501
0.032796204661956464,0,0.19139442460347614,349.0174596214346
0.2,0.01110836786814157,0.06645905369994072,349.9655843582895
0.043174237300740576,0,0.18471678857656537,349.19133101935887
0.2,0.011805500982835008,0.021169566855318997,349.53891477086427
0.2,0.01245376296319393,0.026954459381051923,349.71653258119346
0.2,0.01803238246443197,0.02503141193046034,350.5549599426491
0.005475320825802618,0.05,0.2017973530068312,358.1291094862147
0.1487379578298365,0,0.125,349.51774614126595
0.15443374029318802,0,0.1282051282051282,349.46458219181574
0.15443374029318802,0,0.12179487179487179,349.46454875551007
0.2,0.018680644444790895,0.030816304456193266,350.74485954500443
0.1428721250179586,0,0.1279204282257569,349.5651938256638
0.1483805569768526,0,0.13126592391773215,349.51812443669957
0.032049175592006235,0,0.2038679709555345,348.8811844181217
0.03839630246978877,0,0.2010207763345227,348.98511905253224
0.032422690126981346,0,0.19763119777950533,348.9520950548743
0.06001482907778295,0.05,0.176129448583749,359.12303396767334
0.059500070042966556,0.05,0.1810941349142967,359.0779245112034
0.2,0,0.019230769230769235,348.05836456291854
0.2,0.006226881481596965,0.02309261430591058,348.82103425383156
0.2,0.005578619501238044,0.017307721780177653,348.65569823552863
0.026398349909312724,0,0.20708159887741434,348.77399132830686
0.050037694291464256,0.05,0.18870796206315102,358.923006258083
0.044221337665468055,0.05000000000000002,0.18538591260222065,358.89387368321127
0,0.02196736990393556,0.21296206449521,351.39731412823994
0,0.02796152684577166,0.21150916089462712,352.55645482842283
0.1601295227565395,0,0.13141025641025642,349.4041613973738
0.1540763394402041,0,0.13447105212286037,349.46249656339126
0.004620142755305312,0,0.21434960863304667,348.3616438860718
0,0,0.21794871794871795,348.23609231091774
0.11031645349809287,0.05,0.1461231888700226,359.43607537207913
0.10582126295368847,0.05000000000000002,0.14806836690226355,359.43660980049964
0.2,0.016928468089127274,0.051857070328055865,350.7122408284595
0.058128822651410145,0,0.18570943915966168,349.3140026964027
0.1656239297231801,0,0.08367840885055558,349.22564372269227
0.17131971218653158,0,0.08047328064542739,349.13682443744335
0.2,0.01245376296319393,0.033364715791308334,349.803870653338
0.2,0.01809658565956969,0.03782989308014746,350.7401745025625
0.1947627570153012,0.05000000000000001,0.04200614595657533,358.0482663691113
0.1719890387604878,0.05,0.07464975994471915,358.77208117825603
0.17753006458005138,0.05,0.07749600212455063,358.709505234629
0.2,0.011285645392751516,0.04739189303921673,349.8055896250129
0.100991147721681,0.05,0.16159750402999712,359.3779783169368
0.10299492166970094,0.05,0.15800049906100105,359.39640041566497
0,0.01597321296209946,0.21441496809579286,350.3678895670703
0.009901385293263962,0,0.21084855757659804,348.49100341856484
0.009240285510610626,0,0.21716075572763177,348.40183094008677
0.014521528048569276,0,0.21365970467118314,348.5282833086001
0.17152108768324248,0.04999999999999999,0.09935897435897434,358.9218381150843
0.165825305219891,0.04999999999999999,0.10256410256410256,359.0123700531585
0.165825305219891,0.049999999999999996,0.09615384615384615,358.98737633263414
0,0.05,0.20512820512820512,357.9771132714514
0.2,0.02503860678534144,0.030528678083363927,351.87630839607976
0.07365961333899557,0,0.1809809124360703,349.4470501581393
0.06862716757720155,0,0.1819081046090642,349.41382578130214
0.17152108768324248,0,0.09294871794871794,349.20111960746635
0.17721687014659399,0,0.09615384615384615,349.1391281451059
0.2,0.04437366532731052,0.04736324521621767,356.4669637589209
0.2,0.04437366532731052,0.053773501626474075,356.54004804506775
0.08693394125690544,0,0.17085297822699708,349.56642124360474
0.09225663189698327,0,0.17487234284316988,349.5490875975647
0.054030634159186755,0,0.19027210142985856,349.2414635876292
0.03867144449778264,0.05,0.18860629937998258,358.7983311042565
0.04448780112377885,0.05,0.19192834884091298,358.83241768401393
0.165825305219891,0,0.12820512820512822,349.34218125783144
0.2,0.02183748923921072,0.026719258388366897,351.2324479200552
0.19446265532631796,0.05,0.06752173148386928,358.3296346506202
0.18892531065263587,0.05,0.07094089886517446,358.4645562140971
0.14215732331199077,0,0.14045227606122118,349.55448178867385
0.14251472416497468,0,0.13418635214348903,349.56261739741296
0.177216870146594,0.05,0.08974358974358976,358.7916356968603
0.010950641651605236,0.05,0.19846650088545728,358.27215606579784
0.2,0.04183635431096168,0.032789463045649656,355.6210280527237
0.17152108768324253,0.05,0.11858974358974358,358.968578038345
0.1715210876832425,0.05,0.11217948717948717,358.9592318740813
0.17152108768324253,0.05,0.125,358.9716613768675
0.14288278558060305,0.05,0.14120396028458182,359.2793708218341
0.08086765604233509,0.05,0.1671620092803427,359.3085672598495
0.0799916291484543,0.05,0.17313830527253332,359.2636745662216
0.020459938978941,0,0.21037065177429873,348.6549504736242
0.021121038761594338,0,0.20405845362326502,348.736958191856
0.026771864444287842,0,0.20084482570138515,348.8480132039068
0.13043202916643343,0,0.14616123995457841,349.6157517372204
0.059295051948127384,0,0.17562968580790284,349.4016419663959
0.05382915278413001,0,0.17850382818550642,349.3384381658474
0.058711937299768764,0,0.18066956248378224,349.35965789902275
0.021494553296569456,0,0.1978216804472358,348.8085452361109
0.17721687014659399,0.05,0.10897435897435896,358.86630109307293
0.17123407302730326,0,0.07417333724176138,349.0959105536624
0.044622493876222746,0.05,0.1790594748495057,358.9541397410357
0.03352270754085192,0.05,0.18550024840502963,358.7623717788367
0.1207819711782516,0,0.14017528784274902,349.675227722191
0.14802315612386868,0,0.1375318478354643,349.5129435516451
0.2,0,0.04487179487179488,348.390685028677
0.2,0,0.051282051282051294,348.4593139224507
0.2,0.005642822696375759,0.04933697216063401,349.07818911137645
0.10179910394175894,0.05,0.16770256868658182,359.3405546567509
0.09932229846126414,0.05000000000000002,0.15361054990350057,359.4179647346294
0.10499869561772088,0.05000000000000002,0.154403494092005,359.4120378842579
0.06950427725362937,0.05,0.17710457239456762,359.1810572422326
0.07038030414751016,0.05,0.171128276402377,359.2314457586829
0.07037771761369238,0,0.17078156682380757,349.5039637089828
0.1369135662161355,0.05,0.14409593702278023,359.318701392503
0.19421857837742015,0,0.06741800531428271,348.70641224126325
0.2,0.005554183934070785,0.06848593710638062,349.24546926677874
0.16598006186367892,0.04999999999999999,0.09010247576888647,358.9560282142552
0.1715210876832425,0.049999999999999996,0.09294871794871795,358.8938020677414
0.17152108768324248,0.04999999999999999,0.10576923076923075,358.94366451802836
0.16582530521989103,0.049999999999999996,0.10897435897435898,359.0311047267917
0.1892254123416191,0.05,0.05824582615839331,358.3415068808088
0,0.044691868505058116,0.20690632737643233,356.4986467962857
0,0.03938373701011623,0.20227419321440315,355.2071596002786
0.19446265532631793,0.05,0.0739319878941257,358.38271592118383
0.2,0.024994334033630543,0.02262221232054053,351.75239278716646
0.05030415774977505,0.05,0.19525039830184338,358.8576151115183
0.2,0.023494094957171113,0.035856166135731116,351.66000241364554
0.07482704872712778,0,0.17489425132669312,349.4979164226288
0.15443374029318802,0.05,0.1217948717948718,359.1869151031667
0.1487379578298365,0.05,0.125,359.2461721530149
0.2,0.037754531466442524,0.029953425337705245,354.58096586000005
0.09531475056522426,0.05,0.16080455984149272,359.3803380137538
0.0973185245132442,0.05,0.15720755487249663,359.4005436892592
0.2,0.02772160965590068,0.05406325940543849,352.6912206250799
0.2,0.022324100358299254,0.056036986349854837,351.6808368051107
0.17768850236972078,0.05,0.07129978489047117,358.6590629252034
0.1827413742914888,0,0.07393857473112952,348.93649915616106
0.010562485075917298,0,0.20453635942556428,348.574434371702
0.005281242537958649,0,0.2080374104820129,348.4487040584047
0,0.005537250919644061,0.20872796827585222,348.97451344680803
0.02226317692999437,0.05,0.1919311995746319,358.53584193523784
0.17152108768324248,0,0.10576923076923077,349.24707667882313
0.17152108768324248,0,0.09935897435897435,349.22697634873083
0.165825305219891,0,0.10256410256410256,349.3076034082368
0.1601295227565395,0,0.125,349.40699342916656
0.165825305219891,0,0.1217948717948718,349.34213358895
0.13094434685166798,0.05,0.14698791376097864,359.3495744264591
0.17721687014659399,0,0.10256410256410256,349.1620608526077
0.2,0.02223546159599428,0.06236543847508862,351.7257317195534
0.2,0.016751190564517328,0.06451397457852344,350.8058652428943
0.18952551403060236,0.05000000000000001,0.04555075345161217,358.19303972518225
0.005747338994159344,0.05,0.18901213066906533,358.2724929340024
0.01724201698247803,0.05,0.18242100739181139,358.54508738572616
0.14303260881313012,0.05,0.12817207894281488,359.29732144461764
0.13078624428031804,0,0.1399612623159245,349.6295898357464
0,0.02825432126309362,0.19946369995179383,352.7601815351289
0,0.022433037011012902,0.20128534085121375,351.6224876003839
0.13128312881569265,0.05,0.14075207529471165,359.3654680351051
0.12007628432421262,0.05,0.147193257967603,359.4034229185061
0.16572461747153555,0,0.08991612750220086,349.25786517335456
0.12567970656995264,0.05,0.14397266663115732,359.3883420593352
0.2,0.027723486684330126,0.04790961643922317,352.62382545368695
0.17737162679038193,0.05,0.08369221935863008,358.7539920673551
0,0.034075605515174336,0.19764205905237392,354.020095868334
0.12596121528622717,0,0.13696828626000984,349.6597506576606
0.09612270678530221,0.05,0.1669096244980774,359.34456213630233
0.09049905239092788,0.05,0.16292370965444272,359.36165302002144
0.07599448411526,0,0.16880759021731592,349.5432668951451
0.12601848853397732,0.05,0.1377368281648903,359.40171803273154
0.17167584432703042,0.05,0.08689734756375828,358.85930619379934
0.13162191077971735,0.05,0.13451623682844466,359.3753883692074
0.1601295227565395,0,0.11858974358974358,349.4040802921865
0.165825305219891,0,0.11538461538461539,349.33634075129567
0.16552324197482465,0,0.07744069019891031,349.18793383434337
0.11450719906590981,0,0.14993030409922797,349.6673993846194
0.19421857837742013,0,0.061007748904026306,348.65214151761444
0,0,0.21153846153846154,348.3164373619322
0.2,0,0.06410256410256412,348.5792589771481
0.01669798064576458,0.05,0.1951709392468303,358.41061004715567
0.11560272707027602,0,0.1433822894254882,349.68441543666546
0.06359472181540751,0,0.1828352967820581,349.37598307892966
0.0651366282000977,0.05,0.17311140996339414,359.18382387209755
0.11341167106154361,0,0.15647831877296775,349.6440940019912
0.2,0.038745453626191584,0.056008338526855765,355.14457751582546
0.12041506628823728,0.05,0.14095741950133597,359.42025453119663
0,0.022286639802351925,0.2073080713226304,351.5257913257103
0,0.016611752758932185,0.20310698175063363,350.60701406409913
0.165825305219891,0,0.09615384615384616,349.28459818633013
0,0.03938373701011623,0.19586393680414674,355.2801376867255
0.02714537897926296,0,0.19460805252535598,348.9164890093143
0.09693066300538014,0.05,0.17301468915466206,359.3028221479129
0.07562398009492263,0.05,0.16914514284135984,359.27302688793355
0.10132607240928407,0.05000000000000001,0.15001354493450447,359.43260114986435
0.165825305219891,0,0.10897435897435898,349.3248509298919
0.11481164404249727,0.05,0.14417801083778164,359.4309978646026
0.02293635130910579,0.05,0.17922979589440752,358.6647197170496
0.2,0,0.03846153846153847,348.31624232787766
0.17694490407978183,0,0.07090598428461245,348.99663971221224
0.01584372761387595,0,0.20103530836911565,348.69362830182405
0.16582530521989103,0.05,0.11538461538461539,359.0435803535338
0.015182627831222612,0,0.20734750652014938,348.61382656788254
0.08161125061682761,0,0.16683361361082427,349.5763850841411
0.2,0.02815117882805037,0.018525166252714165,352.3046941463381
0.1549380622052844,0.04999999999999999,0.09014076601660459,359.08963604488594
0.1546859012492362,0.04999999999999999,0.09635243429035356,359.12249261607946
0.14924227974193288,0.04999999999999999,0.09334589422173278,359.16489891489846
0.09387467923107008,0.05,0.15291922518782103,359.41732990338744
0.0992511032714228,0,0.15342406285163218,349.6729862794094
0.10293913609955094,0,0.1578395288481418,349.6532087219496
0.10494007740092112,0,0.1541954014536882,349.66775191298467
0.050613296574929204,0.05,0.17010137590757626,359.0845884172489
0.055314062826356085,0.05,0.17311541224566263,359.1067588864499
0.05019226370404134,0.05000000000000002,0.17613345086601748,359.03588020055827
0.04504352674711062,0.05,0.17302739989106453,359.0060334859139
0.08223950893445736,0.05,0.16075452978271706,359.3518529728185
0,0.028182205435824052,0.1871372515017048,352.8707889111254
0,0.022488265937624423,0.18290524259493515,351.8136102096214
0,0.0279827448546734,0.18086445285780534,352.8853630088772
0.16581537755843687,0,0.07113627890069787,349.13969213086347
0.16020768344277828,0,0.07447267006673382,349.2270681513878
0.2,0.027800841723460264,0.004487208959664831,351.9936531209058
0.2,0.03333333333333333,0,353.06253072512624
0.2,0.027777777777777776,0,351.9054481720992
0.16610751314204908,0,0.06483186760248544,349.08579587671494
0.17152620861091544,0,0.06786892594354894,349.04452015130244
0.17181834419452768,0,0.06156451464533651,348.98747519827384
0.1262001913265134,0.05,0.13124829795804824,359.4101575560364
0.1260632022436271,0.05,0.12464564042842936,359.413820385397
0.13148492169683107,0.05,0.12791357929882577,359.38248219861225
0.15441073148742268,0,0.09616678258287933,349.4072146376513
0.1601295227565395,0,0.09935897435897435,349.36092311432566
0.1601065139507742,0,0.09296165437775113,349.3353007657597
0.09989697749308549,0.05000000000000001,0.13994312503681677,359.46354224552994
0.0991824300349862,0.05000000000000001,0.13490791508797295,359.47303702756557
0.10439216803748988,0.05000000000000001,0.13799794700457585,359.46580583358116
0.2,0.016689730612349154,0.004487208959664831,350.0061396079575
0.2,0.02222222222222222,0,350.8586041664
0.2,0.016666666666666663,0,349.9219987080287
0.2,0.03160594849823901,0.006175055417571388,352.80673151931904
0.2,0.03535903982594984,0.004980320531011902,353.6078704080148
0.10510671549558917,0.05000000000000001,0.1430331569534197,359.4531997389729
0.10960190603999359,0.05000000000000001,0.14108797892117875,359.45179277926013
0.19523271442437912,0,0.02241475744500802,348.1865651264776
0.2,0,0.025641025641025647,348.1501200226148
0.1668298030505706,0.05,0.06534188589341472,358.7655374853939
0.1722591527101457,0.05,0.06832083539194295,358.71623656741764
0.1665596891009127,0.05,0.07167081044619092,358.8241136861311
0.07165671673387303,0.05,0.15954687648885663,359.3104570035697
0.0730285696259953,0.05,0.153139396991231,359.34866050137526
0.07763403928022633,0.05,0.15694696338697403,359.3534849483732
0.16120224554478782,0.05,0.06871318443565905,358.86756769266725
0.19580272510191543,0,0.017367312269614882,348.10265724349836
0.1910354395262946,0,0.020551300483853667,348.2282169348814
0.2,0.022245286167904707,0.004487208959664831,350.94477709076773
0.0790058921723486,0.05,0.1505394838893484,359.38751943660344
0.0849832147187019,0.05,0.14793957078746584,359.41829404728554
0.08361136182657963,0.05,0.15434705028509144,359.38842856863056
0.2,0.011157239002476088,0.008974417919329661,349.2543704520679
0.2,0.016712794558031645,0.008974417919329661,350.08729195741154
0.2,0.011134175056793599,0.004487208959664831,349.17486279278677
0.19454356051953797,0,0.04822615455784076,348.5212563622109
0.09516390572099073,0.05000000000000001,0.1442870102699811,359.4498855107871
0.09043083394889596,0.05,0.14863089550314537,359.4289534693183
0.08971628649079666,0.05,0.14359568555430152,359.4438170141047
0.12059676908077335,0.05,0.1344688892944939,359.43209067964017
0.1099653116250657,0.05,0.1281109185074946,359.47003976399446
0.11535675242010546,0.05,0.12471242021725543,359.4573069520339
0.11517504962756939,0.05,0.1312009504240975,359.45500033399526
0.12077847187330942,0.05,0.12798035908765182,359.43746375031196
0.16053644035637563,0.04999999999999999,0.08709593570026569,359.00827123617063
0.15509281884907233,0.04999999999999999,0.08408939563164491,359.05295048076897
0.16069119700016354,0.049999999999999996,0.08104456531530602,358.9685978033104
0.15533375344403866,0.04999999999999999,0.07808693930477414,359.00993796056196
0,0.028381666016974706,0.19341005014560428,352.85053503314174
0,0.03387614493402368,0.19136926040847443,354.04080674488534
0.2,0.03135229637418109,0.02233458594771119,353.0269889492828
0.2,0.0319042701557612,0.01733043136615468,353.06408571188786
0.011391564926703013,0.05,0.16666666666666669,358.56035887017805
0.01708734739005452,0.05,0.1634615384615385,358.68048983024045
0.017138903920862356,0.05,0.1697813614382961,358.6416185113552
0.14289561973024384,0.05,0.11515916500293957,359.29187408162693
0.14289561973024384,0.05,0.121569421413196,359.29836194437064
0.13705328163065117,0.05,0.118138842826392,359.34188847673454
0.1603816837125877,0.04999999999999999,0.09314730608522537,359.0422880774186
0.2,0.026073456888365945,0.010662264377236219,351.7650305619957
0.2,0.022268350113587198,0.008974417919329661,351.02796146466056
0.09524922066868244,0,0.1607123176405394,349.6380260387555
0.10093819479818075,0,0.16148365624259542,349.6360643265262
0.09725016197005262,0,0.15706819024608576,349.6568067612766
0,0.039184276428965575,0.18959113816024725,355.2958813465979
0.1601295227565395,0,0.10576923076923077,349.3810765439814
0.2,0,0.03205128205128206,348.2360792776011
0.19523271442437912,0,0.028825013855264436,348.27558650550435
0.1953848793226117,0.05,0.029270600631469648,357.8581492532932
0.1953848793226117,0.05,0.022860344221213236,357.75790232727167
0.2,0.05,0.025641025641025647,357.7081243565661
0.027327189041510117,0,0.18832267516030782,348.97747873601656
0,0.022687726518775077,0.18917804123883464,351.7938133302055
0,0.022560381764893986,0.19523169104502416,351.71079536465726
0.0398947897901799,0.05,0.16992134891611158,358.9691264173394
0.18876213889695806,0,0.05795185217981577,348.71280076994003
0.2,0,0.012820512820512824,347.9608054548268
0.005281242537958649,0,0.20162715407175652,348.52005030803116
0.16093213159512992,0.05,0.07504210898843525,358.92252422355205
0.15443374029318802,0,0.10256410256410256,349.42999072905786
0.15443374029318802,0,0.10897435897435898,349.4472923664626
0.07626218638810406,0.05,0.16335444288459966,359.3127403429859
0.010926105200411618,0,0.1855553482852116,348.76560198600123
0.010744295138164458,0,0.19184072565025972,348.7069640937326
0.016207347738370268,0,0.1884645536390194,348.8215763024166
0.06641304078646057,0.05,0.16153001004987377,359.2677044747343
0.0710185104406916,0.05,0.1653375764456168,359.2735938926102
0.19579993187426453,0.05,0.011127816268776835,357.546082231981
0.19159986374852905,0.05,0.015845376127297257,357.7125569182061
0.19159986374852905,0.05,0.009435119717040844,357.5953705341308
0.18683816462821,0,0.01868784352269931,348.26625149239686
0.19160545020383085,0,0.015503855308460525,348.14333267319006
0.18740817530574627,0,0.013640398347306168,348.18039085199365
0.1486919402183059,0,0.09297459080678432,349.44617548522274
0.1543877226816574,0,0.08976946260165611,349.37867266943505
0.10662716892767908,0,0.16225499484465147,349.62822207653477
0.10862811022904925,0,0.15861086745019787,349.64373014486046
0.10171489542097366,0,0.1675434528488632,349.602055514901
0.09602592129147533,0,0.16677211424680716,349.60548756599707
0.09680262191426824,0,0.17283191085307495,349.5676069350856
0.12592621316074082,0.05,0.11804298289881049,359.41084384565255
0.13134793261394478,0.05,0.1213109217692069,359.382936658912
0.01144312145751085,0.05,0.1729864896434243,358.5184555317137
0.017190460451670192,0.05,0.17610118441505374,358.5964843631837
0.12545465870373995,0,0.11724657012155754,349.6679243282179
0.1310759010987626,0,0.12071455137770677,349.64245489651967
0.13104362195104255,0,0.11419118472792485,349.63566409273113
0.13694173391064052,0,0.1177941231519499,349.60444987901127
0.005747338994159343,0.05,0.18260187425880892,358.33250425669684
0.2,0.04647015093706095,0.004980320531011902,356.3645793785378
0.2,0.04294030187412191,0.009960641062023804,355.5300413897821
0.2,0.04647015093706096,0.011390576941268315,356.48612874356155
0.1558448019886629,0.05,0.06575555842512715,358.9036364435667
0.1614723594944457,0.05,0.06238425988288283,358.8062834775745
0,0,0.1923076923076923,348.5223263057474
0,0.005537250919644061,0.19590745545533939,349.11430858279647
0,0,0.19871794871794873,348.45940027551035
0.005281242537958649,0,0.19521689766150008,348.5856929399564
0.19160545020383085,0,0.009093598898204113,348.0421229833526
0.19580272510191543,0,0.010957055859358468,348.0032728445338
0.061074068241852256,0.05,0.1643066736685476,359.213414005091
0.06171227453503369,0.05,0.1585159737117874,359.2505725089723
0.1487379578298365,0.05,0.11217948717948714,359.2336550205502
0.1487379578298365,0.05,0.11858974358974357,359.2430387783798
0.18491039335321405,0.05,0.04277007203179976,358.24059861890055
0.1795845638100807,0.05,0.03973131216302285,358.2897582506964
0.1855325156605246,0.05,0.0364447831169505,358.1455446618345
0.1487379578298365,0.05,0.10576923076923074,359.2180208795259
0.15443374029318802,0.05,0.10897435897435895,359.1681654239003
0.15443374029318802,0.05,0.10256410256410255,359.1494040555738
0.2,0,0.006410256410256412,347.85747669881823
0.19046542884875828,0,0.025598745659246806,348.3094584468288
0.1856981432731374,0,0.028782733873485594,348.4270445239718
0.19046542884875828,0,0.03200900206950322,348.395745745186
0.2,0.03738474631856635,0.009960641062023804,354.1663619350278
0.2,0.040914595381505395,0.004980320531011902,354.92570220090147
0.10972363823341547,0,0.1520628527764581,349.6699535660538
0.11081916623778168,0,0.1455148381027183,349.6898876566652
0.2,0.005555555555555555,0,348.3678264453187
0.2,0.01111111111111111,0,349.09236658303075
0.2,0.05,0,357.24161927243284
0.2,0.044444444444444446,0,355.72754437191423
0.2,0.006226881481596965,0.02950287071616699,348.9105810197519
0.09587845317909002,0.05000000000000002,0.14932222021882494,359.4337225035113
0.06536506983459829,0,0.16676561336471815,349.50005089682855
0.17795861631937868,0.05,0.06497086033769497,358.5996222200558
0.2,0.03941045281118286,0.014940961593035706,354.7380053061656
0.2,0.042940301874121914,0.016370897472280217,355.64373401612016
0.1198979746041574,0,0.12682532216497217,349.6945277142422
0.12551921699918006,0,0.13029330342112141,349.6699303528008
0.12548693785145998,0,0.12376993677133949,349.67193605067973
0.2,0.038306505248022635,0.02494927075614873,354.6365594684042
0.2,0.034553413920311804,0.026144005642708218,353.78574618717005
0.05573509569724395,0.05,0.1670833372872214,359.1522216964085
0.05637330199042538,0.05,0.16129263733046123,359.19252593730454
0.1890871210390759,0,0.045170257833630226,348.576509834304
0.18431983546345504,0,0.0419439896376126,348.61295024988794
0.18363068155861384,0,0.0485246175196761,348.6966154217552
0,0.005537250919644061,0.20231771186559583,349.04726282365294
0.14289561973024384,0.05,0.10874890859268316,359.27913583568875
0.2,0.05,0.03205128205128206,357.80498793984304
0.16012952275653952,0.049999999999999996,0.09935897435897434,359.0725225399433
0.16012952275653952,0.05,0.10576923076923075,359.09440008436866
0.2,0.04183635431096168,0.02637920663539324,355.5256671241729
0.2,0.0423883280925418,0.02137505205383673,355.58632413332106
0.1862681539506737,0,0.023735288698092452,348.3484693830563
0,0,0.20512820512820515,348.3907706275719
0.10125204457279297,0,0.14977993545717855,349.68656459315383
0,0.03367668435287303,0.18509646176457495,354.05583784120495
0.13705328163065117,0.05,0.11172858641613559,359.3320461258823
0.10061152495118478,0.05000000000000001,0.14497833498566062,359.45006361962965
0.15557468803900504,0.05,0.07208448297790337,358.96130098880707
0.1907697586452234,0.05,0.026489919211657238,357.90448530955354
0,0.011074501839288122,0.1995072186029865,349.80920450224704
0.19118481119687625,0.05,0.02116764766947725,357.81110931633907
0.08842706000087602,0.05,0.15222790047214146,359.41080468430545
0.06043586194867082,0.05,0.17009737362530777,359.1709704782418
0.06577483449327913,0.05,0.16732071000663395,359.2284066848999
0.07098183633616592,0,0.1647916367582265,349.5432635501316
0.07158595505863946,0,0.1588017066926454,349.5774071988565
0.06596918855707183,0,0.16077568329913705,349.5364700755794
0.09187090528305014,0.05,0.1565162301568171,359.3981526731282
0.1953848793226117,0.05,0.03568085704172606,357.9510475627817
0.19579993187426453,0.05,0.017538072679033248,357.6607366669384
0,0.016993787020575447,0.184946032332065,350.8499307595253
0.1487149490240712,0,0.09937191078800754,349.47187119627955
0,0.05,0.1794871794871795,358.24182649305465
0.005747338994159343,0.05,0.17619161784855253,358.38589774465635
0.19454356051953794,0,0.04181589814758435,348.4497188030114
0.19523271442437912,0,0.03523527026552084,348.3588116798212
0.18977627494391708,0,0.03858962995156672,348.48922368677523
0.1428398458702385,0,0.11498680516571855,349.559021673656
0.1428398458702385,0,0.12139706157597493,349.5651438951895
0.1487379578298365,0,0.11858974358974358,349.5148820365327
0.19014763633791287,0.05,0.03922546453676291,358.1003181440679
0.10978360883252963,0.05,0.13459944871433666,359.4641478105132
0.11499334683503332,0.05,0.13768948063093955,359.4462306381849
0.021858173421063772,0,0.18525092571713955,348.93074266503487
0.021676363358816612,0,0.19153630308218766,348.8724102486472
0.05103432944581708,0.05,0.16406930094913508,359.1275775265976
0.2,0.03363165499085552,0.01115537594858329,353.3343845535124
0.2,0.03565736148347203,0.01613569647959519,353.8751894318303
0.16012952275653952,0.05,0.11217948717948717,359.1100185819029
0.011494677988318686,0.05,0.17930631262018193,358.47028936396305
0,0.016739097512813272,0.19705333194444408,350.6932760946329
0.10457387083002595,0.05,0.13150941679773376,359.47528312250506
0,0.04449240792390746,0.18781301591202001,356.6581491469235
0.022884794778297954,0.05,0.1729099729176499,358.7131146714701
0.1604998190263905,0,0.06816825876852138,349.1763962781687
0.16079195461000273,0,0.061863847470308944,349.120069854281
0.15518426049434414,0,0.06520023863634489,349.20674816774925
0.022833238247490117,0.05,0.16659014994089227,358.7552467966045
0.2,0.05,0.012820512820512825,357.49178967091643
0.2,0.04647015093706096,0.017800833351524728,356.5990362996503
0.2,0.05,0.019230769230769235,357.60391215675594
0,0.016866442266694356,0.19099968213825452,350.7742483264417
0.2,0.028195451579761263,0.026431632015537557,352.4354704266511
0.14997630988791377,0.049999999999999996,0.07512931329424226,359.04389286217673
0.14973537529294745,0.04999999999999999,0.08113176962111304,359.0894687743803
0.1599051384540633,0,0.08048621707446058,349.2704107314138
0.15458957992201694,0,0.07751819694228407,349.3054945174331
0.15428703493330193,0,0.08353174395001083,349.3460040857513
0.19454356051953794,0,0.05463641096809717,348.58698011438446
0.1548921249107319,0,0.07150464993455732,349.2598502107077
0.2,0.03885847902960275,0.019945116174592218,354.68890595045934
0.2,0.03510538770189192,0.021139851061151703,353.8320913726747
0.17252926665980356,0.05,0.06199191083916673,358.6540642723712
0.10603560540528731,0,0.14764738677994843,349.69060404216117
0.1601295227565395,0,0.11217948717948718,349.3954722733856
0.13719027071353745,0.05,0.12474150035601089,359.34446068126067
0.16000582620241874,0,0.08672393572610584,349.30559996743006
0.010562485075917298,0,0.19812610301530786,348.6427936053152
0.01602553767612311,0,0.1947499310040675,348.7603686001947
0.18908712103907588,0,0.05158051424388663,348.64514225190334
0.2,0.05,0.006410256410256413,357.37102537614203
0.1369740130583606,0,0.12431748980173182,349.6078702461427
0.1907697586452234,0.05,0.03290017562191365,358.0007669617865
0.16709991700022847,0.05,0.059012961340638506,358.7006336004488
0.17282936834878682,0.05,0.055707094542642006,358.58552413584783
0.18656969051948794,0.05,0.02479722265992125,357.9540747775057
0.18698474307114077,0.05,0.01947495111774126,357.8593120464916
0.1829807172743782,0,0.06126729339153437,348.8312730173445
0.18330569941649602,0,0.05489595545560523,348.7667710545985
0.19579993187426453,0.05,0.004717559858520422,357.4227859880887
0,0.01120184659316921,0.19345356879679698,349.8890960183524
0.18739979562279357,0.05,0.014152679575561267,357.7593729105589
0.11471873049618184,0,0.13003232374771137,349.7089367675175
0.1203399728912045,0,0.1335003050038606,349.6880180867316
0.1428398458702385,0,0.10857654875546213,349.54711518660935
0.1487379578298365,0,0.11217948717948717,349.5062336662862
0.2,0,0,347.74837829489275
0.2,0.005578619501238044,0.004487208959664831,348.44867796490195
0.2,0.02987856366314469,0.012350110835142775,352.5541193263896
0.17756202180551184,0,0.05823023505047087,348.8807992433718
0.17723703966339405,0,0.06460157298640001,348.94210061097215
0.2,0.005578619501238044,0.010897465369921241,348.5550729241737
0.2,0.04591817715548084,0.02921524434333765,356.6331024539387
0.04546455961799849,0.05,0.1669953249326233,359.0522081234502
0.13110818024648263,0,0.1272379180274887,349.64322827996745
0.17214332633664547,0,0.05519317670940737,348.9237207557217
0.17788700394762966,0,0.05185889711454173,348.81384420567406
0.1494944406979811,0.049999999999999996,0.08713422594798381,359.129420235036
0.15443374029318802,0.05,0.11538461538461536,359.1806654551308
0.1486689314125406,0,0.08657727082556109,349.4147138973562
0.2,0.04591817715548084,0.02280498793308124,356.5333158897583
0,0.05,0.1858974358974359,358.1851226235685
0.08705520710875375,0.05,0.15863537996976707,359.3776221184246
0.154433740293188,0,0.11538461538461539,349.45881269374286
0,0.03898481584781492,0.18331833951634774,355.3059452262387
0,0.04449240792390746,0.18140275950176363,356.71616291930553
0.07659860283773354,0,0.16281766015173485,349.58029120626816
0.14957656637868555,0,0.06853662980238083,349.28628001230294
0.0907032306513975,0,0.16275274963063435,349.62176960997516
0.15021724448288015,0.05,0.06912685696737149,358.99269249842536
0.09147993127419039,0,0.16881254623690212,349.5880996828465
0.08615724063411256,0,0.1647931816207293,349.6012226251037
0.1802066861173912,0.05,0.03340602324817359,358.1920906440562
0.17825871800836193,0.05,0.05868604404117024,358.5337865243214
0.1850089893682962,0,0.03536336175554909,348.5230932839602
0,0.011329191347050297,0.18739991899060743,349.9636977357327
0.06657330727954537,0,0.15478575323355595,349.5677330619064
0.005463052600205809,0,0.18893152029645194,348.64729361842046
0.11516072878322894,0,0.1367073065865998,349.6998164706065
0.1487379578298365,0,0.10576923076923078,349.4918010305268
0.16639964872566132,0,0.058527456304273015,349.02624507189824
0.067051247079642,0.05,0.1557393100931136,359.3017172416008
0.14897147640125558,0,0.08056372381783433,349.3770373407455
0.1736366119596368,0.05,0.04301784120909521,358.4245197845932
0.1683107824165035,0.05,0.0399790813403183,358.4605935600708
0.17425873426694735,0.05,0.03669255229424595,358.33106812954605
0.13694173391064052,0,0.11138386674169348,349.5950695406775
0,0.04449240792390746,0.1749925030915072,356.76755885695275
0.1789624415027702,0.05,0.046056601077872114,358.38059625616944
0.2,0.03888888888888889,0,354.3345148561454
0,0.05,0.17307692307692307,358.2919125278059
0.11986569545643734,0,0.12030195551519024,349.69329507310704
0.12064148279042314,0.05,0.12137770155803296,359.4376955796283
0,0.0056645956735251485,0.18985380564914986,349.1878295844734
0.09444935826289143,0.05,0.13925180032113724,359.4620646741981
0.19580272510191543,0,0.0045467994491020566,347.89811879765233
0,0.03347722377172238,0.1788236631206755,354.065189157293
0.1489901187858847,0.049999999999999996,0.09955756249548176,359.1944324630618
0.028579129104925716,0.05,0.16971876142024606,358.8211943226127
0.11427673220913476,0,0.12335734090882296,349.7117763273986
0.13121094353105853,0.05000000000000001,0.11470826423958803,359.3767517501066
0.14927402138997056,0,0.07455017681010759,349.33422604572775
0,0.03898481584781492,0.17690808310609135,355.35865106678176
0.1861546379678351,0.05,0.030119494202101242,358.04366110360155
0.17855881969734516,0.05,0.052401227744645514,358.4615872606314
0.016389157800617428,0,0.1821791762739713,348.8772514084898
0.005695782463351506,0.05,0.16987179487179488,358.4308331027
0.09153987358041504,0,0.1563138559233339,349.6544757801186
0.08699388356313009,0,0.15835428791342884,349.6364690481278
0.1432699790921824,0.05,0.1024601473801737,359.2573495812557
0.14352214004823058,0.05,0.09624847910642473,359.23087428561786
0.06215673707205201,0.05,0.14544758415555076,359.3077747080987
0.06741980537521149,0.05,0.14928376444299887,359.3312323980302
0.061788178776482516,0.05,0.15190312980566545,359.28168025140485
0.06092336550118714,0,0.1576012348837183,349.51888378817785
0.10385814090464623,0,0.12488926266103384,349.7287062415875
0.10917127398153792,0,0.12712917958598557,349.72225072091777
0.10896359913224307,0,0.12111742398387124,349.72187900230574
0.1040658157539411,0,0.13090101826314818,349.7260851754558
0.10961327226858501,0,0.13380416242487397,349.71629932479743
0.05111023368726591,0.05,0.15745645704301314,359.16446423046216
0.08244789354584514,0,0.16039471990352377,349.61417176004585
0.03417469478010904,0.05,0.15384615384615385,358.9874203862071
0.03422480317419313,0.05,0.16017989353063583,358.9572713470872
0.028478912316757532,0.05,0.15705128205128205,358.8937422824322
0.18926207606266154,0.025978509711246704,0,351.74610010708795
0.1954231524771158,0.02767413980269262,0,351.9698031582551
0.19383892358554572,0.031637703241887416,0,352.81254960675443
0.022032778965321527,0,0.1789456746324644,348.9834945690115
0.02226550882846722,0,0.17270646202832016,349.0310714588251
0.016621887663763123,0,0.175939963669827,348.9278388844218
0.19542315247711584,0.016563028691581515,0,349.98718805234853
0.19542315247711584,0.022118584247137064,0,350.92337633163794
0.0990128866228642,0.05000000000000001,0.12889668417393005,359.4793416880323
0.10440432741790395,0.05000000000000001,0.12549818588369088,359.4786571808151
0.15907773314948248,0.05,0.034144554763873465,358.49665361880216
0.15732480753487707,0.05,0.03992240564561294,358.59692519425676
0.15270828290136657,0.05,0.037005142357390525,358.6072362722123
0.0284789123167575,0,0.15705128205128205,349.2012200426628
0.022783129853406005,0,0.16025641025641024,349.11047944008357
0.02819402115496441,0,0.16326212121904768,349.16692541251115
0.13824930564041127,0,0.08645916190675042,349.494847503463
0.14374772248983028,0,0.08351571948827452,349.4380576359237
0.13882651356711997,0,0.08045416815098794,349.4557106040304
0.15947910060655618,0.05,0.026848785883557786,358.3824955362806
0.16449699269714035,0.05,0.02247028029146453,358.2508410775765
0.16409562524006668,0.05,0.029766049171780207,358.3708971420064
0.03979457300201172,0.05,0.1572538695471476,359.0425140216914
0.045414451223914395,0.05,0.16066158524814134,359.0892330684882
0.03984468139609581,0.05,0.16358760923162957,359.0089270296125
0.17254889167995913,0,0.048810300755156626,348.8531584287322
0.17295445702327272,0,0.04242742480090589,348.7767988200856
0.16721077941228857,0,0.04576170439577153,348.88598777281504
0.11005527055563212,0,0.1404791452637624,349.70406719164714
0.10527170972313775,0,0.14261169394099252,349.7056634108632
0.08469576078229651,0.05,0.14122380366759246,359.43752803201755
0.08942883255439127,0.05,0.13687991843442818,359.45886004924137
0.08412085290948573,0.05,0.12779226942784577,359.45525885168985
0.08897183520586388,0.05,0.12415292040051193,359.46860723797073
0.08914137861798588,0.05,0.13016415131455483,359.46699070111407
0.1432165321746522,0,0.10231535320648344,349.527031254861
0.1373184202150542,0,0.1051226711927148,349.5778506100806
0.07339712792156479,0.05,0.14668385134111628,359.37517590995304
0.06778836367078098,0.05,0.14282821879288415,359.3543420122572
0.07376568621713428,0.05,0.1402283056910016,359.39528577632854
0.08440830684589112,0.05,0.13450803654771915,359.44984963348577
0.0790869965315127,0.05,0.13736817111936034,359.42598744285647
0.07879954259510732,0.05,0.13065240399948702,359.4340274051192
0.17506146918109472,0.05,0.022101014533614592,358.0981567393506
0.16951488478772453,0.05,0.018091774699371267,358.11071578413333
0.17547652173274755,0.05,0.0167787429914346,358.0017105587252
0.016854617526908817,0,0.16970075106568275,348.97293543830796
0.011391564926703006,0,0.16666666666666666,348.9076058930925
0.011158835063557313,0,0.17290587927081094,348.8650184721364
0.16750353880565347,0.05,0.0526683346738651,358.62729061795335
0.16113408855753755,0.05,0.05552892226738215,358.74035325986233
0.16153771036296255,0.05,0.04918429560060876,358.66381737425627
0.17300992319181635,0.05,0.012061183132914178,357.95345637957917
0.19084630495423163,0.022014946272051916,0,350.98427745454774
0.05652511047332304,0.05,0.14806694951821733,359.25379489203397
0.14987897354597202,0.05,0.06227151935187081,358.9333141998572
0.14954070260906388,0.05,0.05541618173637014,358.8662912103371
0.15550653105175477,0.05,0.05890022080962649,358.8409821854265
0.0727305029443944,0,0.14586090468463542,349.63296360097115
0.06688121223628278,0,0.14828384493284646,349.59389539360615
0.07242259798765699,0,0.15236281298534493,349.6093499296805
0.10907760639697134,0.05,0.11513856553847177,359.46506696175345
0.1146385906041331,0.05,0.11775129816227549,359.455481553226
0.10979576821294369,0.05,0.1220996875934517,359.47048322014786
0.027501794585767868,0,0.1820174240756327,349.0328854333784
0.027676400130025623,0,0.1757121729909576,349.08266088059804
0.1679071606110785,0.05,0.04632370800709171,358.5472772711607
0.17323299015421184,0.05,0.04936246787586861,358.5083571423691
0.09896035752634427,0,0.13467285694031078,349.7232796910129
0.09972425320849383,0,0.1397085497792667,349.7147421615287
0.10450781404098819,0,0.1375760011020366,349.71702194309626
0.16680521406897494,0,0.052144580350022264,348.95901506318506
0.07303840790113181,0,0.13935899638392596,349.6505928268102
0.07857979365250602,0,0.1434379644364244,349.66507435710616
0.13217368086428358,0,0.09540759808098881,349.575914894783
0.1258625040779789,0,0.09812802254910126,349.6194309924299
0.13179699455986987,0,0.10166879362996747,349.60139376396955
0.09416190432648604,0.05,0.1325360332012639,359.4729167597391
0.19333333333333336,0.05,0,357.3752400063055
0.13871344682467746,0.05,0.08671976342490384,359.2211214413152
0.13365259264507615,0.05,0.08340271601713192,359.2368880137141
0.13937273233877845,0.049999999999999996,0.08050013113243999,359.1765624390034
0.07937445046791809,0.05,0.1440839382392337,359.4110350973297
0.04878332972824532,0,0.17532937977008767,349.3179704775437
0.049203405836358,0,0.1692807889770653,349.36193656583913
0.04376891895311101,0,0.1723629466988679,349.2901543256567
0.11358567773995794,0,0.11016502795982511,349.6980630501605
0.11393120497454634,0,0.11676118443432403,349.70800450698243
0.11952016822184894,0,0.11370579904069132,349.6870347811861
0.19084630495423166,0.01645939071649636,0,350.0485063543403
0.13969223762258057,0,0.06947140441946487,349.3721710326583
0.14435281246726026,0,0.071488625472821,349.35280357838656
0.14491599153400586,0,0.06651940874902469,349.3091532180886
0.027909129993171317,0,0.1694729603868133,349.12722718429313
0.1314203082554562,0,0.10792998917894617,349.62131016328567
0.09382281750224203,0.05,0.12051357137317809,359.4753205318664
0.09867379979862018,0.05,0.11687422234584427,359.47539873337684
0.09884334321074217,0.05,0.12288545325988715,359.48012892330274
0.10423478400578196,0.05,0.119486954969648,359.4765138139288
0.17829256929094328,0,0.04547602116029099,348.7399495604081
0.09354081488178521,0,0.15266972852888028,349.67229912315
0.1323340216168742,0.05,0.09584198060205962,359.3128822537837
0.13780200035452828,0.05,0.09915106399111664,359.2889700393416
0.1319596622549356,0.05,0.10213074181456908,359.3402575272606
0.12510913146915154,0,0.11065041364705862,349.6591755647924
0.03875450817797671,0,0.16939651362764813,349.2566523476273
0.03360491245652281,0,0.16626783218168512,349.21682478619454
0.03332002129472972,0,0.17247867134945072,349.1747503432493
0.188016671123505,0.04636078620794362,0,356.4648619847856
0.1866666666666667,0.05,0,357.4979418117941
0.18913326520759788,0.05,0.004717559858520422,357.5496958731425
0.13742764099258975,0.05,0.10543982520362612,359.3135508032966
0.13158530289299708,0.05,0.10841950302707855,359.3615473593682
0.12520805134476848,0.05000000000000002,0.11108186084383057,359.4033906283354
0.09399236091436403,0.05,0.126524802287221,359.47687735840094
0.1446745211133461,0.05,0.07781472221334113,359.1136013972133
0.1444335865183798,0.05,0.08381717854021191,359.1564418423374
0.032970810206214216,0,0.185089173518801,349.07552111218166
0.13767209771370256,0,0.0924641556625129,349.528834922054
0.13275088879099228,0,0.08940260432522633,349.54498367792235
0.12558241070670706,0.05,0.1047930996313211,359.38512933407
0.12595677006864558,0.05,0.09850433841881161,359.3607825984352
0.14405026747854527,0,0.07750217248054776,349.39799797635874
0.15557188192027166,0.05,0.04570025652735241,358.69095444761774
0.16194133216838758,0.05,0.042839668933835354,358.580611124353
0.11324015050536954,0,0.10356887148532617,349.681951956933
0.10827254466306627,0,0.10792511103487339,349.70334119209303
0.1437743010042788,0.049999999999999996,0.09003681083267576,359.19845385828086
0.18143815867777058,0.05,0.015465711283497934,357.88459626753377
0.1849331970818624,0.05,0.009435119717040846,357.7155695703657
0.10365046605535139,0,0.1188775070589195,349.7262246431699
0.16096764491312257,0,0.04880366973684823,348.9901652678079
0.05636579720662413,0,0.14774909723169816,349.52353483606726
0.050715855428265906,0,0.15056457888186048,349.4671452521786
0.05581961046472653,0,0.1540829068827894,349.49623049890215
0,0.011329191347050297,0.180989662580351,350.01783694952854
0.06146955224308475,0,0.15126742523262704,349.54884992771065
0.06177745719982215,0,0.14476551693191755,349.572052427122
0.10861807189765467,0,0.1145212675093723,349.71569491540225
0.034174694780109,0,0.15384615384615385,349.28476287788595
0.03388980361831591,0,0.16005699301391946,349.25349563107346
0.17897156013683937,0.05,0.010748151424977512,357.8385675078641
0.1401489883000347,0.05,0.06974671716649425,359.0878847358394
0.134847199525467,0.05,0.07243212608559313,359.14939665863886
0.1353825208917569,0.05,0.06768116844651817,359.1053710008985
0.13961366693374477,0.05,0.07449767480556921,359.130833009411
0.14491545570831246,0.05,0.07181226588647036,359.0651365005413
0.09875268267704942,0,0.12866110133819644,349.7288935418882
0.09854500782775456,0,0.12264934573608212,349.7294047282144
0.1431935233688869,0,0.09591803322526021,349.50394919395785
0.14317051456312158,0,0.089520713244037,349.475101256245
0.08412117940388023,0,0.14751693248892286,349.6717113115391
0.08783052649214762,0,0.15191539420612837,349.6657042043798
0.0898314677935178,0,0.14827126681167474,349.6825701679214
0.13503166277790088,0,0.06745418336610873,349.3870590965414
0.14025541668932617,0,0.06450218769566855,349.3275470334859
0.13559484184464649,0,0.06248496664231243,349.3414614584948
0.14034603872941642,0.05,0.058140421911918636,358.97662479737926
0.14068430966632456,0.05,0.0649957595274193,359.04129617092275
0.13591784225804676,0.05,0.06293021080744321,359.0577050518131
0.18626945743134746,0.01635575274141121,0,350.10595361400414
0.05126204217016356,0.05,0.14423076923076922,359.2180611634881
0.05118613792871474,0.05,0.15084361313689118,359.194625442759
0.04556625970681205,0.05,0.1474358974358974,359.14943024424855
0.050169668686368296,0,0.1568983885329517,349.43680345281814
0.022498238691612913,0,0.1664672494241759,349.0731574265928
0.05424922889224269,0,0.17245523739248408,349.3847887382935
0.13769510651946787,0,0.09886147564373612,349.5550692096131
0.04549035546536323,0.05,0.1540487413420194,359.12269440215226
0.038334432069864026,0,0.1754451044206705,349.2118074296446
0.14545077707460236,0.05,0.0670613082473954,359.0196253197935
0.04962348194447069,0,0.16323219818404297,349.40076238889463
0.054669305000355384,0,0.16640664659946172,349.42599904549957
0.05527342372282891,0,0.16041671653388062,349.4632268971739
0.07743524576675107,0,0.15637876644443435,349.6151559096325
0.038159826525606275,0,0.18175035550534563,349.1624840991439
0.03314541575047197,0,0.17878392243412586,349.12795135278657
0.059715128056240074,0,0.1695810950148805,349.44523675775275
0.1380541613105765,0.05,0.09293939571736769,359.2596078645301
0.13299330713097518,0.05,0.08962234830959578,359.2779214232972
0.15516826011484663,0.05,0.05204488319412581,358.77068323633443
0.0603192467787136,0,0.16359116494929937,349.4846383691772
0.03427491156827722,0.05,0.16651363321511783,358.9209086877733
0.16056207956980895,0,0.05518654569109897,349.06008089182467
0.10048814889064339,0,0.1447442426182226,349.70250379557575
0.13332809671770096,0,0.08339761056946385,349.50890298022
0.1254858177735652,0,0.10438921809807994,349.64208451354637
0.005695782463351503,0,0.16987179487179488,348.79553051952774
0.00546305260020581,0,0.17611100747593916,348.7499613094558
0.01092610520041162,0,0.17914509187495523,348.81694012913437
0.00546305260020581,0,0.18252126388619555,348.7015096419126
0.16911351733065086,0.05,0.025387543579686946,358.2366698304715
0.14477423520078608,0.05,0.05335063301639405,358.88793095672986
0.14511250613769422,0.05,0.06020597063189472,358.95760048373774
0.039870477243460545,0.05,0.15064102564102563,359.0725499851548
0.19542315247711584,0.011007473136025958,0,349.1583238576149
0.13912905855583496,0,0.07444062114326118,349.41326784151096
0.06718911719302019,0,0.14178193663213698,349.61407327985444
0.06208536215655957,0,0.13826360863120807,349.5892704810819
0.17650496159590817,0.05,0.006030591566457089,357.7864593478343
0.18246659854093122,0.05,0.004717559858520423,357.66568682981216
0.09477786050100581,0,0.14398990829547073,349.7021367839127
0.09554175618315537,0,0.14902560113442664,349.687521261793
0.15095535728676115,0.05,0.04278299323913,358.70255106208543
0.01708734739005451,0,0.16346153846153846,349.0125410701484
0.0674970221497576,0,0.1352800283314275,349.6282667206511
0.108359444580999,0.05,0.10817744348349183,359.45211196728496
0.10351662218980959,0.05,0.11252583291466804,359.4675066959478
0.09401396481885625,0,0.13895421545651482,349.7130514695634
0.0625252953676215,0.05,0.13899203850543604,359.32746362259013
0.18270000891367663,0.04272157241588724,0,355.59824732575845
0.18135000445683833,0.04636078620794362,0,356.57772074828716
0,0.0056645956735251485,0.18344354923889347,349.2434461432968
0.06815692196635047,0.05,0.13637267314276946,359.3710460842819
0,0,0.1858974358974359,348.57942020959854
0.08328453647486268,0,0.15395582619622333,349.64594716917844
0.15472451041395657,0,0.05184563507792492,349.0861836406082
0.1551300757572702,0,0.045462759123674173,349.0135824012878
0.07827188869576861,0,0.14993987273713388,349.6440093462247
0,0.0056645956735251485,0.17703329282863706,349.2932983461714
0,0,0.1794871794871795,348.63074975750067
0.18000000000000002,0.05,0,357.6097246888985
0.09833733297845972,0,0.1166375901339678,349.72481324999154
0.043348842844998334,0,0.17841153749189026,349.2431786898976
0.05667370216336154,0,0.14124718893098864,349.54377750319014
0.19468333779017166,0.04080523065238806,0,354.9044750192737
0.1343118781591771,0.05,0.07718308372466809,359.1897820250343
0.1806080535744649,0.05,0.026110254367857914,358.07580517917336
0.18102310612611774,0.05,0.020787982825677925,357.9827889258128
0.11955132729167421,0,0.10084844701721371,349.6547766798132
0.11917464098726054,0,0.1071096425661924,349.67460485285966
0.14920243167215574,0.05,0.04856084412086947,358.79162352986526
0.18936667558034329,0.04272157241588724,0,355.4843126758598
0.0390393993397698,0,0.16318567445988252,349.2958431321015
0.0441889950612237,0,0.16631435590584553,349.3319896961757
0.04447388622301679,0,0.16010351673807993,349.36829682217876
0.056449206231874216,0.05,0.1546797934243393,359.22652316045316
0.18320559916588902,0.03547038676888577,0,353.83848040297335
0.18936667558034329,0.03716601686033168,0,354.1251690291258
0.18405001337051494,0.03908235862383086,0,354.6713044213124
0.19084630495423163,0.010903835160940806,0,349.22041008987094
0.1954231524771158,0.005451917580470403,0,348.43455165016724
0.18767784717109146,0.0299420731504415,0,352.5640798261305
0.18852226137571737,0.03355404500538659,0,353.32057625813496
0.17466010172402105,0.05,0.02939678341393027,358.2192764949612
0.1199233209744508,0.05,0.11441657950305302,359.43305627156576
0.1488869412581042,0,0.048504724464750876,349.10455331824875
0.028529020710841624,0.05,0.16338502173576405,358.86057511261953
0.022783129853406026,0.05,0.16025641025641027,358.7914320971099
0.18468522853977737,0.020319316180606,0,350.78685247058525
0.18310099964820728,0.024282879619800794,0,351.52390839366876
0.17967087710062565,0,0.032314765396163986,348.5618108031183
0.19468333779017163,0.03524967509683251,0,353.58891113039715
0.154461208515972,0.05,0.03122729147565105,358.50567916024545
0.1687121498735772,0.05,0.032683312460002625,358.3532957557839
0.1823611849612631,0.031858414913940675,0,353.0537527236208
0.163694257782993,0.05,0.037061818052095886,358.48162508541054
0.05689366876889253,0.05,0.14161140386810261,359.27646864899225
0.08906757211136823,0,0.14323557397271883,349.6958620097388
0.19468333779017163,0.04636078620794362,0,356.3410842928999
0.11920515915847846,0.05,0.10745545744807308,359.42087822742917
0.11392042878816075,0.05,0.11079017610729555,359.44611741834404
0.119579518520417,0.05,0.10116669623556361,359.3995600296367
0.1613732102564362,0,0.04242079378259748,348.91445236213417
0.1815167707566372,0.028246443058995586,0,352.3171213832547
0.17898172319578448,0,0.03889539327822749,348.65397607879345
0.17364361092811392,0,0.035846796918842384,348.68851702872365
0.1676163447556022,0,0.03937882844152078,348.8071632007878
0.13446848371115527,0,0.07242340008990505,349.42912954426856
0.051262042170163516,0,0.14423076923076925,349.4917877869761
0.07347823228072889,0.05,0.13351253857112821,359.4059564826498
0,0,0.17307692307692307,348.676314949454
0.03932429050156289,0,0.15697483529211687,349.3296303185093
0.11320226697218842,0.05,0.10382905405231563,359.4292145473882
0.103304938820763,0,0.1122813505844206,349.7176282897793
0.13390530464440967,0,0.07739261681370137,349.4676728016761
0.0871090055595147,0.05,0.10551610175845594,359.43529592762485
0.09254197214397761,0.05,0.10863034857873367,359.45467440687366
0.08780786662969432,0.05,0.11064572870528878,359.4502840629465
0.17248369934019003,0.021251191909749237,0,351.12673444501394
0.1785844639399837,0.02078525404517762,0,350.959705515386
0.1770002350484136,0.024748817484372413,0,351.7025601883089
0.09709396469769513,0,0.10623111229656229,349.70443331958626
0.09192412552834842,0,0.1028988794961726,349.68976581142186
0.09254580966873072,0,0.10810211841487535,349.7049232777121
0.17312968336878015,0.0278473372316806,0,352.3595359238664
0.16666666666666669,0.05,0,357.80352416424404
0.16000000000000003,0.05000000000000001,0,357.8862419068319
0.16330170523924564,0.045847334100306725,0,356.697263029305
0.022783129853406026,0.05,0.15384615384615385,358.8226807084823
0.01708734739005452,0.05,0.15705128205128205,358.71485436505674
0.12799347382875512,0.05,0.08576684605928721,359.28585252889906
0.12733418831465412,0.05,0.09198647835175104,359.3238972242291
0.06166759400277475,0,0.11901386945818171,349.5962210536533
0.06187647807966715,0,0.12543361083956667,349.6001869987164
0.06707925399597278,0,0.12244054556865754,349.63272539238744
0.1814916169682861,0,0.015024783469166216,348.2896810630972
0.18092160629074983,0,0.020072228644559355,348.3741181948049
0.09797493872844056,0.05,0.11174459539901141,359.46677974561516
0.091843111073798,0.05,0.10350072163190083,359.43874435759716
0.15689042682974438,0,0.03957281296004482,348.9277055580914
0.1801686928315538,0.016821690605982827,0,350.27300790896544
0.07834618654242881,0,0.13657259070417158,349.6787711938902
0.0728048007910546,0,0.13249362265167314,349.66012332232503
0.04502007296491441,0,0.15376970708698867,349.40198199884435
0.0883898509177791,0.05,0.11739932455290036,359.46295823500657
0,0.016747320644974972,0.1728701582539115,350.9037605999535
0,0.011082724971449824,0.16891378850219751,350.06850336662893
0,0.016624087457174735,0.1668322212148347,350.92275853819814
0.1458135835234432,0.05,0.042978374464300986,358.7540150107204
0.14756650913804864,0.05,0.03720052358256151,358.66061310076935
0.09771564883807743,0,0.11143435121526504,349.71657352114784
0.1026832546803807,0,0.10707811166571785,349.7067401140111
0.17663503857257895,0.04584733410030672,0,356.5136568410606
0.17432432944070178,0,0.028651705342630895,348.58579837181196
0.1803515956132135,0,0.025119673819952497,348.4549125767687
0.17500504795328964,0,0.021456613766419406,348.4756458819913
0.18246939176858207,0,0.004546799449102056,348.1060914072737
0.1765528334311219,0,0.005931184570962103,348.21172757290685
0.179022225199704,0,0.010477984020064158,348.2527341108808
0.18913605843524878,0,0.0045467994491020566,348.0059827603199
0.19333333333333333,0,0,347.8609582810682
0.04556625970681204,0.05,0.13461538461538458,359.18068012247824
0.05126204217016356,0.05000000000000001,0.13782051282051283,359.2336984483709
0.04556625970681205,0.05,0.14102564102564102,359.1681871711244
0.034174694780109025,0.05,0.1474358974358974,359.0123563861266
0.03417469478010902,0.05,0.141025641025641,359.0310608903825
0.03987047724346053,0.05,0.14423076923076922,359.0943964485526
0.10281776111962995,0.05,0.1073962059678352,359.456125659853
0.005695782463351503,0,0.15064102564102563,348.8897037256993
0,0,0.15384615384615385,348.77881390596616
0.005695782463351504,0,0.15705128205128205,348.86400284731826
0.17849063328162967,0.03495693466124887,0,353.79599493121157
0.17933504748625556,0.03856890651619396,0,354.62338073279824
0.1259616082363708,0.05,0.06471411026342803,359.1350931912563
0.1304044038809189,0.05,0.06857311817451058,359.145383705733
0.1254262868700809,0.05,0.06946506790250298,359.18036765206995
0.08295688433331617,0.05,0.11428507773262261,359.4433227976396
0.0823749000452314,0.05,0.10753148188501106,359.4268170169706
0.09316749380911299,0,0.1133053573335781,349.7161802712844
0.005695782463351504,0,0.16346153846153846,348.8326457579618
0,0,0.16666666666666666,348.7162394173689
0,0.01687055383277521,0.17890809529298823,350.87948467372934
0,0.01120595815925006,0.17495172554127425,350.04580915206856
0.07259591671416218,0,0.12607388127028812,349.6629192339933
0.06728813807286518,0,0.1288602869500425,349.6333979563989
0,0.022365032749824185,0.1768673055558584,351.8395820577472
0.12928116207080026,0.05,0.04963448262438069,358.95773219653256
0.1359215852712521,0.05,0.04927660312321028,358.9112009809385
0.13149338879988243,0.05,0.054066392018734866,358.9952624769541
0.14417766098933613,0.05,0.03161805392599304,358.6109063037502
0.14242473537473072,0.05,0.03739590480773251,358.7086376558727
0.13903588722601817,0.05,0.03181343515116403,358.65549146532163
0.0836539651837258,0,0.1337861850244172,349.7007739671406
0.08342035807364859,0,0.12692081129216437,349.7053097441842
0.07811257943235159,0,0.12970721697191875,349.6858043301695
0.09336500801018933,0,0.12006533052003332,349.7243949613306
0.0935726828594842,0,0.12607708612214766,349.72626411327286
0.09378035770877906,0,0.132088841724262,349.7230306006658
0.13253273712253955,0.05,0.0436941334666418,358.865085697571
0.13578431217427886,0.05,0.037753784308902916,358.7643387871674
0.13917316032299137,0.05,0.043336253965471395,358.8139695241266
0.15300334759006384,0.05,0.011578260047412248,358.193052045447
0.15650167379503194,0.05,0.005789130023706124,358.0442660622742
0.15967330205760677,0.05,0.011819721590163212,358.1238742824528
0.03987047724346052,0.05,0.1314102564102564,359.1193600341114
0.03987047724346053,0.05,0.1378205128205128,359.11001141628657
0.17310566686224382,0,0.011862369141924206,348.35385828402764
0.15280914613901325,0.05,0.026607324340806822,358.4524513596278
0.15782703822959743,0.05,0.02222881874871356,358.3273545476982
0.1041245288673103,0.05,0.09865740539127625,359.42586830056473
0.09858284540594126,0.05,0.09787616787561962,359.42415075118214
0.10058847422380125,0.05,0.09426699424589355,359.4083396826002
0.16381427984149824,0,0.029335756042756633,348.72311192794314
0.1644949983540861,0,0.02214066446654514,348.6145850281989
0.15933149641480643,0,0.026487775220203975,348.7327809260962
0.16829706326819005,0,0.032183736865309294,348.7086241133142
0.1689777817807779,0,0.0249886452890978,348.60265119293143
0.16965850029336574,0,0.01779355371288631,348.48924443963955
0.18,0,0,348.06285230627736
0.1337056155289646,0.05,0.05849830141308904,359.0285867620476
0.10765086052268397,0,0.10272187211617063,349.68980456940034
0.04556625970681202,0.05,0.12820512820512817,359.186912608864
0.11733452171021402,0.05,0.08427547385113393,359.32412106987823
0.11595710346420549,0.05,0.0907933339181945,359.3660967260871
0.11242104882069642,0.05,0.08640292277281178,359.3514122979395
0.10211890004945032,0.05,0.10226657902100234,359.4406181360233
0.10766058351081936,0.05,0.10304781653665898,359.43796888285686
0.16313356132891038,0,0.036530847618968125,348.82420499477814
0.12986908251462903,0.05,0.07332407581358553,359.1882136193376
0.12420996369830799,0.05,0.07568820585574082,359.23664008210085
0.11976716805375989,0.05,0.07182919794465828,359.2252673481584
0.12098349122553281,0.05,0.06560605999142044,359.1662441232316
0,0.011082724971449824,0.1625035320919411,350.1056582790436
0.0972760776582609,0.05,0.10661496845217855,359.45403427011865
0.12865275934285608,0.05,0.07954721376682337,359.2417352544724
0.11457968521819695,0.05,0.09731119398525505,359.40112788525704
0.011391564926703008,0,0.16025641025641027,348.94191190204566
0.011391564926703006,0,0.15384615384615385,348.97052044153156
0.17764621907700373,0.03134496280630378,0,353.0167054686114
0.03417469478010901,0.05,0.13461538461538458,359.04353389897466
0.05126204217016353,0.05000000000000001,0.12499999999999999,359.24619162323233
0.05689366876889251,0.05,0.12879089104758978,359.29637393774937
0.05126204217016354,0.05,0.1314102564102564,359.2430752682857
0.05126204217016351,0,0.13782051282051283,349.50624439718376
0.14468611649381208,0,0.05984210696981471,349.2528044282428
0.1400255416491324,0,0.05782488591645858,349.2690399262531
0.056893668768892514,0.05,0.13520114745784623,359.2895515258548
0.06252529536762148,0.05,0.13258178209517962,359.33799209143245
0.06208536215655956,0,0.13185335222095165,349.5983491440204
0.1755750586308259,0,0.01640916859102626,348.3926322589792
0.0398704772434605,0,0.14423076923076925,349.38107468353763
0.0398704772434605,0,0.15064102564102563,349.3609596079167
0.04556625970681201,0,0.14743589743589744,349.42996791094663
0.13813381200033426,0.05,0.05370851251756445,358.9460158868229
0.09324083321415724,0.05,0.11375997552556652,359.4664779684152
0.04556625970681201,0,0.14102564102564102,349.44725912329477
0,0.04448128413779783,0.16870220219933024,356.8091907908676
0.05667370216336154,0,0.13483693252073226,349.5555451397633
0.056673702163361525,0,0.1284266761104758,349.56151909389683
0.0512620421701635,0,0.13141025641025642,349.51490732495193
0.1849387835371642,0,0.009093598898204113,348.14527092251245
0.17807887368777128,0.011369773025512423,0,349.4796614862032
0.1759890545439888,0.00591785544504202,0,348.7861997055037
0.18208981914378247,0.005451917580470403,0,348.6440014334569
0.18666666666666665,0,0,347.9657829515297
0.034174694780109004,0,0.13461538461538464,349.3363359669186
0.034174694780109,0,0.14102564102564102,349.32489284645743
0.0398704772434605,0,0.13782051282051283,349.3954418499423
0.022783129853406026,0.05,0.1474358974358974,358.84764158982836
0.01708734739005452,0.05,0.15064102564102563,358.7429311698468
0,0.005541362485724912,0.1709953557895603,349.3196888370476
0.16317162826257486,0.05,0.006030591566457089,357.9707621342009
0.18875648581044915,0.005451917580470404,0,348.54315419966895
0.0784620053138076,0.05,0.12398379676488364,359.4349727910152
0.07314069499942917,0.05,0.12684393133652486,359.40944514998966
0.17377566739737027,0.03444348255361197,0,353.74968771323194
0.1692591316891467,0.030945856978988794,0,353.0499098186878
0,0.022241799562023948,0.17082936851678163,351.86027591789326
0,0.022230675775914324,0.16453906762460468,351.89738651617523
0.083887572293803,0,0.14065155875667001,349.6895744895922
0.1746200816019962,0.038055454408557066,0,354.5716352980662
0.056464818086469123,0,0.12200693472909085,349.56006356754125
0,0.03346609998561276,0.17253336222849852,354.1105494328528
0.087375970499384,0,0.10476988561448566,349.68693289164645
0.08799765463976628,0,0.10997312453318842,349.70120714994744
0,0.05,0.16025641025641024,358.3725288118635
0,0.04448128413779784,0.1558816893788174,356.8811141378056
0,0.05,0.15384615384615383,358.40344594768703
0.09657721658808127,0.05,0.1014853415053457,359.4371623068874
0.17798504302941726,0.042208120308250344,0,355.5422535278882
0.06218775808632177,0.05,0.12591317486057624,359.33979159781364
0.056556131487592795,0.05,0.12212228381298643,359.2939410017281
0.06185022080502206,0.05,0.11924456762597287,359.3347933131772
0,0.027848387880763537,0.1685362149265516,352.94898822784586
0,0.02783726409465391,0.16224591403437463,352.984134905909
0.07788002102572282,0.05,0.11723020091727204,359.42794306495244
0.07729803673763803,0.05,0.11047660506966048,359.4138881697938
0,0.027859511666873164,0.17482651581872855,352.9077527909249
0.08883396500129104,0,0.136370200240466,349.7097831643166
0.08282781547041958,0,0.10664089173279873,349.6798938859807
0.15240764340305257,0,0.03672483213749216,348.93613993757293
0.1506472923305784,0,0.04261477830112152,349.023046999212
0.1511570837620545,0.05,0.0219873572059626,358.3947582583294
0.14766737237569533,0.05,0.026802705565977816,358.5061432496725
0.14252559861237735,0.05,0.026998086791148807,358.55448286626347
0.1061301576851703,0.05,0.09504823176155018,359.40831895222954
0.12299364052653505,0.05,0.08191134380897865,359.2865149360871
0.17333333333333334,0.05,0,357.71135175826623
0.1699683719059123,0.045847334100306725,0,356.6101872668778
0.034174694780109,0,0.14743589743589744,349.30770181677985
0.08353886862140095,0.05,0.1210386735802342,359.4528034092127
0.06714431012245133,0.05,0.11636685143895932,359.3687485575801
0.07222117343004468,0.05,0.11342172825430989,359.3945320166635
0.07280315771812947,0.05,0.12017532410192147,359.4061360263119
0.022783129853406005,0,0.15384615384615385,349.13915699372865
0.022783129853406005,0,0.14743589743589744,349.1620843908843
0.01708734739005451,0,0.15064102564102566,349.0698233148404
0.07238703263726978,0,0.11965413988890317,349.65991134590223
0.06687036991908038,0,0.11602080418727256,349.62624902861666
0,0.005541362485724912,0.15817484296904746,349.3910100682996
0,0.005541362485724912,0.16458509937930388,349.3582285272124
0,0,0.16025641025641024,348.7504057362063
0.14256200847170392,0.05,0.048918723622039875,358.85583142538263
0.1740679282317601,0.017287628470554442,0,350.43423808875406
0.011391564926703013,0.05,0.16025641025641027,358.59770455629024
0,0.03345497619950313,0.16624306133632155,354.14982094955485
0.10750757593117884,0.05,0.08853037169448962,359.37328164169395
0.10259410304166122,0.05,0.09065782061616745,359.38972910114165
0.1287274985181266,0.05,0.05939025114108145,359.0682230034459
0.011391564926703013,0.05,0.15384615384615385,358.6289164030448
0.045566259706812,0,0.1346153846153846,349.45881093373225
0.01708734739005451,0,0.15705128205128205,349.04405727073913
0,0.05,0.16666666666666666,358.3353510052364
0,0.04448128413779784,0.16229194578907383,356.84828279973834
0.10206157053999841,0,0.1018748727470151,349.6919514655249
0.14911681629829798,0,0.05518202624396086,349.1715139751595
0.1444562414536183,0,0.05316480519060472,349.19007054617106
0.14934669133849177,0,0.061859328023170845,349.2320895398441
0.15495438545415036,0,0.0585229368571349,349.1496584502917
0.022783129853406005,0,0.14102564102564102,349.17925979710657
0.01708734739005451,0,0.14423076923076925,349.0898392024521
0.08860035789121382,0,0.12950482650821318,349.7170406183897
0.15865077790221857,0,0.03368286679641547,348.83642797229277
0.1628449303201816,0.05,0.017850313156620303,358.1937869010294
0.005695782463351507,0.05,0.15064102564102563,358.5334157541317
0.005695782463351506,0.05,0.15705128205128205,358.50535659543925
0,0.03897369206170529,0.17061778221391438,355.40214717151906
0.10966621232867935,0.05,0.0994386429069329,359.421480767645
0.17197810908797762,0.01183571089008404,0,349.6284636545346
0.005695782463351506,0.05,0.16346153846153846,358.47122518447134
0.16983829492924152,0.05,0.006030591566457089,357.88333807271255
0.16796716363196643,0.01775356633512606,0,350.58964415336993
0.02847891231675751,0.05,0.1378205128205128,358.9592644573765
0.02847891231675752,0.05,0.14423076923076922,358.94368546170034
0,0.03896256827559566,0.1643274813217374,355.4395545173987
0.15416799447552676,0,0.030834885973862802,348.84383213333143
0.011391564926703015,0.05,0.14743589743589744,358.65384051977287
0,0.033443852413393496,0.15995276044414458,354.1830037073992
0,0.03896256827559567,0.157917224911481,355.4743000577096
0.06748184740375104,0.05,0.12303545867356269,359.3763121908316
0.15617497585263868,0.05,0.01760885161386934,358.267748258435
0.14950502138509575,0.05,0.01736739007111837,358.3325998563501
0.1309397252472088,0.05,0.06382216053543563,359.0989135007835
0.028478912316757504,0,0.14423076923076925,349.2471161219202
0.028478912316757504,0,0.13782051282051283,349.2614253852621
0.06781938468505075,0.05,0.12970406590816608,359.3770780330654
0.1663432565251497,0.05,0.012061183132914178,358.04558675996805
0.12374938150728862,0.05,0.060282200869073856,359.1028304863464
0.12651527178904443,0.05,0.05495834174672727,359.0333265107801
0.07790369535545918,0,0.12328747559053377,349.68626491775814
0.08302532967149591,0,0.11340086491925394,349.69481766341823
0.12233435501243407,0.05,0.08813097610144249,359.32764349626063
0.14601530999873655,0.05,0.022182738431133588,358.44685232993953
0.08819516884084264,0,0.11673309771964363,349.71277638368935
0.01708734739005452,0.05,0.14423076923076922,358.76472024461054
0.028478912316757532,0.05,0.15064102564102563,358.9218749703605
0.18417963828756498,0.010903835160940808,0,349.32503520269915
0.17327007714515788,0.04169466820061344,0,355.4824379837999
0.16990511571773684,0.03754200230092016,0,354.5160681171164
0.08839268304191897,0,0.12349307090609885,349.71789379272826
0.14931943475265408,0.05,0.03142267270082204,358.56096886872473
0.12095693676642554,0.05,0.09464883616850304,359.3670740114681
0.09647228055731283,0,0.10102787337785954,349.6883926453066
0.16660341047849125,0.04169466820061345,0,355.57387176606653
0.02278312985340602,0.05,0.14102564102564102,358.8663265725885
0.11104363057468788,0.05,0.09292078283987233,359.3899187813117
0.045566259706811996,0,0.1282051282051282,349.4645690617303
0.08322284387257226,0,0.12016083810570916,349.70328961615274
0.0398704772434605,0,0.13141025641025642,349.40408886060976
0.028478912316757504,0,0.15064102564102566,349.2270589493623
0.011391564926703006,0,0.14743589743589744,348.99337882452795
0.11855084488198696,0.05,0.0780523358978961,359.2778929970406
0.0512620421701635,0,0.125,349.51777657028055
0.16861314766055657,0.024349711657057425,0,351.7411018307723
0.11024151208222177,0.05,0.06317047448865253,359.1761106674784
0.11712891737604497,0.05,0.06111878395801401,359.13766305240716
0.11409608593170963,0.05,0.06765775052205895,359.208411273751
0.16988616676445523,0,0.005931184570962103,348.2972876624958
0,0.02784139730806673,0.15581681452174806,353.01702971235824
0.0674691732175722,0.05,0.10994230878675687,359.3592382617475
0.06187193184652469,0.05,0.11292282177052745,359.32637605250125
0.15546510028791827,0.0385656670395086,0,354.93487931136997
0.15319765043187739,0.032848500559262896,0,353.6465267131698
0.15876680552716388,0.03441300113981532,0,353.9338684160864
0.045566259706811996,0,0.12179487179487179,349.4645488126717
0.005695782463351503,0,0.13782051282051283,348.9239587762154
0.011391564926703006,0,0.13461538461538464,349.0219645279568
0.005695782463351504,0,0.13141025641025644,348.93249379453795
0.061502369336147195,0,0.11240338148691986,349.5864584059491
0.056299593419841566,0,0.11539644675782901,349.5529522319757
0,0.03881624881002446,0.13882306162011648,355.5058473937604
0,0.03881624881002446,0.1452333180303729,355.48911373694466
0,0.033224373215036684,0.14092690012248243,354.2062968332812
0.15701699193710228,0,0.02083768099162704,348.67559364463546
0.15470248745939816,0,0.015187586763050112,348.6129160012306
0.1495389855201185,0,0.019534697516708943,348.72647833688484
0.09133897626136901,0.05,0.0889723373317824,359.37391387349334
0.09058136702883636,0.05,0.08267344098750526,359.3346651463244
0.09620893041898246,0.05,0.08351618262969777,359.34737217721374
0.13034421260343204,0.05,0.017654309153148133,358.4865418625195
0.133562808402288,0.049999999999999996,0.011769539435432089,358.36046961648464
0.1367311488639866,0.05,0.017558669459138213,358.4433498072399
0.06716676507100623,0,0.10965634025102036,349.6171417221499
0,0,0.13461538461538464,348.83010564245427
0.09063460191646208,0,0.08235746510117062,349.59389758715787
0.09611722862334518,0,0.08318661553361924,349.6053918420912
0.09526330551589368,0,0.07676026562079677,349.56374252768285
0.12937993341565585,0.04999999999999999,0.038687124273289256,358.81797855435826
0.12612835836391653,0.049999999999999996,0.044627473431028145,358.91367858540525
0.12297555465703283,0.04999999999999999,0.039620464237675596,358.86339071306
0.1118155439090189,0,0.07943483916727198,349.57107870672195
0.11777731130586572,0,0.0835707256806965,349.5807356113609
0.1187788433227584,0,0.07745858590701532,349.5390836256459
0.14680376835552103,0,0.036961132632393645,348.988053749451
0.14856411942799522,0,0.03107118646876429,348.89754542473116
0.14296024438046367,0,0.031307486963665775,348.94578109751797
0.06811889940781396,0.05,0.097093223482352,359.3212274864782
0.07287089962028644,0.05,0.100572642949905,359.36273671396833
0.06779403631269308,0.05,0.10351776613455443,359.34339790471375
0.10674996669864617,0.05,0.08223147535021245,359.33598329527223
0.10107888457659593,0.05,0.07806002792761314,359.3115210070162
0.10599235746611353,0.05,0.07593257900593531,359.2923658129913
0,0.0333706926806079,0.15361080700359053,354.19691496472126
0,0.027768237575281123,0.149474861081194,353.0281472364466
0,0.03329753294782229,0.14726885356303648,354.20467934001533
0.13050682557951865,0,0.05284322684273301,349.2795150887678
0.12811318888271497,0,0.058580543314969556,349.3481953392181
0.13305083371208257,0,0.057664096742522715,349.3127398189209
0.0739830705622836,0.05,0.09410534755143128,359.3411854911262
0.14311808512454116,0.05,0.017463029765128292,358.3920358051834
0.0894946923971246,0,0.09231240084698283,349.64482712533515
0.0884353314482543,0,0.09854114323073423,349.6687328866605
0.09298348647721871,0,0.09667013711242119,349.66903666997
0.011391564926703006,0,0.14102564102564102,349.0105366295481
0.01708734739005451,0,0.13782051282051283,349.1041599809471
0,0.05,0.1474358974358974,358.4280169985766
0.005695782463351507,0.05,0.14423076923076922,358.5548999974909
0.1558511849298861,0.0224357495535495,0,351.5357876067754
0.15092801386318974,0.027467394294928442,0,352.54295154757455
0.1486583772945021,0.022086288030593988,0,351.5422148299623
0.05130546425316879,0.05,0.11235650828910915,359.2344311463351
0.051327175294671415,0.05,0.10603476243366373,359.2194343250089
0.05659955357059805,0.05,0.1094787921020956,359.2766046416442
0.05109681750353594,0,0.11838951202873815,349.51331654685373
0.16,0,0,348.307498185417
0.16321950009778857,0,0.005931184570962103,348.3750439717687
0.16666666666666666,0,0,348.2337533393532
0.022783129853406008,0,0.13461538461538464,349.1907227082923
0.16103425538320476,0.040130167620061025,0,355.25312282285216
0.16433596062245037,0.03597750172036774,0,354.2237155507353
0.14504341728304684,0,0.042851078796023,349.0731613315684
0.13806870934599702,0,0.042690289622087145,349.12261998876085
0.14191223332105438,0,0.048343935290815016,349.15898950313914
0,0.01108685818486264,0.15607443257931453,350.1375798608916
0,0.01663235388400037,0.1539740221895816,350.98962734809317
0,0.01662822067058755,0.16040312170220816,350.959137318662
0,0.02223480898932714,0.1581099681119781,351.9320233096319
0.01708734739005452,0.05,0.125,358.7924960038718
0.022783129853406015,0.05,0.1282051282051282,358.88479653698914
0.01708734739005452,0.05,0.1314102564102564,358.7894505912965
0.10405540316678738,0,0.09834628691402535,349.6785261181606
0,0.05,0.141025641025641,358.4463886211355
0.005695782463351507,0.05,0.1378205128205128,358.5701848125193
0.09697115173079665,0,0.08961296544644169,349.64109328139693
0.09148852502391355,0,0.08878381501399307,349.63113619433994
0.0949773191040077,0,0.09314155127943144,349.6562829113912
0.08822117650151187,0.05,0.09904880635998223,359.4155153929781
0.10604923579357636,0,0.0948177010810356,349.66266489938084
0.10756162272707509,0,0.08815165247949239,349.62935169453436
0.10245377843767976,0,0.09044211587889031,349.64563527257326
0.028478912316757504,0,0.125,349.2729256073847
0.034174694780109004,0,0.12820512820512822,349.3421164299068
0.034174694780109004,0,0.1217948717948718,349.34213663684136
0.12317554405334738,0,0.05949698988741639,349.3791902982909
0.12078190735654373,0,0.06523430635965294,349.43931363973564
0.1257195521859113,0,0.0643178597872061,349.4111568072129
0.07254603652516556,0.05,0.10699718560210746,359.3817993959166
0.11475253743886826,0,0.09690282288378295,349.6549242839199
0.11626492437236699,0,0.09023677428223972,349.6211855020626
0.11115708008297168,0,0.09252723768163766,349.6446000219043
0.08348707098722857,0.05,0.10106418648653734,359.4100816763679
0.08388717641928986,0,0.1004121493490473,349.6642230174605
0.07886442305410266,0,0.0971743228976197,349.63558493657837
0.07780506210523236,0,0.10340306528137111,349.65315619855096
0.07750866695330651,0,0.10976752921762334,349.66846385841603
0.1310940014089472,0,0.04252950044815129,349.1633871109919
0.13422518537093966,0,0.037036643953359275,349.0789710722106
0,0,0.14743589743589747,348.8016107331233
0.03987047724346052,0.05,0.12499999999999997,359.1225161307611
0,0.03888940854281006,0.15157527147092695,355.48478033834124
0,0.044408124405012225,0.14953973593826336,356.88816344174654
0.1126694670164704,0,0.08586118908009444,349.60771847413025
0.15773255014395915,0.0442828335197543,0,356.3481177092574
0.028478912316757504,0,0.13141025641025644,349.27003042913867
0.07770618115438285,0,0.11652750240407855,349.68059030043855
0.10964469314947295,0,0.09919328628318089,349.67477046083394
0.16304399256527008,0.022785211076505003,0,351.5201955945151
0.16077435599658244,0.017404104812170553,0,350.6170330780977
0.09696653965151511,0.05,0.08981507897397492,359.3849687803648
0.06219679494164557,0.05,0.10649827911832502,359.31384009592114
0.12795209893818632,0,0.08545698019179555,349.5500707905843
0.13678140420114399,0.04999999999999999,0.005884769717716044,358.22525705948937
0.1399497446628426,0.04999999999999999,0.011673899741422168,358.31323475105086
0.10074593222277678,0,0.07758941605324539,349.57135885461184
0.10159985533022828,0,0.08401576596606786,349.6114710011439
0.10670769961962359,0,0.08172530256666992,349.59394967511554
0.05128375321166616,0.05,0.11867825414455456,359.2433502457431
0.1462496149502911,0,0.02542109224018736,348.83948854849905
0.14064573990275955,0,0.025657392735088845,348.8855990623049
0.07873507077475608,0.05,0.0975847670189843,359.37878994241
0,0.00554549569913773,0.1453354870461645,349.43960819006037
0,0.00554549569913773,0.15174574345642092,349.41847445153167
0.11989480765780079,0.05,0.05579492483566743,359.07246457211613
0.15358154836119847,0.017054643289215046,0,350.63525721375214
0.15092582715054298,0.011136787844173025,0,349.76116548864366
0.15811863478592697,0.011486249367128533,0,349.74055315065607
0.05692441666571893,0.05,0.10305424944989316,359.2610430243164
0.0398704772434605,0,0.11858974358974358,349.4040888184857
0.039870477243460496,0,0.125,349.4069689675744
0.08494653736816016,0,0.09418340696529588,349.64284639260103
0.07992378400297295,0,0.09094558051386828,349.6123079182665
0.12415484110227304,0,0.0753992162846836,349.50443493167336
0.11978037533965107,0,0.07134644613333413,349.49194296843746
0.05657784252909542,0.05,0.115800537957541,359.2883116826453
0.16932238787732212,0.00591785544504202,0,348.8720320933819
0.17333333333333334,0,0,348.1522047129733
0.1636899765938602,0.02938135639843637,0,352.79328041736863
0.12737489101147761,0,0.09146197394755803,349.5838664860641
0.16531144242131096,0.01183571089008404,0,349.710776023595
0.14638874072581448,0.016705181766259538,0,350.64431656033315
0.10183649380912857,0.05,0.08435892427189029,359.35378462200856
0.1128797627599367,0.05,0.07388088847529678,359.2637844670124
0.1195078942326729,0.05,0.0454640565199683,358.95369915053044
0.1226606979395566,0.05,0.05047106571332084,359.00117575314385
0.11604023380831295,0.05,0.051307648802261005,359.035915939558
0.15546291357527148,0.005568393922086513,0,348.9822260303383
0.1306571970152789,0,0.06340141321475927,349.37853941346594
0.005695782463351506,0.05,0.1314102564102564,358.5790727468102
0.011391564926703013,0.05,0.1282051282051282,358.69038447631294
0.011391564926703013,0.05,0.1346153846153846,358.68441780287975
0.11166343958816377,0.05,0.08010402642853462,359.3127600842292
0.14633668092339716,0.049999999999999996,0.011578260047412248,358.2578779388401
0.09295528201579514,0.05,0.09703342623342709,359.41591862890624
0.1518534899978226,0,0.025184791745285873,348.78790041608016
0.07762289983275891,0.05,0.10405206241745803,359.3979332241324
0,0.05,0.1346153846153846,358.4585608153638
0,0.044408124405012225,0.13671922311775053,356.9232687211213
0.09496091083365513,0.05,0.093424252603701,359.4018434610738
0.07278230874004513,0,0.10016523882994352,349.62042056153444
0.06775955537485792,0,0.09692741237851592,349.58168697493096
0.06746316022293207,0,0.10329187631476813,349.60228770425465
0.0954513211864498,0.05,0.07721728628542061,359.3034564382036
0.10032127534406327,0.05,0.07176113158333598,359.26293825616455
0,0.044408124405012225,0.14312947952800695,356.90881579559925
0.15106588347729247,0.0442828335197543,0,356.4184630000709
0.14439921681062579,0.04428283351975429,0,356.47996563847283
0.1487984336212516,0.038565667039508596,0,355.0018398123516
0.01708734739005452,0.05,0.13782051282051283,358.78019200487597
0.011391564926703015,0.05,0.14102564102564102,358.6722379556016
0.14666666666666667,0.049999999999999996,0,358.02485941571126
0.15333333333333335,0.05,0,357.95997198747745
0.14983500712836526,0.05,0.005789130023706125,358.1135440492936
0.06179876448807304,0,0.10603891755066766,349.574410752084
0,0.01109099139827546,0.14964533306668798,350.16361269170676
0,0.01663648709741319,0.14754492267695504,351.01422862649156
0.1361386623518228,0.05,0.027093726485158728,358.6050464576517
0.1411998933079895,0,0.037197433127295135,349.03448994271605
0.09846611318410181,0,0.0974992875448698,349.6765760591443
0.15812082149857373,0.02781685581788395,0,352.53915644778164
0.08600589831703047,0,0.08795466458154447,349.6157640114024
0.022783129853406005,0,0.12820512820512822,349.1964534822475
0.03417469478010901,0.05,0.12820512820512817,359.0498168346662
0.03417469478010902,0.05,0.12179487179487175,359.0498517642822
0.062095159639998884,0,0.09967445361441543,349.5566163867904
0.14316834046169857,0.049999999999999996,0.005789130023706125,358.1739793839013
0.028478912316757518,0.05,0.12499999999999997,358.9716226791047
0.12953083888178768,0,0.07333984666235188,349.46402102834213
0.128529306864895,0,0.07945198643603307,349.5111256142629
0.1557414936808048,0,0.0046282010960440045,348.43095447990316
0.15896099377859338,0,0.010559385667006108,348.4970301820213
0.13999999999999999,0.049999999999999996,0,358.08090419153353
0.02847891231675751,0.05,0.1314102564102564,358.9684758353566
0.10941976967706929,0.05,0.05214423189120116,359.06195275577505
0.11327434352655713,0.05,0.05663150792460758,359.10289926325504
0.11281707592591159,0,0.07332269939359079,349.5268931733837
0.03970525257683294,0,0.11197925561848175,349.3933773020695
0.034174694780109004,0,0.11538461538461539,349.3363965877225
0.13493752538400455,0,0.048183146116879155,349.20473415306805
0.10638693823273394,0.05,0.0586831984552461,359.137627342878
0.1514829873616096,0,0.009256402192088009,348.54831038334595
0.13263150846739516,0.049999999999999996,0.03274677511555037,358.7141781118692
0.12973428359319977,0.049999999999999996,0.028027066449545068,358.6607362834729
0.13748153351656847,0,0.05300401601666886,349.2391385849501
0.028478912316757504,0,0.1185897435897436,349.2700605295774
0.1251563731191657,0,0.06928707651100241,349.45456797436196
0.1300940179485333,0,0.06837062993855557,349.4230438160639
0,0.022165782469954355,0.1453389151587975,351.96909514291036
0,0.027695077842495523,0.14313290764063996,353.03311787850697
0.12315330908538036,0,0.08151135605836479,349.54881321749116
0.1332414374776274,0.05,0.02237401781915343,358.54872992338437
0.16218049387638195,0,0.01649057023796821,348.5561421825287
0.08933334744350903,0.05,0.09258151096150849,359.38905265345284
0.1058537765121721,0,0.07529895265384745,349.5525997805941
0.08571141287122291,0.05,0.08812959568958989,359.35656438052723
0.08459924192922574,0.05,0.09459689108806361,359.3866641308868
0.16643900019557717,0,0.011862369141924206,348.4356260565096
0.06252165803676644,0.05,0.10007373646612258,359.2949740781396
0.022783129853406005,0,0.1217948717948718,349.19646337575153
0.11982275095014913,0.049999999999999996,0.034613455044323053,358.8068685794971
0.12332990483457676,0.04999999999999999,0.02896040641393141,358.70819850080494
0.12622712970877215,0.04999999999999999,0.03368011507993671,358.76463714992786
0.017087347390054512,0,0.13141025641025644,349.11274862221137
0.02847891231675752,0.05,0.11858974358974357,358.96852151677723
0.10720868063788647,0.05,0.06970944105269747,359.2406426513953
0.12796281744695473,0,0.04802235694294331,349.24178726803535
0.12556918075015105,0,0.05375967341517984,349.3133481743909
0.12257610115867167,0,0.08751634981412726,349.58547339159
0.16265572121065547,0.00591785544504202,0,348.950060700944
0.039870477243460524,0.05,0.11858974358974356,359.11942422133524
0.034174694780109025,0.05,0.11538461538461536,359.04363868782275
0.139628373738182,0.05,0.022278378125143508,358.50185210005037
0.11635509052578918,0.049999999999999996,0.04045704732661576,358.8999882866992
0,0.00554549569913773,0.13892523063590811,349.455042346928
0,0.01109099139827546,0.14323507665643156,350.1830833416071
0,0,0.14102564102564105,348.8187079786193
0.005695782463351503,0,0.14423076923076925,348.9096810417879
0.11381860794280427,0,0.0672105596199096,349.47721896855194
0.13735636933293213,0,0.03154378745856726,348.9885391516918
0.11288743010142924,0.05,0.046300639608908456,358.98501634545846
0.04560968178981728,0.05,0.10915138008398094,359.1690995423613
0.04556625970681202,0.05,0.12179487179487176,359.1869418664717
0.14393511047258695,0,0.01977099801161043,348.77594131032276
0.07248591358811929,0,0.10652970276619572,349.63837475612877
0.07218951843619345,0,0.11289416670244795,349.65058223929464
0.1268370587190044,0.049999999999999996,0.023307357783539772,358.60142292847905
0.022783129853406022,0.05,0.12179487179487179,358.88480728879364
0.07984724171675325,0.05,0.09111747162051059,359.3529644558092
0.12106371422517294,0,0.0941823984156705,349.6234805901238
0.10685530852906477,0,0.06918681288016626,349.50588069963254
0.022783129853406015,0.05,0.13461538461538458,358.87866814171133
0,0.022238942202739958,0.15168086859935154,351.96077135205564
0.056430763905139854,0,0.10242149485031496,349.5247254099043
0.05613436875321401,0,0.10878595878656717,349.53971341116784
0.07384166968891542,0,0.09393649644619209,349.60094890610935
0.04558797074831465,0.05,0.11547312593942635,359.18105956537573
0.03989218828496315,0.05,0.11226799773429814,359.11050099663265
0.011391564926703008,0,0.12820512820512825,349.02766028913493
0.14722448104241437,0,0.013884603288132014,348.6595658957455
0.1004599458108908,0,0.09397070171188006,349.66232360156647
0.05093159283690838,0,0.1117790240574763,349.50272903818444
0.1033541067883986,0.05,0.06522216501929104,359.2046225096745
0.01708734739005451,0,0.12500000000000003,349.11560512624504
0.05076636817028082,0,0.10516853608621449,349.48601404427285
0.09989200911532531,0,0.07116306614042293,349.5252988329773
0.04540103504018444,0,0.11518438382360995,349.45696304275015
0.04523581037355688,0,0.10857389585234811,349.44324978758624
0,0.011082870209064092,0.130305176251151,350.2034292913936
0,0.011082870209064092,0.12389491984089458,350.2053920410893
0,0.016624305313596138,0.12815007206903417,351.0478126648045
0.08346448102565135,0.05,0.06355780615903008,359.1632738040198
0.0867501860806536,0.05,0.06994856982906687,359.23050550312877
0.07996464144894877,0.05,0.06904228895193232,359.2005378146933
0.09025002565735618,0.05,0.06446408703616463,359.1893429207895
0.06852125632411055,0.05,0.09182958797486873,359.2991535888381
0.14879624690860482,0.005568393922086513,0,349.04368676912736
0.1464975770066641,0.0330314976921693,0,353.75011903909444
0,0.016632426502807503,0.14107997247431475,351.03142333717693
0,0.02216172187534867,0.13887396495615723,351.9844579637562
0.011391564926703013,0.05,0.12179487179487178,358.69068705447893
0.005695782463351506,0.05,0.11858974358974358,358.57950380038227
0.01139156492670301,0.05,0.11538461538461536,358.68455498623354
0,0.016652855413169868,0.11534098398671525,351.04636162335106
0,0.011097145258850957,0.1174903757997351,350.2035261341048
0,0.011111420308637822,0.11108583175857566,350.19580172347673
0.023104346373060275,0.05,0.08997635915311021,358.79787797425337
0.01708734739005452,0.05,0.08653846153846155,358.6808475386111
0.022728133430646752,0.05,0.0840579630034401,358.75782279593227
0.03438591845424474,0.05000000000000001,0.08501536208306733,358.93181704176004
0.028368919471238988,0.05,0.08157746446841865,358.8268977141722
0.03400970551183122,0.05,0.07909696593339721,358.8880722933313
0.03986555562458848,0,0.10549355941973812,349.3803191831392
0.10909843019804077,0,0.03939970621382436,349.20439283098455
0.1057690600065814,0,0.04527238217294888,349.2776353824506
0.11198296020133147,0,0.04471538922461003,349.261602348274
0.011391564926703002,0.05,0.10256410256410253,358.6536651042608
0.005695782463351501,0.05,0.10576923076923075,358.55482080582794
0.005695782463351501,0.05,0.09935897435897435,358.5331901849651
0.12011473753447735,0.05,0.011658272409612314,358.42835458260913
0.11333333333333334,0.05,0.011547005383792538,358.44807200157106
0.11666666666666668,0.05,0.005773502691896269,358.3268248190225
0.01708734739005451,0,0.1185897435897436,349.1127297147635
0.022783129853406008,0,0.11538461538461539,349.1907026138699
0,0.038833442876169515,0.13248175803992954,355.51994901580224
0,0.033258761347326804,0.12824429296210854,354.23142000129513
0,0.038850636942314574,0.1261404544597426,355.5282773219235
0.011391564926703008,0,0.12179487179487182,349.0276441906802
0.005695782463351504,0,0.12500000000000003,348.9353461117759
0.02912134535606603,0.05000000000000001,0.09341425676775889,358.9052484881597
0.029121345356066024,0.05,0.09982451317801527,358.9328299614247
0.023104346373060268,0.05,0.09638661556336661,358.8287657224876
0.13333333333333333,0.04999999999999999,0,358.1280889562107
0.12666666666666668,0.049999999999999996,0,358.16661851887625
0.13103247671874585,0.0444658306526607,0,356.625435515243
0.11531233039279085,0,0.038842713265485516,349.18425767328546
0.11864170058425022,0,0.032970037306361,349.10005766235486
0.11242780038950015,0,0.033527030254699844,349.12429494357656
0.017087347390054516,0.05,0.09294871794871795,358.71504156181464
0.01139156492670301,0.05,0.09615384615384615,358.62883179248325
0.011391564926703015,0.05,0.08974358974358976,358.597797611797
0,0,0.11538461538461539,348.83007009902593
0,0,0.1217948717948718,348.83581452757534
0.005695782463351504,0,0.11858974358974361,348.9324658482739
0,0.005555710154318911,0.11323522357159552,349.460208974099
0.03476213139665826,0.05000000000000001,0.09093375823273744,358.9701126374264
0.04083794543925657,0.05000000000000001,0.08703041681373193,359.0242916221368
0.041214158381670085,0.05,0.09294881296340203,359.06028289666955
0.07287219392078541,0.05,0.07721564095724558,359.23336679473744
0.07833400815895847,0.05,0.07949140053380814,359.2758244446063
0.0747877843948768,0.05,0.08357807653646476,359.2868753065407
0.0629051003152018,0,0.08756691559566725,349.5085083113834
0.05716606118706423,0,0.08892401292937421,349.4745995497077
0.062462808280961075,0,0.09292571265394507,349.53176944716324
0,0,0.12820512820512822,348.8358263753847
0,0.027568895777805302,0.10460634648529862,353.0015983801702
0,0.033105170761310344,0.10892852963075389,354.1795970416619
0,0.02765428810388606,0.11109357636088246,353.03511476542667
0.13111814641670483,0,0.03201920407449851,349.0325845307788
0.13752786701276315,0.027833388560741263,0,352.72724323745206
0.14422794043797646,0.027650391427834854,0,352.63931199269297
0.1397975035814508,0.03321449482507571,0,353.84528216465986
0.13550183585368064,0.005533202114776835,0,349.1386073231918
0.13100367170736132,0.01106640422955367,0,349.89747923802787
0.128835169187014,0.005533202114776835,0,349.17648531470905
0.028800128836411774,0.05000000000000001,0.10600200017875122,358.948989468438
0.02278312985340601,0.05,0.10897435897435895,358.8663547840649
0.023104346373060265,0.05,0.102796871973623,358.8534526018132
0.09996130995204193,0.05,0.04645802953860144,359.00309008315435
0.10310123317773169,0.05,0.052292434785209306,359.07136445030443
0.0967826966783941,0.05,0.05244063767921746,359.07299691963703
0.08036607603721367,0,0.08558678345559047,349.5860726043786
0.07828523278146102,0,0.07914276093121705,349.5396676231531
0.07472625375739687,0,0.08321890232963647,349.5499292137301
0.1448163206949429,0,0.009256402192088009,348.60462129094816
0.1490748270141381,0,0.0046282010960440045,348.49214510846366
0.14240816034747145,0,0.0046282010960440045,348.545548567776
0.13860968821454359,0,0.009646563369564331,348.65636130552105
0.08696432060235393,0.05,0.05807332336612784,359.11871125371295
0.09374986523405876,0.05,0.058979604243262394,359.1408817988169
0.04002585867234403,0,0.0990078632209945,349.3613217120899
0.045763762062274616,0,0.09533945869313411,349.40554115184227
0.040393507313306216,0,0.09225912226052413,349.3374721762786
0.06320119509416487,0.05,0.09310952569669832,359.26969724128963
0.017087347390054516,0.05,0.11858974358974358,358.7894425562826
0.12528362259556103,0,0.021026736982494316,348.90817648636425
0.12240305573414428,0,0.015810227238936908,348.8412092334749
0.11908209472848888,0,0.02178187740087025,348.9434661584889
0,0.05,0.12179487179487179,358.4649800249031
0,0.04442531847115729,0.12396766312730718,356.9380141268888
0,0.04442531847115729,0.11755740671705078,356.93384227181264
0.11841936934702568,0,0.043860153144346284,349.2344682775604
0.09318246226014104,0,0.07031624309642337,349.51473855714727
0.10666666666666665,0,0.02309401076758503,348.9906407918208
0.11288056686141673,0,0.022537017819246184,348.9719019696109
0.10999999999999997,0,0.017320508075688773,348.89971629193957
0.11620152786707214,0,0.01656536765731284,348.8738896932085
0.046610435366869964,0.05,0.09600968231382076,359.1349347424259
0.04728997242426839,0.05,0.08904547154439652,359.1075529593998
0.05268624940946827,0.05,0.09210634089481526,359.1772402940228
0.0797633685497725,0,0.06862259700842424,349.4692125606371
0.08184421180552515,0,0.07506661953279764,349.52476349399507
0.08647291540495677,0,0.0694694200524238,349.4960431330339
0,0.022118013120381017,0.10677139321542721,351.96646159382186
0.08024959863304984,0.05,0.08585383611302733,359.325052206846
0.15333333333333332,0,0,348.37356853493566
0.01708734739005451,0,0.11217948717948718,349.10413653457675
0.022783129853406005,0,0.10897435897435898,349.1792240832831
0.05200671235206984,0.05,0.09907055166423949,359.2021286461852
0.05760395372311736,0.05,0.0960900386804689,359.2397517664796
0.045930898309471536,0.05,0.102973893083245,359.1547338521131
0.03481712781941753,0.05,0.10302964138314348,359.02237591210513
0.035138344339071786,0.05000000000000001,0.09685215438240756,359.0029590803305
0.04053462132427166,0.05,0.09991302373282628,359.0825754372203
0.011391564926703006,0,0.10897435897435898,349.0104816398795
0.01708734739005451,0,0.10576923076923078,349.089825585685
0,0.027708211314034892,0.13032665385781272,353.0579417322672
0,0.022174855346888046,0.12606771117332996,352.00095835689507
0,0.02772540538017995,0.12398535027762578,353.0634613391007
0.06820184740909864,0,0.0915686153202381,349.56101832723994
0.10621390019475008,0,0.03408402320303869,349.1416599520553
0,0.005541435104532046,0.119639767612755,349.4661445191631
0,0.005541435104532046,0.1260500240230114,349.46803535858993
0.0896067512477705,0,0.051774668585897105,349.3414063140422
0.09595569750180437,0,0.051379134118509584,349.3454582687125
0.09307116749851366,0,0.04606345110772391,349.28513153902463
0.01708734739005451,0.05,0.09935897435897434,358.74303471610955
0.07428396172315616,0,0.08857769938791428,349.57749692531996
0.034495911299763274,0.05,0.10920712838387941,359.03593578126925
0.04021340480461741,0.05,0.10609051073356221,359.09946669823177
0.13481121608161573,0,0.014664925643084654,348.7611078217817
0.12860458360121643,0,0.015055086820560976,348.80167491273863
0.13152184551178833,0,0.02055132036656307,348.86983769441446
0.1248557784927199,0,0.043004917064082535,349.1998873348591
0.12152640830126052,0,0.04887759302320705,349.27933561311823
0.1097758354939137,0,0.06232847922793681,349.4441165338737
0.11673913490765318,0,0.06035222596768014,349.4098653867484
0.11269636245876265,0,0.05547014557570734,349.37412473594327
0.11913277160445684,0,0.0546149094954436,349.34745989116095
0.1324030557341443,0,0.01003672454704065,348.70129873871974
0,0.02218913039667491,0.11966316713217051,352.0014864447078
0.1028845300032907,0,0.03995669916216321,349.21765571594096
0.005695782463351502,0.05,0.11217948717948717,358.57029311148085
0.011391564926703004,0.05,0.10897435897435895,358.6722533647855
0.13772847799218765,0,0.02016115918908675,348.82629079305576
0.028478912316757518,0.05,0.11217948717948716,358.9592920128406
0.11327425031671637,0.05,0.023084823731900222,358.6505450780649
0.12005565451786039,0.049999999999999996,0.023196090757719997,358.6304367120494
0.11654850063343275,0.049999999999999996,0.028849139388111636,358.73275646217195
0.05113401681124301,0,0.0984197951257441,349.4671799500681
0.05150166545220519,0,0.09167105416527373,349.4419010294985
0,0.022157661280742987,0.1324090147535169,351.99382075335416
0,0.03301977843522959,0.10244129975517005,354.1422587062039
0,0.038679852290153055,0.1067557382983185,355.461987964555
0.10281253608017424,0,0.06430473248819346,349.46912408326324
0.10573306304502317,0,0.05744639883596401,349.40472170137747
0.11321516730009941,0.04999999999999999,0.034622642080007884,358.8281672952806
0.10974750687573948,0.05,0.04046623436230058,358.9168310388206
0.10313992322568975,0.05,0.04047542139798542,358.92519097971945
0.10660758365004969,0.049999999999999996,0.03463182911569271,358.84098319984133
0.09942011375254753,0,0.0456679166403364,349.28496187585966
0.10230464375583824,0,0.050983599651122063,349.34235339313847
0.14209836019603828,0.038748664172415,0,355.1043346325264
0.135398286770825,0.03893166130532141,0,355.19840025234174
0,0.0331905630873911,0.11541575950633773,354.21061801006766
0.017087347390054512,0.05,0.11217948717948717,358.7802195554904
0.07264541050164422,0,0.07677487980526305,349.49926928509785
0.13313325194929948,0.016634798151640182,0,350.7287126813439
0.13763141609561882,0.011101596036863347,0,349.8617303510695
0.139760996337557,0.01666998995894986,0,350.6904970445426
0.13533055948103134,0.022234093356190723,0,351.67214140202196
0,0.05,0.1282051282051282,358.46485154949704
0.12953486120040547,0,0.005018362273520325,348.63316504547527
0.1333333333333333,0,0,348.52501968029566
0.12666666666666665,0,0,348.5599317862034
0.10627984645137953,0.05,0.046309826644593294,358.99740313391794
0,0.016667130462956734,0.1089364399455558,351.03684834715926
0.12433700504069464,0.01106640422955367,0,349.93056326699565
0.005695782463351506,0.05,0.125,358.5823694029599
0,0.005541435104532046,0.13246028043326782,349.4641936172768
0.12356280840228802,0.05,0.017543042127328358,358.5200114682932
0.14101784856201505,0,0.014274764465608334,348.71373814945065
0.05679841254610204,0,0.09567275388984457,349.50288489298845
0.1376991433854125,0.0444658306526607,0,356.5813629528977
0.12798696245471236,0,0.03751206056929052,349.11924387368776
0,0.027691017247889832,0.13666795743799967,353.0466488095131
0.11999999999999995,0,0,348.5870840439521
0.11666666666666661,0,0.005773502691896257,348.69800848497135
0.12286819453373878,0,0.0050183622735203255,348.663713899575
0.12174873953848506,0,0.03798747718522177,349.1526441329656
0.09303517053695542,0,0.05823746777073904,349.4107806821246
0.08632562368177116,0,0.05739064472673948,349.3904647975846
0.13620152786707213,0,0.005018362273520325,348.5948563432166
0.028745132413652508,0.05,0.08749586061808877,358.86879767754726
0.10865359000987213,0,0.05058806518373456,349.3320916873203
0.12689614173562136,0.05,0.011769539435432089,358.3997317460925
0.045396113421312424,0,0.10208819965360448,349.42688296685026
0.05760835322130494,0,0.08356521587109639,349.448745925839
0.03433499782786455,0,0.10889891918587176,349.326647170598
0.03449530087562009,0,0.10241322298712813,349.3109584013543
0.0897540429709561,0,0.06385344391158143,349.4566401082513
0.028639215364513047,0,0.10569379098074357,349.2489399457782
0.0993841167909893,0,0.05784193330335153,349.4113296068731
0.08866577655474497,0.05,0.07631100540828606,359.28611624602746
0,0.016638580363383,0.1217455280278747,351.05001639589955
0.09653558374925682,0,0.04035223362955072,349.22204699694095
0.14666666666666667,0,0,348.4318517152064
0.14212958024193817,0.005568393922086513,0,349.0973603386683
0.13999999999999999,0,0,348.4823477262291
0,0.044425318471157285,0.13037791953756359,356.9360237232376
0.11576113372283348,0,0.027753527562803592,349.038682426416
0,0.03327595541347186,0.12190298938192157,354.2353216114215
0,0.038850636942314574,0.11973019804948618,355.52596739509244
0,0.05,0.11538461538461538,358.4589462415818
0.06864413944333936,0,0.08620981826196028,349.5362339487485
0.06908643147758008,0,0.08085102120368245,349.50733383945663
0.0633473923494425,0,0.08220811853738942,349.4811314448031
0.14195830386928882,0.0222692851635004,0,351.63134339427444
0.09646358982614037,0,0.06470026695558098,349.47207818843634
0.028478912316757504,0,0.11217948717948718,349.26141441729567
0,0.011086930803669775,0.13677012645379127,350.1962563321243
0.12487992350047752,0,0.03249462069042976,349.0697573676665
0.08304449611577183,0,0.06300662086758185,349.433066879783
0.12870281509277384,0.022198901548881045,0,351.70497456236126
0.0461314107032368,0,0.08859071773266375,349.37775451046946
0.02294343290116155,0,0.10248866277561536,349.16402455737267
0,0.01662836590820182,0.13461502227167443,351.04261801661465
0.08392505506127781,0,0.08151064205717105,349.57361397758336
0.08855375866070943,0,0.0759134425767972,349.5483205849806
0,0.03876524461623382,0.11324296817390234,355.4971363633498
0,0.04433992614507653,0.11107017684146693,356.9008838096809
0.053365786466866696,0.05,0.08514213012539101,359.14476926852154
0.058283490780515784,0.05,0.08912582791104467,359.2108778353041
0.13011473753447733,0.049999999999999996,0.005884769717716044,358.2684805066318
0.12436581005207918,0.04446583065266071,0,356.66085287557684
0.12873162010415834,0.03893166130532141,0,355.2393606123553
0.02278312985340602,0.05,0.11538461538461536,358.87866581303064
0.10954723352808339,0,0.028310520511142436,349.06017047813174
0.11678140420114401,0.05,0.017431775101508583,358.54457565651205
0.11000000000000001,0.05000000000000001,0.017320508075688808,358.56023442717606
0.12196266158990562,0,0.026998387144427656,349.007637402903
0.017087347390054505,0.05,0.10576923076923074,358.7648270014957
0.04691375948185487,0.05,0.08312707539472641,359.0684168532383
0,0.027739680429966815,0.1175808062364663,353.062313783631
0.1257363890674776,0,0.010036724547040651,348.73524418917054
0.05868584769681237,0.05,0.08386219240356141,359.18313697985826
0.06360355201046146,0.05,0.08784589018921507,359.2447898647466
0.011391564926703006,0,0.11538461538461539,349.0219217996324
0.040461732496843046,0.05,0.08111202066406181,358.9828511948416
0.0764184176848671,0.05,0.07312896495458895,359.2195348397648
0,0.05,0.10256410256410256,358.42807522480956
0.11333333333333329,0,0.011547005383792514,348.8022192343006
0.09353573071235843,0.05,0.07085485070620143,359.25130565028593
0.1330974301562375,0.033397491957982126,0,353.93201608986595
0.11508999915556634,0,0.04973282910347081,349.30943708621317
0,0.05,0.10897435897435898,358.4465898908007
0,0.044339926145076536,0.10465992043121053,356.8844126935431
0.08188023192304014,0.05,0.0754047245311515,359.25960851257315
0.10994091698338304,0.05,0.028858326423796467,358.74984514807846
0.08379582239713153,0.05,0.08176716011037069,359.3116173678511
0.03465560392337563,0,0.09592752678838451,349.2893302799916
0,0.022203405446461773,0.11325862309101105,351.9961560288769
0.02879951841226859,0,0.09920809478199993,349.23052612214155
0.09364277345270433,0.05,0.046606232432609584,359.00099780719387
0.09046416017905651,0.05,0.052588840573225604,359.0668501637728
0.1033333333333333,0,0.02886751345948128,349.07478625710473
0.12820088450613293,0,0.026522970528496413,348.9733178595839
0,0.03867985229015306,0.10034548188806208,355.44140208306044
0.005695782463351503,0,0.11217948717948718,348.92389647765987
0.06892361324040713,0.05,0.08656595246738547,359.2727556532158
0.06400590892675805,0.05,0.0825822546817318,359.2155584502215
0.06932597015670372,0.05,0.0813023169599022,359.2420336796114
0.13443910742236023,0,0.026047553912565163,348.93212577406547
0.10333333333333332,0.05,0.028867513459481298,358.75845102276236
0.10006840173339634,0.05,0.05883140134925424,359.1431441834458
0,0.044339926145076536,0.09824966402095413,356.8617832621953
0.09999999999999998,0,0.03464101615137753,349.15215268779133
0,0.033241567281181744,0.1345855965422955,354.2217450752484
0.09703557028906101,0.05,0.06537036791329918,359.2062444962808
0.10666666666666666,0.05,0.023094010767585053,358.6634237340945
0.14425916048387633,0.011136787844173025,0,349.818016616703
0.005695782463351507,0.05,0.09294871794871795,358.50531584679607
0.126505507561042,0.016599606344330504,0,350.758963470737
0.12344807086781069,0.05,0.005884769717716044,358.30304875176273
0.11953486120040545,0,0.010791864965416582,348.7721586422369
0.09682138672635215,0.05,0.040623624291993565,358.9271531836628
0.07620438952570836,0,0.07269873840684364,349.4865621921581
0.13090012262450568,0.027798196753431585,0,352.76265876873754
0.12000000000000002,0.05,0,358.19649287953047
0,0.05,0.09615384615384615,358.40340224360847
0.09999999999999998,0.05,0.034641016151377546,358.84531629317985
0.0743854274785802,0.05,0.08884171204394803,359.31619241782454
0.1221685025203473,0.005533202114776835,0,349.2066034580673
0.051869314093167376,0,0.08492231320480335,349.41017728256423
0.03776880940963978,0.05,0.06967571847470894,358.8631785461833
0.04186745672824738,0.05,0.066239594372458,358.882168378962
0.04220700014904642,0.05,0.07222471772889531,358.93739261977885
0.10644707417106275,0.03323358551473454,0,353.9953360083823
0.1020720289781963,0.03881253381290946,0,355.2887245583786
0.09976901276352616,0.033204015923993836,0,353.99254306771377
0.03259430026239444,0,0.06547570127013244,349.07580690640737
0.03320350704973218,0,0.07146854910725778,349.1306161545052
0.03698363278985108,0,0.0682198480306757,349.1491588955304
0,0.05,0.08974358974358974,358.37243481398156
0,0.04438326199800216,0.09202656074966196,356.8452173067481
0,0.044383261998002174,0.08561630433940556,356.81032079569303
0.05725352101724949,0.05,0.039928896234572596,358.7406282943437
0.06077541819745408,0.05,0.03442551289690987,358.6924684000844
0.06400044411725138,0.05,0.04011333302947481,358.79506157013475
0.10666666666666666,0.05,0.011547005383792538,358.46095135644276
0.06090428537822819,0.05,0.06742971419345495,359.07603785562793
0.0573394324710989,0.05,0.06193169709893598,358.9960196549144
0.06408635557110079,0.05,0.06211613389383819,359.0499284916323
0.07679325961824784,0.05,0.0631911837328231,359.13386542112335
0.07043980759467432,0.05,0.06265365881333065,359.09592250576156
0.07362187778754692,0.05,0.0573400785137139,359.05964267637717
0.02251731000593473,0.05,0.07816150073554562,358.7150877920946
0.028158096046526963,0.05,0.07568100220052418,358.78213970636654
0,0.05,0.08333333333333334,358.33520930596654
0,0.044383261998002174,0.07920604792914916,356.7691662062498
0,0.05,0.07692307692307693,358.2917257195634
0.005695782463351506,0.05,0.08012820512820513,358.43075655150005
0.011391564926703006,0,0.08333333333333334,348.90757465274623
0.005695782463351503,0,0.08653846153846154,348.83261862120986
0.011391564926703006,0,0.08974358974358973,348.9418989548203
0.08029309919495042,0.05,0.05770670093992086,359.093544805227
0.09666666666666668,0.05,0.017320508075688766,358.5687660934136
0.09333333333333332,0.05,0.02309401076758501,358.6634048468977
0.09000000000000001,0.05,0.017320508075688745,358.56013979909557
0.06725773740180171,0.05,0.0679672391129474,359.12558894075056
0.011391564926703008,0,0.10256410256410257,348.9933410609262
0.005695782463351504,0,0.10576923076923078,348.9096559269379
0.06057785361604297,0,0.07753589505070607,349.4326574211506
0.057808314882643416,0,0.07286367156402271,349.37971922878387
0.0548388144879054,0,0.07889299238441304,349.3983313154265
0.09666666666666664,0,0.017320508075688773,348.9075353871996
0.09333333333333331,0,0.011547005383792514,348.8139012612717
0.08999999999999998,0,0.017320508075688773,348.899707415539
0.09000000000000001,0.05,0.005773502691896248,358.3436289670438
0.08666666666666668,0.05,0,358.21777439533486
0.09333333333333335,0.05,0,358.23071186284835
0.03759283957718882,0,0.07421269586780103,349.20122202697195
0.041372965317307726,0,0.07096399479121895,349.2180415336852
0.09666666666666665,0,0.02886751345948128,349.07477012318753
0.08333333333333334,0.05,0.005773502691896248,358.32635341978266
0.08666666666666667,0.05,0.011547005383792497,358.4476142736653
0.08000000000000002,0.05,0.011547005383792516,358.4262508345903
0.0771217173642495,0.05,0.05185559572081165,359.01626545525795
0.07363366397123068,0.05,0.04587298758019563,358.9281382315664
0.08030488537863419,0.05,0.04623961000640261,358.96267394579377
0.02823759168806478,0,0.08048708514240925,349.13129555921955
0.03381271383706992,0,0.07746139694438312,349.1803014693609
0.02819903231021775,0,0.07448961088622366,349.09090256458535
0,0,0.08974358974358974,348.75038954663677
0,0,0.09615384615384616,348.77881645562553
0.005695782463351503,0,0.09294871794871794,348.8639942267412
0.011391564926703013,0.05,0.08333333333333334,358.56046382451603
0.01118074150199099,0.05,0.07743687106543884,358.5166411659906
0.04585044734113489,0,0.08243534111799661,349.34089440924413
0.04963057308125379,0,0.07918664004141453,349.35589200205396
0.09015472005968551,0.05,0.040623624291993565,358.9187491578374
0.09333333333333334,0.05,0.034641016151377546,358.8410320690653
0.005695782463351503,0,0.08012820512820513,348.7954798199214
0.011353005548855974,0,0.07733585907714774,348.86967331874615
0.10333333333333333,0.05,0.017320508075688787,358.56879763610715
0.0866666666666667,0.05,0.02309401076758501,358.6505195930711
0.06354735401078099,0,0.07150657423031574,349.40980279695754
0.06077781527738144,0,0.06683435074363239,349.3543410226367
0.05377457956396961,0.05,0.056433680004417015,358.90865415189677
0.0605215026639715,0.05,0.056618116799319225,358.9674770364386
0.09548685221581366,0.005527113041596334,0,349.24758600074546
0.09999999999999999,0,0,348.6220148951418
0.10215081948531732,0.0055375592533634015,0,349.2502156534483
0.016876523965342494,0.05,0.08064199927056706,358.6401355387416
0.11982115785934534,0.016603963482917074,0,350.78776327527476
0,0.011111420308637824,0.10467557534831926,350.1802816633201
0,0.005555710154318912,0.10682496716133912,349.44677868277535
0.0319850934750567,0,0.059482853433007105,349.01587372506725
0.036374426002513345,0,0.06222700019355036,349.09197183084643
0.046697947814625884,0,0.061853477841134805,349.19593994015145
0.050361332464078236,0,0.06742164605763538,349.2768241117249
0.05190618922127748,0,0.06155983018413331,349.2402793048492
0.12424269109862628,0.027753417802595957,0,352.78790302708063
0.03437464056127373,0,0.08977215017371737,349.2583193987922
0.04011254395120431,0,0.08610374564585699,349.30353668506626
0.06987587176824467,0,0.07210265631857969,349.4517657802244
0.06631689274418053,0,0.07617879771699909,349.4608004025641
0,0.033063114288155226,0.09621819648387792,354.128239290357
0,0.02760635606588941,0.09203308954148168,352.9598334984944
0,0.033106450141080865,0.08999509321258577,354.1083261906935
0.0668133757818765,0,0.056669119785261055,349.3023810731309
0.06379559552962896,0,0.06175173526444672,349.33104111468793
0.07012411328709267,0,0.062347817352710666,349.37350744551156
0.10422284846351364,0.027683426399606192,0,352.8269906444666
0.10199862275596452,0.022133267284477842,0,351.7685481229317
0.10867668416350111,0.02216283687521855,0,351.7672915276029
0.01708734739005451,0,0.09294871794871795,349.044042625893
0.022943432901161548,0,0.08966814995510253,349.1122774553525
0.01708734739005451,0,0.08653846153846154,349.01253063986275
0.02266246953905965,0,0.0835127733404354,349.0753719493868
0.11536103386519778,0.022158479736631986,0,351.75167899379653
0.11313680815764866,0.016608320621503636,0,350.8084480715299
0.11765265533899799,0.011070761368140235,0,349.95637064841367
0.005695782463351506,0.05,0.08653846153846154,358.4711652383421
0.07361118942537524,0.05,0.06850476403243985,359.1670889271057
0.11333333333333334,0.05,0,358.2178939210887
0.09999999999999999,0.05,0.023094010767585032,358.66771166630843
0.09666666666666665,0.05,0.028867513459481277,358.75846367825915
0.08000000000000003,0.05,0.023094010767585032,358.62904052439217
0.08333333333333338,0.05,0.02886751345948128,358.7326703240829
0,0.016661254898115204,0.10258628627303099,351.0183131457255
0,0.011105544743796294,0.09832542167579443,350.1582694946668
0.07343485079230881,0,0.06802651492016029,349.43808861930347
0.07025847273248473,0.05,0.028795679041325403,358.67270124705715
0.07333333333333336,0.05,0.02309401076758505,358.598994531239
0.07666666666666672,0.05,0.028867513459481298,358.70687261373877
0.08348805339301887,0.05,0.040623624291993565,358.9017212557767
0.0866666666666667,0.05,0.034641016151377546,358.82812396871594
0,0.016649503768432147,0.08988597892798136,350.96401204480895
0,0.02210626199069796,0.09407108587037759,351.9189607182909
0,0.016655379333273677,0.09623613260050617,350.9940343782754
0.005695782463351504,0,0.09935897435897437,348.88967135090644
0,0,0.10256410256410256,348.80164502873515
0.1264399986303581,0.0333527130071465,0,353.95952771720584
0,0.011099669178954764,0.09197526800326962,350.1305137599971
0.11000000000000001,0.05,0.005773502691896269,358.3439650172375
0.06718361213163607,0.05,0.03449734731506576,358.73861206243555
0.06385027879830271,0.05,0.02872384462316951,358.63042741537333
0.11758525957274689,0.027708638851760333,0,352.8048127584441
0.12204538356689444,0.022154122598045417,0,351.7279514517075
0.10999999999999996,0,0.005773502691896257,348.7135574109869
0.07981263576063151,0,0.04600072968111668,349.2526875316297
0.07661038534470802,0,0.040289512202943495,349.1741396667201
0.07322077068941601,0,0.045938008254509444,349.2245664315251
0.07666666666666669,0.05,0.0057735026918962675,358.30078696864626
0.07333333333333336,0.05,0.011547005383792535,358.396320471041
0.07645263104455635,0,0.06294389944097462,349.408807205002
0.07973375861055568,0,0.05732792330013225,349.37002120616063
0.0731418935393402,0,0.05726520187352501,349.34185665077825
0.09666666666666666,0.05,0.005773502691896248,358.35242482393113
0.10333333333333333,0.05,0.005773502691896269,358.35259642738015
0.1,0.05,0.011547005383792518,358.46514715918386
0.011391564926703006,0,0.09615384615384615,348.970493509918
0.11090090987105022,0.0277129959903469,0,352.82346803808446
0.11312513557859934,0.03326315510547525,0,353.9895473909468
0.07040863805143338,0.05,0.0401851674476307,358.8371048686311
0.10666666666666663,0,0.011547005383792514,348.81390479890297
0.0604785469370468,0.05,0.04561671636713753,358.8402043805857
0.06722547003704869,0.05,0.045801153162039754,358.8901952969248
0.05260007347599181,0,0.0731573192210242,349.3403379554979
0.05556957387072983,0,0.06712799840063388,349.3180177894369
0.048908366927111556,0.05,0.05688663981548016,358.86670131148384
0.052473219834240845,0.05,0.06238465690999912,358.9571128107298
0.04760700719738279,0.05,0.06283761672106225,358.91337974731135
0.09097370443162733,0.011054226083192668,0,349.9745613177147
0.09763767170113101,0.011064672294959735,0,349.9828920333805
0.08986891708259015,0,0.040352233629550725,349.21410334648243
0.086404500831847,0,0.04606345110772392,349.2730876677759
0.022306486581222702,0.05,0.07226503846765112,358.66700851282064
0.027818552625727924,0.05,0.06969587884408684,358.72930241686754
0.016665700540630473,0.05,0.07474553700267257,358.59407926343573
0.07681683198561537,0.05,0.04025700186578659,358.87104570212506
0.07359180606581807,0.05,0.034569181733221654,358.7766532597845
0.08000000000000007,0.05,0.034641016151377546,358.806591992131
0.11104171185953313,0.04442105170182509,0,356.6943548812932
0.11770837852619981,0.04442105170182509,0,356.6760416007399
0.022623910161212613,0,0.0775152990842498,349.03754704705193
0.02258535078336558,0,0.07151782482806421,348.99467675000113
0,0.011099669178954765,0.08556501159301323,350.09749836384276
0,0.005549834589477383,0.08765430066830149,349.37139407769774
0.06119868066726619,0.05,0.07795805375958272,359.1631031701466
0.05839145240777435,0.05,0.07333385283743363,359.1057457032067
0.06371151363772003,0.05,0.07205391511560402,359.1362719838208
0.03810835283043882,0.05,0.07566084183114626,358.91542449953675
0.04230861528716924,0,0.05910933108059155,349.127753123858
0.04076375852996999,0,0.06497114695409362,349.1636005856576
0.048659027134058244,0.05,0.07423977245955991,359.0233633023197
0.04456037981545065,0.05,0.07767589656181086,359.00579929156237
0.070450495956846,0.05,0.05148897329460468,358.97786958045475
0.028518555050166684,0,0.08664246175707638,349.1705858084796
0,0.03876652399600433,0.08148901893522138,355.3660974354666
0.017048788012207477,0,0.08054098728227593,348.977273829827
0.017010228634360445,0,0.07454351302609034,348.93697162507567
0.08666666666666664,0,0.02309401076758503,348.97894398914576
0.09333333333333331,0,0.023094010767585025,348.99062169910343
0,0.02764969191881505,0.08580998627018954,352.93539704108315
0.04824280457182513,0,0.05599166196763272,349.1557783410755
0.08000000000000002,0.05,0,358.19635723744756
0.01708734739005451,0,0.09935897435897435,349.06980760783375
0.06651874189721188,0.05,0.07667811603775311,359.1916039251485
0.11548415281865063,0.005537559253363401,0,349.22941841636566
0.07666666666666667,0.05,0.01732050807568878,358.51725202059396
0.0379192827597126,0,0.056365184320048285,349.0550969565963
0,0.005555710154318912,0.1004147107510827,349.4276043661422
0.106452458455952,0.016612677760090202,0,350.8210178595021
0.11096830563730131,0.011075118506726801,0,349.974063021549
0.08,0,0.034641016151377546,349.11708060355073
0.0832022504159235,0,0.04035223362955073,349.19831243094546
0.08666666666666666,0,0.03464101615137754,349.1366185633762
0.09000000000000001,0.05,0.028867513459481277,358.7498789392887
0.08436365045199654,0.044391482111084374,0,356.6752800401003
0.0910303171186632,0.04439148211108438,0,356.6908378443579
0.06370357285684411,0.05,0.05130453649970248,358.9323210235674
0.0672684257639734,0.05,0.05680255359422144,359.0172057332411
0.08333333333333334,0.05,0.017320508075688766,358.54297937208185
0.10430163897063466,0.011075118506726801,0,349.9832166415685
0,0,0.10897435897435898,348.81872957653536
0.09754478705597705,0.027653856808865486,0,352.8219316927447
0.09533465548646086,0.022122821072710776,0,351.76500875350234
0.09333333333333335,0.05,0.011547005383792497,358.4607482103002
0.06710633303484512,0,0.06743043283189634,349.3997981066366
0,0.03872318814307869,0.09412237861676995,355.42610939741337
0.06013221088017662,0,0.056183567047946144,349.2543820077626
0.057114430627929084,0,0.061266182527131806,349.27974822503467
0.12207418857827895,0.03888688235448579,0,355.26071078860684
0.04739183206934021,0,0.0734509668780257,349.29608623769946
0.09539396757065971,0.03878296422216875,0,355.2799156012261
0.07642302110533952,0,0.05164922573268263,349.3004303339496
0.03409367719917183,0,0.08361677355905026,349.22197646191535
0.08872730090399306,0.03878296422216875,0,355.27021715059817
0.02879951841226859,0,0.0927978383717435,349.20454400206216
0.09769698378532986,0.044391482111084374,0,356.69791595824177
0.05345104597847673,0,0.055698014310631226,349.19839294824675
0.04978766132902438,0,0.05012984609413065,349.1102751922727
0.04515309105742663,0,0.06771529371463687,349.23075998950065
0.10875009038573288,0.038842103403650165,0,355.28895195742695
0.09978849118644835,0.01660223154832314,0,350.82299829582917
0,0.03876652399600433,0.08789927534547778,355.4049230279499
0.09312452391694469,0.016591785336556072,0,350.8169726246783
0.005657223085504472,0,0.07413073087201955,348.75493396195674
0.055878619437320524,0.05,0.07923799148141232,359.12865617417117
0.083792938771653,0.05,0.05222221814701863,359.04592564969727
0.016454877115918448,0.05,0.06884907473477808,358.54267871269354
0.021966943160423667,0.05,0.0662799151112138,358.61060159971265
0.09999999999999998,0,0.023094010767585025,348.9945437518923
0.07000000000000002,0.05,0.0173205080756888,358.48295774463173
0.03742926598884075,0.05,0.06369059511827162,358.8052776794678
0.10666666666666667,0.05,0,358.2307861745747
0.016971669256513413,0,0.06854603876990475,348.89162402560845
0.021976143996027844,0,0.06552497699093887,348.9388898065717
0.08999999999999998,0,0.028867513459481284,349.06700955337453
0.010969918077278967,0.05,0.07154040879754436,358.46747423202896
0.083014886176555,0,0.05171194715928987,349.3247788059751
0,0.005549834589477383,0.08124404425804509,349.3349097293691
0,0.005549834589477383,0.09406455707855789,349.4021152302693
0.044470176187704914,0.05,0.05433764056129378,358.79247677559005
0.05020972665684033,0.05,0.05093566290989805,358.8139413465751
0.02294343290116155,0,0.09607840636535893,349.1410245084074
0.039831580589102404,0,0.07994836903118986,349.26426913817636
0,0.033149785994006496,0.08377198994129362,354.0825194072136
0.04316881645797615,0.05,0.06028861746687589,358.84036334181667
0.027589825522880012,0,0.06849676304909832,349.0381664354428
0.10333333333333332,0,0.005773502691896257,348.72133766663706
0.005484959038639483,0.05,0.07423174286031065,358.3838232343189
0,0,0.08333333333333334,348.71619944189104
0,0,0.07692307692307694,348.67624614138816
0.05603807274137014,0.05,0.06788267400451808,359.04017700767173
0.05101240680046247,0.05,0.07969095129247546,359.08696084047443
0.053525239770916305,0.05,0.07378681264849676,359.06696761238015
0.08333333333333331,0,0.028867513459481284,349.051401718483
0.09333333333333332,0,0.03464101615137753,349.148309258123
0.06314999113242414,0,0.051100951568760475,349.22365565688233
0.06983115603412404,0,0.05158650430607539,349.2683608979659
0.09309095135598958,0.03317444633325313,0,353.9811685689411
0,0.022149597843623595,0.08784798259908544,351.89589458694826
0.10437504519286644,0.04442105170182509,0,356.704159373774
0.10666666666666665,0,0,348.61813994844374
0.10881748615198397,0.005537559253363401,0,349.24370137008964
0.03367016209103218,0.05,0.07311184257695988,358.8388046274413
0.03333061867023314,0.05,0.06712671922052256,358.78388204818907
0.027479009204928885,0.05,0.06371075548764951,358.67081021400645
0.07006496566129355,0.05,0.07259144003509649,359.1819289611765
0.05117186010451208,0.05,0.06833563381558122,358.9994899404816
0.05695664975684221,0.05,0.05112009970480026,358.8776782789409
0.1033333333333333,0,0.017320508075688773,348.9075383459998
0.0436117063292213,0,0.07669966795460778,349.2822282133868
0.056468826230724266,0,0.05061539883144556,349.1709604216514
0.038730625718569514,0.05,0.05773961821268951,358.7622645119233
0.11541675705239957,0.038842103403650165,0,355.2737264378787
0,0.027563020212963772,0.09825619281277381,352.97837627208924
0,0.02211213755553949,0.10042123954290241,351.9455829390646
0.11978256710447872,0.03330793405631087,0,353.9787048175661
0.09666666666666665,0,0.005773502691896257,348.72133708780603
0.08697610678603769,0.05,0.046606232432609584,358.98847397965733
0.1,0.05,0,358.23516963998804
0.09999999999999998,0,0.011547005383792514,348.8178155365176
0.06692513939915137,0.05,0.023022176349429158,358.56059053022244
0.04630564746765402,0.05,0.06878859362664436,358.95397665405756
0.03299107524943411,0.05,0.06114159586408524,358.723304555575
0.011314446171008944,0,0.07133838482096216,348.82672659003015
0.11333333333333329,0,0,348.6064963313805
0.08646055664744103,0.016581339124789003,0,350.8029408460497
0.026980618735542274,0,0.06250391521197299,348.980306373058
0.043853472044368486,0,0.053247515207089466,349.0865641123316
0.053731623837044905,0.05,0.04543227957223532,358.78111927650724
0.09088081978647339,0.02764341059709842,0,352.8128725175589
0.08867068821695721,0.022112374860943713,0,351.7534632765951
0.05106091821263131,0.04434300626351187,0,356.45544948964016
0.046666666666666676,0.05,0,357.9594781412691
0.04439425154596466,0.04434300626351186,0,356.38780814092576
0.07666666666666666,0,0.02886751345948129,349.0279059055401
0.07335972009315406,0,0.03425114557773433,349.08463193892203
0.07,0.05,0.005773502691896267,358.2664474359389
0.06669305342648738,0,0.022704140193941826,348.89126426483455
0.0600176773815071,0,0.022410058078256842,348.84394558103253
0.06338610685297479,0,0.028087772312194868,348.94691945388337
0.0253142133495135,0.025602770862321975,0,351.8983491896609
0.027100932488252683,0.03167868556477208,0,353.1557230604999
0.021836759208085747,0.030490613213132865,0,352.8286357748336
0.05736342170779886,0.05,0.02856483906935199,358.5781327418334
0.06043828230864751,0.05,0.022863170795611638,358.51211185312735
0.010795531034385705,0.0037487604507432694,0,348.33487023951875
0.014924395402104745,0.007497520901486539,0,348.8550279621834
0.008257728735438079,0.007497520901486539,0,348.7501762089308
0,0.005540105643147679,0.068444335490007,349.2434355978964
0,0.011080211286295358,0.06637585046719346,349.96085151493617
0,0.011080211286295358,0.07278610687744988,350.0114569356386
0.07974788045993664,0.033127121955500834,0,353.93618035111444
0.08420928433844692,0.027619748408222275,0,352.79259008077656
0.0864194159079631,0.033150784144376985,0,353.9628345761788
0.06435878167063672,0.04436781992220823,0,356.5705979418639
0.06871756334127345,0.038735639844416456,0,355.17740832904684
0.0710254483373034,0.044367819922208236,0,356.6119740989232
0.005524195309306268,0.03198973584272011,0,352.87613897725106
0,0.03333333333333334,0,353.0629757406005
0,0.027777777777777783,0,351.90551592354615
0.026387865699232824,0,0.04640920384014419,348.8132822801693
0.02197868606171425,0,0.04109326046932329,348.6934671595917
0.021667562434984605,0,0.047993918993212245,348.7670178421584
0.055482264756960706,0.005359278206970003,0,349.0536608819459
0.06215836289373747,0.005505667053939281,0,349.12012636321634
0.05764062765069821,0.010864945260909285,0,349.7944079827117
0,0.011289820255272809,0.04718187232755388,349.8037921809587
0,0.005644910127636404,0.042821705394546175,349.0059482186839
0,0.011857455213254892,0.04016822062439082,349.80351255721007
0.029419258662905345,0,0.024371195350491495,348.5742339300153
0.025334674506568587,0,0.02935559843482075,348.5907176285911
0.03278871896221186,0,0.029834538295028072,348.6904936214116
0,0.024847045068920187,0.030413264586317452,351.83877840659403
0,0.029449170391533656,0.025442891374750302,352.6762583633478
0,0.03105645488098492,0.030325445021562505,353.0840920326187
0.005960210016975106,0,0.02885632208897371,348.2958413256558
0.011920420033950212,0,0.032071618536921774,348.43407548169307
0.011920420033950212,0,0.025661362126665362,348.34766058996973
0.06666666666666665,0,0,348.5249686199539
0.06882502956040415,0.005505667053939281,0,349.1607898857595
0.06666666666666667,0.05,0,358.12791925191186
0.07333333333333335,0.05,0,358.16644675366143
0.07002638675982073,0,0.028477642885838077,348.9913010943761
0.005120342368306838,0.04999999999999999,0.010687291810838781,357.5563526728881
0.010240684736613676,0.04999999999999999,0.014964327211421153,357.7303999712425
0.005120342368306838,0.049999999999999996,0.01709754822109519,357.67030832398495
0.04003608479499824,0,0.010120570350086497,348.4794212117534
0.036711460839978526,0,0.004641149773875221,348.35247805727727
0.03342292167995706,0,0.009282299547750441,348.39236246418363
0.07769211500397008,0.044367819922208236,0,356.64473323801917
0.04429786284725479,0.010718556413940006,0,349.6565185669349
0.04644679427088219,0.01607783462091001,0,350.47846779172187
0.039966178964655485,0.015598227683627,0,350.3359122707012
0.037254529363385164,0.05,0.025565258874562343,358.3229411972191
0.04382195121787526,0.05,0.02637653558149873,358.4128647313069
0.04046321246256866,0.05,0.03114305766512998,358.4474889635795
0.043424396054911545,0,0.036918934134867146,348.89833871836095
0.04660602869196796,0,0.04352439011449889,349.00826246628685
0.0500365283421139,0,0.037971576226604645,348.97356526156466
0.01652647870570732,0.05,0.06302954296503085,358.49117697023524
0.059899325880870206,0,0.045062584943551316,349.1358207956482
0.06658049078257008,0,0.04554813768086623,349.18476587203503
0.06332982553101615,0,0.039509771055657075,349.09411361327244
0.01771505728527921,0.03620169390766243,0,354.01981653140746
0.022979230565446148,0.03738976625930165,0,354.3782938385283
0.026972482040283262,0,0.05618144700409816,348.9219879762025
0,0.03290868142769673,0.07711809427044644,353.9853210461941
0,0.027639962972485346,0.07942053391240786,352.8935991931771
0,0.027398858406175574,0.07276663824156068,352.79734042945773
0.0733333333333333,0,0.011547005383792525,348.7554570847044
0.07666666666666665,0,0.005773502691896262,348.67467652940996
0.06999999999999998,0,0.005773502691896262,348.64354509416756
0.03674754563497677,0,0.014761720123961715,348.51760738000354
0.03013438251993559,0,0.013923449321625661,348.42717173939974
0.0335038428192421,0,0.019386792266162238,348.5510684271325
0.053315914576706085,0,0.010958841152422554,348.6171378037741
0.046649247910039424,0,0.010958841152422554,348.55868343285937
0.04997387186505914,0,0.01643826172863383,348.67508908181975
0,0.016934730382909213,0.051542039260561584,350.70981367763153
0,0.017502365340891293,0.04452838755739852,350.7239582569241
0,0.02217104241733967,0.04977607028495186,351.58697575057755
0.02604979836359883,0,0.018907852405954915,348.45185495391803
0.005657223085504471,0,0.06131021805150672,348.652746691336
0.011306309475749933,0,0.05860566020283092,348.7200095954576
0.005649086390245463,0,0.0549877498436319,348.5937144502564
0.05772758487929797,0.04434300626351186,0,356.5141109061222
0.05333333333333333,0.05,0,358.02461640285026
0.03694572105500607,0.05,0.004803220431142359,357.947308130439
0.0302790543883394,0.05,0.004803220431142359,357.86019092778355
0.033333333333333354,0.05,0,357.80279224896515
0.07533733011352123,0.022067266684410513,0,351.7011129038317
0.07753774889042046,0.027596086219346127,0,352.76398741169214
0.07087592623501095,0.027574640231689075,0,352.7276547614485
0.005649086390245462,0,0.04216723702311907,348.45709457101384
0,0,0.044871794871794886,348.3906637816251
0.005649086390245462,0,0.04857749343337549,348.5282843790089
0,0.022547145604442397,0.019641323896552352,351.25321341675584
0,0.02185453062941587,0.01375193685359945,351.03428847079675
0,0.027149270927055866,0.014670950684985206,352.04235353550575
0.039999999999999994,0,0,348.30751851868087
0.04214893142362739,0.005359278206970003,0,348.93286880925456
0.035668316117400685,0.004879671269686994,0,348.80498614833897
0,0.027742152332814185,0.004277641007404566,351.97807530785377
0,0.022150971332295027,0.008555282014809132,350.99945451312834
0,0.02218659677725863,0.004277641007404566,350.9303562138463
0.07333333333333332,0,0.023094010767585042,348.9320252225337
0.07666666666666665,0,0.017320508075688783,348.8607147102912
0.06999999999999998,0,0.017320508075688787,348.8294385545318
0,0.022139868897293892,0.08145853024130377,351.85660911831366
0.06644514822057143,0.03307864610792832,0,353.857775974761
0.0642447294436722,0.02754982657299271,0,352.6825595486012
0,0.027445711629935025,0.009474295846194886,352.01237239639426
0.05017980957616282,0.05,0.0056144971380787485,358.10998891663786
0.05369295248565897,0.05,0.011228994276157497,358.2515059947543
0.047026285818992306,0.05,0.011228994276157497,358.18679607347144
0.029743854144087162,0,0.03467154180564165,348.7166758094064
0.03719789859973043,0,0.03515048166584898,348.81044314045926
0.02005004006934656,0.02441469851068276,0,351.5967521603732
0.016572585927918805,0.029302540861493642,0,352.501811475628
0.016963532561254407,0,0.06222357056202994,348.8388650932047
0.04666666666666665,0,0,348.3735894791167
0.015177254986331575,0.02328378769173903,0,351.3125209998077
0,0.03549802723440269,0.007880216370512269,353.69320048955007
0,0.03303689263045418,0.005196654838790319,353.09673596001306
0,0.035794467937281846,0.00268356153172195,353.66361880053637
0.04356116387384327,0,0.04836139362511248,349.0325213398541
0.04336070875001795,0,0.015599990926297772,348.60024649414345
0.04011700593428328,0,0.020225063068498295,348.63704815581104
0.032365105768419625,0.0328667579164113,0,353.48307333262704
0.028243403845613087,0.038577838610940864,0,354.73703413211
0.07999999999999997,0,0.011547005383792521,348.78276440969483
0.011048390618612536,0.025090582796551318,0,351.58156725457326
0.005524195309306268,0.02643418028716455,0,351.74365058488047
0.005524195309306268,0.020878624731608994,0,350.7216284442314
0.08199915276893074,0.022088712672067565,0,351.73123239579263
0.07979873399203151,0.01655989313713195,0,350.77903451237137
0,0.0055555555555555575,0,348.3678928517993
0.004128864367719039,0.009304316006298826,0,348.9176046026299
0,0.011111111111111115,0,349.09244289594716
0,0.029515722145368566,0.03566094731387079,352.83561855832454
0.027224775443345447,0.05,0.009606440862284718,357.91074407512656
0.030837163165018167,0.05,0.014409661293427078,358.05066790198
0.025678451144985615,0.05,0.013883476262867091,357.96735352212085
0,0.005644910127636404,0.04923196180480259,349.0773063940288
0,0.011289820255272809,0.053592128737810295,349.8721265408306
0.005960210016975106,0,0.03526657849923012,348.37911075528444
0,0,0.03846153846153847,348.31628179080735
0.020000000000000018,0.05,0,357.6086586561814
0.024121701922806552,0.04428891930547043,0,356.11222923996155
0.026666666666666686,0.05,0,357.7105584852071
0.03781724754102808,0.010238949476656996,0,349.5212994759668
0.073136911336622,0.016538447149474896,0,350.7470926686898
0.06867550745811171,0.02204582069675346,0,351.6629579018674
0.08666666666666664,0,0.011547005383792514,348.80221853259485
0.08999999999999998,0,0.005773502691896257,348.7135620714903
0.08333333333333331,0,0.005773502691896257,348.69801502363134
0.05059268646283706,0.05,0.02747068732542536,358.5002475485327
0.054004682952492264,0.05,0.03333136115298324,358.6203062118413
0,0.022222222222222227,0,350.8585223582134
0.032510368468616116,0.05,0.05596225516743414,358.66362640112044
0.03824991893775152,0.05,0.05256027751603841,358.70024985714
0.04184928680210452,0.038631925568982296,0,354.9216533803261
0.037455035256139885,0.04428891930547044,0,356.29357312979465
0.023378127506645197,0,0.00464114977387522,348.189282589243
0.026666666666666665,0,0,348.1521994205088
0.019999999999999997,0,0,348.06296636719156
0.017999600712033298,0,0.004117728649829512,348.1057504023616
0.030788368589473217,0.04428891930547044,0,356.2077342175119
0,0.02726255832435453,0.05972088170602192,352.656692269039
0,0.02733495638806233,0.05386549150768202,352.6118587872559
0,0.03249887035878499,0.05795491273041219,353.73094527726835
0,0.006212545085618486,0.02298754087087029,348.81775725935984
0,0,0.019230769230769235,348.0584375152555
0,0.005519930110591957,0.01709815382791739,348.6454218318925
0.031336632234801376,0.009759342539373987,0,349.379445239063
0.017912807964720927,0.05,0.03742939123830036,358.217884880389
0.012356247336292574,0.05,0.033119744250301036,358.06084770175903
0.01853437100443886,0.05,0.030448847144682323,358.12834893940175
0,0.0383567129270926,0.05591558098493073,355.0500481473519
0,0.044214555495400196,0.05387624923944926,356.4997537365505
0,0.0441421574316924,0.059731639437789155,356.5418007574667
0.031692785304531484,0,0.05459673185103012,348.96571711495545
0,0.01863763525685546,0.030501084151072402,350.7329764928585
0,0.012425090171236972,0.033154568921227756,349.79680929257796
0,0.012425090171236972,0.026744312510971344,349.70927025189417
0.0469608885920831,0.05,0.04433812782830869,358.7011858452143
0.04398946940688692,0.05,0.04915829986464267,358.728125620478
0,0.03829600748313057,0.01680356608783705,354.5019100239105
0,0.03520158653152353,0.013076871209302588,353.71846622913483
0,0.04105358278995824,0.014290472780768679,355.13133131821206
0.006666666666666665,0,0,347.8608616749509
0.0041288643677190396,0.0037487604507432694,0,348.2261859814964
0.05664924791003941,0,0.016732343844318813,348.7344233966192
0.053342301336526815,0,0.022115975962571855,348.78874240666823
0.02721076027279971,0.05,0.04055199823098206,358.4051415576863
0.026589197233081778,0.05,0.047532542324600094,358.48414783952904
0.02225100259890135,0.05,0.04248096678145022,358.3551611376626
0.021965214207262072,0,0.02389225549028417,348.46985636412927
0,0.016559790331775872,0.0128329230222137,350.1271133564242
0,0.01659541577673947,0.008555282014809132,350.06147614216775
0.08430703776496068,0.01105422608319267,0,349.95981677618784
0.07764521510955116,0.011032780095535617,0,349.93409377707144
0,0.03842911099080039,0.04364993437633442,354.92678685486885
0,0.0442145554954002,0.04746599282919285,356.42674347960644
0,0.038429110990800396,0.05006019078659084,355.0034047952629
0,0.045755288231016544,0.029309977716371748,356.59145485533367
0,0.04575528823101655,0.035720234126628156,356.68375181554285
0,0.0415105764620331,0.03297892979171786,355.5418381197312
0,0.03852541942969456,0.07483512326437422,355.26109499245524
0,0.011089940232625061,0.07917555923523154,350.05742987791706
0,0.005540105643147679,0.0748545919002634,349.29154584688087
0.015907313729202937,0.04680832072501051,0,356.6534590671741
0.013333333333333345,0.05,0,357.4979568748795
0.009240647062536264,0.04680832072501051,0,356.5365467412329
0.021577520424792513,0.05,0.019229871546618836,357.99809382160475
0.020519739124953064,0.049999999999999996,0.013357291232307103,357.87822090415216
0,0.05,0.00641025641025641,357.3719533983191
0,0.04690557904839296,0.00909381794197836,356.56179721886525
0,0.04690557904839296,0.00268356153172195,356.4371453049336
0,0.034184399221816944,0.04090863004142413,353.9083069003644
0,0.03996984372641675,0.03831443208402614,355.2323663694477
0,0.05,0.01282051282051282,357.491953592452
0,0.04690557904839296,0.01550407435223477,356.67749045251344
0.018857528642639614,0.043100846953831214,0,355.7220989249252
0.014764842371842533,0.03990916767884173,0,354.853157559126
0.022038544750212538,0.05,0.060460383341466584,358.5565754126015
0.01659808029549619,0.05,0.05721001119528365,358.43435474267807
0.02211014634000141,0.05,0.05464085157171937,358.49722874039145
0.0570262858189923,0.05,0.01700249696805376,358.3853170126379
0.06351314290949615,0.05,0.01716150252187128,358.4382950639815
0.06017980957616282,0.05,0.011387999829975015,358.30868662743006
0.02584398482381546,0.05,0.030680250651498205,358.24612025469173
0.03315359864319206,0.05,0.03091165415831409,358.35250026275094
0.030182179457995884,0.05,0.03573182619464807,358.38176722186506
0.05665795728835303,0,0.005479420576211277,348.5528474638016
0.04999129062168637,0,0.005479420576211277,348.4984225774884
0.01747658970459941,0.05,0.024576266830370584,358.01980330293094
0.011298466036453125,0.05,0.02083690752573289,357.85073353935627
0.016418808404759965,0.05,0.018703686516058853,357.9047770058218
0,0.017945020281828927,0.024611697108119498,350.5341408669505
0,0.0172524053068024,0.0187223100651666,350.3321864881391
0.07999999999999999,0,0,348.58709688864843
0.07549169622707082,0.005505667053939281,0,349.1936624591663
0.07333333333333332,0,0,348.55992822886935
0.010626477395675071,0,0.020153537918290398,348.24876934966625
0.016586687412650177,0,0.02336883436623846,348.3859540008866
0.016955395865995395,0,0.055901102354155116,348.7804486091509
0.021968007300768835,0,0.059202508783064045,348.88335114194217
0.021959870605509822,0,0.052880040575189226,348.8221549256625
0,0.02188903538465442,0.06841518221267492,351.7161000269072
0,0.016725121413931763,0.06432576098994475,350.79989259323565
0,0.021993839869143147,0.06202332134798333,351.6791098512465
0.0633333333333333,0,0.005773502691896262,348.60462270978866
0.05999999999999998,0,0,348.48221806190213
0,0.05,0.0641025641025641,358.18557297990077
0,0.05,0.05769230769230769,358.1228868425006
0.04673016904932446,0,0.021063333870834353,348.71523135802585
0.041752898103394664,0.021674142386077105,0,351.3738623037316
0,0.05,0.05128205128205128,358.05348426900645
0.005556560628428353,0.05,0.04918144185979419,358.14245585997077
0.005556560628428353,0.05,0.0555916982700506,358.2141625038359
0.02162943955918342,0.05,0.049461510875068254,358.43118400496377
0.01729124492500299,0.05,0.04440993533191839,358.2991725772625
0.04685489570505748,0,0.0313661202469729,348.86033377607555
0.05346702799225984,0,0.032418762338710404,348.9323005004698
0.0393043220582444,0.03292084487445273,0,353.5798565657778
0.034910070512279755,0.03857783861094087,0,354.8261442581852
0.022334982784067356,0.004879671269686994,0,348.6375573034438
0.02900164945073402,0.004879671269686994,0,348.7251295606352
0.017569506424195674,0,0.03577731709850238,348.56634916891306
0.017258382797466033,0,0.04267797562239134,348.6447487033843
0.03740458501950826,0.05,0.015220938000363466,358.1507160752327
0.034045846264201665,0.05,0.019987460083994713,358.1906675100194
0.05999129062168636,0,0.01125292326810754,348.67269258416746
0,0.05,0.019230769230769232,357.60299510630153
0.006178123668146286,0.05,0.022970128535406927,357.789468502465
0,0.05,0.02564102564102564,357.7077541687519
0.037059001935907145,0.0272704501512442,0,352.3753974840333
0.03057838662968044,0.02679084321396119,0,352.20020920540924
0.05096452951392145,0.010718556413940006,0,349.71907745855253
0.05312289240765895,0.016224223467879287,0,350.5626633587698
0.023612387721672734,0.05,0.004803220431142359,357.7634076598604
0.018453675701640183,0.05,0.004277035400582372,357.67126838416124
0.01666968188528506,0.05,0.05139047942553643,358.3722120300221
0,0.006212545085618486,0.0293977972811267,348.9074128877854
0,0.034051295714147126,0.020472518163183157,353.583805889046
0,0.03244401122469586,0.015589964516370958,353.1513085505513
0.05999999999999999,0.05,0,358.08077473219913
0,0.02784188590208239,0.020560337727938104,352.2751302957091
0.02675625501329039,0,0.00928229954775044,348.31068437997914
0.011314446171008942,0,0.06492812841070573,348.77590518219927
0.005657223085504471,0,0.06772047446176313,348.70671571940807
0,0.03565858020359838,0.025355071809995355,354.023008829173
0.005484959038639482,0.05,0.06782148645005423,358.3311584857696
0.010969918077278965,0.05,0.06513015238728795,358.41201784890524
0,0.05,0.07051282051282051,358.2418526055884
0,0.044142157431692405,0.06614189584804557,356.602283475213
0.02706990401389977,0.05,0.052711883021251196,358.55139813730136
0.027550610794717757,0.05,0.0578912237179023,358.61425958224237
0.03749179327737248,0.05,0.035963229701463956,358.4812531102519
0.02994491554400856,0.05,0.02533385536774646,358.2229092914344
0.04869211439321944,0.021728229344118537,0,351.4536289400309
0.0553682125299962,0.021874618191087814,0,351.53890303057216
0,0,0.07051282051282054,348.63063106412164
0.006178123668146286,0.05,0.029380384945663335,357.88997866115386
0.006178123668146286,0.05,0.03579064135591975,357.98295087474753
0.01333333333333333,0,0,347.9657354932951
0.01746219770105237,0.0037487604507432694,0,348.43591155309315
0.011298172780490926,0,0.052283191994956096,348.6584564570658
0.06666666666666664,0,0.011547005383792525,348.7203628739985
0,0,0.025641025641025647,348.15020973142276
0.005960210016975106,0,0.0224460656787173,348.2067477717104
0,0,0.06410256410256412,348.57926520133185
0.04371205052732588,0.05,0.037740592746719336,358.5790350508824
0.0407406313421297,0.05,0.04256076478305332,358.60938701185046
0.0633246239550197,0,0.017026425960003803,348.78587322085656
0.019797180485119727,0.008628431720430263,0,349.07399593446985
0.017259378186172104,0.012377192171173532,0,349.5566057886841
0.030044794173311858,0,0.00464114977387522,348.2747381580039
0.033333333333333326,0,0,348.23371680433854
0.011787009034973511,0.049999999999999996,0.004277035400582371,357.5579464942301
0.006666666666666672,0.05,0,357.3760688307866
0.022289809688443893,0,0.03419260194543433,348.61314281261645
0.04351314290949616,0.05,0.005614497138078748,358.04057485908965
0.040458863964502205,0.05,0.010417717569221108,358.0990682328989
0.01173468429657464,0.05,0.04010028834391907,358.14617806565656
0.05684647624282948,0.05,0.0056144971380787485,358.17042304195365
0,0.005519930110591957,0.004277641007404566,348.4379866782547
0,0,0,347.74834491215876
0.09333333333333332,0,0,348.6181475911871
0,0.02213013995096419,0.0750690778835221,351.81141919332634
0,0.05,0.03205128205128205,357.8049752861071
0,0.016631041221703072,0.004277641007404566,349.99310337156044
0,0.01666666666666667,0,349.9219950446024
0,0.05,0,357.2429945239027
0.005120342368306838,0.049999999999999996,0.004277035400582371,357.43343834150795
0.06333333333333332,0.05,0.005773502691896267,358.22349088526823
0.03348556365842878,0.01511862074634399,0,350.18672160374473
0.028791667490941253,0.020714928511511084,0,351.04948335815106
0.027004948352202074,0.01463901380906098,0,350.03089579085264
0.04399821822573191,0.027324537109285632,0,352.4636724187584
0,0.05,0.038461538461538464,357.8946584583673
0.005556560628428353,0.05,0.042771185449537785,358.0640756615553
0,0.05,0.04487179487179487,357.97740814096204
0.03452037409217631,0.05,0.04078340173779794,358.5091246336315
0.088820185549147,0.005527113041596334,0,349.23828007800466
0,0.011185015770784085,0.05998398960250188,349.9194732423421
0,0.005644910127636405,0.055642218215059006,349.14290483262636
0,0.016630045875772742,0.07710707421241801,350.88456140973
0,0.006212545085618487,0.03580805369138312,348.9912443918942
0.06666666666666668,0.05,0.011547005383792535,358.3575518894125
0.040000000000000015,0.05,0,357.88535994745547
0.04881559809029405,0.005359278206970004,0,348.9971837352813
0.01690735140328035,0.05,0.008554070801164744,357.72947218145873
0.0220660634233129,0.05,0.009080255831724731,357.8230172473474
0.023527494210774318,0.019526856159871868,0,350.7731135987815
0.04037953123678685,0,0.04175593764548073,348.92543775112665
0.037334666418662156,0,0.04659294115609431,348.9474855715896
0.019377328930711795,0,0.012876607073534243,348.2686808274856
0.021377728218678494,0,0.008758878423704732,348.23057321492735
0.0159992014240666,0,0.008235457299659023,348.14535142440576
0,0.0415105764620331,0.026568673381461447,355.4469273715728
0,0.038284314863384794,0.06818122759352703,355.1495966896402
0,0.03242647229507719,0.06381030292875209,353.771436744744
0,0.038284314863384794,0.06177097118327062,355.0913173915478
0.055455169758595955,0.03868601252702373,0,355.0691331670112
0.010240684736613676,0.04999999999999999,0.008554070801164743,357.6135301828984
0.015361027104920516,0.049999999999999996,0.012831106201747114,357.7832700480741
0.011609296407220568,0,0.03897227706081073,348.51565398899766
0.013998802136099898,0,0.012353185949488532,348.18176943332395
0.06997010543786208,0,0.03989964162930028,349.1380150546607
0,0.005540105643147679,0.06203407907975059,349.1895745633886
0,0.02323976057946893,0.025530710939505253,351.4690196098115
0.012356247336292573,0.05,0.02670948784004462,357.9645864468318
0.031548954906980134,0.05,0.04560357377413192,358.53110353371807
0.011814627458405854,0.04361664145002102,0,355.7357463887556
0.005147960791739182,0.04361664145002102,0,355.61262351817504
0.03687330311854861,0,0.024850135210698815,348.66884583016423
0,0,0.0512820512820513,348.45928603569564
0.02475585572532369,0,0.01340002819757995,348.35048159617753
0.020671271568986935,0,0.018384431281909207,348.37155870068557
0.043486466233589795,0,0.025688406013034872,348.75036964691753
0.040242763417855126,0,0.0303134781552354,348.780503948495
0.05053942872848845,0.05,0.016843491414236245,358.32402359060103
0.05395142521814365,0.05,0.022704165241794118,358.45531780533884
0.04718068997318185,0.05,0.021610013497867488,358.3717096069807
0.00809817570517586,0.03435361212328617,0,353.43832415206685
0.002573980395869591,0.035697209613899404,0,353.639296923676
0.0820557654559666,0.03875930203329261,0,355.2457767531764
0.07538423000794013,0.03873563984441646,0,355.2130161234527
0,0.0379591618383512,0.010563777902234218,354.3129250394378
0,0.03825560254123036,0.0053671230634439,354.2875218808229
0.01067215610104545,0.036717488403852236,0,354.02170310391557
0.048788503091929294,0.03868601252702373,0,355.007968663396
0.07999999999999999,0,0.023094010767585035,348.95941120688497
0.011048390618612536,0.030646138352106875,0,352.6890842222603
0.0046662673786999655,0,0.004117728649829511,347.8988030884894
0.05333333333333331,0,0,348.43182266019045
0.05664866062931626,0,0.03902421831834216,349.0409287015822
0.024669965568134715,0.009759342539373987,0,349.29353377799754
0.050937434515556684,0.027378624067327065,0,352.54275351441237
0.057613532652333446,0.02752501291429634,0,352.62910612844706
0,0,0.05769230769230771,348.5221485530188
0.08333333333333331,0,0.017320508075688777,348.8841376639602
0.022635301724631962,0.05,0.025102451860930575,358.1114860784188
0.026736232444825064,0.05,0.019756056577178827,358.08559239927826
0.005147960791739182,0.03806108589446547,0,354.2368118837844
0.002573980395869591,0.04125276516945496,0,354.9625970124064
0,0.01662031692944304,0.07071762185463634,350.8359794076614
0.04332462395501971,0,0.005479420576211276,348.43615991181304
0.0046662673786999655,0,0.016938241470342334,348.1041872602503
0.009332534757399931,0,0.014645713709915433,348.1452978996064
0.032029661687798125,0.05,0.05078291447078303,358.5995593938348
0.011113121256856706,0.05,0.04708083243753711,358.2232601854402
0.03762697458918737,0,0.0514790627380713,349.0029972653017
0,0.01807000029887338,0.03751473585423547,350.7316791953331
0.009332534757399931,0,0.008235457299659021,348.0432779288778
0.03140047713400627,0,0.04971061026905313,348.9121485024262
0.026680173869758045,0,0.051295325422121174,348.8693411293947
0,0.01682992589842049,0.05793390012525318,350.75783734989244
0.04624353834806916,0.032974931832494156,0,353.6674459598575
0,0.03257126842249279,0.0520995225320723,353.68507970189967
0.011041519667067836,0.05,0.059310620617540735,358.3573046168403
0.005484959038639482,0.05,0.061411230039797815,358.2720872255076
0.03527228279716796,0.021194535448794096,0,351.21499040390916
0,0.016639774822102445,0.08349652657019968,350.92723895544594
0.07098339245414165,0.011011334107878561,0,349.90033526795173
0.015292744774375039,0,0.017861010157863497,348.28615182198337
0.06431672578747497,0.011011334107878561,0,349.86175878091717
0.06647508868121248,0.016517001161817844,0,350.70711531500496
0.059798990544435715,0.016370612314848564,0,350.63887919986405
0,0.03888888888888889,0,354.33376428367075
0,0.044444444444444446,0,355.72710387810474
0,0.0413500234928374,0.0026835615317219496,354.989106527053
0,0,0.012820512820512825,347.9607794152977
0,0.005519930110591957,0.010687897417660979,348.54455730561085
0.017880630050925318,0,0.028876658574613426,348.48117597003335
0.016947259170736386,0,0.04957863414628029,348.716374573447
0.06671944018630813,0,0.03386127500409112,349.04440644496435
0,0.011732475196210443,0.020854925468018443,349.5236847252065
0,0.011039860221183913,0.014965538425065544,349.3349804456156
0,0,0.006410256410256413,347.8574152142654
0.03776921215693353,0.05,0.0473809368193873,358.6338463495256
0.01133293404536663,0,0.004117728649829511,348.00609821764937
0.011298172780490926,0,0.04587293558469969,348.5904588318937
0,0.045755288231016544,0.02289972130611534,356.49161995002925
0,0.03990329197258184,0.021686119734649248,354.97106589692555
0.050098598520792154,0,0.026741048104772378,348.827040085029
0.011113121256856706,0.05,0.053491088847793515,358.29727089967633
0,0.044214555495400196,0.041055736418936443,356.347059668112
0.02213216326918709,0.013508102990117257,0,349.79346585414766
0,0.03572513195743329,0.03557312774911584,354.1866660177959
0,0.03726586469304965,0.030237625456807554,354.46891737093216
0,0,0.03205128205128206,348.23615782327346
0.07307634501191018,0.03310345976662469,0,353.9012058937479
0.03415303378160574,0,0.039987485176462556,348.83533112012077
0.012386593103157118,0.011246281352229806,0,349.320315594462
0,0.02740735445177013,0.048010101309342135,352.5616511975797
0.05321816097917032,0,0.044577032206236405,349.0788857251138
0,0.040716737145178865,0.00805068459516585,354.9346849814601
0.056710730807994505,0,0.02779369019650988,348.8958474199543
0,0.03274045192757502,0.010393309677580637,353.12618022999663
0.04723394770753046,0.05,0.03223720940905661,358.5386463996729
0.004128864367719039,0.014859871561854383,0,349.7140253282706
0.009653059677025306,0.019071829626796707,0,350.4831204586828
0,0.0271577538398658,0.0661127425707135,352.6945858059348
0.060079160279462196,0,0.03347140443044791,348.99640412167804
0,0.02273867737532175,0.042762418581788794,351.6087411013017
0.05048278577228769,0.05,0.038834744490645966,358.6645804845756
0.007721941187608772,0.040424962175031526,0,354.855520620926
0.022872565638619283,0.05,0.035500422687832184,358.27089002624746
0.026698989325962468,0,0.039508545316255236,348.7378067850985
0.0046662673786999655,0,0.010527985060085922,348.004348224907
0.05318275463789393,0.03302901879053559,0,353.7458415148662
0.002573980395869591,0.04680832072501051,0,356.40844815250057
0,0.043811158096785915,0.01177737947370031,355.78805374423297
0,0.043811158096785915,0.0053671230634439,355.66770879078604
0.018654709127759333,0.018395945340928144,0,350.5122830501463
0.05981395142923268,0.03305383244923196,0,353.8059878484671
0.062086366549934706,0.038710826185720096,0,355.12744985168257
0,0.04414215743169239,0.07255215225830197,356.65635968124667
0,0.023306312333303835,0.035748766878625736,351.6240828111421
0.06204431066677296,0.02202100703805709,0,351.6161973951599
0,0.03264366648620059,0.04624413233373241,353.6338400186378
0.043972006873998354,0.05,0.016032214707299854,358.24183463810635
0,0.02209864435363187,0.05563146048329175,351.63615124666825
0.04061326811869176,0.05,0.0207987367909311,358.28565336368956
0.013622371014482127,0.03301001463267294,0,353.23713338881623
0.031108168963481043,0,0.04482448868707614,348.8551678874796
0.03389144211001212,0.05,0.00960644086228472,358.0024107819472
0,0.044148003741565287,0.01801716765930314,355.98580554249384
0,0.03266757686138696,0.07046419859959926,353.88162682537086
0,0.011039860221183913,0.008555282014809132,349.2309094930099
0.08215351888248033,0.005527113041596335,0,349.22120212372073
0.008257728735438077,0.013053076457042095,0,349.5134655115572
0.013781924044744345,0.01726503452198442,0,350.2520223727524
0,0.02797498940975221,0.04099644960617907,352.5910373197352
0.08666666666666666,0,0,348.60650825568933
0,0.011075485666147515,0.004277641007404566,349.1630439726539
