% Model,3d_full_flux.mph
% Version,COMSOL 6.2.0.339
% Date,"Apr 17 2026, 16:39"
% Dimension,3
% Nodes,4286
% Expressions,1
% Description,Volume
% X,Y,Z,Temperature
0.17656132305921285,0.05,0.24539001097615984,377.73979566315006
0.17333333333333337,0.05,0.25,377.6779814027963
0.16989465639254617,0.05,0.24539001097615984,377.8720929759407
0.09785108682395038,0.027726898495404904,0.25,372.79228023594055
0.1000925894728541,0.03328181003790619,0.25,374.05524769738327
0.10449794177632822,0.027733304452145127,0.25,372.7917488603916
0.2,0.03372003901035904,0.1861366274361847,374.09076346470647
0.2,0.03919779934264397,0.19030176612715233,375.37220363949393
0.19999999999999996,0.039044479335430135,0.18397741492575698,375.4158442371524
0.19577290344402273,0.04647521159494428,0.25,376.1747441908922
0.2,0.05,0.25,377.0412850792664
0.2,0.044444444444444446,0.25,375.51339765062073
0.20000000000000004,0.03970541749367719,0.20937476088977364,375.19962888696955
0.20000000000000007,0.03438097716860609,0.20512371698994492,373.9673090286896
0.20000000000000007,0.034735275312425484,0.2114621041409145,373.9407530982544
0.1,0.05,0.25,378.39716460095536
0.09333333333333335,0.05,0.25,378.39123766155404
0.09666666666666666,0.05,0.24422649730810375,378.55584726544856
0.1625600087032334,0,0.21370454342262063,368.03673055543476
0.16684695288401208,0,0.21878578569668544,367.8772227213472
0.1698248161400387,0,0.21406754981159695,367.91187586156445
0.19438707888783163,0.05,0.1822849676352139,378.5306035884008
0.18877415777566323,0.05,0.1786724993729919,378.71794772817594
0.19438707888783163,0.05,0.17587471122495751,378.60364228239376
0.2,0,0.17948717948717946,367.76345027902397
0.2,0,0.18589743589743588,367.69162995503075
0.2,0.005771578769674226,0.18386806866697095,368.59556402148235
0.18868709546784304,0.05,0.19756523420086725,378.4673459303203
0.18303064320176457,0.05000000000000001,0.20019400514745475,378.56141659916676
0.18307417435567466,0.05000000000000001,0.19395276593864527,378.65628477659556
0.16981582660076117,0.006452880617861938,0.25,368.1382914536719
0.17333333333333334,0,0.25,367.0952023079085
0.16666666666666669,0,0.25,367.20888984988
0.15015755669225445,0.05,0.2334557015909966,378.49598653215065
0.14343837112816962,0.05,0.2331969650354348,378.586557059237
0.14694763162361918,0.05,0.22819754152879215,378.66039173755615
0.19577290344402276,0.04091965603938871,0.25,374.7069937691529
0.2,0.03888888888888889,0.25,374.0823321189735
0.15333333333333338,0.05,0.25,378.01865298359724
0.15005251889741816,0.05,0.24448523386366555,378.2164684220306
0.15671918556408485,0.05,0.24448523386366555,378.1210921916597
0.2,0.005771578769674226,0.19027832507722736,368.5172716283667
0.2,0.0117461274236881,0.19464571272414175,369.4614733692973
0.2,0.011543157539348451,0.18824895784676243,369.5105040064114
0.17439879130832187,0,0.2361551209948211,367.3967992868822
0.17286300173654562,0,0.24041232833601056,367.32984267268085
0.17796729044004905,0,0.24094895682681583,367.2235591683217
0.12894486494857954,0.03893184331585173,0.25,375.3189813115812
0.12447243247428977,0.044465921657925865,0.25,376.78818465270547
0.13113909914095645,0.04446592165792587,0.25,376.7390686813576
0.17378338179202923,0.05,0.23113407692858218,378.15439079751695
0.16635177127618772,0.05,0.23064234072270126,378.30726877433517
0.1704511838905785,0.05,0.225606384722804,378.3449076739299
0.2,0.011543157539348451,0.18183870143650602,369.587185380013
0.18906352138794558,0.0055719509085705166,0.25,367.6206681685151
0.18479370944255785,0.011143901817141033,0.25,368.63178730358
0.1914603761092245,0.011143901817141033,0.25,368.48510273581945
0.11112876645920328,0.04443154065046221,0.25,376.8417365941111
0.11779543312586994,0.04443154065046221,0.25,376.81627583708473
0.11559086625173987,0.03886308130092442,0.25,375.3798995845789
0.20000000000000004,0.02364562179344271,0.20954006726291835,371.5048493709985
0.20000000000000004,0.023291323649623313,0.20320168011194878,371.53734475424153
0.2,0.017923645962041622,0.20540985524843547,370.4334479823563
0.2,0.011949097308027748,0.20745272401177747,369.30268670036315
0.2,0.011949097308027748,0.20104246760152106,369.404134473735
0.18833761674085844,0.049999999999999996,0.21093154387156796,378.2498680713868
0.19399406900693691,0.049999999999999996,0.2147130293352369,378.03421642217154
0.18798813801387385,0.04999999999999999,0.21788759713201225,378.12485049053925
0.2,0.017720676077701975,0.19901310037105613,370.49441480553077
0.2,0.023088353765283662,0.19680492523456944,371.5935465499889
0.2,0.017517706193362327,0.19261634549367682,370.54707337025707
0.1222678656001597,0.03889746230838808,0.25,375.3552539086743
0.16666666666666669,0.05,0.25,377.80403889539986
0.16322798972587949,0.05,0.2453900109761598,377.99175560135217
0.19999999999999998,0.02273206387373019,0.18408381915579478,371.6903185281801
0.2,0.01718909680365388,0.1797620180445905,370.6428809788257
0.19999999999999998,0.017314736309022676,0.18621959061629748,370.59142367653516
0.1503447691146056,0.05000000000000001,0.2122571894887252,378.9470520778456
0.14738869408490407,0.05,0.2055626676352261,379.1076815803983
0.15377522541388328,0.05,0.20619791260414663,379.0091101172852
0.06238288394882709,0.02218509910138524,0.25,371.43764540850333
0.05790990626386332,0.02777325317749974,0.25,372.57358219665207
0.06459318378107928,0.027730418415656065,0.25,372.6314277839224
0.16241957432729415,0.0402080935700942,0.25,375.2363829801836
0.15798329877630077,0.04467890330035319,0.25,376.47752657514206
0.16443627555099338,0.045529190269741004,0.25,376.60071325027593
0.2,0.027812817671170345,0.24586599720222807,371.616227185131
0.2,0.03333333333333333,0.25,372.7480884843248
0.2,0.034124979123350746,0.24522166635949705,373.0575747338127
0.1897382458102191,0,0.24148558531762104,366.97004700565384
0.18307157914355246,0,0.24148558531762107,367.1108385286309
0.1882024562384429,0,0.24574279265881055,366.9047672429808
0.17776960888432675,0.04552919026974101,0.25,376.3449676798802
0.18000000000000002,0.05,0.25,377.53928922281375
0.19486912290510955,0,0.2393325362485541,366.90282286882024
0.18973824581021914,0,0.23507532890736466,367.11182768882145
0.2,0.05,0.1794871794871795,378.40856728559663
0.13596572080798194,0.02230999802459925,0.25,371.4786166931462
0.1407108552928532,0.016810353563536835,0.25,370.3518002119569
0.13376900970822336,0.016721875536483313,0.25,370.40043497317515
0.1819344121996306,0.05,0.24588594656694984,377.61009504373123
0.1886010788662973,0.05,0.24588594656694984,377.4537934604071
0.18666666666666668,0.05,0.25,377.3871645063639
0.2,0.02860446346118776,0.24108766356172512,371.907517084219
0.10666666666666667,0.05,0.25,378.3912803565074
0.10333333333333333,0.05,0.24422649730810372,378.55611483660266
0.1888934148492192,0,0.20291338323862482,367.72101843191734
0.19444670742460962,0,0.2008156659782868,367.62677340894226
0.18889341484921923,0,0.1965031268283684,367.81444821140934
0.2,0.04452223966771507,0.17532204079621183,376.9396498548324
0.19999999999999998,0.03899460469445523,0.17111575099836795,375.5445083438815
0.2,0.03904447933543014,0.1775671585155006,375.49069461283915
0.16619633506987896,0,0.24041232833601056,367.4431680886428
0.16976483420160615,0,0.24520616416800528,367.2729056787727
0.1753618412561346,0.018477712144294393,0.25,370.1592586505067
0.16944747980228353,0.019358641853585816,0.25,370.4389397961241
0.17408021231833157,0.022702098022697917,0.25,371.020398665831
0.14677170446150295,0.05,0.23897046772733105,378.40349497993725
0.15343837112816963,0.05,0.23897046772733108,378.3139338021685
0.20000000000000004,0.03402667902478669,0.19878532983897534,373.985341674283
0.2,0.03935111934985779,0.20303637373880407,375.2188286817138
0.20000000000000004,0.0393511193498578,0.19662611732854768,375.32007739187407
0.18268116447477997,0.05,0.20715005840789902,378.45253903406206
0.18868709546784304,0.05,0.20397549061112366,378.3638562867164
0.16556873426138863,0.029994307521289475,0.25,372.73749242632573
0.16040287310359488,0.0348869968704474,0.25,373.9568246382967
0.1668558498782875,0.03573728383983521,0.25,374.05211948515563
0.19999999999999998,0.01896477386853147,0.22344892682258616,370.3066062313973
0.19999999999999996,0.01264318257902098,0.21947877172787794,369.2123073301752
0.19999999999999996,0.01264318257902098,0.22588902813813433,369.0869820499033
0.12454358697469088,0.027775261478198008,0.25,372.72566595159003
0.12674029807444945,0.03336338396631394,0.25,373.9809952850749
0.1312205863231107,0.027809642485661663,0.25,372.6849381161701
0.1901787471714215,0.026479398806655667,0.25,371.466895741762
0.18590893522603374,0.020940238604115074,0.25,370.42285117734576
0.1846273062882307,0.025164624482518598,0.25,371.31433722350613
0.14005251889741815,0.05,0.23871173117176928,378.488137340261
0.13333333333333336,0.05,0.23845299461620745,378.5605933596532
0.13671918556408483,0.05,0.232938228479873,378.66494124539173
0.20000000000000004,0.04047218046892372,0.2340330763087377,374.8854038195843
0.2,0.04523609023446186,0.23881140994924066,376.01896774389235
0.20000000000000004,0.045236090234461866,0.23240115353898425,376.17309404511235
0.17999457377218264,0.021821168313406497,0.25,370.72479811701396
0.17871294483437963,0.026045554191810018,0.25,371.62585717552287
0.14022844605953438,0.05,0.22793880497323035,378.7449094306625
0.13701852099089915,0.05,0.2226806449110259,378.8939286790139
0.14373770655498397,0.05,0.2229393814665877,378.8154638198877
0.1781706571384524,0.05000000000000001,0.19062132489791728,378.8134438521755
0.1782141882923625,0.05,0.1843800856891078,378.8953881949985
0.18311770550958473,0.05,0.1877115267298358,378.7426552263075
0.18460736871532868,0,0.23722837797643162,367.1745532056497
0.17008440526988264,0,0.22451769009545436,367.71385572221084
0.16281959783307734,0,0.224154683706478,367.8395682778662
0.1660570502189479,0,0.22988658810524693,367.67335130240025
0.2,0,0.22435897435897437,367.09222329901706
0.1937921892525409,0,0.22701675333769988,367.18755251477194
0.2,0,0.23076923076923075,366.96414481496026
0.18,0,0.25,366.970671886058
0.1764315008682728,0,0.24520616416800528,367.15397775986656
0.20000000000000004,0.040265948053210154,0.22807824037986868,374.96844448578764
0.08453700732554414,0.011075105617910135,0.24999999999999994,369.4883110166047
0.08226850366277207,0.005537552808955067,0.24999999999999997,368.5550348616788
0.07788712420736903,0.01106986781737865,0.25,369.456266231497
0.19022146256083194,0.034049326159696094,0.25,373.16239091388326
0.19577290344402273,0.035364100483833164,0.25,373.3360652444119
0.19444855911680922,0.03201855900919626,0.25,372.5880356241291
0.13815995500035885,0.011177409700006717,0.25,369.35437571293596
0.18939546618185768,0,0.18497127593894058,367.95119895393964
0.18409319927278653,0,0.18130306775456473,368.10678224572615
0.1838421736064673,0,0.18706899319927864,368.04537282696833
0.19999999999999998,0.04452223966771507,0.18814255361672463,376.7869369624545
0.2,0.044522239667715076,0.18173229720646825,376.86770250430936
0.2,0.012296139943524364,0.21346574786982772,369.2611499718539
0.19999999999999998,0.018617731233034854,0.2174359029645359,370.3561927282197
0.2,0.01827068859753824,0.21142287910648572,370.39847331187264
0.15185083117842918,0.028324083797569843,0.25,372.575714707127
0.14710569669355794,0.03382372825863225,0.25,373.892494116928
0.15394989632890227,0.034036709901059586,0.25,373.851972108794
0.2,0.023992664428939325,0.21555309112096854,371.46870198366213
0.17553921776865344,0.04105838053948202,0.25,375.2111568220658
0.16887255110198676,0.04105838053948201,0.25,375.34084489985804
0.17110294221766006,0.045529190269741004,0.25,376.4791578087676
0.11666666666666667,0.05,0.23267949192431123,378.81402343537206
0.12000000000000001,0.05,0.23845299461620745,378.6553246242259
0.11333333333333334,0.05,0.2384529946162075,378.6849137395145
0.1943435477339215,0.05,0.19493646325427977,378.3615484175589
0.18873062662175313,0.05000000000000001,0.1913239949920578,378.55837916179325
0.10890329407980237,0.022184798866384067,0.25,371.60851958252255
0.11562508497736734,0.022185968928233074,0.25,371.58764782261727
0.11338358232846363,0.016631057385731784,0.25,370.50477010153173
0.14290756639261176,0.02239847605165277,0.25,371.4266422346166
0.14765270087748303,0.016898831590590357,0.25,370.2909501270429
0.2,0.005974548654013874,0.20308533636486312,368.368934411021
0.2,0.005974548654013874,0.1966750799546067,368.4635606604167
0.16929450260481843,0,0.23561849250401584,367.49826662450135
0.2,0.040059715637496586,0.2221234044509996,375.0434935298246
0.20000000000000007,0.03529580587195845,0.2237553272207531,373.83453447902457
0.1433858522307515,0.05,0.24448523386366555,378.2997437138469
0.2,0.005771578769674226,0.17745781225671453,368.6657733259616
0.20000000000000004,0.0446755596749289,0.2008771612283764,376.6411765918079
0.2,0.05,0.19871794871794873,378.1483495798441
0.20000000000000004,0.0446755596749289,0.19446690481812,376.7396381874073
0.12333333333333335,0.05,0.24422649730810372,378.4848907308515
0.11666666666666668,0.05,0.24422649730810375,378.52040006019183
0.2,0.02229230200900736,0.24173199440445614,370.56220087694004
0.2,0.02225726211561479,0.24586599720222807,370.454051772232
0.1683200915500978,0.05,0.19019968202527077,379.01793579799556
0.17322360876732004,0.05,0.19353112306599873,378.8751748479119
0.16854590155227267,0.05,0.19504179713196446,378.9438749148482
0.2,0,0.23717948717948717,366.82818811858505
0.19486912290510955,0,0.23292227983829772,367.04169155859165
0.16317516501584378,0.05,0.23526525581598517,378.2531524875007
0.15984296711439305,0.05,0.229737563610207,378.4394458249964
0.16271225449696736,0.05,0.19814303337375674,379.0010876180759
0.156878607441662,0.05,0.201244269615549,379.0464910507621
0.15665279743948712,0.05,0.1964021545088553,379.1266551976311
0.19333333333333333,0.05,0.25,377.2211631251815
0.18910623677735608,0.04647521159494428,0.25,376.34469538942847
0.1914603761092245,0.022255012928252143,0.25,370.55950563463637
0.18719056416383678,0.01671585272571155,0.25,369.5808571867187
0.14929993088593485,0.03935780660070639,0.25,375.2158121915583
0.1513166321096341,0.0446789033003532,0.25,376.574846623475
0.15596659755260153,0.039357806600706396,0.25,375.12236337786527
0.12902387522335212,0.02222151999754573,0.25,371.51837582798
0.1773492127066879,0,0.22488069648443065,367.57514469841493
0.17332185765575317,0,0.23024959449422325,367.5416210206414
0.17411176032081738,0,0.21914879208566176,367.7445294236548
0.18914444051553844,0,0.1907372013836545,367.88609938217746
0.18359114794014805,0,0.19283491864399255,367.9774118092047
0.18243957011068943,0.04647521159494428,0.25,376.500769923232
0.18487914022137883,0.04295042318988855,0.25,375.5005327762133
0.18020917899501612,0.042004401864685285,0.25,375.35776349879114
0.17505705831805624,0.05,0.23666596851926947,377.9957744101882
0.18043014745847402,0.05,0.2371619041100595,377.86912676427755
0.17849573525884344,0.05,0.24127595754310968,377.80742231172627
0.0912323266764229,0.027721155529732377,0.24999999999999997,372.7816902683023
0.09344573452047625,0.033275404081165964,0.25,374.0480096493947
0.12666666666666668,0.05,0.23845299461620745,378.6138866615095
0.18137656775762268,0,0.2195117984746381,367.59883765782166
0.18866131215765045,0,0.22916980240676682,367.2589965606494
0.18353043506276,0,0.23132285147583376,367.3230299931252
0.16553787195926,0,0.20898630753753217,368.069835856059
0.09000000000000001,0.05,0.24422649730810375,378.5440361611168
0.09333333333333332,0.05,0.2384529946162075,378.7026008467703
0.19999999999999998,0.01750278218740674,0.23288163667865153,369.82898676076167
0.2,0.023083947799024777,0.23695366076395322,370.83529442562804
0.2,0.023814943639587142,0.23223730583592053,371.0920819783443
0.17648249326742782,0.006452880617861938,0.25,368.0177674335114
0.11782965185149741,0.011087761611104193,0.25,369.480933540253
0.1201053732260286,0.01663222744758079,0.25,370.47651154296426
0.1943435477339215,0.05,0.2077569760747926,378.1533152877259
0.2,0.05,0.21153846153846154,377.9297936021955
0.07561862054459695,0.0055323150084235825,0.25,368.5196480640377
0.14245573125059052,0.03914482495827906,0.25,375.2450939424069
0.181324404778492,0.03513407198499265,0.25,373.622667178521
0.18467002167764118,0.032734551835559025,0.25,372.98451172384165
0.1800000604512785,0.03178853051035575,0.25,372.8683839736542
0.18386882439926122,0.05,0.24177189313389968,377.6749786686241
0.2,0.011181190897896253,0.23532173799419975,368.6323420550731
0.2,0.005590595448948126,0.23945574079197168,367.6177207555401
0.2,0.011181190897896253,0.2417319944044562,368.4869659822434
0.19526774553296394,0.05,0.24588594656694984,377.2836152123504
0.19526774553296394,0.05,0.2394756901566934,377.45089827228276
0.2,0.05,0.24358974358974358,377.215393997263
0.2,0.05,0.22435897435897434,377.6737727954278
0.19399406900693691,0.049999999999999996,0.2275335421557497,377.7681589808831
0.19399406900693694,0.05,0.2211232857454933,377.9059913384741
0.2,0,0.25,366.53211859209597
0.19573018805461226,0.0055719509085705166,0.25,367.46885653761194
0.2,0.005555555555555555,0.25,367.363262862527
0.11999999999999998,0,0.25,367.70165233855727
0.11555393047696622,0.005543295774627593,0.25,368.5649586826933
0.12227572137453119,0.005544465836476599,0.25,368.5337832174523
0.14255090029249434,0.005632943863530119,0.25,368.38566522974526
0.14666666666666667,0,0.25,367.4850718183105
0.13999999999999999,0,0.25,367.5554331359997
0.1356090547078645,0.005544465836476598,0.25,368.43855811718385
0.2,0.033873359017572865,0.19246097863758,374.0422953944755
0.2,0.028456031452865353,0.19459675009808272,372.7727460865372
0.09781524484015874,0.04442513469372199,0.25,376.8558530602599
0.1044620997925366,0.04443154065046221,0.25,376.8554104948141
0.10227734463269533,0.0388566753441842,0.25,375.40953248434437
0.13121810941572903,0.011088931672953196,0.25,369.3990318754165
0.1702223680169065,0.05,0.21512504952842812,378.56641597144096
0.16711898598912778,0.05,0.22007869251702578,378.525104022912
0.162790757501065,0.05,0.2146333133225472,378.71057031945475
0.16000000000000003,0.05,0.25,377.9174617006244
0.20000000000000004,0.03570827070338558,0.2356649990784912,373.6682808046194
0.20000000000000004,0.03550203828767201,0.22971016314962212,373.7554034529053
0.2,0.030127105091767543,0.23159297499318948,372.46664941167336
0.19526774553296394,0.05,0.233065433746437,377.6074278815309
0.2,0.05,0.23717948717948717,377.37874946457544
0.15631838347355684,0,0.22334321252971825,367.9505528194238
0.1595558358594274,0,0.22907511692848717,367.79018736307205
0.1784261463592566,0,0.23078622298502852,367.4355440745491
0.0934242711358437,0.01661840139253773,0.24999999999999994,370.5196877201814
0.08680551098831622,0.016612658426865202,0.24999999999999997,370.50207763026987
0.08901891883236956,0.02216690697829879,0.24999999999999994,371.5997129285941
0.1530546214999069,0,0.2282636457517274,367.8966803409606
0.15629207388577743,0,0.23399555015049628,367.73329870128987
0.17296498653485567,0.012905761235723876,0.25,369.17385673686664
0.17887934798870678,0.012024831526432456,0.25,368.90599521564883
0.1957301880546123,0.011127506464126071,0.25,368.3824296579126
0.2,0.01111111111111111,0.25,368.2751434386376
0.2,0.005974548654013875,0.20949559277511953,368.2662373877913
0.1943870788878316,0.05,0.18869522404547032,378.4487467030761
0.18877415777566323,0.05,0.18508275578324834,378.64091466554936
0.1378057658076231,0.044465921657925865,0.25,376.6781072268166
0.14464996544296743,0.04467890330035319,0.25,376.6600657332535
0.2,0.02792400265111908,0.1625876600893198,373.0083862728977
0.19999999999999998,0.03346696972119538,0.16690946120052408,374.23667821888813
0.19999999999999998,0.03341709508022047,0.16045805368339144,374.2765736591137
0.12682716412359357,0.016633397509429795,0.25,370.4368544106978
0.12234687587493231,0.022187138990082074,0.25,371.55537748901287
0.08679274339049997,0.03326123704347171,0.25,374.0272645784049
0.10892419958507318,0.03886308130092442,0.25,375.40136314153665
0.1133862993776098,0.03329462195138663,0.25,374.0350225411234
0.10673944442523194,0.03328821599464641,0.25,374.0509186612928
0.1782569250604138,0,0.18985627018137904,368.12302854147447
0.1726716765143603,0,0.19264354716347942,368.19128761112034
0.17800589939409456,0,0.19562219562609295,368.0514445429085
0.19486912290510955,0,0.24574279265881052,366.7559021344693
0.19333333333333333,0,0.25,366.6890572861419
0.177089623576844,0,0.2144305562005733,367.7740226995536
0.1777441417489127,0,0.20746023807192943,367.87898907152754
0.17280267939606533,0,0.20934931392650852,367.9398212978705
0.10004303128337118,0.016624144358210254,0.24999999999999997,370.5262052055582
0.09563767897989704,0.022172649943971313,0.24999999999999994,371.613812957369
0.1707345954191824,0.02510161817213155,0.25,371.5802069260691
0.17536732793523047,0.028445074341243652,0.25,372.21229562986923
0.15319390635083796,0,0.238789385982491,367.669700679292
0.14979085952625695,0,0.23318407897373655,367.83530011550914
0.1465272396841713,0,0.23878938598249103,367.75101825263005
0.11114479672870609,0.02773971040888535,0.25,372.7796504007636
0.20000000000000004,0.03508957345624488,0.21780049129188406,373.9056738829776
0.2,0.02971464026034041,0.21968330313545142,372.6249379003497
0.12000000000000002,0.05,0.25,378.34415129864095
0.11333333333333334,0.05,0.25,378.3736092557359
0.17332575004468523,0.05,0.2101714065398305,378.59923518170694
0.17367522877166983,0.05000000000000001,0.2032153532793862,378.714136849202
0.1780034572597326,0.05,0.20866073247386474,378.5293609649423
0.2,0,0.21153846153846154,367.3241000446408
0.1944467074246096,0,0.20722592238854318,367.52808538265253
0.19379218925254088,0,0.21419624051718705,367.42677208390904
0.17306443704124716,0,0.19751127148067202,368.11731471188364
0.1681229746883998,0,0.1994003473352511,368.17634561671167
0.17345719756813405,0,0.20237899579786464,368.0386279634736
0.14993028650875231,0,0.24439469299124553,367.58188981394665
0.14326361984208566,0,0.24439469299124553,367.6577292594602
0.1845295600728648,0.05,0.23212594811016224,377.89783811497625
0.1858032365988918,0.05,0.23765783970084953,377.7339400974921
0.17850795072673303,0,0.1840903447366651,368.18806094103456
0.2,0.027777777777777773,0.25,371.502535050682
0.19573018805461226,0.027794173130792736,0.25,371.615249400505
0.18666666666666668,0,0.25,366.8352417174626
0.18153578957177624,0,0.24574279265881055,367.04287808876705
0.159115757486696,0.029144020551901663,0.25,372.652247959523
0.17788279440642002,0.05,0.22609812092868492,378.18366172154174
0.1745505965049693,0.05,0.22057042872290672,378.3713097352567
0.18198220702081078,0.049999999999999996,0.2210621649287876,378.20169580729856
0.07571604458421816,0.02214750214007305,0.24999999999999994,371.53581068603734
0.0801556278701411,0.016607420626333715,0.24999999999999994,370.4733748576954
0.07350574475196599,0.016602182825802232,0.24999999999999997,370.4334238076939
0.19999999999999998,0.0335168443621703,0.1733608687176567,374.18806896084226
0.19999999999999998,0.03356671900314521,0.17981227623478935,374.1307458849761
0.2,0.029367597624843794,0.21367027927740118,372.66225800453896
0.2,0.04502985781874829,0.2264463176101152,376.2520527292333
0.0866666666666667,0.05,0.25,378.373473051448
0.0911485781734921,0.04442513469372199,0.25,376.84619787439993
0.08448191150682546,0.04442513469372199,0.25,376.8247050178352
0.2,0.029920872676053978,0.22563813906432045,372.5497894670947
0.18758437850508178,0,0.22326427590616899,367.3991167957257
0.18245350141019134,0,0.22541732497523592,367.46445814384924
0.13000000000000003,0.05,0.24422649730810375,378.4375970607262
0.16968396917763845,0.05,0.2361700329284795,378.1138830352242
0.2,0.022885383880944014,0.1904081703571901,371.64144008728795
0.19999999999999998,0.028302711445651524,0.1882723988966874,372.8256621670796
0.08236592770239329,0.022152739940604536,0.24999999999999994,371.57260977857305
0.08457933554644662,0.027706988492038124,0.24999999999999997,372.757766157797
0.12006329872602964,0.03332900295885029,0.25,374.01382237369336
0.1630981675349395,0,0.24520616416800528,367.3809907177999
0.16,0,0.25,367.3117345119726
0.09563048968031751,0.03885026938744398,0.25,375.4061347430729
0.08896382301365086,0.03885026938744398,0.25,375.3927513107544
0.19154580688804546,0.04295042318988855,0.25,375.34050842505604
0.18233168574779537,0.049999999999999996,0.2141061116683433,378.3326321034392
0.07127646129829522,0.027687583653812388,0.25,372.6774266753907
0.06906616146604305,0.022142264339541567,0.25,371.4877633160744
0.20000000000000004,0.0450298578187483,0.2200360611998588,376.3874695251249
0.20000000000000004,0.04005971563749659,0.2157131480407432,375.1719058073836
0.17797878787934282,0.03753359213442629,0.25,374.2752677594694
0.1766544435521293,0.03418805065978939,0.25,373.49589774837784
0.2,0,0.1923076923076923,367.61172654240113
0.13666666666666671,0.05,0.24422649730810375,378.37845790740795
0.2,0,0.24358974358974356,366.6841793776303
0.2,0.005590595448948126,0.24586599720222807,367.4690023263582
0.17950308001182527,0,0.23669174948562638,367.2888948139317
0.09999999999999998,0.05,0.23845299461620745,378.70873183379564
0.163019573374737,0.05,0.22511464851692306,378.49033398601523
0.1596873754732863,0.05000000000000001,0.21958695631114486,378.66307867026444
0.06685586163379087,0.016596945025270746,0.25,370.38222448026505
0.15651076921294232,0.05,0.22420987140442877,378.6154186350613
0.1533008441443071,0.05000000000000001,0.21895171134222433,378.7738726758534
0.07565784075369829,0.038821935312055474,0.25,375.3238021589509
0.08231083188367457,0.038836102349749727,0.25,375.3640367145546
0.08013975226052368,0.033247070005777465,0.25,373.99499954801126
0.07792634441647034,0.027692821454343874,0.24999999999999997,372.72232208788773
0.11,0.05,0.2442264973081037,378.544150876559
0.09666666666666665,0.05,0.23267949192431123,378.8494197478173
0.19999999999999998,0.01706345729828508,0.17330444547288348,370.68596244331155
0.19999999999999996,0.011417518033979654,0.175381128864799,369.63406156455153
0.18239685472127892,0.0055719509085705166,0.25,367.7617255366931
0.17915647093244702,0.05,0.2316300125193722,378.030383966684
0.2,0.044675559674928894,0.2072874176386328,376.53364599101786
0.2,0.05,0.20512820512820512,378.043606093615
0.13333333333333336,0.05,0.25,378.24971773865957
0.156596953175419,0,0.2443946929912455,367.49517881144646
0.20000000000000007,0.029396109251205182,0.23630932992122222,372.1960515072506
0.20000000000000007,0.034916624913368166,0.24044333271899415,373.3643055072443
0.19999999999999996,0.018233778027969105,0.22816528175061884,370.06918565131014
0.1631491599340945,0.006452880617861938,0.25,368.24797259395353
0.17330882665298014,0.03658757080922302,0.25,374.13785664937063
0.2,0,0.20512820512820512,367.42804631772816
0.18127620270998568,0.01759678243500297,0.25,369.87323111403816
0.2,0.05,0.23076923076923075,377.53135148120367
0.19999999999999998,0.00632159128951049,0.21550861663316973,368.2181386012564
0.19434354773392154,0.05000000000000001,0.2013467196645362,378.26196635523763
0.15969512071035846,0,0.23960085715925078,367.5616059253591
0.16279328824529793,0,0.23480702132725606,367.62095420428716
0.17326713992123016,0.05,0.1872898838571893,378.9611908115628
0.15012423788396315,0.05,0.22357462643550824,378.72115087878893
0.2,0.04523609023446186,0.24522166635949705,375.8540879919881
0.14510180058498867,0.011265887727060237,0.25,369.2975042267596
0.17812712598454233,0.05000000000000001,0.19686256410672676,378.7230017816356
0.15333333333333332,0,0.25,367.40383894363475
0.2,0,0.19871794871794873,367.5239218169816
0.18926181453990087,0.05,0.22982974513295595,377.83727197871195
0.07782892037684917,0.044410967656027735,0.25,376.7880208964253
0.19469773309092886,0,0.18863948412331644,367.7861803861647
0.14000000000000004,0.05,0.25,378.1847327338796
0.13816243190774052,0.02789812051271518,0.25,372.641839284025
0.19154580688804546,0.03739486763433299,0.25,373.93289501022286
0.0912036739922108,0.011075105617910135,0.24999999999999994,369.50852720577274
0.19999999999999996,0.038944730053480314,0.16466434348123532,375.58960825710375
0.15673130044358477,0.05,0.21289243445764575,378.8423693434945
0.11786658762627106,0.027740880470734357,0.25,372.7547668658214
0.19999999999999998,0.024545939480149506,0.22752095090788782,371.34609122059925
0.19999999999999998,0.024339707064435938,0.2215661149790188,371.4252486831563
0.1598346824713635,0.05000000000000001,0.20793879146904812,378.88480563482807
0.1957301880546123,0.02223861757523718,0.25,370.4532722193605
0.19573018805461226,0.016683062019681626,0.25,369.3767390838929
0.19146037610922453,0.01669945737269659,0.25,369.4811047059898
0.18889711823361846,0.03070378468505919,0.25,372.4237779044208
0.1859943660048547,0.03608009331019592,0.25,373.745599209361
0.19999999999999998,0.02797387729209399,0.16903906760645243,372.9654442728441
0.19999999999999996,0.0280237519330689,0.17549047512358507,372.9137884549702
0.2,0.05,0.17307692307692307,378.477611610956
0.19999999999999996,0.02260642436836139,0.17762624658408777,371.7378951079803
0.19999999999999996,0.0281493914384377,0.18194804769529205,372.87009259766046
0.16589413952884374,0.05,0.20967967033394955,378.74956923038195
0.1595821454472068,0,0.21842277930770912,367.99691755089907
0.1783529359867172,0.05000000000000001,0.20170467921342045,378.6412505812422
0.19999999999999998,0.022480784862992594,0.17116867401238078,371.7770958499756
0.2,0.01693781779291629,0.1668468729011765,370.7206680699924
0.2,0.0450298578187483,0.21362580478960239,376.513279047123
0.19444670742460962,0,0.19440540956803037,367.717390661398
0.177653978532748,0.04999999999999999,0.21561678573430904,378.40644198312435
0.19053549106592788,0.05,0.24177189313389968,377.5145002184256
0.16851573521528665,0,0.2042680716524437,368.09623345277214
0.2,0.05,0.21794871794871795,377.8065868357584
0.18798813801387385,0.04999999999999999,0.22429785354226867,377.99160708958135
0.1832558835468378,0.049999999999999996,0.22659405651947492,378.05375668491166
0.1405277814863487,0.05,0.21768122140438323,378.96120277914537
0.1826487491057055,0.03847961345962955,0.25,374.40884147026503
0.1937921892525409,0,0.22060649692744347,367.31120900308883
0.18758437850508178,0,0.21685401949591257,367.5183512883027
0.13341729742286929,0.0333977649737776,0.25,373.936541275268
0.14500663154308485,0.02811110215514251,0.25,372.61494313856406
0.17312264611842565,0.05,0.24078002195231965,377.9313269339535
0.1687717115544476,0.05,0.1998839122386582,378.86458811653165
0.17344941876949493,0.05000000000000001,0.19837323817269248,378.7972688061415
0.06680348361333147,0.03327573772992689,0.25,373.9093346828484
0.149217566959161,0.005632943863530119,0.25,368.31010335845764
0.2,0.02243091022201768,0.16471726649524815,371.8230844098573
0.17839865992098142,0,0.20048991994328555,367.97418321002783
0.19053549106592788,0.05,0.23536163672364327,377.67495742029377
0.2,0.016701706560059235,0.2458659972022281,369.3773204050101
0.2,0.01114615100450368,0.24586599720222807,368.3827932128443
0.17202171103608127,0.030844594490677286,0.25,372.8131792104846
0.2,0,0.21794871794871795,367.21220837557723
0.08000000000000006,0.05,0.25,378.34387077063724
0.07123724108919391,0.011064630016847165,0.25,369.41297316896214
0.15994717528996433,0.05,0.23987524483982536,378.19153240084415
0.1566663608540491,0.05,0.23436047870349092,378.3805203198094
0.12455144274906238,0.011088931672953198,0.25,369.44551724149915
0.1356115316152462,0.03893184331585173,0.25,375.26204340727946
0.09782243413973829,0.011080848583582662,0.25,369.5186789939748
0.16899752155662245,0.05,0.2047260273453519,378.7800754030462
0.10225643912742452,0.02217839290964384,0.25,371.61682038160905
0.1873187103320682,0.039425634784832825,0.25,374.53857778175774
0.1266666666666667,0.05,0.25,378.3028572602467
0.20000000000000004,0.028659001337205,0.20099350497546203,372.72130931821715
0.19999999999999998,0.00632159128951049,0.22832912945368256,367.97282824442425
0.19469773309092886,0,0.17581897130280363,367.9289310819702
0.19469773309092886,0,0.18222922771306005,367.8615972783856
0.15081915038418175,0.05,0.19950339075064755,379.16330099163645
0.20000000000000004,0.0396805346789063,0.24522166635949708,374.4074204144012
0.2,0.040472180468923716,0.2404433327189941,374.7297532337725
0.13,0.05,0.2326794919243112,378.7311390906148
0.20000000000000004,0.0290132994810244,0.2073318921264316,372.69604530379894
0.0734867611305474,0.03323290296808321,0.25,373.95121455821385
0.2,0.0055905954489481255,0.23304548438171524,367.7583871401426
0.1882388966771505,0,0.20988370136726872,367.6245709768468
0.16248644449479244,0.05,0.19330091826706303,379.0782001330841
0.16293806449914222,0.05,0.20298514848045046,378.91874918789864
0.2,0.02222222222222222,0.25,370.34242566271644
0.16733745363462604,0,0.1896648987008659,368.3224283970706
0.1677302141615129,0,0.1945326230180585,368.2517439314779
0.15333416295259839,0.05,0.2288327864977127,378.55972125568996
0.2,0.05,0.1923076923076923,378.2440240608826
0.10666179143089867,0.01662988732388278,0.25,370.52163008639997
0.1033333333333333,0.05,0.2326794919243112,378.8495087450467
0.18316123666349482,0.05,0.18147028752102634,378.82052794830264
0.1402614970582136,0.033610746616204924,0.25,373.9206838390861
0.1469143128153279,0.05000000000000001,0.2183164663733038,378.8732473788137
0.1439582377856264,0.05,0.21162194451980468,379.04031550956796
0.19999999999999998,0.00632159128951049,0.2219188730434261,368.0995301265886
0.2,0.05,0.1858974358974359,378.3307047689055
0.17292270218067954,0,0.18687762171876549,368.25994299148283
0.1466666666666667,0.05,0.25,378.1077433280156
0.16645597945175897,0.05,0.24078002195231962,378.05722937955215
0.16629831986818902,0.012905761235723876,0.25,369.2903743553374
0.1893954661818577,0,0.1785610195286842,368.022129325752
0.15176846725165533,0.011265887727060237,0.25,369.21674180187364
0.16428161864448976,0.02425133120274374,0.25,371.51457052196633
0.1826856041017601,0,0.20557116221735033,367.8113175810375
0.07999999999999999,0,0.25,367.70224916549205
0.10666666666666666,0.05,0.23845299461620745,378.70295741515383
0.2,0.016666666666666663,0.25,369.2677603204279
0.1820310859296914,0,0.21254148034599424,367.70996373616634
0.15588423362582765,0.005632943863530119,0.25,368.22366993018346
0.2,0.016771786346844376,0.23759799160668427,369.58600955975186
0.1590333935599222,0.012085824481392057,0.25,369.25958917731396
0.11110786095393244,0.011086591549255186,0.25,369.50495126530774
0.08666666666666668,0.05,0.2384529946162075,378.6849055775081
0.0601202060961155,0.03331857249177056,0.25,373.85560811168097
0.12333333333333334,0.05,0.2326794919243112,378.7785056867074
0.15701669233622292,0.02343139444841192,0.25,371.45767004962994
0.16218255349401667,0.018538705099253996,0.25,370.40167210384726
0.15491762718574986,0.017718768344922177,0.25,370.35234221415345
0.1335092604954496,0.05,0.22768006841766855,378.81724078283713
0.1497517660279561,0.0226114576940801,0.25,371.3887073798767
0.18334567735042767,0.02938901036092212,0.25,372.2553153251996
0.2,0.011291878528610858,0.16892355629309203,369.67256191128513
0.2,0.005645939264305429,0.17100023968500755,368.70806839274786
0.08333333333333337,0.05,0.24422649730810375,378.5203873860803
0.19999999999999998,0.04447236502674015,0.1688706332790792,376.98995424105107
0.2,0,0.17307692307692307,367.8271875143809
0.10444119428726578,0.011086591549255188,0.25,369.517738177642
0.19999999999999998,0.011912186738458615,0.230605383066167,368.86105120771884
0.08999999999999998,0.05,0.23267949192431125,378.8374253449204
0.18334012227382881,0,0.19860084408870646,367.9028991924351
0.10999999999999999,0.05,0.2326794919243112,378.83769233660905
0.09999999999999999,0,0.25,367.75081541810226
0.09560183699610539,0.005537552808955067,0.24999999999999997,368.59143980171683
0.10222059714363288,0.005543295774627594,0.25,368.5941332882093
0.2,0.016736746453451808,0.24173199440445617,369.4834034847848
0.053436928578899555,0.033361407253614236,0.25,373.7900348447113
0.10666666666666663,0.049999999999999996,0.22690598923241495,378.9787741266774
0.10999999999999997,0.049999999999999996,0.22113248654051867,379.09703261900796
0.11333333333333331,0.05,0.22690598923241492,378.9609793885672
0.050160095864764935,0,0.24420294572750884,367.58743679815933
0.04698685839619656,0,0.23840589145501767,367.68062759211847
0.043493429198098274,0,0.24420294572750884,367.50083688912986
0.1780575154011003,0,0.17130883631222416,368.3284655258366
0.17771993212993958,0,0.16475660213047919,368.3901011215862
0.17235941480057482,0,0.16786683905162858,368.464992754178
0.027416974020085777,0.024820057114777333,0.25,371.48741794438354
0.021758559067253984,0.02349469310667484,0.25,371.10151761390904
0.0232523344489236,0.029560843604865186,0.25,372.43234596923537
0.2,0.044472365026740165,0.16246037686882278,377.0444101211473
0.2,0.05,0.16025641025641027,378.5894469309303
0.2,0.044472365026740165,0.1560501204585664,377.0902134742505
0.1619964628391811,0,0.19760467010076035,368.3008791188033
0.16238922336606795,0,0.20247239441795295,368.2230076858573
0.11666666666666664,0,0.24422649730810372,367.85631544951934
0.11333333333333331,0,0.25,367.7288354873122
0.11666666666666664,0,0.2211324865405187,368.34902295626193
0.11999999999999997,0,0.22690598923241495,368.2207610729893
0.12333333333333331,0,0.2211324865405187,368.3161942622395
0.15358909753708538,0.05000000000000001,0.18818219567982974,379.2909956470182
0.1580377710159389,0.05,0.19074155697344639,379.18806758964774
0.15220412396063357,0.05000000000000001,0.19384279321523865,379.23095922314707
0.2,0.04443216631252923,0.14963344232611003,377.11674338844404
0.2,0.03886433262505845,0.14542073080606624,375.6895478918605
0.2,0.03890453133926938,0.15183740893852257,375.6682374536511
0.1481250340131897,0.05,0.1885673569207943,379.36130026802266
0.05685169635469352,0,0.23255703124669,367.92431035358334
0.05365352506286322,0,0.23840589145501767,367.76168394656935
0.06002493382326189,0,0.23835408551918114,367.8300599510337
0.1430402710669918,0,0.21015720378042105,368.3519501171025
0.13616723533651937,0,0.2103031275929454,368.4166509997476
0.1394923067666724,0,0.21579528569614587,368.29016623307893
0.19999999999999998,0.01677007696452329,0.14760379815697994,370.8137182413829
0.19999999999999996,0.011180051309682193,0.14968458338670457,369.78414392226756
0.19999999999999998,0.016825990573987624,0.15401815640504546,370.79096678952413
0.13017592716211623,0.05,0.22190656572577228,378.9721946243711
0.1336851876575658,0.05,0.2169071422191296,379.045146432854
0.015239198858463292,0.03956001991293895,0.25,374.63207355733954
0.018395946330727875,0.03549031973117513,0.25,373.70076449668363
0.014437172023827223,0.03230517977852652,0.25,372.8651192509731
0.09999999999999998,0,0.23845299461620745,368.0235349896226
0.1033333333333333,0,0.2326794919243112,368.1485557410841
0.09666666666666665,0,0.23267949192431123,368.14857275535303
0.18872029963953624,0,0.16545655116519423,368.1570507930519
0.18872029963953624,0,0.1590462947549378,368.20355869577804
0.18308044945930435,0,0.1616463652093298,368.3060718840762
0.18341803273046509,0,0.16819859939107476,368.24807070107454
0.055624619052599716,0.03890760483574283,0.25,375.16351806750964
0.06230789656981567,0.03886477007389915,0.25,375.22513186482814
0.12666666666666665,0,0.22690598923241495,368.18252482851676
0.12983076892222412,0,0.22127792048969316,368.2710153338432
0.1333333333333333,0,0.23845299461620745,367.88744996729537
0.12999999999999998,0,0.23267949192431123,368.03954308027966
0.12666666666666665,0,0.23845299461620748,367.9363693056641
0.06759959277014435,0.05,0.23997855071783275,378.5292678613543
0.07426625943681103,0.05000000000000001,0.23997855071783278,378.58073835354844
0.07046646305173887,0.05,0.2449892753589164,378.42040972184475
0.017530608231417902,0.05,0.24545320055089792,377.6091640676566
0.020899428563683903,0.05,0.23955370031122347,377.83847252129726
0.02336882033226602,0.05,0.24410049976032555,377.77198942363617
0.13316410225555744,0,0.2270514231815894,368.1318832325965
0.2,0,0.16666666666666666,367.8830874298915
0.19436014981976812,0,0.16926673712105866,367.99742266982
0.03152305478486241,0.044070523873690065,0.25,376.1372202829298
0.026666666666666686,0.05,0.25,377.6768667599369
0.033333333333333354,0.05,0.25,377.80338259799817
0.13971519963683876,0,0.2046650456772206,368.4752367724774
0.13639012820668575,0,0.19917288757402016,368.5898848655499
0.13284216390636633,0,0.20481096948974495,368.53449720411385
0.12,0.05,0.22690598923241495,378.9313286279189
0.11666666666666667,0.05,0.22113248654051867,379.07328922546117
0.19999999999999996,0.022234214767616063,0.13908478931726462,371.92260084215377
0.19999999999999998,0.016680737921999242,0.13482963305818763,370.8381355387928
0.19999999999999996,0.016725407443261266,0.14121671560758378,370.83000600381297
0.16711174952568203,0,0.17720635021547396,368.4689439979621
0.17269699807173552,0,0.17441907323337358,368.39972274568055
0.16699889747121005,0,0.170977075972778,368.53074678185163
0.15147552462053035,0,0.19324559227711788,368.5090822749033
0.14752277528070318,0,0.18795326158830064,368.62601302739387
0.14618345032780344,0,0.1935887092601542,368.56846548873335
0.07139938915521651,0.05000000000000001,0.23496782607674915,378.6858122845149
0.07759959277014433,0.05000000000000001,0.23420504802593653,378.74682466824197
0.1329948711777816,0,0.21564985174697138,368.3507067377859
0.13632820451111494,0,0.22142335443886763,368.21542428352967
0.14266097048929396,0.04999999999999999,0.18895251816175884,379.423335973249
0.13979175925004278,0.04999999999999999,0.19438124178026764,379.3777162255399
0.1357126693025989,0.04999999999999999,0.1891058054858233,379.49491701858415
0.1033333333333333,0,0.2211324865405187,368.38194004938873
0.10666666666666663,0,0.22690598923241495,368.26445809155877
0.10999999999999997,0,0.2211324865405187,368.37096964005644
0.14319390635083795,0,0.23301588329059475,367.91401011759467
0.14635800860639542,0,0.22738781454787296,367.99630184007384
0.13976105543097644,0,0.2272196188647312,368.06940704324956
0.17839509867226103,0,0.17786107049396915,368.2584012336387
0.05125614988905733,0.027713613260771548,0.25,372.48222918140397
0.0557291275740211,0.02212545918465705,0.25,371.35561472140836
0.049075371199215116,0.022065819267928857,0.25,371.26242104415155
0.044966895147619874,0.02733033471659019,0.25,372.3140963372093
0.1943512323705262,0.05000000000000001,0.16320640360348387,378.72306104834865
0.18870246474105237,0.05,0.16615639695055748,378.8446817550959
0.1887024647410524,0.05000000000000001,0.1597461405403011,378.8957822600087
0.1301673427701484,0.05,0.21100115265861547,379.18965098376947
0.1233247489413655,0.05,0.21022707347336186,379.2532736048618
0.126649497882731,0.05,0.20509516309810136,379.32289323389324
0.03637944290305813,0.03814104774738012,0.25,374.696015976651
0.04266869764449559,0.038524326291561474,0.25,374.8925473430891
0.04085841909602465,0.03259485016525153,0.25,373.4365839951688
0.16283017521072196,0,0.1808722238690182,368.4992291194275
0.16294302726519397,0,0.18710149811171414,368.42537052756916
0.16722460158015404,0,0.1834356244581699,368.3995045363685
0.1133333333333333,0,0.23845299461620745,368.00163029044893
0.10999999999999999,0,0.24422649730810375,367.8781233108306
0.048400618947185045,0.05,0.24074167490285392,378.29421293606646
0.05260092842077757,0.05,0.23611251235428093,378.4670399389224
0.05506728561385173,0.05,0.24074167490285395,378.38037257770003
0.05886708199892389,0.05000000000000001,0.23573095026177035,378.55084142048145
0.15013619966763062,0,0.1988810399489715,368.4469679444343
0.14326316393715818,0,0.1990269637614958,368.52430589830215
0.1465882353673112,0,0.20451912186469626,368.40421735422086
0.024268248895949904,0.05,0.23365420007154902,378.0554126741826
0.018430036795101787,0.05,0.23500690086212145,377.8971426255509
0.19999999999999998,0.0055900256548410965,0.1517653686164292,368.83648080491224
0.2,0.011235964919146527,0.15609894163477012,369.7584276369223
0.1837556160016258,0,0.17475083357281973,368.18164082162446
0.16331728120539135,0.05,0.1816667499289109,379.21892197486443
0.16776595468424488,0.05,0.18422611122252752,379.10743709144225
0.16387141807124428,0.05,0.1876403207316541,379.13336668560675
0.09999999999999998,0.04999999999999999,0.22690598923241495,378.98465037203266
0.10888726381029956,0.005543295774627593,0.25,368.58494371323803
0.10666666666666666,0,0.25,367.74522318049384
0.19999999999999996,0.022278884288878087,0.14547187186666077,371.90937395036775
0.19999999999999996,0.02231908300308902,0.1518885499991171,371.8868155416887
0.04666666666666669,0.05,0.25,378.01852969221005
0.0511456428596332,0.04445380241787142,0.25,376.54764475740524
0.04447897619296652,0.04445380241787141,0.25,376.4547712723882
0.1370099365989313,0.05,0.2117752318438691,379.1132243983504
0.1334920917115139,0.05,0.20586924228335496,379.2539837167635
0.10666666666666663,0,0.23845299461620745,368.0180628643164
0.12333333333333334,0.05,0.22113248654051867,379.0376566054014
0.12,0.05,0.2153589838486224,379.1746218472909
0.1133333333333333,0.049999999999999996,0.2153589838486224,379.2043138962743
0.1440459440657458,0.05,0.18329192062634997,379.48102570258806
0.13858188054185008,0.049999999999999996,0.18367708186731452,379.53743004859
0.14044039289820898,0.05,0.20571595495929051,379.18743544006395
0.030035486998932683,0.05,0.24410049976032555,377.9050164518703
0.03670215366559935,0.05,0.24410049976032555,378.0254218976356
0.048957952385933035,0.03890760483574282,0.25,375.07902393609515
0.04459639500624859,0.010945350183390776,0.25,369.11250404268225
0.04896486416979095,0.005472675091695388,0.25,368.2622386402687
0.04229819750312429,0.005472675091695388,0.25,368.1728325840179
0.12997424682409653,0.05,0.19996325272284088,379.38348073438493
0.1369225480107916,0.05,0.1998099653987764,379.3232930697682
0.07639634258366057,0,0.23252877689144844,368.0848379336037
0.07306300925032724,0,0.2383022795833447,367.9380974844668
0.07986483795849694,0,0.23837763709977608,367.97565604342293
0.2,0.038944730053480314,0.15825408707097893,375.63827609381246
0.09666666666666662,0.04999999999999999,0.2211324865405187,379.1088056837707
0.0933333333333333,0.049999999999999996,0.22690598923241498,378.97862121172074
0.09033195060210442,0.049999999999999996,0.22192570468155143,379.08105364258574
0.08318189864435413,0,0.22189876785315765,368.3337678475948
0.07977284796653122,0,0.2165084058175809,368.41875341218525
0.07638006993618443,0,0.22182341033672626,368.30136306198006
0.08651523197768747,0,0.2161252651612614,368.45375473854955
0.12666666666666668,0.05,0.22690598923241495,378.8898290198427
0.06319817129183027,0,0.24415113979167233,367.72655473649024
0.06639634258366056,0,0.23830227958334466,367.8885475180836
0.04689459250937289,0.016418025275086165,0.25,370.1306104329542
0.05126306167291525,0.010945350183390776,0.25,369.199172691576
0.1585486008957619,0,0.18453809752256242,368.52224511146267
0.12666666666666665,0,0.25,367.6637847361087
0.13,0,0.24422649730810375,367.78034558801465
0.12333333333333332,0,0.24422649730810375,367.8237390584233
0.18905788291069697,0,0.1720087853469392,368.0938044076261
0.15942274459239075,0.05000000000000002,0.18508095943803748,379.241858174025
0.06379979638507219,0.05,0.24498927535891638,378.3622084120213
0.06000000000000003,0.05,0.25,378.1846339365156
0.05753364280692588,0.05,0.24537083745142696,378.28623724356447
0.09333333333333331,0,0.23845299461620745,368.01806524945937
0.08999999999999998,0,0.23267949192431123,368.13764790415274
0.08666666666666664,0,0.23845299461620748,368.0018122479281
0.06666666666666665,0,0.25,367.61507707175423
0.06986483795849693,0,0.24415113979167236,367.7811927196226
0.09999999999999998,0,0.22690598923241495,368.2699341996861
0.1233333333333333,0,0.2326794919243112,368.0831868752025
0.19436014981976812,0,0.16285648071080222,368.04862657893847
0.2,0.03329649893758768,0.14120801928602245,374.3507993106777
0.2,0.02774302209197086,0.13695286302694545,373.0985669946079
0.19999999999999998,0.027787691613232884,0.1433399455763416,373.0884009734659
0.08999999999999998,0,0.24422649730810375,367.87824064063295
0.08333333333333331,0,0.24422649730810375,367.8566793350413
0.14973688396050328,0,0.21103303498427547,368.2603905131676
0.03867764040618242,0.026947056172408838,0.25,372.13590871958263
0.17280985012620753,0,0.18064834747606953,368.33365120743366
0.020000000000000018,0.05,0.25,377.5377293394068
0.019197973165363945,0.042745159865587565,0.25,375.53937558100597
0.016041225693099365,0.046814860047351387,0.25,376.5587705377847
0.12966979974762854,0,0.21015769364377093,368.4718012018036
0.07653150462516362,0,0.24415113979167236,367.8250707340798
0.04510277261278438,0.05,0.23484217466317947,378.39547639987194
0.017593919496091806,0.028235479596762692,0.25,372.02189608644034
0.016987902334762724,0.02289800877366002,0.25,370.8803264377868
0.18873831125835777,0.05,0.1724144481617747,378.78545626478814
0.19435123237052618,0.05,0.16961666001374026,378.6673888341504
0.1399302865087523,0,0.23862119029934925,367.82454861687705
0.2,0.05,0.15384615384615385,378.6323858004282
0.1943512323705262,0.05000000000000001,0.1567961471932275,378.770080735554
0.10333333333333328,0.04999999999999999,0.2211324865405187,379.1088696014979
0.15328484826082267,0,0.2053949530685507,368.30770016427334
0.056826762531431596,0,0.24420294572750884,367.663144915218
0.2,0,0.16025641025641024,367.93093455487013
0.2,0.00564593926430543,0.16458998327475116,368.7619604346801
0.2,0.00564593926430543,0.15817972686449472,368.8077996860803
0.029712776236391465,0.038141047747380113,0.25,374.57731854924015
0.02485638811819574,0.04407052387369006,0.25,376.00830285895944
0.09999999999999995,0.049999999999999996,0.21535898384862245,379.22797876107023
0.10666666666666662,0.04999999999999999,0.21535898384862243,379.2220995342007
0.05333333333333331,0,0.25,367.4849911922062
0.04666666666666665,0,0.25,367.40373952056893
0.06899117408703162,0.038821935312055474,0.25,375.27489896634455
0.06449558704351582,0.044410967656027735,0.25,376.6860387591117
0.0711622537101825,0.04441096765602774,0.25,376.74295641914136
0.16276314433953842,0.05,0.1756931791261677,379.29668277006823
0.16721181781839195,0.05,0.17825254041978433,379.1891438908348
0.03008783820957834,0.014013120126499135,0.25,369.42694638098834
0.026725225473052224,0.009342080084332755,0.25,368.5522787554069
0.025317181477087083,0.013416435793484314,0.25,369.23295844033544
0.14387084919748666,0.05,0.19965667807471196,379.2498998221854
0.10666666666666665,0,0.21535898384862245,368.484521891502
0.11333333333333331,0,0.21535898384862245,368.4680247737061
0.012082451386198713,0.04362972009470278,0.25,375.6080139600202
0.011280424551562642,0.03637487996029034,0.25,373.752973757531
0.13666666666666666,0,0.24422649730810375,367.72607998586864
0.06020210525898488,0.016537305108542552,0.25,370.3095161213234
0.03456916435458719,0.032211571621070176,0.25,373.24477641024964
0.11999999999999997,0,0.23845299461620745,367.97447939867345
0.1328434580633477,0.049999999999999996,0.19453452910433205,379.4436005805158
0.17766005142650956,0.05,0.1784065148863646,378.9787416646412
0.038189721451529074,0.044070523873690065,0.25,376.25351612443137
0.057916818047721245,0.011004990100118971,0.25,369.2850984989392
0.053548348884178885,0.01647766519181436,0.25,370.2256447722197
0.02405436128355967,0.03681568373927763,0.25,374.140453077058
0.08733056787087555,0.049999999999999996,0.21694542013068785,379.17505123467345
0.08399723453754224,0.05,0.2227189228225841,379.04239168947316
0.040000000000000015,0.05,0.25,377.91727685359064
0.06895195387793028,0.005532315008423582,0.25,368.4739891063613
0.17212301967221885,0.05,0.16908469104048565,379.18946697283417
0.1775883583918987,0.05,0.16589041246393016,379.10494503204023
0.1776242049092041,0.05,0.17214846367514738,379.045984871493
0.12894238804119784,0.005544465836476598,0.25,368.4916067331867
0.05563153083645761,0.005472675091695388,0.25,368.34075290454876
0.12317236415873775,0,0.21001225969459647,368.51653928194224
0.12634472831747554,0,0.2046655355405705,368.5842571035189
0.08659094932217706,0,0.22728912988873443,368.24006601158385
0.09333333333333331,0,0.22690598923241495,368.26446844234397
0.08992428265551039,0,0.22151562719683818,368.36346972615684
0.021954568740560967,0.008745395751317938,0.25,368.3627258039036
0.062285287211263606,0.0055323150084235825,0.25,368.4175701800097
0.06457057442252724,0.011064630016847165,0.25,369.3598613161405
0.0508669761402592,0.05,0.24537083745142696,378.20466481441576
0.09366528393543774,0.04999999999999999,0.21615220198965515,379.2069699538356
0.07298729190583765,0,0.22713841485587166,368.1755550634693
0.07978912061400736,0,0.22721377237230303,368.21351171475203
0.06322310511509219,0,0.2325052253108535,367.9877641038253
0.047147673837462094,0.03297812870943288,0.25,373.6183368066561
0.14618891966018388,0,0.2166711169000003,368.20356421515675
0.15288553255369536,0,0.21754694810385472,368.1058146544301
0.03307538897291758,0.02614542112287983,0.25,371.87049516666576
0.03158161359124796,0.020079270624689484,0.25,370.59788515691224
0.11999999999999998,0,0.21535898384862245,368.4405513814481
0.1429251576865339,0,0.2215915501220094,368.1479238792638
0.1496217705800454,0,0.22246738132586383,368.0548121207461
0.009374559026432692,0.046814860047351387,0.25,376.40024457956076
0.08666666666666666,0,0.25,367.7291187751442
0.1268425938287829,0.05,0.21613306303387603,379.11628612223586
0.1495100075896415,0.05,0.1829067593853854,379.4163524408081
0.0376046168047912,0.05,0.23357183697207806,378.3075979835074
0.040902463139191866,0.05,0.2394713372117525,378.2156628282144
0.03340430733119868,0.05,0.2382009995206511,378.1207978430483
0.19999999999999998,0.027827890327443816,0.14975662370879794,373.0690762880138
0.19999999999999998,0.027868089041654744,0.15617330184125428,373.0411006809323
0.10999999999999997,0,0.23267949192431123,368.1375968613459
0.1133333333333333,0,0.22690598923241495,368.248038116228
0.18308954362888397,0.05,0.1689541850985919,378.95478594493346
0.05781230952629988,0.04445380241787142,0.25,376.6283844314444
0.14223070098797624,0,0.18829637857133696,368.6805830303485
0.13931041459733098,0,0.19373463307267855,368.63926859953045
0.0211525419059249,0.018157222283572166,0.25,370.02894482037084
0.016381885173433645,0.01756053795055735,0.25,369.8168361135722
0.13333333333333333,0,0.25,367.6150450019228
0.1831253901461894,0.05,0.17521223630980912,378.8917984697702
0.07333333333333332,0,0.25,367.66404310296065
0.02336261273652611,0.004671040042166378,0.25,367.7334345502984
0.019999999999999993,0,0.25,366.9704137656626
0.018591956004034852,0.0040743557091515595,0.25,367.5483165879443
0.07713312971840555,0.05000000000000001,0.2449892753589164,378.4667578489226
0.07333333333333339,0.05,0.25,378.3026450086756
0.03999999999999999,0,0.25,367.3115960569609
0.017183912008069707,0.008148711418303119,0.25,368.16865370398904
0.2,0.016881904183451958,0.16043251465311098,370.75995006572725
0.2,0.01129187852861086,0.16251329988283564,369.7244460796389
0.04420030947359253,0.05,0.24537083745142696,378.1109585742892
0.15886860772653782,0.05000000000000002,0.17910738863529427,379.32346745909376
0.09666666666666665,0,0.24422649730810372,367.88912108744245
0.15626271151684928,0,0.2006767171834622,368.33991918307794
0.15941136011004134,0,0.20719063030304144,368.19369937809836
0.2,0.033376896366009545,0.1540413755509351,374.3099664645976
0.028910749401755396,0.030886207612967682,0.25,372.8399727438385
0.053333333333333365,0.05,0.25,378.1076487198517
0.2,0.02218954524635404,0.13269770676786846,371.92766950648956
0.09333333333333332,0,0.25,367.74530752601413
0.08893517032943873,0.005537552808955067,0.25,368.57857776108887
0.08046646305173885,0.05,0.23921577266702015,378.638059313991
0.06133343919199804,0.05,0.24036011281034336,378.460258902708
0.010863941564751229,0.05,0.24545320055089792,377.45239704331897
0.008394549796169113,0.05,0.24090640110179584,377.51016702035014
0.015061216462835786,0.05,0.24090640110179584,377.67278580249894
0.1033333333333333,0,0.24422649730810372,367.88913571656843
0.1488621002336029,0,0.18231781391644705,368.67680763702424
0.15281484957343008,0,0.18761014460526432,368.5644436763423
0.15415417452632982,0,0.1819746969334107,368.6130521487512
0.15586995098996242,0,0.1958089928662696,368.4155498850306
0.15720927594286216,0,0.190173545194416,368.4722739627616
0.09666666666666665,0,0.2211324865405187,368.3819333859049
0,0.05,0.25,377.04110847261313
0.004197274898084556,0.05,0.24545320055089792,377.28100499657666
0.006666666666666672,0.05,0.25,377.2212737839491
0.01259182469425367,0.05,0.23635960165269382,377.7285945439338
0.13659695317541895,0,0.23284768760745297,367.9820911058515
0.18305369711157857,0.05000000000000001,0.1626961338873747,379.0094903737922
0.13827795164814907,0,0.18300404788251973,368.7833205692796
0.14357002594087598,0,0.18266093089948338,368.73356377720035
0.1353576652575038,0,0.1884423023838613,368.74485129807493
0.042786116457777655,0.0216825407237475,0.25,371.09785339381756
0.02592319863841616,0.018753906616586984,0.25,370.2365343787584
0.05999999999999998,0,0.25,367.55535107187274
0.2,0.033336697651798614,0.14762469741847878,374.3347083484522
0.17271300305537723,0.05,0.18131631305444607,379.0476181931075
0.17215886618952428,0.05,0.17534274225170288,379.12625108059825
0.15643349685401475,0,0.21190886618812993,368.1576833664283
0.2,0,0.15384615384615385,367.9707288893169
0.14674006043673787,0.049999999999999996,0.19422795445620317,379.2986262875979
0.19436014981976812,0,0.15644622430054583,368.09177769752483
0.16160370231229423,0,0.19273694578356773,368.37403670257606
0.11666666666666663,0,0.2326794919243112,368.11587146889116
0.020546524744595823,0.012819751460469495,0.25,369.0344513512715
0.06666666666666671,0.05,0.25,378.2495660639684
0.19999999999999998,0.02237499661255335,0.15830290824718263,371.85908261174205
0.06959451387549086,0,0.232453419375017,368.0413294166529
0.08079841365384328,0.05,0.22846198542426033,378.9000742506134
0.07779703092261442,0.05000000000000001,0.22348170087339678,378.9943513074056
0.013333333333333345,0.05,0.25,377.38681407288027
0.08379979638507215,0.05,0.23344226997512388,378.79736235504396
0.0869986172687711,0.05,0.22769920737344768,378.9441259365854
0.02673764066453202,0.05,0.2382009995206511,377.99388120711023
0.2,0.05,0.16666666666666666,378.53785553443953
0.08319817129183027,0,0.2326041344078798,368.1169440961035
0.1549740711135372,0.05000000000000001,0.18252159814442082,379.34341026325006
0.03010646099679802,0.05,0.23230149928097665,378.20340468982886
0.12951709247621332,0,0.1993188113865445,368.64370484617757
0.0027078923597660203,0.046814860047351387,0.25,376.2270935989322
0.005415784719532041,0.043629720094702784,0.25,375.441877310099
0.1264974355888908,0,0.21550441779779692,368.40083512057566
0.0651332355770702,0.05000000000000001,0.23534938816925977,378.6237655356789
0.1584357488412899,0,0.17830882327986647,368.5928861558817
0.13243737886685858,0,0.1938805568852029,368.6983127237075
0.16665768095253902,0.05,0.17227896961704114,379.26305619617375
0.07459821003891547,0.05000000000000001,0.22922476347507298,378.8455478677159
0.16271732315624995,0,0.17464294962632224,368.5654510335819
0.09325761598884372,0,0.21574212450494193,368.4775178460996
0.015775868012104566,0.012223067127454676,0.25,368.8314251137965
0.08099585180631336,0.05,0.21773863827172057,379.13222260358367
0.05048028759429485,0,0.2326088371825265,367.85096816592664
0.00812367707929806,0.04044458014205417,0.25,374.68545960611357
0.2,0.016636068400737218,0.1284425505087915,370.83810684632243
0.09999999999999998,0,0.21535898384862245,368.4900427348357
0.0027078923597660203,0.04125930449179584,0.25,374.7540850764911
0.008572532191796621,0.0340044643573834,0.25,373.12246669744013
0.011729279664061204,0.029934764175619577,0.25,372.2661799090538
0.005864639832030602,0.03163404875447646,0.25,372.50818793863016
0.06385588764258772,0,0.22296783549422927,368.18722790548577
0.07011797878938608,0,0.22239562291547776,368.2491585308779
0.0672486656729345,0,0.2176528309750839,368.3161799766965
0.2,0.02770329131511238,0.12416808264417088,373.1043116954231
0.2,0.0332567681607292,0.12842323890324786,374.36711438165844
0.20000000000000004,0.03323690277229996,0.12203084871186058,374.3625658490577
0.1717363740454285,0,0.16197563206349325,368.5222063576773
0.1657528159609174,0,0.15919466199650728,368.64392321142475
0.16637585671606372,0,0.16508586898464264,368.5907882575765
0.03671690593941335,0.05,0.21352217384893457,378.72383391045645
0.0360013995435753,0.05,0.22070673132810711,378.5678583426438
0.031537473788474116,0.05,0.21793238432263157,378.5443306640444
0.03899414357298374,0.010143715133861766,0.25,368.89333074081657
0.03669594606985944,0.0046710400421663785,0.25,367.96320395452835
0.033391892139718896,0.009342080084332757,0.25,368.6683207292042
0.037183865024512805,0.020880905674218492,0.25,370.85078763023824
0.03569008964284319,0.014814755176028146,0.25,369.6673377747236
0.06035379199864062,0,0.22776243337045962,368.05949833473557
0.08278170366485295,0,0.21030118577178436,368.5413428558891
0.0895240876760092,0,0.20991804511546489,368.5708828421723
0.17713748008037258,0.05,0.15979581503373133,379.1632210757138
0.04382252953983253,0,0.23235672320196077,367.76993206628214
0.040329100341734245,0,0.23815377747445193,367.59437760977255
0.1029138933948021,0,0.20940680517401664,368.59201517170953
0.10582778678960422,0,0.20345462649941082,368.68480852631
0.09918036508196758,0,0.2035827257845396,368.68695219868926
0.12259195504561099,0,0.19871335686596467,368.69726196208404
0.12603622494081873,0,0.19354127796384396,368.7492818376109
0.11911108751021643,0,0.19293582344326413,368.7961867413663
0.14416398843975228,0,0.17064590240757146,368.8493793544762
0.1471070068355539,0,0.16446682967009735,368.8677347863085
0.1411737868800116,0,0.16605713350768447,368.92029172772163
0.02483309579399512,0.05,0.22861309873507873,378.1843012364018
0.030821967392636068,0.05,0.22511694180180414,378.3799859774555
0.15415517085719393,0.05000000000000002,0.16748329101223064,379.51549156997015
0.1502606342441933,0.05000000000000002,0.1708975005213572,379.5389077398375
0.14790391580952136,0.05000000000000001,0.16508545170982536,379.6234800503426
0.08579055936317469,0,0.20409396572598784,368.6540303237549
0,0.033288858411723216,0.2448323755310262,372.8722057617686
0,0.038844413967278765,0.2448323755310262,374.2081600880048
0,0.03888888888888889,0.25,374.08252114416393
0.10899304758893519,0.05,0.19796435789359657,379.52531034213683
0.11598678066732229,0.05,0.19863065617001133,379.4913019313364
0.11266203172595678,0.05,0.20376256654527183,379.41963575291874
0.2,0.011092854153865492,0.11768084642130724,369.8240344001736
0.2,0.005545356133579073,0.11973726042600742,368.89697424946286
0.2,0.011090712267158145,0.12408990546739945,369.8288677277107
0.2,0.005545356133579074,0.12614751683626385,368.8995138190292
0.18295966744382317,0.049999999999999996,0.15038589078297104,379.093188248637
0.18860843507329697,0.04999999999999999,0.1474358974358974,378.9719154514266
0.18865544990717467,0.05,0.15359101898809924,378.93779434269345
0.11249445345627089,0,0.20345462649941082,368.6696583683631
0.10958056006146877,0,0.20940680517401664,368.58167967106914
0.11239655053568856,0.05,0.19284280317605432,379.5931896789493
0.1196557648043439,0.05,0.2044288648216866,379.3778985559644
0.11633101586297838,0.05,0.2095607751969471,379.3027395879701
0.2,0.011090712267158147,0.1305001618776559,369.8259286239388
0.17111333329028217,0,0.15608442507535789,368.57251343930005
0.2,0.03886433262505846,0.13901047439580985,375.7125094150089
0.20000000000000004,0.03327663354915844,0.13481562909463518,374.36319220219843
0.15974522650417833,0,0.16291578688374908,368.71148458782756
0.00541578471953204,0.03807416453914723,0.25,374.02338482785126
0.11939028361407568,0.05,0.19350910145246908,379.553494907785
0.16036826725932465,0,0.16880699387188444,368.65492160864477
0.11566681761500866,0,0.19810790234538483,368.73883461290393
0.1121859500796141,0,0.1923303689226843,368.83110718003513
0.1096643491963117,0.049999999999999996,0.20956077519694713,379.32591669812064
0.2,0.027705433201819726,0.11775902359807866,373.099592932235
0.011925289337368188,0.004074355709151559,0.25,367.40940953658173
0.01333333333333333,0,0.25,366.83507481721955
0.13187679772210925,0,0.1826647689611608,368.84294023805444
0.12888659616236858,0,0.1780760000612738,368.9156726389995
0.12547564379606946,0,0.18232549003980186,368.8923390597008
0.15261735267886525,0.05000000000000002,0.17670954933288902,379.44555114414
0.011729279664061204,0.024379208620064017,0.25,371.0687073768707
0.005864639832030602,0.020522937643365345,0.25,370.150601265336
0.005864639832030602,0.026078493198920902,0.25,371.28668945019336
0.0523219640664005,0,0.22321822678698594,368.0635922800601
0.0558240597103476,0,0.2184236289107556,368.1938118889637
0.050661544894559055,0,0.21862221426767578,368.13071818585905
0.04050169119614963,0,0.22316469816334036,367.9088052306162
0.03550435231352876,0,0.2275085967020848,367.74685769814573
0.042162110367991085,0,0.22776071068265058,367.8418325554836
0.2,0.01664249406085926,0.10921537337051485,370.8153201210366
0.2,0.022173963631339492,0.11348719848429675,371.91717768956124
0.2,0.022184046121244295,0.1070849469932104,371.9001451451766
0.03016900447696929,0,0.24395083174694307,367.3010837693249
0.023502337810302625,0,0.24395083174694307,367.1819746112598
0.026666666666666658,0,0.25,367.09496109940284
0.16530504601796062,0.049999999999999996,0.15399517732644463,379.43502077199787
0.1712212630491666,0.049999999999999996,0.15689549618008797,379.3050645417823
0.16575592432948674,0.04999999999999999,0.16008977475664346,379.38564591302776
0.0715813975355156,0.05,0.2127108555369608,379.1711715973988
0.06831887730061893,0.05,0.2075146258958895,379.24078347576153
0.07447081133652003,0.05,0.20734617898957794,379.29106987052586
0.1595046692818142,0.05,0.1576919354542382,379.51025012364227
0.011123262502732123,0.019041737796961347,0.25,369.98471112085747
0,0.044444444444444446,0.25,375.51358390997865
0.2,0.04443216631252923,0.13681292950559726,377.16541797375817
0.20000000000000004,0.03884446723662922,0.13261808420442256,375.72179410730496
0.01086652727529418,0,0.24528252466774425,366.89538189553286
0.006666666666666665,0,0.25,366.6889577716524
0.2,0.0221696798579248,0.1263053165764812,371.9294920278446
0.2,0.016638210287444565,0.12203349146269926,370.8387625246607
0.09047464468617314,0.05,0.21084591893087612,379.30248094093184
0.0027078923597660203,0.03570374893624029,0.25,373.37753835086977
0.004197274898084556,0.05,0.23263268773038512,377.6036400670356
0.004197274898084556,0.05,0.23904294414064153,377.4476943152958
0,0.05,0.23717948717948717,377.3785711062399
0,0.02773330285616766,0.24483237553102621,371.62524824696146
0,0.03324438349011309,0.2396647510620524,372.9905344801528
0.030029279403192773,0.0046710400421663785,0.25,367.8537292040671
0,0.04439996952283433,0.23842211912076977,375.8045255287846
0,0.03879993904566865,0.23325449465179598,374.4816376987748
0,0.04439996952283433,0.23201186271051338,375.9577312795291
0.004199860608627514,0,0.24528252466774422,366.7450224446408
0,0,0.25,366.5320626289612
0.2,0.02772315670354162,0.13056047283555816,373.10567470104587
0.1020942584767697,0,0.19763054710993377,368.7755407054637
0.04564475744961573,0.05,0.2190708678598856,378.7563400732932
0.047963481106669675,0.05,0.22475141602468404,378.6693321069627
0.04046532529867649,0.05,0.2234810783335826,378.58395796828154
0.09626647168716546,0,0.2095349044591454,368.5891846096417
0.17709689137479326,0,0.15886539514234382,368.44448685286005
0.033333333333333326,0,0.25,367.20868852983557
0,0.0055555555555555575,0.25,367.3634172081447
0,0.009898111565874293,0.2451228726840512,368.1884320193468
0,0.011111111111111115,0.25,368.2752555824363
0.17167214136069273,0.05,0.16299009361028682,379.25123909046056
0.1059953650592901,0.049999999999999996,0.20376256654527186,379.43629792423644
0.09980704328038041,0.049999999999999996,0.20425449213816813,379.4327234847144
0.10280472581002548,0.05,0.19845628348649283,379.5273745284562
0.2,0.02772559818162933,0.10495452061590596,373.0683606478852
0.2,0.027715515691724528,0.11135677210699232,373.0881864541087
0.2,0.03325706775210956,0.10922634572968788,374.3425856972247
0.055913968846721715,0.05,0.2301563345664057,378.6502820080841
0.05922700927266587,0.05,0.22420015677853047,378.82205539713397
0.062180122424868034,0.05,0.22977477247389513,378.72795383871323
0.07634381049980143,0,0.21107105448688593,368.4958426624742
0.13870707822729644,0.049999999999999996,0.1728788962037335,379.65886998913226
0.14168922563107383,0.049999999999999996,0.1774798718148181,379.577147236775
0.1355997331380727,0.04999999999999999,0.17907610625622988,379.6227887077251
0,0.027688827934557535,0.23966475106205237,371.74214389522876
0,0.03319990856850297,0.2344971265930786,373.10290633032156
0.06844627600301435,0.05000000000000002,0.22939321038138455,378.79474830298085
0.1322975485286677,0,0.17382651008274574,368.93247510914813
0.13823076848421,0,0.17223620624515862,368.89558352591416
0.1352405669244693,0,0.16764743734527163,368.9635360809309
0.03683567114363595,0,0.24395083174694307,367.40937302408264
0.12895651133146402,0,0.18810302346250235,368.80014568941397
0.10299768252964502,0.04999999999999999,0.20956077519694716,379.3371873972142
0.2,0.01113538178842017,0.13688724442705202,369.8227793873242
0.04278404895573044,0.05,0.22916162649838107,378.49442988997333
0.050282204763723616,0.05,0.23043196418948247,378.57289872883916
0.2,0.03882460184819997,0.12622569401303527,375.72260808754044
0.047159449250611954,0,0.22341681214390613,367.9959325415131
0.10874168018440636,0,0.197502447824805,368.76842279863735
0.09042808225220611,0.05,0.19944013467228539,379.5004622633387
0.09361872150147071,0.049999999999999996,0.2047464177310644,379.41880216594024
0.08728400543690852,0.05,0.20553963587209712,379.3888241913368
0.01372151849034411,0.05,0.22627739897975319,377.99012444691215
0.018994883693147006,0.05,0.2299657995256511,378.0285059708434
0.01315667159229889,0.05,0.23131850031622353,377.86243267229946
0.1258963946026279,0,0.1734872311613868,368.98201535118045
0.188608435073297,0,0.14102564102564102,368.29410647453966
0.1829126526099455,0,0.14423076923076925,368.4048438992461
0.188608435073297,0,0.14743589743589744,368.2701217228518
0.19430421753664848,0.049999999999999996,0.15064102564102563,378.8083104765253
0.027004675620605257,0,0.23790166349388614,367.38356349296964
0.021035531752263477,0,0.23923335641468732,367.2429763518442
0,0.008685112020637473,0.24024574536810234,368.0999584930176
0,0.01424066757619303,0.24024574536810236,369.0603739710779
0.1943042175366485,0,0.14423076923076925,368.1533604604738
0.1943042175366485,0,0.15064102564102566,368.12541671954205
0.010517245341403043,0.013704266973858674,0.25,368.9787941892831
0.18302451717618473,0,0.1558411665498096,368.3455495550115
0.1829685848930651,0,0.15003596789028942,368.37847356006813
0.17704095909167364,0,0.15306019648282365,368.48073617053507
0.1263840166924628,0.05,0.19417539972888384,379.50053201150394
0.12298051374570941,0.05,0.1992969544464261,379.44402539541915
0.07120829110162337,0.05,0.2021499493485066,379.35682067474266
0.07761488815181761,0.05,0.20124667778976618,379.41594315633824
0.09253294337433093,0,0.20371082506966837,368.6781089699573
0.19999999999999996,0.011180051309682193,0.14327432697644815,369.8114719232595
0.2,0.0055900256548410965,0.1453551122061728,368.866096170496
0,0.027777777777777787,0.25,371.5023957304787
0,0.03333333333333334,0.25,372.7479201751692
0.06254004969861003,0.05,0.21824397899065529,378.98236010607246
0.056908285615611925,0.05,0.21851960861373204,378.91568567147596
0.08087740838671428,0.05,0.2064429074308375,379.3455680069632
0.07773333157141671,0.05,0.21254240863064927,379.2162038468063
0.025548602189833167,0.05,0.22142854125590622,378.35547482592364
0.07484391777041224,0.05,0.21790708517803212,379.0924444995333
0.0716450968867133,0.05,0.22365014777970832,378.9490624730128
0.06869198373451113,0.05,0.2180755320843437,379.04249033369615
0.0966164040311158,0.05,0.1989482090793891,379.5190918355235
0.005258622670701521,0.015185466820262674,0.25,369.124178401963
0.07351075681973286,0,0.2170806183963324,368.372329741586
0.13528775008840838,0,0.17841527898263274,368.86109268359604
0.16620680264101287,0.049999999999999996,0.1661843721868423,379.32832438775307
0.16040642590486648,0.05,0.16988113031463586,379.3953502852471
0.041180831694514544,0.05,0.21629652085441012,378.7438010183555
0.012599581825882545,0,0.2358475740032327,367.1460039838561
0.008399721217255029,0,0.24056504933548845,366.94966956293905
0.015066387883921693,0,0.24056504933548847,367.09349332203203
0.2,0.03326715024201437,0.10282409423860153,374.3199666291625
0.17105740100716255,0,0.1502792264158377,368.60553440371507
0.1651297752057711,0,0.15330345500837195,368.6901516433964
0.005258622670701521,0.009629911264707115,0.25,368.1517094974749
0.010517245341403043,0.008148711418303117,0.25,368.02617854970663
0.02453786956256611,0,0.2331841881616304,367.44101749050014
0.018568725694224325,0,0.23451588108243157,367.29795868152155
0.2,0.044432166312529234,0.14322318591585365,377.1453615088507
0.07008171935300309,0,0.21164326706563744,368.44467368955446
0,0.04439996952283432,0.2448323755310262,375.6405762110607
0.11624722672813544,0,0.20940680517401664,368.5603678959666
0.019559730591192225,0.05,0.22492469818918082,378.15372296238274
0,0.05,0.24358974358974358,377.21521157291613
0.12255535740542417,0,0.18776374454114342,368.8452192336246
0.07291477303307167,0,0.20563370315619098,368.56404221071097
0.0694857355663419,0,0.20019635182549606,368.62335205689556
0.06665268188627331,0,0.20620591573494249,368.5081279354708
0.18866436735641662,0,0.15324109609541764,368.2401170422542
0.13212243917096517,0.04999999999999999,0.18331795249186628,379.6036928344448
0.1518051186294045,0,0.1761387411789729,368.705938741694
0.030507013430907892,0,0.23185249524082924,367.57518041079214
0.03367134228727192,0,0.23790166349388614,367.4972344753596
0.15995554759334035,0.05,0.16378653288443706,379.4567735375971
0.12279378656082907,0.05,0.18838754673492686,379.60672988697297
0.005258622670701521,0.004074355709151559,0.25,367.25972438809487
0.2,0,0.12820512820512822,368.0504433039998
0.2,0,0.13461538461538464,368.0424223601281
0.2,0.005545356133579074,0.13255777324652027,368.89403379520735
0.051276521532613833,0.05,0.21879523823680885,378.8403456605496
0.12925322793171398,0.04999999999999999,0.18874667611037507,379.55651412700564
0.15651188929186588,0.05,0.17329533982376244,379.4238716571282
0,0.05,0.23076923076923075,377.5311870725844
0.004762121796129776,0.05,0.2275915863939148,377.73391080744415
0.008959396694214333,0.05,0.22945504335506917,377.80149699187257
0.017533193941960845,0,0.24528252466774425,367.03496324930086
0.04129234107610804,0.015616390225557154,0.25,369.90189245871215
0.12930734696892704,0,0.16923774118285878,368.9974678459362
0.17698502680855402,0,0.14725499782330348,368.5104318223316
0.08413992862161095,0.05,0.21163913707190884,379.2660776380852
0.2,0.044412300924099986,0.11760002649369712,377.16905883511924
0.2,0.05,0.11538461538461539,378.70943449221613
0.2,0.044422383414004785,0.11119777500261077,377.15761201575623
0.2,0.00554749802028642,0.1133282013799152,368.8866519160504
0.12914029176718778,0.05,0.17871697688078167,379.68347158502377
0.03225298018431216,0.05,0.21074782684345905,378.69643874959564
0,0.01666666666666667,0.25,369.267577751836
0.18300668227770087,0.05,0.15654101233517287,379.0552847981904
0.2,0.03882460184819997,0.11981543760277885,375.7201026207331
0.2,0.038834684338104775,0.1134131861116925,375.71148900511764
0.1943042175366485,0,0.13782051282051283,368.1732992948335
0.2,0,0.14102564102564105,368.02652944309625
0.11941959088687322,0,0.20406008101999065,368.63294996848424
0.2,0.05,0.14102564102564105,378.69237358025896
0.2,0.05,0.13461538461538464,378.70952498692554
0.18291265260994546,0.049999999999999996,0.14423076923076922,379.12320072513194
0.020275236987030272,0.05,0.2177401407100083,378.3194888537998
0.02626410858567122,0.05,0.2142439837767337,378.51441181440777
0.2,0.022171821744632145,0.11989625753038897,371.92746048541966
0.12963543833051794,0.05,0.16987415503406067,379.7725535205282
0.13261758573429533,0.049999999999999996,0.17447513064514528,379.7011631983712
0.1261581443634104,0.05,0.17411600126969706,379.75626616711367
0.13572493082351908,0.05,0.1682779205926489,379.7336085730003
0.05748447888218905,0,0.22301964143006575,368.12465054405584
0.05398238323824195,0,0.22781423930629613,367.9915385601924
0,0.03879993904566864,0.23966475106205237,374.32784216363024
0.2,0,0.14743589743589747,368.00263161949255
0.11907448987002962,0,0.1819862111184429,368.93151703421876
0.0759236287313934,0,0.19942648311039446,368.678251436733
0.07935266619812317,0,0.2048638344410894,368.6142419973371
0.15370429254566778,0.05000000000000001,0.16138869358203178,379.57306988309057
0.1447965707202976,0.05,0.17128266176232176,379.6058305706926
0.12248544223632876,0,0.17773672113991487,368.96003174727457
0.03528589314773725,0.05,0.22789128880727966,378.3996461737934
0.17709046524649488,0.05,0.15364069348152953,379.2052697867106
0.009524243592259552,0.05,0.22441394201859885,377.92740507250664
0.14715328915496956,0.05000000000000001,0.17709471057385356,379.5154836483465
0.2,0.05,0.14743589743589744,378.6666605180931
0.15311459629229296,0,0.16074570478285555,368.8203354261045
0.15373763704743926,0,0.16663691177099088,368.7672509434636
0.008394549796169113,0.05,0.23449614469153945,377.6694425574854
0,0.015453667121429851,0.2451228726840512,369.16480084307676
0.0454990300787705,0,0.21882079962459594,368.0610230082033
0.08879941506149643,0,0.19788674568019132,368.75681581578283
0.09544683676913307,0,0.19775864639506255,368.7716717111789
0.04881986842245341,0,0.22801282466321632,367.9259142607543
0,0.004342556010318736,0.24512287268405117,367.292546990725
0,0.022222222222222227,0.25,370.3422815893676
0.06098657452613615,0,0.21822504355383543,368.25030411751703
0.01428636538838933,0.05,0.2212362976432829,378.11166986777175
0.1494560627324792,0,0.17030278542453514,368.7908329542131
0.14651304433667758,0,0.17648185816200926,368.7670896859621
0.053595245189667774,0.05,0.22447578640160729,378.75002654021347
0.1711742482152889,0.04999999999999999,0.15074037462788614,379.34336753937765
0.08236152189644491,0,0.1986566143952929,368.7227393563621
0.11920355642919533,0.05,0.18259969374096985,379.70207436079187
0.12566299780008025,0.049999999999999996,0.18295882311641806,379.6585742718455
0.14122097004395068,0,0.17682497514504558,368.82124128213326
0,0.020964747755375282,0.23995524821507738,370.3387141423565
0,0.022177747300612102,0.24483237553102621,370.46370103573355
0.12268085039630289,0.05,0.17835784750533346,379.7327731138683
0.19999999999999998,0.0055900256548410965,0.1389448557959164,368.8877066295078
0.188608435073297,0.049999999999999996,0.14102564102564102,378.99769649317676
0.1943042175366485,0.05,0.14423076923076925,378.83833835623295
0.1943042175366485,0.05,0.13782051282051283,378.8598045804413
0,0.01975174821013846,0.23507812089912855,370.2120772857397
0.06549316285081219,0.05,0.2238185946860199,378.8935975768333
0.15608669294436456,0,0.17247286752542867,368.68406473988455
0.17704345041261718,0.04999999999999999,0.14748557192932768,379.23942752375575
0.11563021997482185,0,0.1871582900205636,368.885471925229
0.11580005348244195,0.05,0.18772124845851207,379.652111018501
0.2,0.016640352174151912,0.11562443241660705,370.8311669495654
0.08402148520201186,0.05,0.20034340623102576,379.4638236858703
0.09680936075073532,0.04999999999999999,0.21005270078984342,379.3279743318508
0.15912218574903203,0,0.15702457989561375,368.76114104513385
0.2,0.033246985262204765,0.11562859722077423,374.35678543718984
0.06542946349961448,0.05,0.21287930244327238,379.11596328620476
0.2,0.044412300924099986,0.13042053931420994,377.1715944668296
0.06381962820620474,0,0.21221547964438894,368.3837786223446
0.037164771485370215,0,0.232104609221395,367.6780028145705
0.14181442331652022,0.05,0.16668168615123713,379.68391741627187
0.2,0.03884476682800958,0.10701093462060615,375.694456061405
0.06672520075903929,0,0.22771062743462314,368.1175696718644
0,0.026475828389320714,0.23478762374610357,371.59494701723384
0.2,0.01109499604057284,0.11127178737521502,369.810949819203
0.2,0,0.11538461538461539,368.042426411579
0.2,0,0.1217948717948718,368.0504446544835
0,0.01302766803095621,0.23536861805215353,368.95429713583957
0.17721687014659399,0,0.1282051282051282,368.5532369146884
0.17152108768324248,0,0.13141025641025642,368.65585573764474
0.17721687014659399,0,0.1346153846153846,368.5452616731807
0.1533008457707366,0,0.15385601881055525,368.8615997346249
0.14729325631399753,0,0.15757714369779705,368.91438182630964
0.027266831330605742,0.05,0.2013734727251811,378.7636536763279
0.032542503899573846,0.05,0.20444077994822088,378.8137693344244
0.026977307615344056,0.05,0.20768051962041928,378.6503357432946
0.16559346188185103,0,0.14084474141304706,368.73658555933156
0.15954027856551561,0,0.14390553712565102,368.8205394193977
0.16536161854381107,0,0.1470740982107095,368.71718454143047
0.07355205252131315,0.05,0.19646359865130927,379.4654070927019
0.06866964443296508,0.05,0.19743512255068352,379.41234487719873
0.2,0.03886837033413453,0.08773918897770863,375.5897449757262
0.2,0.044434185167067264,0.09194651756577739,377.0666064889061
0.2,0.04443418516706727,0.08553626115552099,377.01807786137863
0.1829126526099455,0,0.13141025641025642,368.43656943812977
0.1357542116468838,0,0.15639642161885398,369.0410971048282
0.13007781405254878,0,0.1523612175932323,369.1109320804521
0.12982099169134154,0,0.15798672545644113,369.0793997984936
0.024958151709243905,0,0.22789229776795844,367.55844410941904
0.030896562639615634,0,0.22460324487107408,367.72892546870906
0.021991158761637642,0.05,0.19830616550214133,378.70317700784466
0.021701635046375956,0.05,0.2046132123973795,378.59387172660655
0.2,0.005547498020286421,0.1069179449696588,368.86796066351184
0.2,0.005547498020286421,0.10050768855940238,368.84123148808555
0.2,0,0.10256410256410256,368.0026389629594
0.01940928998757992,0,0.22393210029508764,367.5307965774617
0.01898900784090212,0,0.2292239906887596,367.4171630205817
0.188608435073297,0,0.11538461538461539,368.3099124711194
0.188608435073297,0,0.10897435897435898,368.2939189904311
0.1829126526099455,0,0.11217948717948718,368.424527424513
0.12995881384955973,0.05,0.16432402076512234,379.81970323486206
0.13604830634256088,0.05000000000000001,0.16272778632371057,379.7782774902984
0.188608435073297,0.05,0.08974358974358976,378.8943718390092
0.1829126526099455,0.05,0.09294871794871795,379.05412445372593
0.18291265260994552,0.05000000000000001,0.08653846153846156,379.0067019824201
0.2,0.05,0.08333333333333334,378.5378729985737
0.2,0.04443418516706727,0.0791260047452646,376.9608936169163
0.10846516419716569,0,0.18612678880086353,368.91949254601633
0.15348709524918022,0,0.14696633283825494,368.8934709449424
0.15930843522747568,0,0.15013489392331344,368.79702262217353
0,0.008685112020637473,0.23383548895784595,368.24255257654266
0,0.004342556010318736,0.23871261627379475,367.43985359969514
0,0.004342556010318736,0.23230235986353837,367.5791585988054
0.188608435073297,0,0.1282051282051282,368.31785903964374
0.1829126526099455,0,0.125,368.44049822823075
0,0.04454547129639714,0.2193393142581054,376.2715490853967
0,0.03909094259279427,0.21431965415723647,374.95375300392396
0,0.04454547129639714,0.21292905784784902,376.39633952291814
0.12364361233167714,0,0.16716727193747502,369.05247920717187
0.12023265996537802,0,0.17141676191600308,369.0339328514171
0.11823670005563452,0,0.15947129482888245,369.1388637801276
0.11231614305717741,0,0.16302633344670753,369.135882824451
0.11797987769442728,0,0.1650968026920913,369.0986175333435
0.13637168186160264,0.05,0.15717765205477222,379.81630776071665
0.142137798835562,0.05,0.16113155188229877,379.72610553653413
0.020988436016703114,0.05,0.2111766765536939,378.46156640616033
0.014999564418062172,0.05,0.21467283348696853,378.2599010436059
0.177216870146594,0.05,0.13461538461538464,379.27905304632503
0.17721687014659404,0.05000000000000001,0.12820512820512822,379.2877029150036
0.1829126526099455,0.05,0.1314102564102564,379.15756362517413
0.09757932253706111,0,0.1788917074593427,369.00984448989215
0.09108919650885107,0,0.1809590039525471,368.97832182446086
0.09465268671187288,0,0.18522338686629225,368.93561736489744
0.013860428265915936,0,0.21997190282221687,367.4922378149197
0.019798839196287665,0,0.2166828499253325,367.67385993035737
0,0.0336364138891914,0.21571025046662393,373.6018251514092
0,0.03349091211562859,0.22197254250877546,373.4440330839155
0,0.0276422569473553,0.21716315406720677,372.21623854050426
0.01571276344773501,0.05,0.20810936933065413,378.39835998752585
0.010237442621932394,0.05,0.21144022145202807,378.2049980494633
0.15970777167232236,0.04999999999999999,0.1508460588885132,379.5492617228015
0,0.03334541034206578,0.22823483455092702,373.2777268102197
0,0.027351253400229678,0.2296877381515099,371.8968228153323
0.2,0.005555146845306129,0.08124706883631977,368.71340896888546
0.2,0,0.08333333333333334,367.8830637403086
0.2,0.005555146845306129,0.08765732524657618,368.7644085986822
0.2,0.044371788298881075,0.07274765741320223,376.87842259625
0.2,0.04437178829888107,0.06633740100294581,376.80390195073903
0.2,0.03874357659776215,0.0685722379033275,375.37105449131695
0.1829126526099455,0.05,0.13782051282051283,379.14465549394964
0.18291265260994552,0.05000000000000001,0.125,379.1619251188054
0.20000000000000004,0.04441230092409999,0.12401028290395354,377.1745892081789
0.07995864957150739,0.05,0.19556032709256888,379.51935823774664
0.08230241099119717,0.05,0.18987397639537154,379.61413238147696
0.08636524662170164,0.05,0.19465705553382845,379.56206743072767
0.05481523018260212,0,0.19700049799833133,368.5324411777969
0.05697327298236645,0,0.20110755745418415,368.4959918439099
0.06107146147458984,0,0.19654489518398727,368.604043373945
0.10502089430195793,0,0.19129886770298424,368.8600235233616
0.0888020922794523,0.05,0.18788359524681558,379.6667319715266
0.2,0.05,0.12820512820512822,378.71801993643135
0.188608435073297,0.05,0.13461538461538464,379.0148550082759
0.07879803169342309,0,0.19439223148154774,368.76596489751404
0.036283450730944244,0,0.21301009596257447,368.0308461242703
0.031286111848323375,0,0.2173539945013189,367.87226421539714
0.035893901522236496,0,0.22025934633232963,367.8940550668226
0.005475320825802617,0.05,0.2082076094170876,378.1404617497463
0.010950641651605234,0.05,0.20487675729571367,378.3396157467931
0.09773861922545807,0.05,0.17911975381124673,379.7928339038818
0.1014900953466171,0.05,0.18540128850536333,379.71614369292973
0.09530177356770742,0.05,0.1858932140982596,379.7070898095233
0.2,0.05,0.10256410256410257,378.66660034078075
0.1943042175366485,0.05,0.10576923076923075,378.83820503718385
0.1943042175366485,0.05,0.09935897435897437,378.80825230658155
0.1597721219035556,0,0.13767618032798856,368.83642433648896
0.1537189385872202,0,0.1407369760405925,368.9134716413566
0.04089124040485737,0,0.21591544779358518,368.04945491005265
0.09905324968886645,0.05,0.19217474879237623,379.62347432380454
0.10864507441452952,0.05,0.18656126848193771,379.6911810220269
0.10489359829337049,0.05,0.18027973378782108,379.7766880554752
0.1120485773612829,0.05,0.18143971376439547,379.7464348744452
0.2,0.05,0.12179487179487182,378.71798977152827
0.19430421753664853,0.05000000000000001,0.125,378.87687109034636
0.19430421753664853,0.05000000000000001,0.11858974358974361,378.8725502244617
0.17128924434520254,0,0.14404986961817529,368.62850016428905
0.10976203922974928,0.05,0.17496761331974084,379.82684138328756
0.2,0.011094996040572841,0.10486153096495862,369.7894420769917
0,0.05,0.21153846153846154,377.9295847083917
0.004762121796129777,0.05,0.214771073573402,377.9999130670926
0,0.05,0.21794871794871795,377.8063381398774
0.188608435073297,0,0.1346153846153846,368.30996075020533
0.1943042175366485,0,0.13141025641025642,368.18516708360966
0.004199860608627514,0,0.2388722682574878,366.891351185411
0.004199860608627514,0,0.23246201184723142,367.0296783163212
0,0,0.23717948717948717,366.828099287932
0.1598811914062992,0.04999999999999999,0.14438612798482656,379.5772268446701
0.16565188548591422,0.049999999999999996,0.1410753155190713,379.49007477036474
0.16547846575193742,0.04999999999999999,0.14753524642275795,379.4669555233584
0.10130010841950952,0,0.18509528758116348,368.9404974204465
0.009524243592259554,0.05,0.21800368560834246,378.06060812021934
0.004762121796129776,0.05,0.22118132998365841,377.87168825897925
0.1943042175366485,0,0.09935897435897437,368.1252906011272
0.1943042175366485,0,0.10576923076923078,368.15328371487357
0.1715210876832425,0.049999999999999996,0.13782051282051283,379.3889158026815
0.1713476679492657,0.04999999999999999,0.1442804437241995,379.3705494232068
0.188608435073297,0,0.08333333333333334,368.1498992080131
0.1829126526099455,0,0.08653846153846154,368.2962575334887
0.188608435073297,0,0.08974358974358974,368.1979064681982
0.1943042175366485,0.05,0.13141025641025644,378.87266684182197
0.18860843507329703,0.05000000000000002,0.12820512820512822,379.023466885782
0.17152108768324248,0,0.13782051282051283,368.6438340447302
0.165825305219891,0,0.13461538461538464,368.7483546970998
0.07523454149040129,0,0.19012784856780257,368.8023718131664
0.08167243465545279,0,0.189357979852701,368.8465954673749
0.07810894445243098,0,0.18509359693895586,368.88125735492173
0,0.05,0.22435897435897434,377.67353892794165
0,0.04454547129639713,0.2257495706683618,376.1372060044537
0.05855024020176863,0.05,0.21276026417394875,379.04786196367724
0.1943042175366485,0,0.08653846153846155,368.04547832469
0.1943042175366485,0,0.09294871794871795,368.0893834084746
0.04723836728263991,0,0.21306825317257336,368.1871794666727
0.04263057760872678,0,0.21016290134156262,368.1742012020146
0.2,0.022191694946264003,0.1006448400906406,371.8740354607659
0.2,0.027733247006649038,0.09851441371333616,373.0392371737705
0.05414021930229787,0,0.2071171213636306,368.37102498829086
0.05071704169037873,0,0.20156316026852822,368.41766902882506
0.06322950427435417,0,0.2006519546398401,368.56455285326666
0.16582530521989103,0.05,0.13461538461538464,379.50437851301655
0.08473925664894782,0.05,0.18310051610835865,379.7142911304045
0.09123893793720295,0.05,0.1811101349598027,379.75968339316955
0.025347700917951646,0,0.22064304739820328,367.7068483148255
0.2,0.0444223834140048,0.10478751859235436,377.13485029700604
0.2,0.03884476682800958,0.10060067821034974,375.66607727790273
0.2,0,0.07692307692307694,367.82722323444244
0.2,0.005554183934070786,0.07489619351663704,368.65466182272695
0.06732769276657756,0,0.1960892923696432,368.66588376436516
0.17721687014659399,0,0.14102564102564102,368.5293304454456
0.13594046112532743,0,0.14950673564655367,369.0773565301675
0,0.013903093041865171,0.23026873245755983,369.22102880795666
0,0.009560537031546435,0.22873560336325224,368.49670998500187
0.038358860525570054,0.05,0.20776282940915128,378.8581901498945
0.044464740866827945,0.05,0.2047778319748435,379.00767918644624
0.04282278628067124,0.05,0.2105371764146268,378.87986705327705
0,0.02749675517379249,0.22342544610935833,372.0607877810194
0,0.0216481000055192,0.2186160576677896,370.9310015969581
0.2,0.011109330779376914,0.07922018542987987,369.6241440826902
0.2,0.011108367868141572,0.07286931011019715,369.5621792583967
0.07236013852837159,0,0.1951621001966493,368.71640338049104
0.2,0.05,0.09615384615384616,378.6323659999048
0.2,0.04442238341400479,0.09837726218209794,377.10354373481687
0.188608435073297,0.05,0.09615384615384615,378.9374126388674
0.188608435073297,0.05,0.10256410256410255,378.97185366840387
0.1829126526099455,0.05,0.09935897435897435,379.09294715470986
0.048977704486509316,0,0.20731570672055077,368.3060614735468
0.052400882098428456,0,0.2128696678156532,368.2545088128728
0.1295641693301343,0,0.16361223331964997,369.0415783869884
0.13549738928567656,0,0.16202192948206282,369.0054611576531
0.2,0.03885656858107205,0.09416993359402918,375.6322577868686
0.06516964996681324,0,0.19198223291379038,368.7038585291923
0.05756339691421702,0,0.21267108245873304,368.31523668452155
0.013440146119238138,0,0.2252637932158888,367.3823973200789
0.11691701829766171,0.05,0.17612759329631522,379.78852399849615
0.17152108768324253,0.05000000000000001,0.13141025641025644,379.4018540464073
0.032832027614835536,0.05,0.1981337330529827,378.92219850190367
0.2,0.005555146845306129,0.09406758165683259,368.8073894292379
0.2,0,0.08974358974358976,367.9308854469339
0.2,0,0.09615384615384616,367.97068835431816
0.03864838424083174,0.05,0.2014557825139131,378.97096564124456
0.08459907048064103,0,0.18302630044575147,368.93545944613743
0.2,0.027693490733352456,0.07292370182894997,372.82443474135505
0.2,0.02214682283368931,0.06869389060032242,371.60298692033507
0.2,0.022209219701875504,0.07507223793238478,371.68473881899735
0.03802278793481365,0,0.20725754951055186,368.1541822497247
0.03167566105703112,0,0.2101047441315637,368.0051966508559
0.188608435073297,0,0.10256410256410257,368.2698833715796
0,0.03894544081923146,0.22699220260964442,374.6587853011862
0.188608435073297,0,0.09615384615384616,368.2379300647788
0.10740386955047199,0,0.16831479145091927,369.10545068199605
0.1096566518214227,0,0.17463475067483106,369.0426545183396
0.11456892532812814,0,0.16934629267061932,369.0769773165898
0.057449844505931685,0.05,0.20191187280985934,379.22847996029395
0.05057062120808585,0.05,0.20179283454053576,379.1449058592512
0.0549111978372734,0.05,0.19719704601203628,379.27406504070194
0.19430421753664853,0.05000000000000001,0.08653846153846155,378.72225872036154
0.19430421753664853,0.05000000000000001,0.08012820512820515,378.6662686456175
0.2,0.022199343771283714,0.0942047331880708,371.83961140705605
0.2,0.027745048759711517,0.09208366909701562,373.0028441134422
0.06039645059428559,0,0.20666151854928655,368.44445736474484
0.2,0.03880597346594834,0.07495058523538987,375.45760746792047
0.2,0.03886837033413453,0.08132893256745224,375.53560641286936
0.02573725012665939,0,0.2133937970284481,367.84484620900275
0.12419498175091857,0.05,0.1620937665561041,379.8801090695683
0.11810777413323563,0.05,0.1654136466160242,379.88757475644235
0.11843114965227741,0.05,0.15986351234708585,379.9304508750741
0.1943042175366485,0,0.11217948717948718,368.1732389057322
0.1943042175366485,0,0.1185897435897436,368.1851651082713
0.1943042175366485,0.05,0.09294871794871795,378.7695931781707
0.027556355045867433,0.05,0.19506642582994294,378.868070192012
0.188608435073297,0.05,0.11538461538461539,379.0147184343539
0.18291265260994552,0.05000000000000001,0.11858974358974358,379.157538420978
0.18291265260994552,0.05000000000000001,0.11217948717948717,379.14462007650013
0.12390043469288439,0,0.1615417640742662,369.09465760109
0,0.014778518052774133,0.22516884686296612,369.48496786960044
0,0.010435962042455397,0.22363571776865854,368.7480747829874
0.054560430704927235,0.05,0.20727654935724224,379.1020438814035
0.061439654002773084,0.05,0.20739558762656587,379.17788159318866
0.01642596247740785,0.05,0.20154590517433973,378.5270466995317
0.08523592485847462,0,0.19362236276644618,368.80511495432864
0.10524157146777613,0.05,0.19168282319947993,379.626969172348
0.2,0.016650142885878967,0.10277526646794503,370.79222422632984
0.1306055648876433,0.05,0.15322375222724566,379.89408672289056
0.13657478425211084,0.05,0.15033177548904725,379.8560646480143
0.15411049732668414,0.049999999999999996,0.14769694045058182,379.65265719455766
0.15428391706066094,0.05,0.14123700954689516,379.67665268693446
0.008399721217255029,0,0.23415479292523206,367.09030791006404
0.14831012059053772,0.05,0.1513936985783754,379.7146265411846
0.14254400361657837,0.05,0.14743979875084884,379.80643813613955
0.1485132229810459,0.05,0.14454782201265043,379.7452071872663
0.2,0,0.10897435897435898,368.02655164871305
0.14234090122607018,0.05,0.1542856753165738,379.77126936944984
0,0,0.24358974358974358,366.6840817633766
0.2,0.011102644865592549,0.0984214240623888,369.76097310021447
0.2,0.0333025555012018,0.08353186038963989,374.2017814603651
0.2,0.027755887601538652,0.07930204916101233,372.9020741253019
0.2,0.027756850512773996,0.08565292448069507,372.9577577330057
0.09286492790995676,0.05,0.19266667438527246,379.60963259600896
0.11234394203459447,0.05,0.16318339240700597,379.92998933059886
0.1943042175366485,0,0.08012820512820513,367.9935544416644
0.188608435073297,0.05,0.10897435897435898,378.9975247887325
0.2,0.01665779171089868,0.09633515956537522,370.76081396232394
0.07020209572860725,0,0.1910550407407965,368.75634305063926
0.2,0.02221018261311085,0.08142311325206751,371.7451718740635
0.2,0.0166635147134477,0.07719330202343996,370.6149580438798
0.2,0.016664477624683045,0.0835441773431227,370.6720626397357
0.15390739493617595,0.05,0.1545428170163068,379.6178610719372
0.12387160623187679,0.05,0.16764390082504244,379.83509615308543
0.009240285510610624,0,0.22357101213788816,367.32377416495893
0.06613099776430678,0.05,0.19272029575286043,379.46110977439236
0.059251774466460946,0.05,0.19260125748353682,379.393468209726
0.0635923510956485,0.05,0.18800546895503734,379.50311536632313
0.14747950579244115,0,0.15068745772549674,368.95163576810774
0.008820003363932826,0,0.2288629025315601,367.2098264286016
0.004620142755305312,0,0.22717012145355947,367.1477332941948
0.06847475918399656,0.05,0.18703394505566312,379.5609623986077
0.2,0.011110293690612259,0.091981317159819,369.7241897541382
0.12451835726996036,0.05,0.15654363228716575,379.91848333917136
0.13028218936860153,0.05,0.158773886496184,379.8602143023162
0.188608435073297,0,0.1217948717948718,368.31785571382187
0.1829126526099455,0,0.1185897435897436,368.4365379453647
0.2,0.03327895199507684,0.096393349622281,374.2892648930048
0.2,0.03329075374813932,0.08996260500596044,374.249869836739
0.07335716727234465,0.05,0.18606242115628888,379.6121429816955
0.07101340585265487,0.05,0.1917487718534862,379.51656439828616
0.2,0.022211145524346193,0.08777398857175026,371.7975270225569
0.1168217075990789,0,0.1756662518945311,369.0088553865123
0.05891341867482552,0,0.19243783572813444,368.6389769519808
0.14810701820002953,0.05,0.15823957514410036,379.6740508288768
0.11463048016612809,0.05,0.1696554928516606,379.86449565509855
0.10747550109821566,0.05,0.1684955128750862,379.8967699110281
0.09837347259432129,0,0.191426966988113,368.8611424490002
0.04892866662192914,0.05,0.20755217898031902,379.02363783235074
0.07589581394100293,0.05,0.19077724795411194,379.5653525729831
0.05291847611877053,0.05,0.21303589379702556,378.9753217218527
0.047286712035772435,0.05,0.21331152342010234,378.89411590369804
0.2,0.05,0.07692307692307694,378.4776430725057
0.11190943409237344,0,0.18095470989874285,368.9706419324669
0.07307649869063695,0,0.18602078911194975,368.83971944599307
0.044754264582089635,0.05,0.19847078507960533,379.11589958431773
0,0.020627173221047426,0.22997823530453487,370.49638102084765
0.10474437831471728,0,0.17992320867904277,368.99675108435804
0.14161685871966248,0,0.15354193967217536,369.0014845727839
0.1829126526099455,0.05,0.10576923076923075,379.123170085372
0.1829126526099455,0,0.13782051282051283,368.4246846618017
0.2,0.01666544053591839,0.08989505266280542,370.7210893290191
0.18860843507329703,0.05000000000000001,0.1217948717948718,379.02338043332475
0,0.021502598231956386,0.22487834970994114,370.7778921454819
0,0,0.23076923076923075,366.9641152026275
0.2,0.05,0.10897435897435898,378.69228983821785
0.2,0.03317776176482941,0.07077516572551515,374.04617369024743
0.2,0.033240158633015604,0.07715351305757752,374.12825459113344
0.044369914812596195,0,0.20441035488954004,368.2916730423811
0.06432906780377753,0.05,0.20203091107918297,379.29911823212433
0.14143060924121886,0,0.16043162564447566,368.96003134011374
0.06179042113511924,0.05,0.1973160842813599,379.3496728735565
0.01301986397256034,0,0.23055568360956075,367.26698604305756
0.08816256068366285,0,0.18729068335949667,368.8967762725824
0.07823957536069272,0.05,0.18509089725691463,379.6566571155863
0.2,0.05,0.08974358974358974,378.5894473077067
0.1829126526099455,0,0.10576923076923078,368.4044666656755
0.1943042175366485,0,0.125,368.1891758926345
0.12415725705409164,0,0.15591625621105737,369.1305468654612
0.2,0.03874357659776215,0.0621619814930711,375.29110499181905
0.2,0.03311536489664322,0.06439681839345279,373.9555387577066
0.18860843507329703,0.05000000000000001,0.08333333333333336,378.842621615589
0.2,0.044371788298881075,0.0599271445926894,376.72057998702047
0.2,0.05,0.06410256410256412,378.3306581712502
0,0.03909094259279426,0.22072991056749286,374.8274186973952
0.2,0.027631093865166267,0.06654535449688762,372.73824132575356
0.2,0.011110293690612259,0.0855710607495626,369.678031000411
0.033121551330097226,0.05,0.19182668615774456,379.02172625203366
0.038937907956093434,0.05,0.19514873561867493,379.07483971524533
0.1943042175366485,0.05,0.11217948717948718,378.8596129243472
0.12039431226476925,0.05,0.17188574706067883,379.81541292570626
0,0.015653943063683097,0.22006896126837242,369.7461143207706
0.2,0.05,0.07051282051282053,378.4085512809817
0.1829126526099455,0,0.09294871794871795,368.34039753399753
0.1829126526099455,0,0.09935897435897437,368.3764672447264
0.17721687014659399,0.049999999999999996,0.14102564102564102,379.26185654005326
0,0.005217981021227698,0.22720247426894466,367.8207417436064
0.10260706016183686,0.05,0.17380763334316646,379.8510514354557
0.16005461114027597,0.05,0.1379261970811399,379.5963764621845
0.06804405292884294,0,0.18694798128494367,368.79172577814484
0.09172605088668466,0,0.19155506627324181,368.8512744735276
0.1476657552708848,0,0.14379777175319644,368.9794966117027
0.1418031081981061,0,0.14665225369987506,369.033544707251
0.0630116071670489,0,0.18787517345793753,368.73727635137686
0.10249159604376656,0,0.173603249455131,369.0634379038097
0.2,0.016662551802212357,0.07084242670375723,370.5497755414513
0.2,0.05,0.05769230769230771,378.2439637433112
0,0.05,0.1987179487179487,378.14770018836947
0,0.05,0.1923076923076923,378.24296565424453
0.005475320825802618,0.05,0.19538709659657477,378.34955570633593
0.028229529424978854,0.05,0.1823650221497186,379.0538109865069
0.02782837321422416,0.05,0.18869145990243347,378.96441647568525
0.022535195098351092,0.05,0.18555623364712243,378.89668952589545
0.2,0.03466550781010187,0.04060840144243962,373.9618150472576
0.2,0.038747330654621034,0.04344443915038403,375.0076848138682
0.2,0.04029184248279136,0.03811695109801684,375.3032952699109
0.18282701345071714,0,0.08023851813479553,368.24694712822475
0.18852279591406865,0,0.07703338992966732,368.09683725207896
0.177216870146594,0,0.1217948717948718,368.55320573973586
0.2,0.05,0.051282051282051294,378.1483460285786
0.1947627570153012,0.05000000000000001,0.048416402366831736,378.2471639936664
0.2,0.05,0.044871794871794886,378.04354728167186
0.16012952275653952,0.05,0.125,379.6127673870977
0.16012952275653952,0.05,0.1185897435897436,379.6084741700937
0.16582530521989103,0.05,0.1217948717948718,379.51310248924557
0.07911560225457351,0.05,0.17911460126472398,379.7347378577626
0,0.033782811097852375,0.20968751999520724,373.7469865464465
0,0.039237339801455245,0.20829692368581978,375.10053617543304
0.2,0.0362100196382722,0.03528091339007244,374.235390429153
0.2,0.031396569125891984,0.030241051710534587,373.00380090118506
0.2,0.029852057297721658,0.03556853976290178,372.75643444132976
0.054893029955468214,0.05000000000000002,0.17914748720410384,379.51792068008604
0.05437827092065181,0.05000000000000002,0.18411217353465156,379.4515874870047
0.04977123083315346,0.05000000000000001,0.18216552582445866,379.41577553592714
0.2,0.0331191189535021,0.05208953246102214,373.7854580696961
0.2,0.038747330654621034,0.04985469556064044,375.11373619285285
0.2,0.03312099598193155,0.045935889494806814,373.688395134407
0.2,0.04437366532731052,0.04095298880596125,376.42140893659615
0.2,0.05,0.03846153846153847,377.929567502591
0.2,0.04591817715548084,0.03562550075359406,376.73920993583107
0.2,0.016839829326822302,0.05818552245328966,370.429112414847
0.2,0.011285645392751517,0.05380214944947315,369.35905292903294
0.2,0.011197006630446545,0.06013060157470694,369.4294056908965
0.06921028222556017,0,0.1768682279331848,368.91406657414814
0.06476095111212476,0,0.17275554343029925,368.91794587357714
0.06417783646376614,0,0.1777954201061787,368.8628496843762
0.2,0.0211892272588518,0.020934365862633975,370.6277455898382
0.2,0.024346072053271623,0.016837319794807605,371.1818796946366
0.2,0.020540965278492876,0.015149473336901049,370.37240900468805
0,0,0.22435897435897434,367.09218053922575
0,0.005217981021227698,0.22079221785868824,367.94563434543073
0.18892531065263585,0.05,0.06453064245491803,378.6321204112794
0.1833879659789538,0.05,0.0679498098362232,378.80811807820913
0.18368806766793705,0.05,0.06166499353969848,378.7209618551995
0.16012952275653952,0.05,0.13141025641025644,379.6084069378651
0.16582530521989103,0.05,0.12820512820512822,379.5130673342494
0.17721687014659399,0.05,0.10256410256410256,379.2359308163434
0.2,0,0.05769230769230771,367.6117078493675
0.2,0.005554183934070785,0.062075680696124215,368.51226827483123
0.2,0.005642822696375759,0.05574722857089043,368.4440957352576
0.034325019962361314,0.05,0.17284737289959984,379.275203868828
0.033923863751606616,0.05,0.17917381065231475,379.19944062875646
0.028630685635733552,0.05,0.17603858439700368,379.13447619846875
0.08561528354282863,0.05,0.17712422011616802,379.7882722668337
0.19446265532631793,0.05,0.06111147507361287,378.44406896631335
0.19476275701530119,0.05,0.054826658777088144,378.3469004137157
0.058985311008150146,0.05,0.18605882124484444,379.4807007638035
0.0546447343789626,0.05,0.19065460977334392,379.36755986386174
0.04395883332415594,0,0.1914451851450381,368.4722131777658
0.044743429347571306,0,0.19817358171351085,368.3904784841222
0.049932445666963365,0,0.19483476370005548,368.5052017009544
0.14866304621357296,0.05,0.13151594067088346,379.7791208942035
0.15443374029318802,0.05,0.1282051282051282,379.7011524515727
0.15435882867692446,0.05,0.13472106887601168,379.69339013376447
0.10666754487813773,0.05,0.16239044821850154,379.9509370341736
0.10867131882615767,0.05,0.15879344324950548,379.97403728467407
0.17721687014659399,0.05,0.09615384615384616,379.20135622133586
0.1362946762392121,0,0.14330675800789977,369.1003294779847
0.14858813459730943,0.05,0.13803188134176694,379.76665160524584
0.17711618239823854,0,0.08350587109194446,368.38795621595716
0.17703054323901019,0,0.07720592768827846,368.3346692467955
0.2,0.027719732627471235,0.06021690237165381,372.6773238403464
0.2,0.03311724192507266,0.05824317542723746,373.8745059441294
0.048363253620132635,0,0.18137797056311,368.65295782040135
0.049147849643548,0,0.18810636713158274,368.5836312981465
0.05324603813577139,0,0.18354370486138583,368.6879238467067
0.18952551403060236,0.05000000000000002,0.05196100986186859,378.43912491792133
0.1839881693569203,0.05000000000000002,0.055380177243173755,378.6251349144393
0.18428827104590353,0.05000000000000001,0.04909536094664903,378.5206372559282
0.2,0.017512526874348483,0.04484348170410167,370.35883946982256
0.2,0.0223259773867287,0.04988334338363952,371.3875239437628
0.2,0.022910036171949904,0.04286975475968532,371.39420109942
0.17142039993488706,0,0.08671099929707266,368.5182052652691
0.17721687014659399,0,0.08974358974358973,368.43282456768065
0.18876687286296645,0.05000000000000001,0.0771371160992539,378.7803336771643
0.18307109039961494,0.05000000000000001,0.08034224430438211,378.94870573440795
0.1832295281892844,0.05000000000000001,0.07414602707030266,378.88251109967104
0.2,0.02830754546955133,0.040896027815268965,372.5092234505193
0.1715210876832425,0,0.125,368.6598545501543
0.2,0,0.07051282051282054,367.76342106944895
0.19421857837742015,0,0.07382826172453913,367.93674093505996
0.1311404593942027,0,0.13376128467727064,369.16904464768487
0.1366488913530967,0,0.1371067803692459,369.11566516787
0.13700629220608063,0,0.13084085645151378,369.12343703440496
0.12042775606436694,0,0.1463752654814029,369.2004459910183
0.12525278505845786,0,0.1493682415373176,369.1594883289074
0.1256070001723425,0,0.14316826389866372,369.1832712827379
0.03947375691929203,0.05,0.17595342387455276,379.33166496709396
0.03907260070853733,0.05,0.18227986162726767,379.25213972230705
0.17721687014659399,0,0.11538461538461538,368.5452059769893
0.17152108768324248,0,0.11217948717948718,368.643747533552
0.17152108768324248,0,0.11858974358974358,368.65578677617935
0.0804438152286954,0,0.17292027472020144,369.0232157836381
0.07927637984056318,0,0.17900693582957866,368.9560882967217
0.08576650586877324,0,0.17693963933637427,369.0059166434701
0.09211496483108374,0.05,0.17513383896761203,379.8295649238519
0.177216870146594,0.05,0.12179487179487179,379.287734324555
0.177216870146594,0.05,0.11538461538461536,379.2790529341062
0.11933222806000074,0,0.15292328015514267,369.17406015797576
0.11925371698824502,0.05,0.15352838515734443,379.96894538068074
0.12534092460592797,0.05,0.15020850509742434,379.9511134138542
0.17721687014659399,0,0.10897435897435898,368.52915597625696
0,0.010435962042455397,0.21722546135840215,368.86979465003765
0,0.005217981021227698,0.21438196144843186,368.062504058207
0.0646218691652813,0.05,0.1780760962939419,379.63636075903804
0.06898951821881297,0.05,0.18206925872511537,379.6285983979699
0.0641071101304649,0.05,0.1830407826244896,379.5724560638184
0.08568335421663148,0.05,0.16504285946739272,379.9073749370607
0.09130700861100581,0.05,0.1690287743110274,379.8891276391645
0.0864913104367094,0.05,0.17114792412397736,379.85430513323877
0,0.044691868505058116,0.1940858145559195,376.7497657468918
0,0.044691868505058116,0.20049607096617592,376.65185253359994
0,0.011074501839288122,0.20591747501324292,369.17498492477176
0,0.016292482860515822,0.20876097492321322,370.0690423122458
0,0.01075523194087176,0.21157146818582254,369.02545845504295
0,0.03392920830651336,0.2036647895237906,373.8844524735546
0,0.02810792405443264,0.2054864304232105,372.52701653533353
0.016969998814121305,0.05,0.18879597331932085,378.73021379995333
0.01122265981996196,0.05,0.1920915349579478,378.5461823879486
0.011494677988318687,0.05,0.18571656903043837,378.639280756132
0.2,0.011157239002476088,0.015384674329586073,368.64367701021973
0.2,0.017384120484073052,0.019246519404727415,369.8526120783207
0.2,0.016735858503714132,0.013461626878994493,369.60313174104573
0.07387192630716105,0.05,0.18109773482574112,379.6780742829247
0.07474795320104183,0.05,0.17512143883355047,379.75198865948704
0.1662895751512548,0.05,0.07799973499896713,379.2726017659896
0.17183060097081837,0.05,0.0808459771787986,379.194671407417
0.16613481850746686,0.049999999999999996,0.0840511053839268,379.3316996029403
0.11398907670652966,0.05,0.15051313802752309,380.0099561746758
0.11316650937056207,0.05,0.15684826521726453,379.9743482671294
0.10949388616212527,0.05,0.15245831605976404,380.01327698070423
0.2,0.011869704177972722,0.040378304415262536,369.2526158865038
0.2,0.006226881481596965,0.0359131271264234,368.22811696500855
0.2,0.005642822696375758,0.0429267157503776,368.2532032260648
0.13732725979642374,0.05,0.13134415788562975,379.9122032753898
0.14295769719686657,0.05,0.13468801961369836,379.8449671828383
0.1372523481801602,0.05,0.13786009855651324,379.8997209712304
0.18843715675484027,0,0.0643231901157449,367.9641034139319
0.1826557351322604,0,0.0676386313274635,368.12491436852787
0.1884371567548403,0,0.07073344652600132,368.0359713130885
0.004620142755305312,0,0.22075986504330308,367.2714934385692
0.03876981700476389,0,0.1947840031584935,368.3520249022303
0.03798522098134852,0,0.18805560659002077,368.4279616173883
0.032796204661956464,0,0.19139442460347614,368.30230828314956
0.2,0.01110836786814157,0.06645905369994072,369.49162417219253
0.043174237300740576,0,0.18471678857656537,368.54484479647226
0.2,0.011805500982835008,0.021169566855318997,368.87963338177576
0.2,0.01245376296319393,0.026954459381051923,369.11020413277134
0.2,0.01803238246443197,0.02503141193046034,370.0967067950351
0.005475320825802618,0.05,0.2017973530068312,378.24960615274574
0.1487379578298365,0,0.125,369.001332051957
0.15443374029318802,0,0.1282051282051282,368.92713851787016
0.15443374029318802,0,0.12179487179487179,368.92711258292485
0.2,0.018680644444790895,0.030816304456193266,370.3354158911889
0.1428721250179586,0,0.1279204282257569,369.067532835829
0.1483805569768526,0,0.13126592391773215,369.0018445706367
0.032049175592006235,0,0.2038679709555345,368.11195796803867
0.03839630246978877,0,0.2010207763345227,368.25696562918665
0.032422690126981346,0,0.19763119777950533,368.2109951788032
0.06001482907778295,0.05,0.176129448583749,379.6109386521043
0.059500070042966556,0.05,0.1810941349142967,379.5485377090917
0.2,0,0.019230769230769235,366.9642503922589
0.2,0.006226881481596965,0.02309261430591058,367.9864822997947
0.2,0.005578619501238044,0.017307721780177653,367.7640498939574
0.026398349909312724,0,0.20708159887741434,367.9624205725329
0.050037694291464256,0.05,0.18870796206315102,379.3349528437185
0.044221337665468055,0.05000000000000002,0.18538591260222065,379.29523493995816
0,0.02196736990393556,0.21296206449521,371.1005118850798
0,0.02796152684577166,0.21150916089462712,372.3907264533719
0.1601295227565395,0,0.13141025641025642,368.84281273291776
0.1540763394402041,0,0.13447105212286037,368.9242005789956
0.004620142755305312,0,0.21434960863304667,367.3872306938956
0,0,0.21794871794871795,367.21222298677617
0.11031645349809287,0.05,0.1461231888700226,380.04376564775026
0.10582126295368847,0.05000000000000002,0.14806836690226355,380.0444458641753
0.2,0.016928468089127274,0.051857070328055865,370.35657943069367
0.058128822651410145,0,0.18570943915966168,368.7160300236985
0.1656239297231801,0,0.08367840885055558,368.5933251299125
0.17131971218653158,0,0.08047328064542739,368.4693940654806
0.2,0.01245376296319393,0.033364715791308334,369.231888223243
0.2,0.01809658565956969,0.03782989308014746,370.35178495665434
0.1947627570153012,0.05000000000000001,0.04200614595657533,378.138246541443
0.1719890387604878,0.05,0.07464975994471915,379.1295243743769
0.17753006458005138,0.05,0.07749600212455063,379.0444665057011
0.2,0.011285645392751516,0.04739189303921673,369.26402899746745
0.100991147721681,0.05,0.16159750402999712,379.96305385366264
0.10299492166970094,0.05,0.15800049906100105,379.98861524284007
0,0.01597321296209946,0.21441496809579286,369.9106469841463
0.009901385293263962,0,0.21084855757659804,367.5676922061739
0.009240285510610626,0,0.21716075572763177,367.4432291171094
0.014521528048569276,0,0.21365970467118314,367.6196278423622
0.17152108768324248,0.04999999999999999,0.09935897435897434,379.337027345023
0.165825305219891,0.04999999999999999,0.10256410256410256,379.46114902235445
0.165825305219891,0.049999999999999996,0.09615384615384615,379.42645967141067
0,0.05,0.20512820512820512,378.04323987308516
0.2,0.02503860678534144,0.030528678083363927,371.61256577155035
0.07365961333899557,0,0.1809809124360703,368.9018370679296
0.06862716757720155,0,0.1819081046090642,368.8554596685794
0.17152108768324248,0,0.09294871794871794,368.55934046106364
0.17721687014659399,0,0.09615384615384615,368.4729881740469
0.2,0.04437366532731052,0.04736324521621767,376.531424515629
0.2,0.04437366532731052,0.053773501626474075,376.63225906248755
0.08693394125690544,0,0.17085297822699708,369.0686703859191
0.09225663189698327,0,0.17487234284316988,369.0444052773262
0.054030634159186755,0,0.19027210142985856,368.61473404972037
0.03867144449778264,0.05,0.18860629937998258,379.16388517866034
0.04448780112377885,0.05,0.19192834884091298,379.2103008621463
0.165825305219891,0,0.12820512820512822,368.75638349707134
0.2,0.02183748923921072,0.026719258388366897,370.87769655442776
0.19446265532631796,0.05,0.06752173148386928,378.52627965065074
0.18892531065263587,0.05,0.07094089886517446,378.7098473520147
0.14215732331199077,0,0.14045227606122118,369.05248248920935
0.14251472416497468,0,0.13418635214348903,369.06390316190146
0.177216870146594,0.05,0.08974358974358976,379.1581818560064
0.010950641651605236,0.05,0.19846650088545728,378.44424938809834
0.2,0.04183635431096168,0.032789463045649656,375.59906119499846
0.17152108768324253,0.05,0.11858974358974358,379.4019206109549
0.1715210876832425,0.05,0.11217948717948717,379.3889445278848
0.17152108768324253,0.05,0.125,379.40621416179937
0.14288278558060305,0.05,0.14120396028458182,379.82800382176885
0.08086765604233509,0.05,0.1671620092803427,379.86705453204246
0.0799916291484543,0.05,0.17313830527253332,379.8048703299146
0.020459938978941,0,0.21037065177429873,367.7963421258437
0.021121038761594338,0,0.20405845362326502,367.9108486743416
0.026771864444287842,0,0.20084482570138515,368.0657966843477
0.13043202916643343,0,0.14616123995457841,369.1379401941282
0.059295051948127384,0,0.17562968580790284,368.8385669690315
0.05382915278413001,0,0.17850382818550642,368.75023761797286
0.058711937299768764,0,0.18066956248378224,368.7798619887979
0.021494553296569456,0,0.1978216804472358,368.0108395807882
0.17721687014659399,0.05,0.10897435897435896,379.26183989700706
0.17123407302730326,0,0.07417333724176138,368.41213053242126
0.044622493876222746,0.05,0.1790594748495057,379.3785221894604
0.03352270754085192,0.05,0.18550024840502963,379.11494808982496
0.1207819711782516,0,0.14017528784274902,369.2210037850032
0.14802315612386868,0,0.1375318478354643,368.99456609055204
0.2,0,0.04487179487179488,367.4280667844914
0.2,0,0.051282051282051294,367.5239353621188
0.2,0.005642822696375759,0.04933697216063401,368.35269752585043
0.10179910394175894,0.05,0.16770256868658182,379.91116281043
0.09932229846126414,0.05000000000000002,0.15361054990350057,380.0185336214029
0.10499869561772088,0.05000000000000002,0.154403494092005,380.01032540864554
0.06950427725362937,0.05,0.17710457239456762,379.69079839505656
0.07038030414751016,0.05,0.171128276402377,379.7605464060053
0.07037771761369238,0,0.17078156682380757,368.9814806374624
0.1369135662161355,0.05,0.14409593702278023,379.8820364631995
0.19421857837742015,0,0.06741800531428271,367.8689059029849
0.2,0.005554183934070785,0.06848593710638062,368.5874831971282
0.16598006186367892,0.04999999999999999,0.09010247576888647,379.38298557141405
0.1715210876832425,0.049999999999999996,0.09294871794871795,379.29810108566994
0.17152108768324248,0.04999999999999999,0.10576923076923075,379.36732656082665
0.16582530521989103,0.049999999999999996,0.10897435897435898,379.4871571245526
0.1892254123416191,0.05,0.05824582615839331,378.5399580234758
0,0.044691868505058116,0.20690632737643233,376.54474447089876
0,0.03938373701011623,0.20227419321440315,375.2396238790127
0.19446265532631793,0.05,0.0739319878941257,378.5996890167803
0.2,0.024994334033630543,0.02262221232054053,371.44307252766185
0.05030415774977505,0.05,0.19525039830184338,379.2446629514932
0.2,0.023494094957171113,0.035856166135731116,371.3915637027799
0.07482704872712778,0,0.17489425132669312,368.97295957048675
0.15443374029318802,0.05,0.1217948717948718,379.701184528805
0.1487379578298365,0.05,0.125,379.78261505413917
0.2,0.037754531466442524,0.029953425337705245,374.5091212800931
0.09531475056522426,0.05,0.16080455984149272,379.96633978906635
0.0973185245132442,0.05,0.15720755487249663,379.99436231692044
0.2,0.02772160965590068,0.05406325940543849,372.5917340397681
0.2,0.022324100358299254,0.056036986349854837,371.477670731342
0.17768850236972078,0.05,0.07129978489047117,378.97469647845014
0.1827413742914888,0,0.07393857473112952,368.1898327399045
0.010562485075917298,0,0.20453635942556428,367.68417964825
0.005281242537958649,0,0.2080374104820129,367.5087668445822
0,0.005537250919644061,0.20872796827585222,368.2092990048416
0.02226317692999437,0.05,0.1919311995746319,378.8043505827034
0.17152108768324248,0,0.10576923076923077,368.62367620107517
0.17152108768324248,0,0.09935897435897435,368.5955276732873
0.165825305219891,0,0.10256410256410256,368.7080277835897
0.1601295227565395,0,0.125,368.84681416543094
0.165825305219891,0,0.1217948717948718,368.75634571055843
0.13094434685166798,0.05,0.14698791376097864,379.92446466763175
0.17721687014659399,0,0.10256410256410256,368.5050814906333
0.2,0.02223546159599428,0.06236543847508862,371.54439596612235
0.2,0.016751190564517328,0.06451397457852344,370.493511118433
0.18952551403060236,0.05000000000000001,0.04555075345161217,378.3352697925553
0.005747338994159344,0.05,0.18901213066906533,378.4474208399922
0.01724201698247803,0.05,0.18242100739181139,378.81854540266426
0.14303260881313012,0.05,0.12817207894281488,379.8529554148859
0.13078624428031804,0,0.1399612623159245,369.1573110498724
0,0.02825432126309362,0.19946369995179383,372.6556111493658
0,0.022433037011012902,0.20128534085121375,371.3913036068111
0.13128312881569265,0.05,0.14075207529471165,379.9465553052185
0.12007628432421262,0.05,0.147193257967603,379.9986888573034
0.16572461747153555,0,0.08991612750220086,368.638403173772
0.12567970656995264,0.05,0.14397266663115732,379.9779951358711
0.2,0.027723486684330126,0.04790961643922317,372.49812917833395
0.17737162679038193,0.05,0.08369221935863008,379.10603814622715
0,0.034075605515174336,0.19764205905237392,374.0142229327334
0.12596121528622717,0,0.13696828626000984,369.1994169786365
0.09612270678530221,0.05,0.1669096244980774,379.9167248257465
0.09049905239092788,0.05,0.16292370965444272,379.9404700227353
0.07599448411526,0,0.16880759021731592,369.0363786181602
0.12601848853397732,0.05,0.1377368281648903,379.9965895507336
0.17167584432703042,0.05,0.08689734756375828,379.25029218078197
0.13162191077971735,0.05,0.13451623682844466,379.9603586356512
0.1601295227565395,0,0.11858974358974358,368.8427490114596
0.165825305219891,0,0.11538461538461539,368.748241337561
0.16552324197482465,0,0.07744069019891031,368.54057108205916
0.11450719906590981,0,0.14993030409922797,369.2099748641457
0.19421857837742013,0,0.061007748904026306,367.79303457421173
0,0,0.21153846153846154,367.32424254527865
0.2,0,0.06410256410256412,367.69158260775725
0.01669798064576458,0.05,0.1951709392468303,378.6330475655758
0.11560272707027602,0,0.1433822894254882,369.23380506678456
0.06359472181540751,0,0.1828352967820581,368.80262651030944
0.0651366282000977,0.05,0.17311140996339414,379.6948294519821
0.11341167106154361,0,0.15647831877296775,369.1773341167011
0.2,0.038745453626191584,0.056008338526855765,375.20642812276395
0.12041506628823728,0.05,0.14095741950133597,380.0220743565959
0,0.022286639802351925,0.2073080713226304,371.26388483792516
0,0.016611752758932185,0.20310698175063363,370.2213003050692
0.165825305219891,0,0.09615384615384616,368.6758052136375
0,0.03938373701011623,0.19586393680414674,375.34018483972136
0.02714537897926296,0,0.19460805252535598,368.161448689744
0.09693066300538014,0.05,0.17301468915466206,379.85888953068496
0.07562398009492263,0.05,0.16914514284135984,379.81795476602537
0.10132607240928407,0.05000000000000001,0.15001354493450447,380.0388537025134
0.165825305219891,0,0.10897435897435898,368.7321731582308
0.11481164404249727,0.05,0.14417801083778164,380.03681305323795
0.02293635130910579,0.05,0.17922979589440752,378.98225670974745
0.2,0,0.03846153846153847,367.32410211648545
0.17694490407978183,0,0.07090598428461245,368.2735782945774
0.01584372761387595,0,0.20103530836911565,367.8504809562819
0.16582530521989103,0.05,0.11538461538461539,379.50448397800534
0.015182627831222612,0,0.20734750652014938,367.7390422228162
0.08161125061682761,0,0.16683361361082427,369.0826398156709
0.2,0.02815117882805037,0.018525166252714165,372.0315438108915
0.1549380622052844,0.04999999999999999,0.09014076601660459,379.5662371040391
0.1546859012492362,0.04999999999999999,0.09635243429035356,379.61178044445484
0.14924227974193288,0.04999999999999999,0.09334589422173278,379.6698509972559
0.09387467923107008,0.05,0.15291922518782103,380.01768028313336
0.0992511032714228,0,0.15342406285163218,369.217699341965
0.10293913609955094,0,0.1578395288481418,369.1900211170177
0.10494007740092112,0,0.1541954014536882,369.210375006319
0.050613296574929204,0.05,0.17010137590757626,379.5584831040604
0.055314062826356085,0.05,0.17311541224566263,379.58875094385337
0.05019226370404134,0.05000000000000002,0.17613345086601748,379.49106608896335
0.04504352674711062,0.05,0.17302739989106453,379.4503187060262
0.08223950893445736,0.05,0.16075452978271706,379.92704294598644
0,0.028182205435824052,0.1871372515017048,372.8134839650958
0,0.022488265937624423,0.18290524259493515,371.65439685069873
0,0.0279827448546734,0.18086445285780534,372.84576410840543
0.16581537755843687,0,0.07113627890069787,368.4731206651409
0.16020768344277828,0,0.07447267006673382,368.595070162323
0.2,0.027800841723460264,0.004487208959664831,371.62264542127724
0.2,0.03333333333333333,0,372.74772347750474
0.2,0.027777777777777776,0,371.50242916544073
0.16610751314204908,0,0.06483186760248544,368.3977860491225
0.17152620861091544,0,0.06786892594354894,368.3402900862479
0.17181834419452768,0,0.06156451464533651,368.26056544097446
0.1262001913265134,0.05,0.13124829795804824,380.0083358709064
0.1260632022436271,0.05,0.12464564042842936,380.01341882029175
0.13148492169683107,0.05,0.12791357929882577,379.970206952287
0.15441073148742268,0,0.09616678258287933,368.8468388026809
0.1601295227565395,0,0.09935897435897435,368.78231928832537
0.1601065139507742,0,0.09296165437775113,368.7464580917292
0.09989697749308549,0.05000000000000001,0.13994312503681677,380.0818207676933
0.0991824300349862,0.05000000000000001,0.13490791508797295,380.0950130827486
0.10439216803748988,0.05000000000000001,0.13799794700457585,380.08498072871043
0.2,0.016689730612349154,0.004487208959664831,369.3835263024741
0.2,0.02222222222222222,0,370.342370201463
0.2,0.016666666666666663,0,369.26754658557144
0.2,0.03160594849823901,0.006175055417571388,372.51052121446764
0.2,0.03535903982594984,0.004980320531011902,373.3542366985862
0.10510671549558917,0.05000000000000001,0.1430331569534197,380.0674770356212
0.10960190603999359,0.05000000000000001,0.14108797892117875,380.06558071887366
0.19523271442437912,0,0.02241475744500802,367.142988675022
0.2,0,0.025641025641025647,367.0922705109804
0.1668298030505706,0.05,0.06534188589341472,379.1193524829393
0.1722591527101457,0.05,0.06832083539194295,379.05231629868524
0.1665596891009127,0.05,0.07167081044619092,379.2003160087794
0.07165671673387303,0.05,0.15954687648885663,379.8700187526841
0.0730285696259953,0.05,0.153139396991231,379.9229654390953
0.07763403928022633,0.05,0.15694696338697403,379.92945229959105
0.16120224554478782,0.05,0.06871318443565905,379.25955281304516
0.19580272510191543,0,0.017367312269614882,367.02605361742707
0.1910354395262946,0,0.020551300483853667,367.20109882651803
0.2,0.022245286167904707,0.004487208959664831,370.4604681878325
0.0790058921723486,0.05,0.1505394838893484,379.9766383562037
0.0849832147187019,0.05,0.14793957078746584,380.01917529317967
0.08361136182657963,0.05,0.15434705028509144,379.9777498663656
0.2,0.011157239002476088,0.008974417919329661,368.49929073759944
0.2,0.016712794558031645,0.008974417919329661,369.49538802096544
0.2,0.011134175056793599,0.004487208959664831,368.3892579702593
0.19454356051953797,0,0.04822615455784076,367.61021696682315
0.09516390572099073,0.05000000000000001,0.1442870102699811,380.06287201884714
0.09043083394889596,0.05,0.14863089550314537,380.0338615380329
0.08971628649079666,0.05,0.14359568555430152,380.0545162883375
0.12059676908077335,0.05,0.1344688892944939,380.03853467596605
0.1099653116250657,0.05,0.1281109185074946,380.09097691789566
0.11535675242010546,0.05,0.12471242021725543,380.0734527377253
0.11517504962756939,0.05,0.1312009504240975,380.070200599968
0.12077847187330942,0.05,0.12798035908765182,380.04603390493116
0.16053644035637563,0.04999999999999999,0.08709593570026569,379.45432979940966
0.15509281884907233,0.04999999999999999,0.08408939563164491,379.5153722889848
0.16069119700016354,0.049999999999999996,0.08104456531530602,379.3993484734071
0.15533375344403866,0.04999999999999999,0.07808693930477414,379.45580481211823
0,0.028381666016974706,0.19341005014560428,372.7732005210092
0,0.03387614493402368,0.19136926040847443,374.05754523473297
0.2,0.03135229637418109,0.02233458594771119,372.83006796127074
0.2,0.0319042701557612,0.01733043136615468,372.8451647719521
0.011391564926703013,0.05,0.16666666666666669,378.84246421955913
0.01708734739005452,0.05,0.1634615384615385,379.0063114406239
0.017138903920862356,0.05,0.1697813614382961,378.9523070180419
0.14289561973024384,0.05,0.11515916500293957,379.845373361548
0.14289561973024384,0.05,0.121569421413196,379.85438300728913
0.13705328163065117,0.05,0.118138842826392,379.91425320324817
0.1603816837125877,0.04999999999999999,0.09314730608522537,379.5014992569351
0.2,0.026073456888365945,0.010662264377236219,371.4030247042072
0.2,0.022268350113587198,0.008974417919329661,370.5744481757908
0.09524922066868244,0,0.1607123176405394,369.16877538605064
0.10093819479818075,0,0.16148365624259542,369.16602496189824
0.09725016197005262,0,0.15706819024608576,369.19505849691694
0,0.039184276428965575,0.18959113816024725,375.37884586561074
0.1601295227565395,0,0.10576923076923077,368.8105409556199
0.2,0,0.03205128205128206,367.21222108572266
0.19523271442437912,0,0.028825013855264436,367.26720603221435
0.1953848793226117,0.05,0.029270600631469648,377.8774941739232
0.1953848793226117,0.05,0.022860344221213236,377.74033103292066
0.2,0.05,0.025641025641025647,377.6739072912246
0.027327189041510117,0,0.18832267516030782,368.24664525374413
0,0.022687726518775077,0.18917804123883464,371.61715226452515
0,0.022560381764893986,0.19523169104502416,371.50791213147573
0.0398947897901799,0.05,0.16992134891611158,379.39996744718945
0.18876213889695806,0,0.05795185217981577,367.87753454076346
0.2,0,0.012820512820512824,366.82824367264743
0.005281242537958649,0,0.20162715407175652,367.60845713863597
0.16093213159512992,0.05,0.07504210898843525,379.33556321055556
0.15443374029318802,0,0.10256410256410256,368.87871393416486
0.15443374029318802,0,0.10897435897435898,368.90293469880163
0.07626218638810406,0.05,0.16335444288459966,379.8729847494134
0.010926105200411618,0,0.1855553482852116,367.9513865537077
0.010744295138164458,0,0.19184072565025972,367.8693980826455
0.016207347738370268,0,0.1884645536390194,368.02929861344836
0.06641304078646057,0.05,0.16153001004987377,379.8110109902002
0.0710185104406916,0.05,0.1653375764456168,379.8189309851629
0.19579993187426453,0.05,0.011127816268776835,377.4519268572524
0.19159986374852905,0.05,0.015845376127297257,377.67767764738187
0.19159986374852905,0.05,0.009435119717040844,377.51856404118007
0.18683816462821,0,0.01868784352269931,367.2541450661194
0.19160545020383085,0,0.015503855308460525,367.0827929307007
0.18740817530574627,0,0.013640398347306168,367.1344683320799
0.1486919402183059,0,0.09297459080678432,368.9011262708327
0.1543877226816574,0,0.08976946260165611,368.80687892361703
0.10662716892767908,0,0.16225499484465147,369.1550607746983
0.10862811022904925,0,0.15861086745019787,369.176769974071
0.10171489542097366,0,0.1675434528488632,369.1184637200464
0.09602592129147533,0,0.16677211424680716,369.1232629950493
0.09680262191426824,0,0.17283191085307495,369.070286029663
0.12592621316074082,0.05,0.11804298289881049,380.0092757884963
0.13134793261394478,0.05,0.1213109217692069,379.970829287742
0.01144312145751085,0.05,0.1729864896434243,378.78430370745406
0.017190460451670192,0.05,0.17610118441505374,378.88971833872193
0.12545465870373995,0,0.11724657012155754,369.2108473809673
0.1310759010987626,0,0.12071455137770677,369.17532495331415
0.13104362195104255,0,0.11419118472792485,369.16581950466383
0.13694173391064052,0,0.1177941231519499,369.12228368024563
0.005747338994159343,0.05,0.18260187425880892,378.53019540001753
0.2,0.04647015093706095,0.004980320531011902,376.19371704170186
0.2,0.04294030187412191,0.009960641062023804,375.3777660217945
0.2,0.04647015093706096,0.011390576941268315,376.3586942225285
0.1558448019886629,0.05,0.06575555842512715,379.30875207693447
0.1614723594944457,0.05,0.06238425988288283,379.17486464690484
0,0,0.1923076923076923,367.61188281738083
0,0.005537250919644061,0.19590745545533939,368.40444418821966
0,0,0.19871794871794873,367.5240117645035
0.005281242537958649,0,0.19521689766150008,367.70013839486637
0.19160545020383085,0,0.009093598898204113,366.94169469638257
0.19580272510191543,0,0.010957055859358468,366.8875011404623
0.061074068241852256,0.05,0.1643066736685476,379.7360900097924
0.06171227453503369,0.05,0.1585159737117874,379.7875745813454
0.1487379578298365,0.05,0.11217948717948714,379.7652317692012
0.1487379578298365,0.05,0.11858974358974357,379.778263960007
0.18491039335321405,0.05,0.04277007203179976,378.3992840958165
0.1795845638100807,0.05,0.03973131216302285,378.46574092003874
0.1855325156605246,0.05,0.0364447831169505,378.2687638393236
0.1487379578298365,0.05,0.10576923076923074,379.74351848172165
0.15443374029318802,0.05,0.10897435897435895,379.67514597116474
0.15443374029318802,0.05,0.10256410256410255,379.64909442333715
0.2,0,0.006410256410256412,366.6841990266173
0.19046542884875828,0,0.025598745659246806,367.3143422075899
0.1856981432731374,0,0.028782733873485594,367.47831098996244
0.19046542884875828,0,0.03200900206950322,367.434756803253
0.2,0.03738474631856635,0.009960641062023804,373.9691898540658
0.2,0.040914595381505395,0.004980320531011902,374.72610327663324
0.10972363823341547,0,0.1520628527764581,369.2134963650064
0.11081916623778168,0,0.1455148381027183,369.24141221113615
0.2,0.005555555555555555,0,367.3632971607069
0.2,0.01111111111111111,0,368.27510720450795
0.2,0.05,0,377.040436003666
0.2,0.044444444444444446,0,375.51378464125736
0.2,0.006226881481596965,0.02950287071616699,368.11133440439124
0.09587845317909002,0.05000000000000002,0.14932222021882494,380.0404210078108
0.06536506983459829,0,0.16676561336471815,368.9761026257077
0.17795861631937868,0.05,0.06497086033769497,378.8925660842768
0.2,0.03941045281118286,0.014940961593035706,374.59258294394385
0.2,0.042940301874121914,0.016370897472280217,375.533021065798
0.1198979746041574,0,0.12682532216497217,369.2479410504523
0.12551921699918006,0,0.13029330342112141,369.21363508096096
0.12548693785145998,0,0.12376993677133949,369.21645643145246
0.2,0.038306505248022635,0.02494927075614873,374.5418947600532
0.2,0.034553413920311804,0.026144005642708218,373.6559271176713
0.05573509569724395,0.05,0.1670833372872214,379.65170766968146
0.05637330199042538,0.05,0.16129263733046123,379.7075312611334
0.1890871210390759,0,0.045170257833630226,367.68716511222885
0.18431983546345504,0,0.0419439896376126,367.73785198179
0.18363068155861384,0,0.0485246175196761,367.8546934688871
0,0.005537250919644061,0.20231771186559583,368.31087611544234
0.14289561973024384,0.05,0.10874890859268316,379.8276826191334
0.2,0.05,0.03205128205128206,377.80659888765257
0.16012952275653952,0.049999999999999996,0.09935897435897434,379.5434081532335
0.16012952275653952,0.05,0.10576923076923075,379.5737786026191
0.2,0.04183635431096168,0.02637920663539324,375.4681820844365
0.2,0.0423883280925418,0.02137505205383673,375.5030780377888
0.1862681539506737,0,0.023735288698092452,367.3687592854135
0,0,0.20512820512820515,367.42813167380274
0.10125204457279297,0,0.14977993545717855,369.2366979211948
0,0.03367668435287303,0.18509646176457495,374.0928642359556
0.13705328163065117,0.05,0.11172858641613559,379.9005850058982
0.10061152495118478,0.05000000000000001,0.14497833498566062,380.06310097428167
0.15557468803900504,0.05,0.07208448297790337,379.38848711474503
0.1907697586452234,0.05,0.026489919211657238,377.9395256239681
0,0.011074501839288122,0.1995072186029865,369.27425001744905
0.19118481119687625,0.05,0.02116764766947725,377.8120068293133
0.08842706000087602,0.05,0.15222790047214146,380.0087001697884
0.06043586194867082,0.05,0.17009737362530777,379.67730862660284
0.06577483449327913,0.05,0.16732071000663395,379.7565686269095
0.07098183633616592,0,0.1647916367582265,369.03646157636297
0.07158595505863946,0,0.1588017066926454,369.08423281461654
0.06596918855707183,0,0.16077568329913705,369.0270496771913
0.09187090528305014,0.05,0.1565162301568171,379.991088335084
0.1953848793226117,0.05,0.03568085704172606,378.0049343334361
0.19579993187426453,0.05,0.017538072679033248,377.60781957140875
0,0.016993787020575447,0.184946032332065,370.546078163281
0.1487149490240712,0,0.09937191078800754,368.9371000847843
0,0.05,0.1794871794871795,378.4084976438799
0.005747338994159343,0.05,0.17619161784855253,378.60396007453505
0.19454356051953794,0,0.04181589814758435,367.51030132809495
0.19523271442437912,0,0.03523527026552084,367.38335384542734
0.18977627494391708,0,0.03858962995156672,367.5652706273464
0.1428398458702385,0,0.11498680516571855,369.05888406569494
0.1428398458702385,0,0.12139706157597493,369.0674545293434
0.1487379578298365,0,0.11858974358974358,368.99732803707985
0.19014763633791287,0.05,0.03922546453676291,378.20793710849614
0.10978360883252963,0.05,0.13459944871433666,380.0827593635873
0.11499334683503332,0.05,0.13768948063093955,380.0579873718056
0.021858173421063772,0,0.18525092571713955,368.1815757214966
0.021676363358816612,0,0.19153630308218766,368.1000769030173
0.05103432944581708,0.05,0.16406930094913508,379.61802658121815
0.2,0.03363165499085552,0.01115537594858329,373.10046288151943
0.2,0.03565736148347203,0.01613569647959519,373.6988444829696
0.16012952275653952,0.05,0.11217948717948717,379.5954678032592
0.011494677988318686,0.05,0.17930631262018193,378.7175589386111
0,0.016739097512813272,0.19705333194444408,370.3369279827549
0.10457387083002595,0.05,0.13150941679773376,380.0981636995702
0,0.04449240792390746,0.18781301591202001,376.7837654966709
0.022884794778297954,0.05,0.1729099729176499,379.0493065166269
0.1604998190263905,0,0.06816825876852138,368.5242278225442
0.16079195461000273,0,0.061863847470308944,368.44550128366546
0.15518426049434414,0,0.06520023863634489,368.5664792998279
0.022833238247490117,0.05,0.16659014994089227,379.1077720667686
0.2,0.05,0.012820512820512825,377.37882089119597
0.2,0.04647015093706096,0.017800833351524728,376.51265765558566
0.2,0.05,0.019230769230769235,377.53149271330693
0,0.016866442266694356,0.19099968213825452,370.4451872688256
0.2,0.028195451579761263,0.026431632015537557,372.2097692114129
0.14997630988791377,0.049999999999999996,0.07512931329424226,379.5022236104528
0.14973537529294745,0.04999999999999999,0.08113176962111304,379.565323521841
0.1599051384540633,0,0.08048621707446058,368.65568991570234
0.15458957992201694,0,0.07751819694228407,368.7045407526052
0.15428703493330193,0,0.08353174395001083,368.7611887914497
0.19454356051953794,0,0.05463641096809717,367.70203651517267
0.1548921249107319,0,0.07150464993455732,368.640713562467
0.2,0.03885847902960275,0.019945116174592218,374.56971531467
0.2,0.03510538770189192,0.021139851061151703,373.67986226299206
0.17252926665980356,0.05,0.06199191083916673,378.96643045436355
0.10603560540528731,0,0.14764738677994843,369.2423764959395
0.1601295227565395,0,0.11217948717948718,368.8306854276034
0.13719027071353745,0.05,0.12474150035601089,379.9178412299093
0.16000582620241874,0,0.08672393572610584,368.70491200571263
0.010562485075917298,0,0.19812610301530786,367.77967110783334
0.01602553767612311,0,0.1947499310040675,367.94375903674
0.18908712103907588,0,0.05158051424388663,367.78303172167927
0.2,0.05,0.006410256410256413,377.21513532131564
0.1369740130583606,0,0.12431748980173182,369.12707555781367
0.1907697586452234,0.05,0.03290017562191365,378.07143732805565
0.16709991700022847,0.05,0.059012961340638506,379.0297111884693
0.17282936834878682,0.05,0.055707094542642006,378.87184567327046
0.18656969051948794,0.05,0.02479722265992125,378.0065503586516
0.18698474307114077,0.05,0.01947495111774126,377.8772138435774
0.1829807172743782,0,0.06126729339153437,368.0427746812302
0.18330569941649602,0,0.05489595545560523,367.9527010480166
0.19579993187426453,0.05,0.004717559858520422,377.2850203953267
0,0.01120184659316921,0.19345356879679698,369.38263375516516
0.18739979562279357,0.05,0.014152679575561267,377.7410669412265
0.11471873049618184,0,0.13003232374771137,369.26807941853497
0.1203399728912045,0,0.1335003050038606,369.23889043047814
0.1428398458702385,0,0.10857654875546213,369.04220331665664
0.1487379578298365,0,0.11217948717948717,368.98521373681285
0.2,0,0,366.5321164541684
0.2,0.005578619501238044,0.004487208959664831,367.47561897530704
0.2,0.02987856366314469,0.012350110835142775,372.2717946589298
0.17756202180551184,0,0.05823023505047087,368.11175175204187
0.17723703966339405,0,0.06460157298640001,368.197347819149
0.2,0.005578619501238044,0.010897465369921241,367.6238533978416
0.2,0.04591817715548084,0.02921524434333765,376.61228607308084
0.04546455961799849,0.05,0.1669953249326233,379.5142416846529
0.13110818024648263,0,0.1272379180274887,369.1764000009878
0.17214332633664547,0,0.05519317670940737,368.1715129940579
0.17788700394762966,0,0.05185889711454173,368.018221739019
0.1494944406979811,0.049999999999999996,0.08713422594798381,379.6206732127226
0.15443374029318802,0.05,0.11538461538461536,379.6925057983217
0.1486689314125406,0,0.08657727082556109,368.85706770930125
0.2,0.04591817715548084,0.02280498793308124,376.4756392288411
0,0.05,0.1858974358974359,378.3302365918161
0.08705520710875375,0.05,0.15863537996976707,379.9626783002071
0.154433740293188,0,0.11538461538461539,368.91907878355823
0,0.03898481584781492,0.18331833951634774,375.4095035907231
0,0.04449240792390746,0.18140275950176363,376.8640323854874
0.07659860283773354,0,0.16281766015173485,369.0881837438309
0.14957656637868555,0,0.06853662980238083,368.6775012824914
0.0907032306513975,0,0.16275274963063435,369.14605678011117
0.15021724448288015,0.05,0.06912685696737149,379.4313734785582
0.09147993127419039,0,0.16881254623690212,369.0989633159111
0.08615724063411256,0,0.1647931816207293,369.1173449233179
0.1802066861173912,0.05,0.03340602324817359,378.3316827795435
0.17825871800836193,0.05,0.05868604404117024,378.8016955822256
0.1850089893682962,0,0.03536336175554909,367.61239115548165
0,0.011329191347050297,0.18739991899060743,369.4836491012661
0.06657330727954537,0,0.15478575323355595,369.07078702802795
0.005463052600205809,0,0.18893152029645194,367.78631426403246
0.11516072878322894,0,0.1367073065865998,369.2553602554102
0.1487379578298365,0,0.10576923076923078,368.9649891511562
0.16639964872566132,0,0.058527456304273015,368.3145672340042
0.067051247079642,0.05,0.1557393100931136,379.8581565418544
0.14897147640125558,0,0.08056372381783433,368.8043913849919
0.1736366119596368,0.05,0.04301784120909521,378.65012404448044
0.1683107824165035,0.05,0.0399790813403183,378.69911349691125
0.17425873426694735,0.05,0.03669255229424595,378.52169511636407
0.13694173391064052,0,0.11138386674169348,369.1091467678259
0,0.04449240792390746,0.1749925030915072,376.9352893887961
0.1789624415027702,0.05,0.046056601077872114,378.5906319641528
0.2,0.03888888888888889,0,374.0828804658703
0,0.05,0.17307692307692307,378.4777488104359
0.11986569545643734,0,0.12030195551519024,369.24622839813236
0.12064148279042314,0.05,0.12137770155803296,380.0463514870659
0,0.0056645956735251485,0.18985380564914986,368.5055839859661
0.09444935826289143,0.05,0.13925180032113724,380.079795551527
0.19580272510191543,0,0.0045467994491020566,366.7409107370787
0,0.03347722377172238,0.1788236631206755,374.12017993640126
0.1489901187858847,0.049999999999999996,0.09955756249548176,379.71079942025557
0.028579129104925716,0.05,0.16971876142024606,379.1974028761699
0.11427673220913476,0,0.12335734090882296,369.2719625561588
0.13121094353105853,0.05000000000000001,0.11470826423958803,379.96222564201634
0.14927402138997056,0,0.07455017681010759,368.74453590938856
0,0.03898481584781492,0.17690808310609135,375.4827664307846
0.1861546379678351,0.05,0.030119494202101242,378.1290764864494
0.17855881969734516,0.05,0.052401227744645514,378.7021543624234
0.016389157800617428,0,0.1821791762739713,368.10709968640685
0.005695782463351506,0.05,0.16987179487179488,378.66627667616314
0.09153987358041504,0,0.1563138559233339,369.19182500851656
0.08699388356313009,0,0.15835428791342884,369.1666628698433
0.1432699790921824,0.05,0.1024601473801737,379.79746902118524
0.14352214004823058,0.05,0.09624847910642473,379.76074165337997
0.06215673707205201,0.05,0.14544758415555076,379.86693848807124
0.06741980537521149,0.05,0.14928376444299887,379.8991037016038
0.061788178776482516,0.05,0.15190312980566545,379.8307403445226
0.06092336550118714,0,0.1576012348837183,369.00255268763385
0.10385814090464623,0,0.12488926266103384,369.29571288604365
0.10917127398153792,0,0.12712917958598557,369.2866601479213
0.10896359913224307,0,0.12111742398387124,369.2861178736577
0.1040658157539411,0,0.13090101826314818,369.2920485448404
0.10961327226858501,0,0.13380416242487397,369.2783853202689
0.05111023368726591,0.05,0.15745645704301314,379.6691794835882
0.08244789354584514,0,0.16039471990352377,369.1355074803164
0.03417469478010904,0.05,0.15384615384615385,379.42651603136625
0.03422480317419313,0.05,0.16017989353063583,379.3846523944814
0.028478912316757532,0.05,0.15705128205128205,379.29804672455447
0.18926207606266154,0.025978509711246704,0,371.38189233045546
0.1954231524771158,0.02767413980269262,0,371.59695414250206
0.19383892358554572,0.031637703241887416,0,372.5164477465802
0.022032778965321527,0,0.1789456746324644,368.2553540524147
0.02226550882846722,0,0.17270646202832016,368.32187805429135
0.016621887663763123,0,0.175939963669827,368.17782783879176
0.19542315247711584,0.016563028691581515,0,369.3615988406021
0.19542315247711584,0.022118584247137064,0,370.43665881750894
0.0990128866228642,0.05000000000000001,0.12889668417393005,380.1037708683627
0.10440432741790395,0.05000000000000001,0.12549818588369088,380.1028444122807
0.15907773314948248,0.05,0.034144554763873465,378.74825344696654
0.15732480753487707,0.05,0.03992240564561294,378.8859488729739
0.15270828290136657,0.05,0.037005142357390525,378.9000833143243
0.0284789123167575,0,0.15705128205128205,368.55942465946345
0.022783129853406005,0,0.16025641025641024,368.4328712680655
0.02819402115496441,0,0.16326212121904768,368.5115316317494
0.13824930564041127,0,0.08645916190675042,368.96890266219606
0.14374772248983028,0,0.08351571948827452,368.8895897361312
0.13882651356711997,0,0.08045416815098794,368.91416615120966
0.15947910060655618,0.05,0.026848785883557786,378.59178610039476
0.16449699269714035,0.05,0.02247028029146453,378.41152316828266
0.16409562524006668,0.05,0.029766049171780207,378.5758380579751
0.03979457300201172,0.05,0.1572538695471476,379.5017626238343
0.045414451223914395,0.05,0.16066158524814134,379.56559947378486
0.03984468139609581,0.05,0.16358760923162957,379.4551519108258
0.17254889167995913,0,0.048810300755156626,368.07293489992566
0.17295445702327272,0,0.04242742480090589,367.9662696001137
0.16721077941228857,0,0.04576170439577153,368.11861093005956
0.11005527055563212,0,0.1404791452637624,369.26127446711575
0.10527170972313775,0,0.14261169394099252,369.2634698953157
0.08469576078229651,0.05,0.14122380366759246,380.0458945299673
0.08942883255439127,0.05,0.13687991843442818,380.07541553061077
0.08412085290948573,0.05,0.12779226942784577,380.07054538822877
0.08897183520586388,0.05,0.12415292040051193,380.08896811802316
0.08914137861798588,0.05,0.13016415131455483,380.086718901113
0.1432165321746522,0,0.10231535320648344,369.01408859445627
0.1373184202150542,0,0.1051226711927148,369.08504676901794
0.07339712792156479,0.05,0.14668385134111628,379.95976028115314
0.06778836367078098,0.05,0.14282821879288415,379.93116685847207
0.07376568621713428,0.05,0.1402283056910016,379.98767112032965
0.08440830684589112,0.05,0.13450803654771915,380.06301789498366
0.0790869965315127,0.05,0.13736817111936034,380.0300600875858
0.07879954259510732,0.05,0.13065240399948702,380.0412434228304
0.17506146918109472,0.05,0.022101014533614592,378.202655996392
0.16951488478772453,0.05,0.018091774699371267,378.2198990486386
0.17547652173274755,0.05,0.0167787429914346,378.07103669360913
0.016854617526908817,0,0.16970075106568275,368.24088694122264
0.011391564926703006,0,0.16666666666666666,368.149889798133
0.011158835063557313,0,0.17290587927081094,368.0903378679028
0.16750353880565347,0.05,0.0526683346738651,378.9285411196218
0.16113408855753755,0.05,0.05552892226738215,379.08378148899436
0.16153771036296255,0.05,0.04918429560060876,378.9782673488051
0.17300992319181635,0.05,0.012061183132914178,378.0056111505366
0.19084630495423163,0.022014946272051916,0,370.5255865491811
0.05652511047332304,0.05,0.14806694951821733,379.79254108589686
0.14987897354597202,0.05,0.06227151935187081,379.34922615084787
0.14954070260906388,0.05,0.05541618173637014,379.256658218854
0.15550653105175477,0.05,0.05890022080962649,379.22213683412406
0.0727305029443944,0,0.14586090468463542,369.16195693158517
0.06688121223628278,0,0.14828384493284646,369.10739121219876
0.07242259798765699,0,0.15236281298534493,369.12891387935593
0.10907760639697134,0.05,0.11513856553847177,380.0840225996377
0.1146385906041331,0.05,0.11775129816227549,380.07085949626645
0.10979576821294369,0.05,0.1220996875934517,380.09158055770274
0.027501794585767868,0,0.1820174240756327,368.32412019053646
0.027676400130025623,0,0.1757121729909576,368.39373688607793
0.1679071606110785,0.05,0.04632370800709171,378.81834188910244
0.17323299015421184,0.05,0.04936246787586861,378.7654994397114
0.09896035752634427,0,0.13467285694031078,369.2881277469164
0.09972425320849383,0,0.1397085497792667,369.276165739208
0.10450781404098819,0,0.1375760011020366,369.2793820271597
0.16680521406897494,0,0.052144580350022264,368.22063268487165
0.07303840790113181,0,0.13935899638392596,369.1866117419099
0.07857979365250602,0,0.1434379644364244,369.2068085829183
0.13217368086428358,0,0.09540759808098881,369.08217469755624
0.1258625040779789,0,0.09812802254910126,369.14297327808004
0.13179699455986987,0,0.10166879362996747,369.1178526268791
0.09416190432648604,0.05,0.1325360332012639,380.0948747992862
0.19333333333333336,0.05,0,377.220788699299
0.13871344682467746,0.05,0.08671976342490384,379.7467712566688
0.13365259264507615,0.05,0.08340271601713192,379.7682965699714
0.13937273233877845,0.049999999999999996,0.08050013113243999,379.6850521721365
0.07937445046791809,0.05,0.1440839382392337,380.00928088057
0.04878332972824532,0,0.17532937977008767,368.7217112600171
0.049203405836358,0,0.1692807889770653,368.78324066903525
0.04376891895311101,0,0.1723629466988679,368.68310334769416
0.11358567773995794,0,0.11016502795982511,369.2528538218108
0.11393120497454634,0,0.11676118443432403,369.26673425278267
0.11952016822184894,0,0.11370579904069132,369.2375010021231
0.19084630495423166,0.01645939071649636,0,369.45029021125885
0.13969223762258057,0,0.06947140441946487,368.7973731531372
0.14435281246726026,0,0.071488625472821,368.77040138463474
0.14491599153400586,0,0.06651940874902469,368.7093592666835
0.027909129993171317,0,0.1694729603868133,368.4560567374463
0.1314203082554562,0,0.10792998917894617,369.14573422924815
0.09382281750224203,0.05,0.12051357137317809,380.09821505733515
0.09867379979862018,0.05,0.11687422234584427,380.098286206165
0.09884334321074217,0.05,0.12288545325988715,380.1048619095015
0.10423478400578196,0.05,0.119486954969648,380.0998583805159
0.17829256929094328,0,0.04547602116029099,367.91500009988687
0.09354081488178521,0,0.15266972852888028,369.2167691172773
0.1323340216168742,0.05,0.09584198060205962,379.8736215007156
0.13780200035452828,0.05,0.09915106399111664,379.8408366941832
0.1319596622549356,0.05,0.10213074181456908,379.91159619183645
0.12510913146915154,0,0.11065041364705862,369.19862089232504
0.03875450817797671,0,0.16939651362764813,368.63651410486693
0.03360491245652281,0,0.16626783218168512,368.58105971415114
0.03332002129472972,0,0.17247867134945072,368.52224818739666
0.188016671123505,0.04636078620794362,0,376.33996131930735
0.1866666666666667,0.05,0,377.3870069028301
0.18913326520759788,0.05,0.004717559858520422,377.45670793353696
0.13742764099258975,0.05,0.10543982520362612,379.8749308387177
0.13158530289299708,0.05,0.10841950302707855,379.9411309056034
0.12520805134476848,0.05000000000000002,0.11108186084383057,379.9988717615657
0.09399236091436403,0.05,0.126524802287221,380.10037830054836
0.1446745211133461,0.05,0.07781472221334113,379.5982569843428
0.1444335865183798,0.05,0.08381717854021191,379.65759320209213
0.032970810206214216,0,0.185089173518801,368.38347982581587
0.13767209771370256,0,0.0924641556625129,369.01642052925143
0.13275088879099228,0,0.08940260432522633,369.03893409381425
0.12558241070670706,0.05,0.1047930996313211,379.9735313419894
0.12595677006864558,0.05,0.09850433841881161,379.9397509450592
0.14405026747854527,0,0.07750217248054776,368.83358513602985
0.15557188192027166,0.05,0.04570025652735241,379.01524277549913
0.16194133216838758,0.05,0.042839668933835354,378.86372404694407
0.11324015050536954,0,0.10356887148532617,369.2303212632433
0.10827254466306627,0,0.10792511103487339,369.2602378436374
0.1437743010042788,0.049999999999999996,0.09003681083267576,379.7157849240412
0.18143815867777058,0.05,0.015465711283497934,377.91142599113846
0.1849331970818624,0.05,0.009435119717040846,377.68158642196755
0.10365046605535139,0,0.1188775070589195,369.2922190533562
0.16096764491312257,0,0.04880366973684823,368.2639891074694
0.05636579720662413,0,0.14774909723169816,369.00923987600015
0.050715855428265906,0,0.15056457888186048,368.9304944693437
0.05581961046472653,0,0.1540829068827894,368.971017112928
0,0.011329191347050297,0.180989662580351,369.559231812438
0.06146955224308475,0,0.15126742523262704,369.04450698645326
0.06177745719982215,0,0.14476551693191755,369.0769617110264
0.10861807189765467,0,0.1145212675093723,369.27750392244536
0.034174694780109,0,0.15384615384615385,368.6759371678931
0.03388980361831591,0,0.16005699301391946,368.63228937431654
0.17897156013683937,0.05,0.010748151424977512,377.84897295997274
0.1401489883000347,0.05,0.06974671716649425,379.56232146925566
0.134847199525467,0.05,0.07243212608559313,379.6471570215911
0.1353825208917569,0.05,0.06768116844651817,379.58627150784514
0.13961366693374477,0.05,0.07449767480556921,379.62172942751977
0.14491545570831246,0.05,0.07181226588647036,379.531170546087
0.09875268267704942,0,0.12866110133819644,369.2959987035864
0.09854500782775456,0,0.12264934573608212,369.2967114863658
0.1431935233688869,0,0.09591803322526021,368.9817791042679
0.14317051456312158,0,0.089520713244037,368.9413848664998
0.08412117940388023,0,0.14751693248892286,369.2160253778524
0.08783052649214762,0,0.15191539420612837,369.20757500578367
0.0898314677935178,0,0.14827126681167474,369.23118011243906
0.13503166277790088,0,0.06745418336610873,368.81809311231814
0.14025541668932617,0,0.06450218769566855,368.73496544155427
0.13559484184464649,0,0.06248496664231243,368.7543198071035
0.14034603872941642,0.05,0.058140421911918636,379.4085364060456
0.14068430966632456,0.05,0.0649957595274193,379.49792109851074
0.13591784225804676,0.05,0.06293021080744321,379.5203935816184
0.18626945743134746,0.01635575274141121,0,369.53362069754183
0.05126204217016356,0.05,0.14423076923076922,379.7435587659774
0.05118613792871474,0.05,0.15084361313689118,379.7110235451746
0.04556625970681205,0.05,0.1474358974358974,379.6491215306124
0.050169668686368296,0,0.1568983885329517,368.88801458627273
0.022498238691612913,0,0.1664672494241759,368.38073300621386
0.05424922889224269,0,0.17245523739248408,368.81509836076145
0.13769510651946787,0,0.09886147564373612,369.05315044325636
0.04549035546536323,0.05,0.1540487413420194,379.61201492259045
0.038334432069864026,0,0.1754451044206705,368.5737993955691
0.14545077707460236,0.05,0.0670613082473954,379.46824773082403
0.04962348194447069,0,0.16323219818404297,368.83754604745565
0.054669305000355384,0,0.16640664659946172,368.8727350729523
0.05527342372282891,0,0.16041671653388062,368.9248056941098
0.07743524576675107,0,0.15637876644443435,369.13695810852334
0.038159826525606275,0,0.18175035550534563,368.5048096271041
0.03314541575047197,0,0.17878392243412586,368.45679312723166
0.059715128056240074,0,0.1695810950148805,368.8995350149928
0.1380541613105765,0.05,0.09293939571736769,379.8001010200388
0.13299330713097518,0.05,0.08962234830959578,379.8251536959245
0.15516826011484663,0.05,0.05204488319412581,379.12510098703007
0.0603192467787136,0,0.16359116494929937,368.9546487016368
0.03427491156827722,0.05,0.16651363321511783,379.3342150069686
0.16056207956980895,0,0.05518654569109897,368.36167233799426
0.10048814889064339,0,0.1447442426182226,369.25902246396754
0.13332809671770096,0,0.08339761056946385,368.988474846141
0.1254858177735652,0,0.10438921809807994,369.1746952486793
0.005695782463351503,0,0.16987179487179488,367.9935387411212
0.00546305260020581,0,0.17611100747593916,367.92982493313735
0.01092610520041162,0,0.17914509187495523,368.02311688771834
0.00546305260020581,0,0.18252126388619555,367.86209925809317
0.16911351733065086,0.05,0.025387543579686946,378.3920614814517
0.14477423520078608,0.05,0.05335063301639405,379.28629510636495
0.14511250613769422,0.05,0.06020597063189472,379.38248172073634
0.039870477243460545,0.05,0.15064102564102563,379.5434406190754
0.19542315247711584,0.011007473136025958,0,368.36917556843923
0.13912905855583496,0,0.07444062114326118,368.85483327531654
0.06718911719302019,0,0.14178193663213698,369.13560715446516
0.06208536215655957,0,0.13826360863120807,369.1010281936951
0.17650496159590817,0.05,0.006030591566457089,377.77867500574354
0.18246659854093122,0.05,0.004717559858520423,377.6142609796452
0.09477786050100581,0,0.14398990829547073,369.25854227685085
0.09554175618315537,0,0.14902560113442664,369.23807096021983
0.15095535728676115,0.05,0.04278299323913,379.0310772601915
0.01708734739005451,0,0.16346153846153846,368.29627699369934
0.0674970221497576,0,0.1352800283314275,369.15543485482704
0.108359444580999,0.05,0.10817744348349183,380.0660138336655
0.10351662218980959,0.05,0.11252583291466804,380.0873357058447
0.09401396481885625,0,0.13895421545651482,369.27383232594957
0.0625252953676215,0.05,0.13899203850543604,379.8942526287387
0.18270000891367663,0.04272157241588724,0,375.489905720223
0.18135000445683833,0.04636078620794362,0,376.49375518443185
0,0.0056645956735251485,0.18344354923889347,368.5832951686074
0.06815692196635047,0.05,0.13637267314276946,379.95434601245876
0,0,0.1858974358974359,367.69172247149163
0.08328453647486268,0,0.15395582619622333,369.17996933437684
0.15472451041395657,0,0.05184563507792492,368.39798714804186
0.1551300757572702,0,0.045462759123674173,368.2965552361247
0.07827188869576861,0,0.14993987273713388,369.17732666263083
0,0.0056645956735251485,0.17703329282863706,368.6529470322323
0,0,0.1794871794871795,367.76350280658596
0.18000000000000002,0.05,0,377.5390906142593
0.09833733297845972,0,0.1166375901339678,369.2902660952546
0.043348842844998334,0,0.17841153749189026,368.6173692732373
0.05667370216336154,0,0.14124718893098864,369.0375451409755
0.19468333779017166,0.04080523065238806,0,374.7061850326945
0.1343118781591771,0.05,0.07718308372466809,379.7030501228562
0.1806080535744649,0.05,0.026110254367857914,378.1723818089957
0.18102310612611774,0.05,0.020787982825677925,378.04530909370544
0.11955132729167421,0,0.10084844701721371,369.1923554666423
0.11917464098726054,0,0.1071096425661924,369.2201214785183
0.14920243167215574,0.05,0.04856084412086947,379.15366968257655
0.18936667558034329,0.04272157241588724,0,375.3344017014031
0.0390393993397698,0,0.16318567445988252,368.6912724170328
0.0441889950612237,0,0.16631435590584553,368.74161339155324
0.04447388622301679,0,0.16010351673807993,368.7923184891305
0.056449206231874216,0.05,0.1546797934243393,379.754690593907
0.18320559916588902,0.03547038676888577,0,373.6620178119777
0.18936667558034329,0.03716601686033168,0,373.92935720503897
0.18405001337051494,0.03908235862383086,0,374.5275422216328
0.19084630495423163,0.010903835160940806,0,368.4578830479967
0.1954231524771158,0.005451917580470403,0,367.45738163353883
0.18767784717109146,0.0299420731504415,0,372.281523866038
0.18852226137571737,0.03355404500538659,0,373.08677672833676
0.17466010172402105,0.05,0.02939678341393027,378.3683876980725
0.1199233209744508,0.05,0.11441657950305302,380.03985285287126
0.1488869412581042,0,0.048504724464750876,368.423511664147
0.028529020710841624,0.05,0.16338502173576405,379.25201167567604
0.022783129853406026,0.05,0.16025641025641027,379.1579785276402
0.18468522853977737,0.020319316180606,0,370.3267386560124
0.18310099964820728,0.024282879619800794,0,371.16318236879124
0.17967087710062565,0,0.032314765396163986,367.6662712611619
0.19468333779017163,0.03524967509683251,0,373.3360842903297
0.154461208515972,0.05,0.03122729147565105,378.7606878449749
0.1687121498735772,0.05,0.032683312460002625,378.551799630876
0.1823611849612631,0.031858414913940675,0,372.8338210167262
0.163694257782993,0.05,0.037061818052095886,378.72772866427863
0.05689366876889253,0.05,0.14161140386810261,379.8239902132448
0.08906757211136823,0,0.14323557397271883,369.2497982029282
0.19468333779017163,0.04636078620794362,0,376.1720329620809
0.11920515915847846,0.05,0.10745545744807308,380.02290341076935
0.11392042878816075,0.05,0.11079017610729555,380.0578154469006
0.119579518520417,0.05,0.10116669623556361,379.9933173080299
0.1613732102564362,0,0.04242079378259748,368.15821867126493
0.1815167707566372,0.028246443058995586,0,372.04295183587817
0.17898172319578448,0,0.03889539327822749,367.7949453501299
0.17364361092811392,0,0.035846796918842384,367.8430015876972
0.1676163447556022,0,0.03937882844152078,368.00850196956793
0.13446848371115527,0,0.07242340008990505,368.8769188281292
0.051262042170163516,0,0.14423076923076925,368.9649856966685
0.07347823228072889,0.05,0.13351253857112821,380.0025102975738
0,0,0.17307692307692307,367.8272238226637
0.03932429050156289,0,0.15697483529211687,368.7384488626096
0.11320226697218842,0.05,0.10382905405231563,380.03432058962755
0.103304938820763,0,0.1122813505844206,369.2802194543078
0.13390530464440967,0,0.07739261681370137,368.9307969545367
0.0871090055595147,0.05,0.10551610175845594,380.0427394806041
0.09254197214397761,0.05,0.10863034857873367,380.0695534126621
0.08780786662969432,0.05,0.11064572870528878,380.06353602073636
0.17248369934019003,0.021251191909749237,0,370.75731257160896
0.1785844639399837,0.02078525404517762,0,370.54631552454254
0.1770002350484136,0.024748817484372413,0,371.3865670945015
0.09709396469769513,0,0.10623111229656229,369.2617266955778
0.09192412552834842,0,0.1028988794961726,369.2412130573692
0.09254580966873072,0,0.10810211841487535,369.2624441334276
0.17312968336878015,0.0278473372316806,0,372.124805497077
0.16666666666666669,0.05,0,377.80392343707354
0.16000000000000003,0.05000000000000001,0,377.9173192452203
0.16330170523924564,0.045847334100306725,0,376.70643620631176
0.022783129853406026,0.05,0.15384615384615385,379.201293858552
0.01708734739005452,0.05,0.15705128205128205,379.0539238020604
0.12799347382875512,0.05,0.08576684605928721,379.83588986237027
0.12733418831465412,0.05,0.09198647835175104,379.88862362436674
0.06166759400277475,0,0.11901386945818171,369.1108129486245
0.06187647807966715,0,0.12543361083956667,369.1163476593234
0.06707925399597278,0,0.12244054556865754,369.1617661222533
0.1814916169682861,0,0.015024783469166216,367.2868105163467
0.18092160629074983,0,0.020072228644559355,367.40450055017385
0.09797493872844056,0.05,0.11174459539901141,380.0863208689407
0.091843111073798,0.05,0.10350072163190083,380.0474482089558
0.15689042682974438,0,0.03957281296004482,368.17662543436177
0.1801686928315538,0.016821690605982827,0,369.7493897088916
0.07834618654242881,0,0.13657259070417158,369.2259493415824
0.0728048007910546,0,0.13249362265167314,369.19990194901527
0.04502007296491441,0,0.15376970708698867,368.83950278829985
0.0883898509177791,0.05,0.11739932455290036,380.0811311675485
0,0.016747320644974972,0.1728701582539115,370.630246237449
0,0.011082724971449824,0.16891378850219751,369.6360795679484
0,0.016624087457174735,0.1668322212148347,370.66126905979894
0.1458135835234432,0.05,0.042978374464300986,379.10182806818466
0.14756650913804864,0.05,0.03720052358256151,378.97344484810435
0.09771564883807743,0,0.11143435121526504,369.2787288065981
0.1026832546803807,0,0.10707811166571785,369.26496676388155
0.17663503857257895,0.04584733410030672,0,376.4550911063722
0.17432432944070178,0,0.028651705342630895,367.699678739259
0.1803515956132135,0,0.025119673819952497,367.51712806925553
0.17500504795328964,0,0.021456613766419406,367.5460202918745
0.18246939176858207,0,0.004546799449102056,367.0308063346258
0.1765528334311219,0,0.005931184570962103,367.1781013745697
0.179022225199704,0,0.010477984020064158,367.23529065296856
0.18913605843524878,0,0.0045467994491020566,366.8912698104949
0.19333333333333333,0,0,366.68905725651996
0.04556625970681204,0.05,0.13461538461538458,379.69252098249734
0.05126204217016356,0.05000000000000001,0.13782051282051283,379.7652753015252
0.04556625970681205,0.05,0.14102564102564102,379.67516797950316
0.034174694780109025,0.05,0.1474358974358974,379.46114011204077
0.03417469478010902,0.05,0.141025641025641,379.48711255810406
0.03987047724346053,0.05,0.14423076923076922,379.57377588385793
0.10281776111962995,0.05,0.1073962059678352,380.07153631415247
0.005695782463351503,0,0.15064102564102563,368.12532850455614
0,0,0.15384615384615385,367.97068381906814
0.005695782463351504,0,0.15705128205128205,368.08937093479
0.17849063328162967,0.03495693466124887,0,373.6408167079867
0.17933504748625556,0.03856890651619396,0,374.5027764093841
0.1259616082363708,0.05,0.06471411026342803,379.6270728138784
0.1304044038809189,0.05,0.06857311817451058,379.6414296883814
0.1254262868700809,0.05,0.06946506790250298,379.68968153740525
0.08295688433331617,0.05,0.11428507773262261,380.05400080198245
0.0823749000452314,0.05,0.10753148188501106,380.0310912143529
0.09316749380911299,0,0.1133053573335781,369.27821038712216
0.005695782463351504,0,0.16346153846153846,368.0454829250281
0,0,0.16666666666666666,367.88309999561034
0,0.01687055383277521,0.17890809529298823,370.5918492719431
0,0.01120595815925006,0.17495172554127425,369.60134276177126
0.07259591671416218,0,0.12607388127028812,369.20386646574036
0.06728813807286518,0,0.1288602869500425,369.1626747098866
0,0.022365032749824185,0.1768673055558584,371.69656344828087
0.12928116207080026,0.05,0.04963448262438069,379.38234236354043
0.1359215852712521,0.05,0.04927660312321028,379.31820988514227
0.13149338879988243,0.05,0.054066392018734866,379.43409292571965
0.14417766098933613,0.05,0.03161805392599304,378.9053450931254
0.14242473537473072,0.05,0.03739590480773251,379.0395191109011
0.13903588722601817,0.05,0.03181343515116403,378.96674281072586
0.0836539651837258,0,0.1337861850244172,369.25665926083576
0.08342035807364859,0,0.12692081129216437,369.262953096134
0.07811257943235159,0,0.12970721697191875,369.2357413627843
0.09336500801018933,0,0.12006533052003332,369.2896766861615
0.0935726828594842,0,0.12607708612214766,369.2923033083177
0.09378035770877906,0,0.132088841724262,369.28777175658325
0.13253273712253955,0.05,0.0436941334666418,379.25473193503893
0.13578431217427886,0.05,0.037753784308902916,379.1161987507673
0.13917316032299137,0.05,0.043336253965471395,379.1843258759066
0.15300334759006384,0.05,0.011578260047412248,378.33401133848696
0.15650167379503194,0.05,0.005789130023706124,378.1316783628576
0.15967330205760677,0.05,0.011819721590163212,378.2390008966005
0.03987047724346052,0.05,0.1314102564102564,379.60844898446993
0.03987047724346053,0.05,0.1378205128205128,379.5954595140294
0.17310566686224382,0,0.011862369141924206,367.3762735227201
0.15280914613901325,0.05,0.026607324340806822,378.6878229510077
0.15782703822959743,0.05,0.02222881874871356,378.51645532540596
0.1041245288673103,0.05,0.09865740539127625,380.0295295601523
0.09858284540594126,0.05,0.09787616787561962,380.02713298012054
0.10058847422380125,0.05,0.09426699424589355,380.0051784889863
0.16381427984149824,0,0.029335756042756633,367.8911600458286
0.1644949983540861,0,0.02214066446654514,367.7398081106323
0.15933149641480643,0,0.026487775220203975,367.90461131958546
0.16829706326819005,0,0.032183736865309294,367.870999464598
0.1689777817807779,0,0.0249886452890978,367.72316136068184
0.16965850029336574,0,0.01779355371288631,367.56498765781913
0.18,0,0,366.9704712133676
0.1337056155289646,0.05,0.05849830141308904,379.4801099984122
0.10765086052268397,0,0.10272187211617063,369.2412697514413
0.04556625970681202,0.05,0.12820512820512817,379.70118344311817
0.11733452171021402,0.05,0.08427547385113393,379.8885840436479
0.11595710346420549,0.05,0.0907933339181945,379.94676572776575
0.11242104882069642,0.05,0.08640292277281178,379.9263225111247
0.10211890004945032,0.05,0.10226657902100234,380.05001265743215
0.10766058351081936,0.05,0.10304781653665898,380.04638038750534
0.16313356132891038,0,0.036530847618968125,368.03217638207843
0.12986908251462903,0.05,0.07332407581358553,379.70068060077733
0.12420996369830799,0.05,0.07568820585574082,379.7675440225793
0.11976716805375989,0.05,0.07182919794465828,379.75169172465365
0.12098349122553281,0.05,0.06560605999142044,379.6700529327399
0,0.011082724971449824,0.1625035320919411,369.6879774699265
0.0972760776582609,0.05,0.10661496845217855,380.0686312666883
0.12865275934285608,0.05,0.07954721376682337,379.7747667792117
0.11457968521819695,0.05,0.09731119398525505,379.9953445764256
0.011391564926703008,0,0.16025641025641027,368.19790199300047
0.011391564926703006,0,0.15384615384615385,368.23793873915776
0.17764621907700373,0.03134496280630378,0,372.8161846209928
0.03417469478010901,0.05,0.13461538461538458,379.50443336955624
0.05126204217016353,0.05000000000000001,0.12499999999999999,379.78263674550095
0.05689366876889251,0.05,0.12879089104758978,379.8516455069662
0.05126204217016354,0.05,0.1314102564102564,379.7783012946998
0.05126204217016351,0,0.13782051282051283,368.9852221372734
0.14468611649381208,0,0.05984210696981471,368.6305815412805
0.1400255416491324,0,0.05782488591645858,368.653177794009
0.056893668768892514,0.05,0.13520114745784623,379.8421631312922
0.06252529536762148,0.05,0.13258178209517962,379.90888192928537
0.06208536215655956,0,0.13185335222095165,369.11373392732963
0.1755750586308259,0,0.01640916859102626,367.4303169582597
0.0398704772434605,0,0.14423076923076925,368.81053646713127
0.0398704772434605,0,0.15064102564102563,368.78234892213135
0.04556625970681201,0,0.14743589743589744,368.87869843172314
0.13813381200033426,0.05,0.05370851251756445,379.3662398903371
0.09324083321415724,0.05,0.11375997552556652,380.08593435134026
0.04556625970681201,0,0.14102564102564102,368.90290477924776
0,0.04448128413779783,0.16870220219933024,376.99405114932756
0.05667370216336154,0,0.13483693252073226,369.05401622809524
0.056673702163361525,0,0.1284266761104758,369.0623714863811
0.0512620421701635,0,0.13141025641025642,368.99734274904426
0.1849387835371642,0,0.009093598898204113,367.0854720408632
0.17807887368777128,0.011369773025512423,0,368.80771751902085
0.1759890545439888,0.00591785544504202,0,367.94176212817894
0.18208981914378247,0.005451917580470403,0,367.74913757573023
0.18666666666666665,0,0,366.8351755095864
0.034174694780109004,0,0.13461538461538464,368.7482339289482
0.034174694780109,0,0.14102564102564102,368.7322048307201
0.0398704772434605,0,0.13782051282051283,368.8306541900077
0.022783129853406026,0.05,0.1474358974358974,379.2359182754952
0.01708734739005452,0.05,0.15064102564102563,379.09284524952847
0,0.005541362485724912,0.1709953557895603,368.6913978222367
0.16317162826257486,0.05,0.006030591566457089,378.0307760977643
0.18875648581044915,0.005451917580470404,0,367.6086708792771
0.0784620053138076,0.05,0.12398379676488364,380.04256807598534
0.07314069499942917,0.05,0.12684393133652486,380.007375145288
0.17377566739737027,0.03444348255361197,0,373.6139651494586
0.1692591316891467,0.030945856978988794,0,372.88759164300353
0,0.022241799562023948,0.17082936851678163,371.73135590270687
0,0.022230675775914324,0.16453906762460468,371.78363084218336
0.083887572293803,0,0.14065155875667001,369.2410166880752
0.1746200816019962,0.038055454408557066,0,374.47236014259823
0.056464818086469123,0,0.12200693472909085,369.0603590953092
0,0.03346609998561276,0.17253336222849852,374.1838777233236
0.087375970499384,0,0.10476988561448566,369.2372874925398
0.08799765463976628,0,0.10997312453318842,369.2572827112725
0,0.05,0.16025641025641024,378.58953407467226
0,0.04448128413779784,0.1558816893788174,377.09384926630065
0,0.05,0.15384615384615383,378.6324436177656
0.09657721658808127,0.05,0.1014853415053457,380.0452173994081
0.17798504302941726,0.042208120308250344,0,375.4581907750689
0.06218775808632177,0.05,0.12591317486057624,379.91141416150316
0.056556131487592795,0.05,0.12212228381298643,379.84830492912846
0.06185022080502206,0.05,0.11924456762597287,379.90450259131376
0,0.027848387880763537,0.1685362149265516,372.9423125581071
0,0.02783726409465391,0.16224591403437463,372.9919122989907
0.07788002102572282,0.05,0.11723020091727204,380.03282950264025
0.07729803673763803,0.05,0.11047660506966048,380.0133327329576
0,0.027859511666873164,0.17482651581872855,372.88432619490777
0.08883396500129104,0,0.136370200240466,369.2692635733565
0.08282781547041958,0,0.10664089173279873,369.22748306770603
0.15240764340305257,0,0.03672483213749216,368.18832288998505
0.1506472923305784,0,0.04261477830112152,368.3096943498078
0.1511570837620545,0.05,0.0219873572059626,378.6090330600521
0.14766737237569533,0.05,0.026802705565977816,378.76160595621116
0.14252559861237735,0.05,0.026998086791148807,378.82810169043114
0.1061301576851703,0.05,0.09504823176155018,380.00517639102566
0.12299364052653505,0.05,0.08191134380897865,379.8366114194757
0.17333333333333334,0.05,0,377.6778472267533
0.1699683719059123,0.045847334100306725,0,376.58710385742876
0.034174694780109,0,0.14743589743589744,368.70810591036826
0.08353886862140095,0.05,0.1210386735802342,380.06715219327435
0.06714431012245133,0.05,0.11636685143895932,379.95122973205713
0.07222117343004468,0.05,0.11342172825430989,379.98671223885896
0.07280315771812947,0.05,0.12017532410192147,380.0027961905948
0.022783129853406005,0,0.15384615384615385,368.4730155876275
0.022783129853406005,0,0.14743589743589744,368.50510482049077
0.01708734739005451,0,0.15064102564102566,368.37645375209763
0.07238703263726978,0,0.11965413988890317,369.19968253977277
0.06687036991908038,0,0.11602080418727256,369.15270909192753
0,0.005541362485724912,0.15817484296904746,368.7911157230162
0,0.005541362485724912,0.16458509937930388,368.74528485969904
0,0,0.16025641025641024,367.93091999441174
0.14256200847170392,0.05,0.048918723622039875,379.24198565815414
0.1740679282317601,0.017287628470554442,0,369.95657889877776
0.011391564926703013,0.05,0.16025641025641027,378.89425125808316
0,0.03345497619950313,0.16624306133632155,374.23918888793014
0.10750757593117884,0.05,0.08853037169448962,379.9565791385771
0.10259410304166122,0.05,0.09065782061616745,379.97935392600533
0.1287274985181266,0.05,0.05939025114108145,379.534740823513
0.011391564926703013,0.05,0.15384615384615385,378.93749236676604
0.045566259706812,0,0.1346153846153846,368.91907281609633
0.01708734739005451,0,0.15705128205128205,368.34039291624777
0,0.05,0.16666666666666666,378.5379691388957
0,0.04448128413779784,0.16229194578907383,377.0482779041558
0.10206157053999841,0,0.1018748727470151,369.2442492510915
0.14911681629829798,0,0.05518202624396086,368.51707027311585
0.1444562414536183,0,0.05316480519060472,368.5429084130235
0.14934669133849177,0,0.061859328023170845,368.6017334792307
0.15495438545415036,0,0.0585229368571349,368.48668092536195
0.022783129853406005,0,0.14102564102564102,368.529159878829
0.01708734739005451,0,0.14423076923076925,368.4044595012488
0.08860035789121382,0,0.12950482650821318,369.2793802063225
0.15865077790221857,0,0.03368286679641547,368.0491414871154
0.1628449303201816,0.05,0.017850313156620303,378.3337265122721
0.005695782463351507,0.05,0.15064102564102563,378.8084985063928
0.005695782463351506,0.05,0.15705128205128205,378.7696286504638
0,0.03897369206170529,0.17061778221391438,375.5439962045115
0.10966621232867935,0.05,0.0994386429069329,380.0234986122331
0.17197810908797762,0.01183571089008404,0,369.0033344794566
0.005695782463351506,0.05,0.16346153846153846,378.7222803596551
0.16983829492924152,0.05,0.006030591566457089,377.91106575284067
0.16796716363196643,0.01775356633512606,0,370.15518826720023
0.02847891231675751,0.05,0.1378205128205128,379.3889685305557
0.02847891231675752,0.05,0.14423076923076922,379.3673425950541
0,0.03896256827559566,0.1643274813217374,375.5968393559226
0.15416799447552676,0,0.030834885973862802,368.05939728467877
0.011391564926703015,0.05,0.14743589743589744,378.97204256148024
0,0.033443852413393496,0.15995276044414458,374.28611343022106
0,0.03896256827559567,0.157917224911481,375.6450725371191
0.06748184740375104,0.05,0.12303545867356269,379.9617122945983
0.15617497585263868,0.05,0.01760885161386934,378.4351995534287
0.14950502138509575,0.05,0.01736739007111837,378.5243181721084
0.1309397252472088,0.05,0.06382216053543563,379.57718636350455
0.028478912316757504,0,0.14423076923076925,368.62370927644554
0.028478912316757504,0,0.13782051282051283,368.64375135472875
0.06781938468505075,0.05,0.12970406590816608,379.9627510547322
0.1663432565251497,0.05,0.012061183132914178,378.1316360322371
0.12374938150728862,0.05,0.060282200869073856,379.58246531710125
0.12651527178904443,0.05,0.05495834174672727,379.4865617940349
0.07790369535545918,0,0.12328747559053377,369.236430541175
0.08302532967149591,0,0.11340086491925394,369.2483616580187
0.12233435501243407,0.05,0.08813097610144249,379.89361113867744
0.14601530999873655,0.05,0.022182738431133588,378.68062681089197
0.08819516884084264,0,0.11673309771964363,369.2734551559486
0.01708734739005452,0.05,0.14423076923076922,379.123075783028
0.028478912316757532,0.05,0.15064102564102563,379.3370650249414
0.18417963828756498,0.010903835160940808,0,368.6035207371217
0.17327007714515788,0.04169466820061344,0,375.4208253753775
0.16990511571773684,0.03754200230092016,0,374.43629342127537
0.08839268304191897,0,0.12349307090609885,369.2805723531213
0.14931943475265408,0.05,0.03142267270082204,378.8366601045418
0.12095693676642554,0.05,0.09464883616850304,379.9482656410826
0.09647228055731283,0,0.10102787337785954,369.23925976219374
0.16660341047849125,0.04169466820061345,0,375.54609426499684
0.02278312985340602,0.05,0.14102564102564102,379.26184933504624
0.11104363057468788,0.05,0.09292078283987233,379.97971197940785
0.045566259706811996,0,0.1282051282051282,368.92712502411104
0.08322284387257226,0,0.12016083810570916,369.2601850008282
0.0398704772434605,0,0.13141025641025642,368.84275382310005
0.028478912316757504,0,0.15064102564102566,368.59559737603894
0.011391564926703006,0,0.14743589743589744,368.2699203986164
0.11855084488198696,0.05,0.0780523358978961,379.8245354282896
0.0512620421701635,0,0.125,369.00134753198114
0.16861314766055657,0.024349711657057425,0,371.46055659164523
0.11024151208222177,0.05,0.06317047448865253,379.6835937805222
0.11712891737604497,0.05,0.06111878395801401,379.6305102317703
0.11409608593170963,0.05,0.06765775052205895,379.72828233929147
0.16988616676445523,0,0.005931184570962103,367.29737538013893
0,0.02784139730806673,0.15581681452174806,373.0375393322593
0.0674691732175722,0.05,0.10994230878675687,379.9379942010525
0.06187193184652469,0.05,0.11292282177052745,379.892802736887
0.15546510028791827,0.0385656670395086,0,374.9308672686095
0.15319765043187739,0.032848500559262896,0,373.58369316376405
0.15876680552716388,0.03441300113981532,0,373.86969485034007
0.045566259706811996,0,0.12179487179487179,368.9271066203611
0.005695782463351503,0,0.13782051282051283,368.1732501554445
0.011391564926703006,0,0.13461538461538464,368.30993769178815
0.005695782463351504,0,0.13141025641025644,368.185207405684
0.061502369336147195,0,0.11240338148691986,369.09714793444914
0.056299593419841566,0,0.11539644675782901,369.0504052468109
0,0.03881624881002446,0.13882306162011648,375.7012354217137
0,0.03881624881002446,0.1452333180303729,375.67814002381874
0,0.033224373215036684,0.14092690012248243,374.3344449946044
0.15701699193710228,0,0.02083768099162704,367.8248605000883
0.15470248745939816,0,0.015187586763050112,367.7374257313725
0.1495389855201185,0,0.019534697516708943,367.89577321188
0.09133897626136901,0.05,0.0889723373317824,379.9574720616005
0.09058136702883636,0.05,0.08267344098750526,379.903049509276
0.09620893041898246,0.05,0.08351618262969777,379.9206159329119
0.13034421260343204,0.05,0.017654309153148133,378.7361044839813
0.133562808402288,0.049999999999999996,0.011769539435432089,378.56420807345626
0.1367311488639866,0.05,0.017558669459138213,378.6766129849191
0.06716676507100623,0,0.10965634025102036,369.13994159407747
0,0,0.13461538461538464,368.04242799016424
0.09063460191646208,0,0.08235746510117062,369.107074463355
0.09611722862334518,0,0.08318661553361924,369.1230982010014
0.09526330551589368,0,0.07676026562079677,369.0648904300276
0.12937993341565585,0.04999999999999999,0.038687124273289256,379.18999670667773
0.12612835836391653,0.049999999999999996,0.044627473431028145,379.3216536691977
0.12297555465703283,0.04999999999999999,0.039620464237675596,379.2525122763365
0.1118155439090189,0,0.07943483916727198,369.0751629204953
0.11777731130586572,0,0.0835707256806965,369.08871152746946
0.1187788433227584,0,0.07745858590701532,369.030476136626
0.14680376835552103,0,0.036961132632393645,368.2608494328981
0.14856411942799522,0,0.03107118646876429,368.1344770805908
0.14296024438046367,0,0.031307486963665775,368.20186692587134
0.06811889940781396,0.05,0.097093223482352,379.88516739714674
0.07287089962028644,0.05,0.100572642949905,379.94251485123436
0.06779403631269308,0.05,0.10351776613455443,379.9159734227491
0.10674996669864617,0.05,0.08223147535021245,379.90485076019894
0.10107888457659593,0.05,0.07806002792761314,379.87092644240175
0.10599235746611353,0.05,0.07593257900593531,379.8444125383332
0,0.0333706926806079,0.15361080700359053,374.3107052645529
0,0.027768237575281123,0.149474861081194,373.05743612084405
0,0.03329753294782229,0.14726885356303648,374.32681578601404
0.13050682557951865,0,0.05284322684273301,368.66772094800734
0.12811318888271497,0,0.058580543314969556,368.76367495390707
0.13305083371208257,0,0.057664096742522715,368.71416131170827
0.0739830705622836,0.05,0.09410534755143128,379.91254563919523
0.14311808512454116,0.05,0.017463029765128292,378.60601754762797
0.0894946923971246,0,0.09231240084698283,369.1783300545358
0.0884353314482543,0,0.09854114323073423,369.2118020426648
0.09298348647721871,0,0.09667013711242119,369.2121941114754
0.011391564926703006,0,0.14102564102564102,368.2939273258061
0.01708734739005451,0,0.13782051282051283,368.4245229829734
0,0.05,0.1474358974358974,378.66660782157896
0.005695782463351507,0.05,0.14423076923076922,378.8383912605175
0.1558511849298861,0.0224357495535495,0,371.27015057870085
0.15092801386318974,0.027467394294928442,0,372.40027600435974
0.1486583772945021,0.022086288030593988,0,371.295483755355
0.05130546425316879,0.05,0.11235650828910915,379.7662974629466
0.051327175294671415,0.05,0.10603476243366373,379.74546582735917
0.05659955357059805,0.05,0.1094787921020956,379.8242147686544
0.05109681750353594,0,0.11838951202873815,368.99510484916004
0.16,0,0,367.31161873351726
0.16321950009778857,0,0.005931184570962103,367.40576747243716
0.16666666666666666,0,0,367.2087848067386
0.022783129853406008,0,0.13461538461538464,368.5452174296433
0.16103425538320476,0.040130167620061025,0,375.23938156717264
0.16433596062245037,0.03597750172036774,0,374.1538949361772
0.14504341728304684,0,0.042851078796023,368.3796676397218
0.13806870934599702,0,0.042690289622087145,368.4486740666054
0.14191223332105438,0,0.048343935290815016,368.49945913027904
0,0.01108685818486264,0.15607443257931453,369.7325052176795
0,0.01663235388400037,0.1539740221895816,370.7543285004071
0,0.01662822067058755,0.16040312170220816,370.711925573303
0,0.02223480898932714,0.1581099681119781,371.8317726155697
0.01708734739005452,0.05,0.125,379.16173641693155
0.022783129853406015,0.05,0.1282051282051282,379.2875837553126
0.01708734739005452,0.05,0.1314102564102564,379.1574676960042
0.10405540316678738,0,0.09834628691402535,369.2254356862691
0,0.05,0.141025641025641,378.69216664186536
0.005695782463351507,0.05,0.1378205128205128,378.85967863111506
0.09697115173079665,0,0.08961296544644169,369.1729529939444
0.09148852502391355,0,0.08878381501399307,369.15910979482595
0.0949773191040077,0,0.09314155127943144,369.1942904559617
0.08822117650151187,0.05,0.09904880635998223,380.01525057218646
0.10604923579357636,0,0.0948177010810356,369.2031883149432
0.10756162272707509,0,0.08815165247949239,369.1565462857093
0.10245377843767976,0,0.09044211587889031,369.17919718873065
0.028478912316757504,0,0.125,368.65985613852683
0.034174694780109004,0,0.12820512820512822,368.7563315013595
0.034174694780109004,0,0.1217948717948718,368.75635198684705
0.12317554405334738,0,0.05949698988741639,368.8069577200474
0.12078190735654373,0,0.06523430635965294,368.8909799860912
0.1257195521859113,0,0.0643178597872061,368.8516574691536
0.07254603652516556,0.05,0.10699718560210746,379.96900616869596
0.11475253743886826,0,0.09690282288378295,369.1925070446759
0.11626492437236699,0,0.09023677428223972,369.1453037994179
0.11115708008297168,0,0.09252723768163766,369.1780015492134
0.08348707098722857,0.05,0.10106418648653734,380.0078140599659
0.08388717641928986,0,0.1004121493490473,369.2055311138493
0.07886442305410266,0,0.0971743228976197,369.165510704487
0.07780506210523236,0,0.10340306528137111,369.190125637859
0.07750866695330651,0,0.10976752921762334,369.21157653313395
0.1310940014089472,0,0.04252950044815129,368.5055620446416
0.13422518537093966,0,0.037036643953359275,368.38775141281485
0,0,0.14743589743589747,368.0026099468109
0.03987047724346052,0.05,0.12499999999999997,379.6128196148967
0,0.03888940854281006,0.15157527147092695,375.6658469369044
0,0.044408124405012225,0.14953973593826336,377.11080623153913
0.1126694670164704,0,0.08586118908009444,369.1263843986221
0.15773255014395915,0.0442828335197543,0,376.3754092957616
0.028478912316757504,0,0.13141025641025644,368.65580297463293
0.07770618115438285,0,0.11652750240407855,369.2285311609062
0.10964469314947295,0,0.09919328628318089,369.22022967311403
0.16304399256527008,0.022785211076505003,0,371.2318583269668
0.16077435599658244,0.017404104812170553,0,370.2061900587969
0.09696653965151511,0.05,0.08981507897397492,379.97275661910317
0.06219679494164557,0.05,0.10649827911832502,379.8753620316587
0.12795209893818632,0,0.08545698019179555,369.0459629902956
0.13678140420114399,0.04999999999999999,0.005884769717716044,378.3804333965899
0.1399497446628426,0.04999999999999999,0.011673899741422168,378.4991731079875
0.10074593222277678,0,0.07758941605324539,369.07549570186967
0.10159985533022828,0,0.08401576596606786,369.1315229343157
0.10670769961962359,0,0.08172530256666992,369.1070984194383
0.05128375321166616,0.05,0.11867825414455456,379.77868776899396
0.1462496149502911,0,0.02542109224018736,368.05351272605225
0.14064573990275955,0,0.025657392735088845,368.1179082785843
0.07873507077475608,0.05,0.0975847670189843,379.9645329404233
0,0.00554549569913773,0.1453354870461645,368.8591024142384
0,0.00554549569913773,0.15174574345642092,368.829514705018
0.11989480765780079,0.05,0.05579492483566743,379.54051453677806
0.15358154836119847,0.017054643289215046,0,370.2442327753133
0.15092582715054298,0.011136787844173025,0,369.20516844348793
0.15811863478592697,0.011486249367128533,0,369.1680288637708
0.05692441666571893,0.05,0.10305424944989316,379.8025688892024
0.0398704772434605,0,0.11858974358974358,368.84275590483776
0.039870477243460496,0,0.125,368.8467934074307
0.08494653736816016,0,0.09418340696529588,369.17559262173904
0.07992378400297295,0,0.09094558051386828,369.1329092328613
0.12415484110227304,0,0.0753992162846836,368.98207301101684
0.11978037533965107,0,0.07134644613333413,368.96456562283333
0.05657784252909542,0.05,0.115800537957541,379.8404805136615
0.16932238787732212,0.00591785544504202,0,368.06135886959805
0.17333333333333334,0,0,367.09506896668864
0.1636899765938602,0.02938135639843637,0,372.6320432681152
0.12737489101147761,0,0.09146197394755803,369.09322331315184
0.16531144242131096,0.01183571089008404,0,369.1179302089738
0.14638874072581448,0.016705181766259538,0,370.2693164167499
0.10183649380912857,0.05,0.08435892427189029,379.9294951059472
0.1128797627599367,0.05,0.07388088847529678,379.80490100099775
0.1195078942326729,0.05,0.0454640565199683,379.37678827678377
0.1226606979395566,0.05,0.05047106571332084,379.442202934358
0.11604023380831295,0.05,0.051307648802261005,379.490084886689
0.15546291357527148,0.005568393922086513,0,368.2192692157437
0.1306571970152789,0,0.06340141321475927,368.80610407615774
0.005695782463351506,0.05,0.1314102564102564,378.8721751167958
0.011391564926703013,0.05,0.1282051282051282,379.0230472295647
0.011391564926703013,0.05,0.1346153846153846,379.0146646262607
0.11166343958816377,0.05,0.08010402642853462,379.87272457442623
0.14633668092339716,0.049999999999999996,0.011578260047412248,378.42303420428993
0.09295528201579514,0.05,0.09703342623342709,380.01574754650755
0.1518534899978226,0,0.025184791745285873,367.9814272228886
0.07762289983275891,0.05,0.10405206241745803,379.9911561236363
0,0.05,0.1346153846153846,378.70912007862484
0,0.044408124405012225,0.13671922311775053,377.1594604497204
0.09496091083365513,0.05,0.093424252603701,379.9961871187287
0.07278230874004513,0,0.10016523882994352,369.1443862482707
0.06775955537485792,0,0.09692741237851592,369.0902648989408
0.06746316022293207,0,0.10329187631476813,369.11912686308193
0.0954513211864498,0.05,0.07721728628542061,379.85976540323315
0.10032127534406327,0.05,0.07176113158333598,379.8036479353687
0,0.044408124405012225,0.14312947952800695,377.13943603239335
0.15106588347729247,0.0442828335197543,0,376.4721092798212
0.14439921681062579,0.04428283351975429,0,376.55673886707484
0.1487984336212516,0.038565667039508596,0,375.02304310386876
0.01708734739005452,0.05,0.13782051282051283,379.1445808180363
0.011391564926703015,0.05,0.14102564102564102,378.99766386591614
0.14666666666666667,0.049999999999999996,0,378.1076971141343
0.15333333333333335,0.05,0,378.0185433780803
0.14983500712836526,0.05,0.005789130023706125,378.22680186218906
0.06179876448807304,0,0.10603891755066766,369.08025333640694
0,0.01109099139827546,0.14964533306668798,369.7687793790325
0,0.01663648709741319,0.14754492267695504,370.78847784111144
0.1361386623518228,0.05,0.027093726485158728,378.8976679995538
0.1411998933079895,0,0.037197433127295135,368.32568602517955
0.09846611318410181,0,0.0974992875448698,369.2226727108762
0.15812082149857373,0.02781685581788395,0,372.37469329248785
0.08600589831703047,0,0.08795466458154447,369.1376675913752
0.022783129853406005,0,0.12820512820512822,368.5532351851601
0.03417469478010901,0.05,0.12820512820512817,379.51314508327306
0.03417469478010902,0.05,0.12179487179487175,379.513184008633
0.062095159639998884,0,0.09967445361441543,369.0553115052191
0.14316834046169857,0.049999999999999996,0.005789130023706125,378.30985496471465
0.028478912316757518,0.05,0.12499999999999997,379.4061794053971
0.12953083888178768,0,0.07333984666235188,368.92562100741344
0.128529306864895,0,0.07945198643603307,368.99148402350846
0.1557414936808048,0,0.0046282010960440045,367.483727442725
0.15896099377859338,0,0.010559385667006108,367.57584820348615
0.13999999999999999,0.049999999999999996,0,378.1847804533823
0.02847891231675751,0.05,0.1314102564102564,379.40181607285405
0.10941976967706929,0.05,0.05214423189120116,379.5259882205333
0.11327434352655713,0.05,0.05663150792460758,379.5824886610348
0.11281707592591159,0,0.07332269939359079,369.01338214246135
0.03970525257683294,0,0.11197925561848175,368.8277347105382
0.034174694780109004,0,0.11538461538461539,368.74829538541104
0.13493752538400455,0,0.048183146116879155,368.56328814756347
0.10638693823273394,0.05,0.0586831984552461,379.63042635198707
0.1514829873616096,0,0.009256402192088009,367.64733294877016
0.13263150846739516,0.049999999999999996,0.03274677511555037,379.047416988388
0.12973428359319977,0.049999999999999996,0.028027066449545068,378.974227267321
0.13748153351656847,0,0.05300401601666886,368.6113739049391
0.028478912316757504,0,0.1185897435897436,368.65583221549724
0.1251563731191657,0,0.06928707651100241,368.9123486845983
0.1300940179485333,0,0.06837062993855557,368.86833633648735
0,0.022165782469954355,0.1453389151587975,371.88686254539357
0,0.027695077842495523,0.14313290764063996,373.068851596558
0.12315330908538036,0,0.08151135605836479,369.0441222144859
0.1332414374776274,0.05,0.02237401781915343,378.8207885573057
0.16218049387638195,0,0.01649057023796821,367.658276533428
0.08933334744350903,0.05,0.09258151096150849,379.9785084978707
0.1058537765121721,0,0.07529895265384745,369.04929757513645
0.08571141287122291,0.05,0.08812959568958989,379.93350025349724
0.08459924192922574,0.05,0.09459689108806361,379.9752837396807
0.16643900019557717,0,0.011862369141924206,367.49022378053775
0.06252165803676644,0.05,0.10007373646612258,379.8491360791317
0.022783129853406005,0,0.1217948717948718,368.5532439405369
0.11982275095014913,0.049999999999999996,0.034613455044323053,379.17491818495733
0.12332990483457676,0.04999999999999999,0.02896040641393141,379.03950414883656
0.12622712970877215,0.04999999999999999,0.03368011507993671,379.11680877979853
0.017087347390054512,0,0.13141025641025644,368.4365466694004
0.02847891231675752,0.05,0.11858974358974357,379.40186994958304
0.10720868063788647,0.05,0.06970944105269747,379.7728140068343
0.12796281744695473,0,0.04802235694294331,368.6149987160007
0.12556918075015105,0,0.05375967341517984,368.7149639633506
0.12257610115867167,0,0.08751634981412726,369.0954022564561
0.16265572121065547,0.00591785544504202,0,368.1700736977461
0.039870477243460524,0.05,0.11858974358974356,379.6085174569666
0.034174694780109025,0.05,0.11538461538461536,379.5045501456361
0.139628373738182,0.05,0.022278378125143508,378.7562596532132
0.11635509052578918,0.049999999999999996,0.04045704732661576,379.3029209206914
0,0.00554549569913773,0.13892523063590811,368.8806787194147
0,0.01109099139827546,0.14323507665643156,369.79602866973045
0,0,0.14102564102564105,368.0265246705096
0.005695782463351503,0,0.14423076923076925,368.15329503202247
0.11381860794280427,0,0.0672105596199096,368.94392624147804
0.13735636933293213,0,0.03154378745856726,368.26156682052033
0.11288743010142924,0.05,0.046300639608908456,379.4199442658834
0.04560968178981728,0.05,0.10915138008398094,379.6764213827897
0.04556625970681202,0.05,0.12179487179487176,379.701212990255
0.14393511047258695,0,0.01977099801161043,367.96486442229514
0.07248591358811929,0,0.10652970276619572,369.16954267797877
0.07218951843619345,0,0.11289416670244795,369.1866518745411
0.1268370587190044,0.049999999999999996,0.023307357783539772,378.89323291517786
0.022783129853406022,0.05,0.12179487179487179,379.28759870668165
0.07984724171675325,0.05,0.09111747162051059,379.92865659131206
0.12106371422517294,0,0.0941823984156705,369.14857337489445
0.10685530852906477,0,0.06918681288016626,368.983971409912
0.022783129853406015,0.05,0.13461538461538458,379.2790256236997
0,0.022238942202739958,0.15168086859935154,371.8716608025561
0.056430763905139854,0,0.10242149485031496,369.0108244933269
0.05613436875321401,0,0.10878595878656717,369.03184619156127
0.07384166968891542,0,0.09393649644619209,369.1171083353832
0.04558797074831465,0.05,0.11547312593942635,379.69303785129244
0.03989218828496315,0.05,0.11226799773429814,379.59611615554877
0.011391564926703008,0,0.12820512820512825,368.31790826247266
0.14722448104241437,0,0.013884603288132014,367.8024352516531
0.1004599458108908,0,0.09397070171188006,369.20265185305533
0.05093159283690838,0,0.1117790240574763,368.9802569595876
0.1033541067883986,0.05,0.06522216501929104,379.72297959026554
0.01708734739005451,0,0.12500000000000003,368.44053056053
0.05076636817028082,0,0.10516853608621449,368.9568038632638
0.09989200911532531,0,0.07116306614042293,369.01111549139296
0.04540103504018444,0,0.11518438382360995,368.9164746818007
0.04523581037355688,0,0.10857389585234811,368.8972375364892
0,0.011082870209064092,0.130305176251151,369.82473286674804
0,0.011082870209064092,0.12389491984089458,369.8274441041271
0,0.016624305313596138,0.12815007206903417,370.83594870305615
0.08346448102565135,0.05,0.06355780615903008,379.66592404449665
0.0867501860806536,0.05,0.06994856982906687,379.7588725368819
0.07996464144894877,0.05,0.06904228895193232,379.7175373448918
0.09025002565735618,0.05,0.06446408703616463,379.70188752012655
0.06852125632411055,0.05,0.09182958797486873,379.85450360452785
0.14879624690860482,0.005568393922086513,0,368.30497913079256
0.1464975770066641,0.0330314976921693,0,373.7140357096707
0,0.016632426502807503,0.14107997247431475,370.8126889313882
0,0.02216172187534867,0.13887396495615723,371.9084706044419
0.011391564926703013,0.05,0.12179487179487178,379.0233484885348
0.005695782463351506,0.05,0.11858974358974358,378.87260730705316
0.01139156492670301,0.05,0.11538461538461536,379.01480438469366
0,0.016652855413169868,0.11534098398671525,370.8329290738491
0,0.011097145258850957,0.1174903757997351,369.82449464071976
0,0.011111420308637822,0.11108583175857566,369.8133415313737
0.023104346373060275,0.05,0.08997635915311021,379.1667372425766
0.01708734739005452,0.05,0.08653846153846155,379.00666481899447
0.022728133430646752,0.05,0.0840579630034401,379.11131939158696
0.03438591845424474,0.05000000000000001,0.08501536208306733,379.3493362177115
0.028368919471238988,0.05,0.08157746446841865,379.205356462687
0.03400970551183122,0.05,0.07909696593339721,379.2887760322946
0.03986555562458848,0,0.10549355941973812,368.8094547320193
0.10909843019804077,0,0.03939970621382436,368.56272798577083
0.1057690600065814,0,0.04527238217294888,368.6649822046361
0.11198296020133147,0,0.04471538922461003,368.64257390202806
0.011391564926703002,0.05,0.10256410256410253,378.9718719534467
0.005695782463351501,0.05,0.10576923076923075,378.83830824689295
0.005695782463351501,0.05,0.09935897435897435,378.80826572850196
0.12011473753447735,0.05,0.011658272409612314,378.65774847772286
0.11333333333333334,0.05,0.011547005383792538,378.68501686848754
0.11666666666666668,0.05,0.005773502691896269,378.52045554999
0.01708734739005451,0,0.1185897435897436,368.4365306021609
0.022783129853406008,0,0.11538461538461539,368.54520169454935
0,0.038833442876169515,0.13248175803992954,375.7194369451006
0,0.033258761347326804,0.12824429296210854,374.36711533553967
0,0.038850636942314574,0.1261404544597426,375.7295210020813
0.011391564926703008,0,0.12179487179487182,368.3178968622092
0.005695782463351504,0,0.12500000000000003,368.18921866384204
0.02912134535606603,0.05000000000000001,0.09341425676775889,379.31381704766227
0.029121345356066024,0.05,0.09982451317801527,379.3521171077009
0.023104346373060268,0.05,0.09638661556336661,379.2096119726481
0.13333333333333333,0.04999999999999999,0,378.2497663377592
0.12666666666666668,0.049999999999999996,0,378.30286279716455
0.13103247671874585,0.0444658306526607,0,376.7397542916794
0.11531233039279085,0,0.038842713265485516,368.5345800574285
0.11864170058425022,0,0.032970037306361,368.41701233534036
0.11242780038950015,0,0.033527030254699844,368.45089988941686
0.017087347390054516,0.05,0.09294871794871795,379.0541142190989
0.01139156492670301,0.05,0.09615384615384615,378.9374075672031
0.011391564926703015,0.05,0.08974358974358976,378.8943394783675
0,0,0.11538461538461539,368.04241523699096
0,0,0.1217948717948718,368.0504576556858
0.005695782463351504,0,0.11858974358974361,368.18519175436285
0,0.005555710154318911,0.11323522357159552,368.8877753469248
0.03476213139665826,0.05000000000000001,0.09093375823273744,379.40237895169713
0.04083794543925657,0.05000000000000001,0.08703041681373193,379.476311596065
0.041214158381670085,0.05,0.09294881296340203,379.5261900103935
0.07287219392078541,0.05,0.07721564095724558,379.7631041558294
0.07833400815895847,0.05,0.07949140053380814,379.8217608044575
0.0747877843948768,0.05,0.08357807653646476,379.8371778217181
0.0629051003152018,0,0.08756691559566725,368.98799730069567
0.05716606118706423,0,0.08892401292937421,368.94071594126945
0.062462808280961075,0,0.09292571265394507,369.0205607408569
0,0,0.12820512820512822,368.05046190674364
0,0.027568895777805302,0.10460634648529862,373.0324377527706
0,0.033105170761310344,0.10892852963075389,374.3059272701543
0,0.02765428810388606,0.11109357636088246,373.07398411379575
0.13111814641670483,0,0.03201920407449851,368.3229998981652
0.13752786701276315,0.027833388560741263,0,372.6340193020501
0.14422794043797646,0.027650391427834854,0,372.52299483471245
0.1397975035814508,0.03321449482507571,0,373.83268389256244
0.13550183585368064,0.005533202114776835,0,368.43775087938894
0.13100367170736132,0.01106640422955367,0,369.39679956674263
0.128835169187014,0.005533202114776835,0,368.4906074550744
0.028800128836411774,0.05000000000000001,0.10600200017875122,379.374618429218
0.02278312985340601,0.05,0.10897435897435895,379.26189030370136
0.023104346373060265,0.05,0.102796871973623,379.2438830001276
0.09996130995204193,0.05,0.04645802953860144,379.4448896533433
0.10310123317773169,0.05,0.052292434785209306,379.5389676476503
0.0967826966783941,0.05,0.05244063767921746,379.5412144082138
0.08036607603721367,0,0.08558678345559047,369.0962075236969
0.07828523278146102,0,0.07914276093121705,369.0312979997467
0.07472625375739687,0,0.08321890232963647,369.04572210000447
0.1448163206949429,0,0.009256402192088009,367.72586879706586
0.1490748270141381,0,0.0046282010960440045,367.56907829650055
0.14240816034747145,0,0.0046282010960440045,367.6435487437607
0.13860968821454359,0,0.009646563369564331,367.7980935298085
0.08696432060235393,0.05,0.05807332336612784,379.60432109694074
0.09374986523405876,0.05,0.058979604243262394,379.6349128562108
0.04002585867234403,0,0.0990078632209945,368.7828645445801
0.045763762062274616,0,0.09533945869313411,368.84447261784845
0.040393507313306216,0,0.09225912226052413,368.74946027887177
0.06320119509416487,0.05,0.09310952569669832,379.81400772761964
0.017087347390054516,0.05,0.11858974358974358,379.1574654059246
0.12528362259556103,0,0.021026736982494316,368.14933724777194
0.12240305573414428,0,0.015810227238936908,368.0559965354826
0.11908209472848888,0,0.02178187740087025,368.19859921311576
0,0.05,0.12179487179487179,378.71794997029843
0,0.04442531847115729,0.12396766312730718,377.1782775913034
0,0.04442531847115729,0.11755740671705078,377.1725175606842
0.11841936934702568,0,0.043860153144346284,368.60472442383525
0.09318246226014104,0,0.07031624309642337,368.99635332185767
0.10666666666666665,0,0.02309401076758503,368.2644589552685
0.11288056686141673,0,0.022537017819246184,368.2382859700311
0.10999999999999997,0,0.017320508075688773,368.1376362724646
0.11620152786707214,0,0.01656536765731284,368.1016040081878
0.046610435366869964,0.05,0.09600968231382076,379.6288480450718
0.04728997242426839,0.05,0.08904547154439652,379.59077513757273
0.05268624940946827,0.05,0.09210634089481526,379.68674810398585
0.0797633685497725,0,0.06862259700842424,368.93270426920657
0.08184421180552515,0,0.07506661953279764,369.0103793138537
0.08647291540495677,0,0.0694694200524238,368.9702162477954
0,0.022118013120381017,0.10677139321542721,371.8854445784771
0.08024959863304984,0.05,0.08585383611302733,379.88992832473485
0.15333333333333332,0,0,367.4037845927728
0.01708734739005451,0,0.11217948717948718,368.42450896516925
0.022783129853406005,0,0.10897435897435898,368.5291377699393
0.05200671235206984,0.05,0.09907055166423949,379.7213501745091
0.05760395372311736,0.05,0.0960900386804689,379.7729468870214
0.045930898309471536,0.05,0.102973893083245,379.65643453489764
0.03481712781941753,0.05,0.10302964138314348,379.47489957371204
0.035138344339071786,0.05000000000000001,0.09685215438240756,379.4479042342518
0.04053462132427166,0.05,0.09991302373282628,379.5572473371952
0.011391564926703006,0,0.10897435897435898,368.29388859356095
0.01708734739005451,0,0.10576923076923078,368.4044656495553
0,0.027708211314034892,0.13032665385781272,373.1025899410224
0,0.022174855346888046,0.12606771117332996,371.9307639234803
0,0.02772540538017995,0.12398535027762578,373.109205791261
0.06820184740909864,0,0.0915686153202381,369.0613393444603
0.10621390019475008,0,0.03408402320303869,368.47517777022637
0,0.005541435104532046,0.119639767612755,368.89626628210533
0,0.005541435104532046,0.1260500240230114,368.89893187276334
0.0896067512477705,0,0.051774668585897105,368.7540964968744
0.09595569750180437,0,0.051379134118509584,368.759745289336
0.09307116749851366,0,0.04606345110772391,368.6755091247935
0.01708734739005451,0.05,0.09935897435897434,379.09295991661133
0.07428396172315616,0,0.08857769938791428,369.08429470356083
0.034495911299763274,0.05,0.10920712838387941,379.4937815441734
0.04021340480461741,0.05,0.10609051073356221,379.5807384308714
0.13481121608161573,0,0.014664925643084654,367.9441895968578
0.12860458360121643,0,0.015055086820560976,368.000813854349
0.13152184551178833,0,0.02055132036656307,368.095914756686
0.1248557784927199,0,0.043004917064082535,368.556459324276
0.12152640830126052,0,0.04887759302320705,368.6674127217466
0.1097758354939137,0,0.06232847922793681,368.89762913876933
0.11673913490765318,0,0.06035222596768014,368.8497941187458
0.11269636245876265,0,0.05547014557570734,368.79979874642834
0.11913277160445684,0,0.0546149094954436,368.76258916557276
0.1324030557341443,0,0.01003672454704065,367.86081631914385
0,0.02218913039667491,0.11966316713217051,371.93083545650495
0.1028845300032907,0,0.03995669916216321,368.581266240846
0.005695782463351502,0.05,0.11217948717948717,378.859790110378
0.011391564926703004,0.05,0.10897435897435895,378.99768645672634
0.13772847799218765,0,0.02016115918908675,368.0351405611943
0.028478912316757518,0.05,0.11217948717948716,379.3890063817361
0.11327425031671637,0.05,0.023084823731900222,378.96098400937706
0.12005565451786039,0.049999999999999996,0.023196090757719997,378.93324468270674
0.11654850063343275,0.049999999999999996,0.028849139388111636,379.0733721419991
0.05113401681124301,0,0.0984197951257441,368.93047842237974
0.05150166545220519,0,0.09167105416527373,368.8951206346846
0,0.022157661280742987,0.1324090147535169,371.92169119386153
0,0.03301977843522959,0.10244129975517005,374.2600933132176
0,0.038679852290153055,0.1067557382983185,375.65197293143206
0.10281253608017424,0,0.06430473248819346,368.9325630718399
0.10573306304502317,0,0.05744639883596401,368.8425225310886
0.11321516730009941,0.04999999999999999,0.034622642080007884,379.2043043600404
0.10974750687573948,0.05,0.04046623436230058,379.32616773024193
0.10313992322568975,0.05,0.04047542139798542,379.33771776131584
0.10660758365004969,0.049999999999999996,0.03463182911569271,379.2219937566468
0.09942011375254753,0,0.0456679166403364,368.67525383223483
0.10230464375583824,0,0.050983599651122063,368.75537774675746
0.14209836019603828,0.038748664172415,0,375.14935346704925
0.135398286770825,0.03893166130532141,0,375.26396946721457
0,0.0331905630873911,0.11541575950633773,374.3429876012144
0.017087347390054512,0.05,0.11217948717948717,379.14462057079123
0.07264541050164422,0,0.07677487980526305,368.9748702222359
0.13313325194929948,0.016634798151640182,0,370.3892718694219
0.13763141609561882,0.011101596036863347,0,369.3461538045228
0.139760996337557,0.01666998995894986,0,370.33483695707235
0.13533055948103134,0.022234093356190723,0,371.4689020765535
0,0.05,0.1282051282051282,378.7178190390111
0.12953486120040547,0,0.005018362273520325,367.76586523176735
0.1333333333333333,0,0,367.6150783963346
0.12666666666666665,0,0,367.66381503101985
0.10627984645137953,0.05,0.046309826644593294,379.4370517099014
0,0.016667130462956734,0.1089364399455558,370.8191137903373
0.12433700504069464,0.01106640422955367,0,369.4429094135164
0.005695782463351506,0.05,0.125,378.876675226474
0,0.005541435104532046,0.13246028043326782,368.893559295784
0.12356280840228802,0.05,0.017543042127328358,378.78226002587667
0.14101784856201505,0,0.014274764465608334,367.8780633959591
0.05679841254610204,0,0.09567275388984457,368.98028639070367
0.1376991433854125,0.0444658306526607,0,376.67901704752916
0.12798696245471236,0,0.03751206056929052,368.4439165914545
0,0.027691017247889832,0.13666795743799967,373.0878566243776
0.11999999999999995,0,0,367.7016849957932
0.11666666666666661,0,0.005773502691896257,367.8563402622456
0.12286819453373878,0,0.0050183622735203255,367.80849372868283
0.12174873953848506,0,0.03798747718522177,368.4904638640559
0.09303517053695542,0,0.05823746777073904,368.85103236640776
0.08632562368177116,0,0.05739064472673948,368.8226421913576
0.13620152786707213,0,0.005018362273520325,367.71237006493993
0.028745132413652508,0.05,0.08749586061808877,379.2633454808904
0.10865359000987213,0,0.05058806518373456,368.740993869139
0.12689614173562136,0.05,0.011769539435432089,378.6182076460996
0.045396113421312424,0,0.10208819965360448,368.8743374711447
0.05760835322130494,0,0.08356521587109639,368.90451461542716
0.03433499782786455,0,0.10889891918587176,368.73463549371763
0.03449530087562009,0,0.10241322298712813,368.7126653931039
0.0897540429709561,0,0.06385344391158143,368.9151291922879
0.028639215364513047,0,0.10569379098074357,368.62626569081914
0.0993841167909893,0,0.05784193330335153,368.85178561626816
0.08866577655474497,0.05,0.07631100540828606,379.8358241538467
0,0.016638580363383,0.1217455280278747,370.83854071142196
0.09653558374925682,0,0.04035223362955072,368.5874256184249
0.14666666666666667,0,0,367.4850700455129
0.14212958024193817,0.005568393922086513,0,368.379808639326
0.13999999999999999,0,0,367.5554750917375
0,0.044425318471157285,0.13037791953756359,377.17546959282345
0.11576113372283348,0,0.027753527562803592,368.33141132432297
0,0.03327595541347186,0.12190298938192157,374.371274306398
0,0.038850636942314574,0.11973019804948618,375.72643803865463
0,0.05,0.11538461538461538,378.7095128724868
0.06864413944333936,0,0.08620981826196028,369.026654818246
0.06908643147758008,0,0.08085102120368245,368.98621132029797
0.0633473923494425,0,0.08220811853738942,368.9496748888004
0.14195830386928882,0.0222692851635004,0,371.41057887015376
0.09646358982614037,0,0.06470026695558098,368.9367053645806
0.028478912316757504,0,0.11217948717948718,368.64374768189134
0,0.011086930803669775,0.13677012645379127,369.81457450305356
0.12487992350047752,0,0.03249462069042976,368.37481506977184
0.08304449611577183,0,0.06300662086758185,368.8821781154683
0.12870281509277384,0.022198901548881045,0,371.51613965498035
0.0461314107032368,0,0.08859071773266375,368.8055754177412
0.02294343290116155,0,0.10248866277561536,368.5078336794886
0,0.01662836590820182,0.13461502227167443,370.8285125520365
0.08392505506127781,0,0.08151064205717105,369.07870042124324
0.08855375866070943,0,0.0759134425767972,369.04332232420404
0,0.03876524461623382,0.11324296817390234,375.69359229798164
0,0.04433992614507653,0.11107017684146693,377.1351127845217
0.053365786466866696,0.05,0.08514213012539101,379.6416596157896
0.058283490780515784,0.05,0.08912582791104467,379.73283846716714
0.13011473753447733,0.049999999999999996,0.005884769717716044,378.4399261251
0.12436581005207918,0.04446583065266071,0,376.7886021108583
0.12873162010415834,0.03893166130532141,0,375.32045807113843
0.02278312985340602,0.05,0.11538461538461536,379.2790314172547
0.10954723352808339,0,0.028310520511142436,368.3614415939799
0.11678140420114401,0.05,0.017431775101508583,378.81614312691323
0.11000000000000001,0.05000000000000001,0.017320508075688808,378.8377537870911
0.12196266158990562,0,0.026998387144427656,368.28807007476905
0.017087347390054505,0.05,0.10576923076923074,379.1232019115318
0.04691375948185487,0.05,0.08312707539472641,379.53654359147015
0,0.027739680429966815,0.1175808062364663,373.1067568489443
0.1257363890674776,0,0.010036724547040651,367.9082033482014
0.05868584769681237,0.05,0.08386219240356141,379.69433473951085
0.06360355201046146,0.05,0.08784589018921507,379.779423967482
0.011391564926703006,0,0.11538461538461539,368.30990356719633
0.040461732496843046,0.05,0.08111202066406181,379.4189157303053
0.0764184176848671,0.05,0.07312896495458895,379.74386702264434
0,0.05,0.10256410256410256,378.66665377019984
0.11333333333333329,0,0.011547005383792514,368.00165735446944
0.09353573071235843,0.05,0.07085485070620143,379.7875760670407
0.1330974301562375,0.033397491957982126,0,373.9396377124389
0.11508999915556634,0,0.04973282910347081,368.709411106126
0,0.05,0.10897435897435898,378.69236364879623
0,0.044339926145076536,0.10465992043121053,377.11224008415536
0.08188023192304014,0.05,0.0754047245311515,379.7992512426295
0.10994091698338304,0.05,0.028858326423796467,379.09695156931696
0.08379582239713153,0.05,0.08176716011037069,379.87123887883126
0.03465560392337563,0,0.09592752678838451,368.68238508356995
0,0.022203405446461773,0.11325862309101105,371.92270334359074
0.02879951841226859,0,0.09920809478199993,368.6004734908268
0.09364277345270433,0.05,0.046606232432609584,379.44199493023183
0.09046416017905651,0.05,0.052588840573225604,379.5327285022241
0.1033333333333333,0,0.02886751345948128,368.3818621903697
0.12820088450613293,0,0.026522970528496413,368.24026019644185
0,0.03867985229015306,0.10034548188806208,375.6233767543897
0.005695782463351503,0,0.11217948717948718,368.1732051227062
0.06892361324040713,0.05,0.08656595246738547,379.817864053628
0.06400590892675805,0.05,0.0825822546817318,379.73886444906356
0.06932597015670372,0.05,0.0813023169599022,379.77524874444725
0.13443910742236023,0,0.026047553912565163,368.18283241207644
0.10333333333333332,0.05,0.028867513459481298,379.1088342181583
0.10006840173339634,0.05,0.05883140134925424,379.6380359373756
0,0.044339926145076536,0.09824966402095413,377.08080672888303
0.09999999999999998,0,0.03464101615137753,368.4898459777687
0,0.033241567281181744,0.1345855965422955,374.35483889827503
0.09703557028906101,0.05,0.06537036791329918,379.7252193339257
0.10666666666666666,0.05,0.023094010767585053,378.97875668892976
0.14425916048387633,0.011136787844173025,0,369.28442241433004
0.005695782463351507,0.05,0.09294871794871795,378.76957895093506
0.126505507561042,0.016599606344330504,0,370.43262115379866
0.12344807086781069,0.05,0.005884769717716044,378.48752942863865
0.11953486120040545,0,0.010791864965416582,367.95971795554965
0.09682138672635215,0.05,0.040623624291993565,379.34041422108265
0.07620438952570836,0,0.07269873840684364,368.95703453853866
0.13090012262450568,0.027798196753431585,0,372.6851451745271
0.12000000000000002,0.05,0,378.3440698315986
0,0.05,0.09615384615384615,378.63238323669754
0.09999999999999998,0.05,0.034641016151377546,379.2279863747765
0.0743854274785802,0.05,0.08884171204394803,379.8778496095971
0.1221685025203473,0.005533202114776835,0,368.5325973608479
0.051869314093167376,0,0.08492231320480335,368.85073050017814
0.03776880940963978,0.05,0.06967571847470894,379.25362393849673
0.04186745672824738,0.05,0.066239594372458,379.2793120392391
0.04220700014904642,0.05,0.07222471772889531,379.35568818566816
0.10644707417106275,0.03323358551473454,0,374.0388317200858
0.1020720289781963,0.03881253381290946,0,375.3985560629005
0.09976901276352616,0.033204015923993836,0,374.03712454658205
0.03259430026239444,0,0.06547570127013244,368.38386324604613
0.03320350704973218,0,0.07146854910725778,368.4604652534071
0.03698363278985108,0,0.0682198480306757,368.4862310714409
0,0.05,0.08974358974358974,378.58943092257385
0,0.04438326199800216,0.09202656074966196,377.05359857023694
0,0.044383261998002174,0.08561630433940556,377.00518540953453
0.05725352101724949,0.05,0.039928896234572596,379.08341112577284
0.06077541819745408,0.05,0.03442551289690987,379.0173352553547
0.06400044411725138,0.05,0.04011333302947481,379.15835052980464
0.10666666666666666,0.05,0.011547005383792538,378.7027705403986
0.06090428537822819,0.05,0.06742971419345495,379.54583826053107
0.0573394324710989,0.05,0.06193169709893598,379.43539558558695
0.06408635557110079,0.05,0.06211613389383819,379.5096213265381
0.07679325961824784,0.05,0.0631911837328231,379.6253495134587
0.07043980759467432,0.05,0.06265365881333065,379.57301257134793
0.07362187778754692,0.05,0.0573400785137139,379.5228613627577
0.02251731000593473,0.05,0.07816150073554562,379.0521638872162
0.028158096046526963,0.05,0.07568100220052418,379.1433856757102
0,0.05,0.08333333333333334,378.53782196950635
0,0.044383261998002174,0.07920604792914916,376.94811560988825
0,0.05,0.07692307692307693,378.4775563774951
0.005695782463351506,0.05,0.08012820512820513,378.66619383210445
0.011391564926703006,0,0.08333333333333334,368.1498598909645
0.005695782463351503,0,0.08653846153846154,368.0454593093157
0.011391564926703006,0,0.08974358974358973,368.1978863181664
0.08029309919495042,0.05,0.05770670093992086,379.569605061783
0.09666666666666668,0.05,0.017320508075688766,378.8495510548094
0.09333333333333332,0.05,0.02309401076758501,378.97875152651164
0.09000000000000001,0.05,0.017320508075688745,378.8376920721336
0.06725773740180171,0.05,0.0679672391129474,379.6141255913505
0.011391564926703008,0,0.10256410256410257,368.2698925445279
0.005695782463351504,0,0.10576923076923078,368.15327440030853
0.06057785361604297,0,0.07753589505070607,368.88193628565136
0.057808314882643416,0,0.07286367156402271,368.80797022977436
0.0548388144879054,0,0.07889299238441304,368.8340791491945
0.09666666666666664,0,0.017320508075688773,368.1485711553703
0.09333333333333331,0,0.011547005383792514,368.01796761375914
0.08999999999999998,0,0.017320508075688773,368.1376281274493
0.09000000000000001,0.05,0.005773502691896248,378.54373415806515
0.08666666666666668,0.05,0,378.3734089258389
0.09333333333333335,0.05,0,378.3912157754198
0.03759283957718882,0,0.07421269586780103,368.5589936716295
0.041372965317307726,0,0.07096399479121895,368.5823701296429
0.09666666666666665,0,0.02886751345948128,368.3818490171362
0.08333333333333334,0.05,0.005773502691896248,378.5199610822516
0.08666666666666667,0.05,0.011547005383792497,378.6845654659679
0.08000000000000002,0.05,0.011547005383792516,378.6550710961729
0.0771217173642495,0.05,0.05185559572081165,379.4629857598017
0.07363366397123068,0.05,0.04587298758019563,379.3415332671487
0.08030488537863419,0.05,0.04623961000640261,379.3891292444374
0.02823759168806478,0,0.08048708514240925,368.46165904825335
0.03381271383706992,0,0.07746139694438312,368.52990183836886
0.02819903231021775,0,0.07448961088622366,368.40516498938786
0,0,0.08974358974358974,367.93090820183846
0,0,0.09615384615384616,367.97068479639023
0.005695782463351503,0,0.09294871794871794,368.08936082019255
0.011391564926703013,0.05,0.08333333333333334,378.84256331260417
0.01118074150199099,0.05,0.07743687106543884,378.7819529839475
0.04585044734113489,0,0.08243534111799661,368.7540219107143
0.04963057308125379,0,0.07918664004141453,368.7748815184968
0.09015472005968551,0.05,0.040623624291993565,379.32880288984904
0.09333333333333334,0.05,0.034641016151377546,379.2220610846828
0.005695782463351503,0,0.08012820512820513,367.99349921483645
0.011353005548855974,0,0.07733585907714774,368.09684908250887
0.10333333333333333,0.05,0.017320508075688787,378.849571626462
0.0866666666666667,0.05,0.02309401076758501,378.96097280747455
0.06354735401078099,0,0.07150657423031574,368.84990038743905
0.06077781527738144,0,0.06683435074363239,368.7724037419179
0.05377457956396961,0.05,0.056433680004417015,379.31491689174953
0.0605215026639715,0.05,0.056618116799319225,379.39586466311965
0.09548685221581366,0.005527113041596334,0,368.5898190989656
0.09999999999999999,0,0,367.7504426052826
0.10215081948531732,0.0055375592533634015,0,368.59338036821083
0.016876523965342494,0.05,0.08064199927056706,378.95032459722955
0.11982115785934534,0.016603963482917074,0,370.4725658267407
0,0.011111420308637824,0.10467557534831926,369.7915992673546
0,0.005555710154318912,0.10682496716133912,368.8689715170342
0.0319850934750567,0,0.059482853433007105,368.30009581628565
0.036374426002513345,0,0.06222700019355036,368.40630304885275
0.046697947814625884,0,0.061853477841134805,368.55131768693974
0.050361332464078236,0,0.06742164605763538,368.6642769457713
0.05190618922127748,0,0.06155983018413331,368.6131549026472
0.12424269109862628,0.027753417802595957,0,372.72280113014915
0.03437464056127373,0,0.08977215017371737,368.6390311421539
0.04011254395120431,0,0.08610374564585699,368.7020065546503
0.06987587176824467,0,0.07210265631857969,368.9084810241402
0.06631689274418053,0,0.07617879771699909,368.9211695802324
0,0.033063114288155226,0.09621819648387792,374.2374249532869
0,0.02760635606588941,0.09203308954148168,372.9720132062752
0,0.033106450141080865,0.08999509321258577,374.20661247731704
0.0668133757818765,0,0.056669119785261055,368.69969231874575
0.06379559552962896,0,0.06175173526444672,368.7397840664078
0.07012411328709267,0,0.062347817352710666,368.7990620777052
0.10422284846351364,0.027683426399606192,0,372.78114802586737
0.10199862275596452,0.022133267284477842,0,371.6076069061176
0.10867668416350111,0.02216283687521855,0,371.6044698157331
0.01708734739005451,0,0.09294871794871795,368.3403776499139
0.022943432901161548,0,0.08966814995510253,368.4353949835195
0.01708734739005451,0,0.08653846153846154,368.296261290312
0.02266246953905965,0,0.0835127733404354,368.3837788655678
0.11536103386519778,0.022158479736631986,0,371.58298704569137
0.11313680815764866,0.016608320621503636,0,370.50121009693316
0.11765265533899799,0.011070761368140235,0,369.47877022489405
0.005695782463351506,0.05,0.08653846153846154,378.7222147109917
0.07361118942537524,0.05,0.06850476403243985,379.6713586194707
0.11333333333333334,0.05,0,378.373561725494
0.09999999999999999,0.05,0.023094010767585032,378.98467331323235
0.09666666666666665,0.05,0.028867513459481277,379.10884962739266
0.08000000000000003,0.05,0.023094010767585032,378.93132771228227
0.08333333333333338,0.05,0.02886751345948128,379.0732498336516
0,0.016661254898115204,0.10258628627303099,370.79345069250843
0,0.011105544743796294,0.09832542167579443,369.7609774189614
0.07343485079230881,0,0.06802651492016029,368.8892978824128
0.07025847273248473,0.05,0.028795679041325403,378.9905668418452
0.07333333333333336,0.05,0.02309401076758505,378.8898747705168
0.07666666666666672,0.05,0.028867513459481298,379.0376474331946
0.08348805339301887,0.05,0.040623624291993565,379.3052957740052
0.0866666666666667,0.05,0.034641016151377546,379.20424000997895
0,0.016649503768432147,0.08988597892798136,370.71796935241946
0,0.02210626199069796,0.09407108587037759,371.81975919362185
0,0.016655379333273677,0.09623613260050617,370.75973587986914
0.005695782463351504,0,0.09935897435897437,368.1252989268062
0,0,0.10256410256410256,368.0026396943618
0.1264399986303581,0.0333527130071465,0,373.98088540576344
0,0.011099669178954764,0.09197526800326962,369.7223038557577
0.11000000000000001,0.05,0.005773502691896269,378.5440783328932
0.06718361213163607,0.05,0.03449734731506576,379.0808537729322
0.06385027879830271,0.05,0.02872384462316951,378.93236369802156
0.11758525957274689,0.027708638851760333,0,372.7489065689183
0.12204538356689444,0.022154122598045417,0,371.55020387290006
0.10999999999999996,0,0.005773502691896257,367.8780622502
0.07981263576063151,0,0.04600072968111668,368.63018717143046
0.07661038534470802,0,0.040289512202943495,368.5204667481735
0.07322077068941601,0,0.045938008254509444,368.59092704202567
0.07666666666666669,0.05,0.0057735026918962675,378.4846601325891
0.07333333333333336,0.05,0.011547005383792535,378.6137688798047
0.07645263104455635,0,0.06294389944097462,368.8483129666999
0.07973375861055568,0,0.05732792330013225,368.79411037517616
0.0731418935393402,0,0.05726520187352501,368.7547877099417
0.09666666666666666,0.05,0.005773502691896248,378.5557840786051
0.10333333333333333,0.05,0.005773502691896269,378.5559524346107
0.1,0.05,0.011547005383792518,378.7085952820812
0.011391564926703006,0,0.09615384615384615,368.2379135512743
0.11090090987105022,0.0277129959903469,0,372.77452824155887
0.11312513557859934,0.03326315510547525,0,374.0287292418534
0.07040863805143338,0.05,0.0401851674476307,379.2162448843598
0.10666666666666663,0,0.011547005383792514,368.0179718675476
0.0604785469370468,0.05,0.04561671636713753,379.22040470323805
0.06722547003704869,0.05,0.045801153162039754,379.289263075616
0.05260007347599181,0,0.0731573192210242,368.7530367712704
0.05556957387072983,0,0.06712799840063388,368.7217344556075
0.048908366927111556,0.05,0.05688663981548016,379.2572801240842
0.052473219834240845,0.05,0.06238465690999912,379.3819222036062
0.04760700719738279,0.05,0.06283761672106225,379.3218596470034
0.09097370443162733,0.011054226083192668,0,369.5045350769126
0.09763767170113101,0.011064672294959735,0,369.515896192943
0.08986891708259015,0,0.040352233629550725,368.57630614354105
0.086404500831847,0,0.04606345110772392,368.6586564517823
0.022306486581222702,0.05,0.07226503846765112,378.98563573826925
0.027818552625727924,0.05,0.06969587884408684,379.070325933694
0.016665700540630473,0.05,0.07474553700267257,378.88661173088855
0.07681683198561537,0.05,0.04025700186578659,379.2630166864407
0.07359180606581807,0.05,0.034569181733221654,379.13324973803554
0.08000000000000007,0.05,0.034641016151377546,379.1745231506647
0.11104171185953313,0.04442105170182509,0,376.8390863831326
0.11770837852619981,0.04442105170182509,0,376.8137973869184
0.022623910161212613,0,0.0775152990842498,368.330880172833
0.02258535078336558,0,0.07151782482806421,368.27091960426014
0,0.011099669178954765,0.08556501159301323,369.67614689790474
0,0.005549834589477383,0.08765430066830149,368.7635755608789
0.06119868066726619,0.05,0.07795805375958272,379.66635597962414
0.05839145240777435,0.05,0.07333385283743363,379.5871102063578
0.06371151363772003,0.05,0.07205391511560402,379.62904572566345
0.03810835283043882,0.05,0.07566084183114626,379.3258999471741
0.04230861528716924,0,0.05910933108059155,368.45612907760847
0.04076375852996999,0,0.06497114695409362,368.50628151422717
0.048659027134058244,0.05,0.07423977245955991,379.4739194560697
0.04456037981545065,0.05,0.07767589656181086,379.4500854313803
0.070450495956846,0.05,0.05148897329460468,379.4100728927888
0.028518555050166684,0,0.08664246175707638,368.51661788492163
0,0.03876652399600433,0.08148901893522138,375.5114821124926
0.017048788012207477,0,0.08054098728227593,368.2469579637079
0.017010228634360445,0,0.07454351302609034,368.19059276126575
0.08666666666666664,0,0.02309401076758503,368.2481094514942
0.09333333333333331,0,0.023094010767585025,368.26444306702973
0,0.02764969191881505,0.08580998627018954,372.93541511595663
0.04824280457182513,0,0.05599166196763272,368.4951511843145
0.08000000000000002,0.05,0,378.3438789209844
0.01708734739005451,0,0.09935897435897435,368.3764457696617
0.06651874189721188,0.05,0.07667811603775311,379.7055158869687
0.11548415281865063,0.005537559253363401,0,368.56437431066115
0.07666666666666667,0.05,0.01732050807568878,378.7785086457052
0.0379192827597126,0,0.056365184320048285,368.35471170108457
0,0.005555710154318912,0.1004147107510827,368.8421229360389
0.106452458455952,0.016612677760090202,0,370.51855396437617
0.11096830563730131,0.011075118506726801,0,369.503330633522
0.08,0,0.034641016151377546,368.44074761737505
0.0832022504159235,0,0.04035223362955073,368.5542068252824
0.08666666666666666,0,0.03464101615137754,368.46809358088103
0.09000000000000001,0.05,0.028867513459481277,379.09699762282725
0.08436365045199654,0.044391482111084374,0,376.8154135495128
0.0910303171186632,0.04439148211108438,0,376.836949903055
0.06370357285684411,0.05,0.05130453649970248,379.3472955520647
0.0672684257639734,0.05,0.05680255359422144,379.4643662039573
0.08333333333333334,0.05,0.017320508075688766,378.8140042822059
0.10430163897063466,0.011075118506726801,0,369.5160841545753
0,0,0.10897435897435898,368.02654984122864
0.09754478705597705,0.027653856808865486,0,372.7759581584398
0.09533465548646086,0.022122821072710776,0,371.60317375018803
0.09333333333333335,0.05,0.011547005383792497,378.70258161274046
0.06710633303484512,0,0.06743043283189634,368.83586437331655
0,0.03872318814307869,0.09412237861676995,375.5984384951013
0.06013221088017662,0,0.056183567047946144,368.6327070193912
0.057114430627929084,0,0.061266182527131806,368.66820389482865
0.12207418857827895,0.03888688235448579,0,375.35367955583064
0.04739183206934021,0,0.0734509668780257,368.69131508924045
0.09539396757065971,0.03878296422216875,0,375.3888658518618
0.07642302110533952,0,0.05164922573268263,368.6969086806323
0.03409367719917183,0,0.08361677355905026,368.5882033937535
0.08872730090399306,0.03878296422216875,0,375.37532314963204
0.02879951841226859,0,0.0927978383717435,368.5641029146056
0.09769698378532986,0.044391482111084374,0,376.8467631013235
0.05345104597847673,0,0.055698014310631226,368.55457988236725
0.04978766132902438,0,0.05012984609413065,368.4315317045335
0.04515309105742663,0,0.06771529371463687,368.6000312124092
0.10875009038573288,0.038842103403650165,0,375.3964366222031
0.09978849118644835,0.01660223154832314,0,370.52173931035645
0,0.03876652399600433,0.08789927534547778,375.56535611977375
0.09312452391694469,0.016591785336556072,0,370.51375150193894
0.005657223085504472,0,0.07413073087201955,367.93678092452916
0.055878619437320524,0.05,0.07923799148141232,379.61905065811055
0.083792938771653,0.05,0.05222221814701863,379.5038709629468
0.016454877115918448,0.05,0.06884907473477808,378.8155262199717
0.021966943160423667,0.05,0.0662799151112138,378.9076921251626
0.09999999999999998,0,0.023094010767585025,368.26992116760704
0.07000000000000002,0.05,0.0173205080756888,378.7312051626314
0.03742926598884075,0.05,0.06369059511827162,379.17358696374544
0.10666666666666667,0.05,0,378.39130493820363
0.016971669256513413,0,0.06854603876990475,368.12716568298544
0.021976143996027844,0,0.06552497699093887,368.1929553359575
0.08999999999999998,0,0.028867513459481284,368.3709890709902
0.010969918077278967,0.05,0.07154040879754436,378.7139700107148
0.083014886176555,0,0.05171194715928987,368.7308980132799
0,0.005549834589477383,0.08124404425804509,368.7125502010741
0,0.005549834589477383,0.09406455707855789,368.8065423370812
0.044470176187704914,0.05,0.05433764056129378,379.15513579036747
0.05020972665684033,0.05,0.05093566290989805,379.184402179019
0.02294343290116155,0,0.09607840636535893,368.47563845143117
0.039831580589102404,0,0.07994836903118986,368.6470790234445
0,0.033149785994006496,0.08377198994129362,374.1676558853082
0.04316881645797615,0.05,0.06028861746687589,379.22137312587626
0.027589825522880012,0,0.06849676304909832,368.33146456275574
0.10333333333333332,0,0.005773502691896257,367.8889073118201
0.005484959038639483,0.05,0.07423174286031065,378.60131339655595
0,0,0.08333333333333334,367.88307302368435
0,0,0.07692307692307694,367.82717926192777
0.05603807274137014,0.05,0.06788267400451808,379.4965282642349
0.05101240680046247,0.05,0.07969095129247546,379.5617590787406
0.053525239770916305,0.05,0.07378681264849676,379.53380941852475
0.08333333333333331,0,0.028867513459481284,368.34914928146947
0.09333333333333332,0,0.03464101615137753,368.4844597010122
0.06314999113242414,0,0.051100951568760475,368.58973807180183
0.06983115603412404,0,0.05158650430607539,368.65212849893175
0.09309095135598958,0.03317444633325313,0,374.0236077213422
0,0.022149597843623595,0.08784798259908544,371.7855196049938
0.10437504519286644,0.04442105170182509,0,376.852626698161
0.10666666666666665,0,0,367.74506699512034
0.10881748615198397,0.005537559253363401,0,368.58431580260316
0.03367016209103218,0.05,0.07311184257695988,379.22060016136885
0.03333061867023314,0.05,0.06712671922052256,379.1446633243693
0.027479009204928885,0.05,0.06371075548764951,378.989505225604
0.07006496566129355,0.05,0.07259144003509649,379.6919835255034
0.05117186010451208,0.05,0.06833563381558122,379.4406290933168
0.05695664975684221,0.05,0.05112009970480026,379.27207198080805
0.1033333333333333,0,0.017320508075688773,368.14857387037546
0.0436117063292213,0,0.07669966795460778,368.6720547439661
0.056468826230724266,0,0.05061539883144556,368.5162058070025
0.038730625718569514,0.05,0.05773961821268951,379.11399023779296
0.11541675705239957,0.038842103403650165,0,375.37535052366997
0,0.027563020212963772,0.09825619281277381,373.00046718055455
0,0.02211213755553949,0.10042123954290241,371.8566277434547
0.11978256710447872,0.03330793405631087,0,374.0105825822348
0.09666666666666665,0,0.005773502691896257,367.8889057730369
0.08697610678603769,0.05,0.046606232432609584,379.42469755785834
0.1,0.05,0,378.39729946972733
0.09999999999999998,0,0.011547005383792514,368.0234398971113
0.06692513939915137,0.05,0.023022176349429158,378.83698700044715
0.04630564746765402,0.05,0.06878859362664436,379.3781407477767
0.03299107524943411,0.05,0.06114159586408524,379.0609655212957
0.011314446171008944,0,0.07133838482096216,368.03677639821507
0.11333333333333329,0,0,367.7288144586239
0.08646055664744103,0.016581339124789003,0,370.4945905391234
0.026980618735542274,0,0.06250391521197299,368.2505987137242
0.043853472044368486,0,0.053247515207089466,368.3985236638338
0.053731623837044905,0.05,0.04543227957223532,379.1391001003277
0.09088081978647339,0.02764341059709842,0,372.76390650060006
0.08867068821695721,0.022112374860943713,0,371.5875674398605
0.05106091821263131,0.04434300626351187,0,376.5171118767596
0.046666666666666676,0.05,0,378.01803677566335
0.04439425154596466,0.04434300626351186,0,376.4241394678508
0.07666666666666666,0,0.02886751345948129,368.316350455427
0.07335972009315406,0,0.03425114557773433,368.3955449993318
0.07,0.05,0.005773502691896267,378.4373506413389
0.06669305342648738,0,0.022704140193941826,368.1257684549501
0.0600176773815071,0,0.022410058078256842,368.059753014262
0.06338610685297479,0,0.028087772312194868,368.2034136162949
0.0253142133495135,0.025602770862321975,0,371.61235394577875
0.027100932488252683,0.03167868556477208,0,372.98604050198605
0.021836759208085747,0.030490613213132865,0,372.611784532687
0.05736342170779886,0.05,0.02856483906935199,378.86038425195875
0.06043828230864751,0.05,0.022863170795611638,378.77024828705845
0.010795531034385705,0.0037487604507432694,0,367.3349409797144
0.014924395402104745,0.007497520901486539,0,368.0151156924733
0.008257728735438079,0.007497520901486539,0,367.8690953201676
0,0.005540105643147679,0.068444335490007,368.5847997901385
0,0.011080211286295358,0.06637585046719346,369.48572405476745
0,0.011080211286295358,0.07278610687744988,369.55640439386826
0.07974788045993664,0.033127121955500834,0,373.9648478019193
0.08420928433844692,0.027619748408222275,0,372.7372081774833
0.0864194159079631,0.033150784144376985,0,374.00000591792866
0.06435878167063672,0.04436781992220823,0,376.67329456453314
0.06871756334127345,0.038735639844416456,0,375.2511347883113
0.0710254483373034,0.044367819922208236,0,376.73034530096004
0.005524195309306268,0.03198973584272011,0,372.58097087601317
0,0.03333333333333334,0,372.748176473383
0,0.027777777777777783,0,371.5024893368846
0.026387865699232824,0,0.04640920384014419,368.0172686666606
0.02197868606171425,0,0.04109326046932329,367.8500912100371
0.021667562434984605,0,0.047993918993212245,367.9528074692351
0.055482264756960706,0.005359278206970003,0,368.32123337397434
0.06215836289373747,0.005505667053939281,0,368.4122518019389
0.05764062765069821,0.010864945260909285,0,369.2578898946911
0,0.011289820255272809,0.04718187232755388,369.26144873535117
0,0.005644910127636404,0.042821705394546175,368.2518151736808
0,0.011857455213254892,0.04016822062439082,369.24691774273003
0.029419258662905345,0,0.024371195350491495,367.68353697301944
0.025334674506568587,0,0.02935559843482075,367.7066001036521
0.03278871896221186,0,0.029834538295028072,367.84569993336885
0,0.024847045068920187,0.030413264586317452,371.5704320918492
0,0.029449170391533656,0.025442891374750302,372.4667440788985
0,0.03105645488098492,0.030325445021562505,372.928056059048
0.005960210016975106,0,0.02885632208897371,367.2954837152859
0.011920420033950212,0,0.032071618536921774,367.48823699801227
0.011920420033950212,0,0.025661362126665362,367.3677133564187
0.06666666666666665,0,0,367.615045573051
0.06882502956040415,0.005505667053939281,0,368.46898331207734
0.06666666666666667,0.05,0,378.249562947796
0.07333333333333335,0.05,0,378.3026516874643
0.07002638675982073,0,0.028477642885838077,368.2653252731217
0.005120342368306838,0.04999999999999999,0.010687291810838781,377.46564343006634
0.010240684736613676,0.04999999999999999,0.014964327211421153,377.7020286713702
0.005120342368306838,0.049999999999999996,0.01709754822109519,377.62099973543087
0.04003608479499824,0,0.010120570350086497,367.5513098779655
0.036711460839978526,0,0.004641149773875221,367.3742981226858
0.03342292167995706,0,0.009282299547750441,367.42989515288554
0.07769211500397008,0.044367819922208236,0,376.7755345312387
0.04429786284725479,0.010718556413940006,0,369.06918508721657
0.04644679427088219,0.01607783462091001,0,370.0606746023769
0.039966178964655485,0.015598227683627,0,369.87851170832676
0.037254529363385164,0.05,0.025565258874562343,378.5101521446688
0.04382195121787526,0.05,0.02637653558149873,378.6334356549783
0.04046321246256866,0.05,0.03114305766512998,378.6807940221622
0.043424396054911545,0,0.036918934134867146,368.1356343206139
0.04660602869196796,0,0.04352439011449889,368.28909542960406
0.0500365283421139,0,0.037971576226604645,368.2406284521679
0.01652647870570732,0.05,0.06302954296503085,378.7443091207375
0.059899325880870206,0,0.045062584943551316,368.4671022007006
0.06658049078257008,0,0.04554813768086623,368.5353979318301
0.06332982553101615,0,0.039509771055657075,368.4088485454131
0.01771505728527921,0.03620169390766243,0,373.85742767554484
0.022979230565446148,0.03738976625930165,0,374.2591240880935
0.026972482040283262,0,0.05618144700409816,368.16909393220635
0,0.03290868142769673,0.07711809427044644,374.04986369001216
0,0.027639962972485346,0.07942053391240786,372.8777827550873
0,0.027398858406175574,0.07276663824156068,372.7582568076915
0.0733333333333333,0,0.011547005383792525,367.9363883253732
0.07666666666666665,0,0.005773502691896262,367.82377245217276
0.06999999999999998,0,0.005773502691896262,367.7803472553511
0.03674754563497677,0,0.014761720123961715,367.60454559525306
0.03013438251993559,0,0.013923449321625661,367.478417376515
0.0335038428192421,0,0.019386792266162238,367.65118842293737
0.053315914576706085,0,0.010958841152422554,367.74343529703833
0.046649247910039424,0,0.010958841152422554,367.66186404844444
0.04997387186505914,0,0.01643826172863383,367.8242203689261
0,0.016934730382909213,0.051542039260561584,370.35303034204304
0,0.017502365340891293,0.04452838755739852,370.35179454426515
0,0.02217104241733967,0.04977607028495186,371.3543985348258
0.02604979836359883,0,0.018907852405954915,367.5128466332636
0.005657223085504471,0,0.06131021805150672,367.7938902310537
0.011306309475749933,0,0.05860566020283092,367.8875869312774
0.005649086390245463,0,0.0549877498436319,367.7113937811712
0.05772758487929797,0.04434300626351186,0,376.5978712739475
0.05333333333333333,0.05,0,378.10743124468183
0.03694572105500607,0.05,0.004803220431142359,377.99925768402653
0.0302790543883394,0.05,0.004803220431142359,377.87992274989574
0.033333333333333354,0.05,0,377.80318169790195
0.07533733011352123,0.022067266684410513,0,371.5169599608353
0.07753774889042046,0.027596086219346127,0,372.6989535417708
0.07087592623501095,0.027574640231689075,0,372.64982667483974
0.005649086390245462,0,0.04216723702311907,367.5205433385457
0,0,0.044871794871794886,367.4280456092644
0.005649086390245462,0,0.04857749343337549,367.6199965309981
0,0.022547145604442397,0.019641323896552352,370.87345832139613
0,0.02185453062941587,0.01375193685359945,370.6023470068903
0,0.027149270927055866,0.014670950684985206,371.7268041950536
0.039999999999999994,0,0,367.3116262859158
0.04214893142362739,0.005359278206970003,0,368.1528356483962
0.035668316117400685,0.004879671269686994,0,367.9797513233525
0,0.027742152332814185,0.004277641007404566,371.6045589302357
0,0.022150971332295027,0.008555282014809132,370.54050069344413
0,0.02218659677725863,0.004277641007404566,370.44327506276693
0.07333333333333332,0,0.023094010767585042,368.1826162015174
0.07666666666666665,0,0.017320508075688783,368.0832030256119
0.06999999999999998,0,0.017320508075688787,368.0395448556464
0,0.022139868897293892,0.08145853024130377,371.73121073079886
0.06644514822057143,0.03307864610792832,0,373.8598481649427
0.0642447294436722,0.02754982657299271,0,372.58878375156706
0,0.027445711629935025,0.009474295846194886,371.6686530149139
0.05017980957616282,0.05,0.0056144971380787485,378.22206942436793
0.05369295248565897,0.05,0.011228994276157497,378.4144268500393
0.047026285818992306,0.05,0.011228994276157497,378.3255395449537
0.029743854144087162,0,0.03467154180564165,367.8823055067379
0.03719789859973043,0,0.03515048166584898,368.0130198216116
0.02005004006934656,0.02441469851068276,0,371.2571906692315
0.016572585927918805,0.029302540861493642,0,372.23470855145115
0.016963532561254407,0,0.06222357056202994,368.0534182025857
0.04666666666666665,0,0,367.40380549473673
0.015177254986331575,0.02328378769173903,0,370.9199551223856
0,0.03549802723440269,0.007880216370512269,373.46108489345005
0,0.03303689263045418,0.005196654838790319,372.8145183292933
0,0.035794467937281846,0.00268356153172195,373.39907063330503
0.04356116387384327,0,0.04836139362511248,368.32305311298956
0.04336070875001795,0,0.015599990926297772,367.71981325939004
0.04011700593428328,0,0.020225063068498295,367.7711061196649
0.032365105768419625,0.0328667579164113,0,373.3574764593482
0.028243403845613087,0.038577838610940864,0,374.6580004887052
0.07999999999999997,0,0.011547005383792521,367.9745038524518
0.011048390618612536,0.025090582796551318,0,371.2015294613706
0.005524195309306268,0.02643418028716455,0,371.3539845874314
0.005524195309306268,0.020878624731608994,0,370.2124793970811
0.08199915276893074,0.022088712672067565,0,371.55777259704047
0.07979873399203151,0.01655989313713195,0,370.46209213364403
0,0.0055555555555555575,0,367.36336033215645
0.004128864367719039,0.009304316006298826,0,368.0704034496331
0,0.011111111111111115,0,368.27517604670334
0,0.029515722145368566,0.03566094731387079,372.6828239969942
0.027224775443345447,0.05,0.009606440862284718,377.94775542209254
0.030837163165018167,0.05,0.014409661293427078,378.13818932284084
0.025678451144985615,0.05,0.013883476262867091,378.0244225717768
0,0.005644910127636404,0.04923196180480259,368.3514459962443
0,0.011289820255272809,0.053592128737810295,369.3567944282459
0.005960210016975106,0,0.03526657849923012,367.4116639208856
0,0,0.03846153846153847,367.3241296570323
0.020000000000000018,0.05,0,377.5380238943762
0.024121701922806552,0.04428891930547043,0,376.05151630038125
0.026666666666666686,0.05,0,377.677046564386
0.03781724754102808,0.010238949476656996,0,368.8915614776696
0.073136911336622,0.016538447149474896,0,370.41840298481577
0.06867550745811171,0.02204582069675346,0,371.4649565812812
0.08666666666666664,0,0.011547005383792514,368.001655633499
0.08999999999999998,0,0.005773502691896257,367.8780652890705
0.08333333333333331,0,0.005773502691896257,367.8563453363643
0.05059268646283706,0.05,0.02747068732542536,378.75336399848396
0.054004682952492264,0.05,0.03333136115298324,378.91806293432137
0,0.022222222222222227,0,370.34228329861776
0.032510368468616116,0.05,0.05596225516743414,378.97864038561033
0.03824991893775152,0.05,0.05256027751603841,379.0284742859426
0.04184928680210452,0.038631925568982296,0,374.9072004491145
0.037455035256139885,0.04428891930547044,0,376.29983312089615
0.023378127506645197,0,0.00464114977387522,367.14668093536767
0.026666666666666665,0,0,367.0950467942949
0.019999999999999997,0,0,366.9705447927509
0.017999600712033298,0,0.004117728649829512,367.0302153707283
0.030788368589473217,0.04428891930547044,0,376.1821184788856
0,0.02726255832435453,0.05972088170602192,372.57081578422384
0,0.02733495638806233,0.05386549150768202,372.50434695555845
0,0.03249887035878499,0.05795491273041219,373.7257955524381
0,0.006212545085618486,0.02298754087087029,367.9820915697761
0,0,0.019230769230769235,366.96432986863744
0,0.005519930110591957,0.01709815382791739,367.75038012305157
0.031336632234801376,0.009759342539373987,0,368.7041860931891
0.017912807964720927,0.05,0.03742939123830036,378.36739044949064
0.012356247336292574,0.05,0.033119744250301036,378.1531303658782
0.01853437100443886,0.05,0.030448847144682323,378.24440284698727
0,0.0383567129270926,0.05591558098493073,375.1078457493515
0,0.044214555495400196,0.05387624923944926,376.59164273400467
0,0.0441421574316924,0.059731639437789155,376.6565999247471
0.031692785304531484,0,0.05459673185103012,368.2300266983497
0,0.01863763525685546,0.030501084151072402,370.3207618193843
0,0.012425090171236972,0.033154568921227756,369.2228663736674
0,0.012425090171236972,0.026744312510971344,369.10090222002515
0.0469608885920831,0.05,0.04433812782830869,379.0291994966603
0.04398946940688692,0.05,0.04915829986464267,379.06642902235194
0,0.03829600748313057,0.01680356608783705,374.3580664529265
0,0.03520158653152353,0.013076871209302588,373.51715624905665
0,0.04105358278995824,0.014290472780768679,374.9949798722121
0.006666666666666665,0,0,366.6889830309047
0.0041288643677190396,0.0037487604507432694,0,367.1834948855801
0.05664924791003941,0,0.016732343844318813,367.90698990691095
0.053342301336526815,0,0.022115975962571855,367.9827428644958
0.02721076027279971,0.05,0.04055199823098206,378.62327224662295
0.026589197233081778,0.05,0.047532542324600094,378.7321093483568
0.02225100259890135,0.05,0.04248096678145022,378.5552903455534
0.021965214207262072,0,0.02389225549028417,367.5379904705628
0,0.016559790331775872,0.0128329230222137,369.55600176300845
0,0.01659541577673947,0.008555282014809132,369.46362009500496
0.08430703776496068,0.01105422608319267,0,369.48397700481786
0.07764521510955116,0.011032780095535617,0,369.4486349067286
0,0.03842911099080039,0.04364993437633442,374.9317018292611
0,0.0442145554954002,0.04746599282919285,376.49092216053754
0,0.038429110990800396,0.05006019078659084,375.03741767404216
0,0.045755288231016544,0.029309977716371748,376.5706029001345
0,0.04575528823101655,0.035720234126628156,376.69734023616525
0,0.0415105764620331,0.03297892979171786,375.51865559834533
0,0.03852541942969456,0.07483512326437422,375.3860764918157
0,0.011089940232625061,0.07917555923523154,369.62039233072267
0,0.005540105643147679,0.0748545919002634,368.65202645423057
0.015907313729202937,0.04680832072501051,0,376.5542755198285
0.013333333333333345,0.05,0,377.38701899696986
0.009240647062536264,0.04680832072501051,0,376.3951103156315
0.021577520424792513,0.05,0.019229871546618836,378.06620192798
0.020519739124953064,0.049999999999999996,0.013357291232307103,377.90290435634034
0,0.05,0.00641025641025641,377.2160725613496
0,0.04690557904839296,0.00909381794197836,376.4202443607995
0,0.04690557904839296,0.00268356153172195,376.251330581873
0,0.034184399221816944,0.04090863004142413,373.8518829762032
0,0.03996984372641675,0.03831443208402614,375.2250594137162
0,0.05,0.01282051282051282,377.37897167638897
0,0.04690557904839296,0.01550407435223477,376.5778352170112
0.018857528642639614,0.043100846953831214,0,375.62519945651985
0.014764842371842533,0.03990916767884173,0,374.7093056201196
0.022038544750212538,0.05,0.060460383341466584,378.8330189411729
0.01659808029549619,0.05,0.05721001119528365,378.66580914819036
0.02211014634000141,0.05,0.05464085157171937,378.75106288387013
0.0570262858189923,0.05,0.01700249696805376,378.59683273951276
0.06351314290949615,0.05,0.01716150252187128,378.6697071819169
0.06017980957616282,0.05,0.011387999829975015,378.4930902212768
0.02584398482381546,0.05,0.030680250651498205,378.4051442015172
0.03315359864319206,0.05,0.03091165415831409,378.55060792657537
0.030182179457995884,0.05,0.03573182619464807,378.59090266900574
0.05665795728835303,0,0.005479420576211277,367.65382440001923
0.04999129062168637,0,0.005479420576211277,367.57787458281507
0.01747658970459941,0.05,0.024576266830370584,378.09601354598493
0.011298466036453125,0.05,0.02083690752573289,377.8659263151453
0.016418808404759965,0.05,0.018703686516058853,377.93909082249957
0,0.017945020281828927,0.024611697108119498,370.0712435197559
0,0.0172524053068024,0.0187223100651666,369.81632350096396
0.07999999999999999,0,0,367.70169723604505
0.07549169622707082,0.005505667053939281,0,368.51482677975923
0.07333333333333332,0,0,367.66381542577636
0.010626477395675071,0,0.020153537918290398,367.2297463516781
0.016586687412650177,0,0.02336883436623846,367.4209965079987
0.016955395865995395,0,0.055901102354155116,367.9717806667505
0.021968007300768835,0,0.059202508783064045,368.11532920499866
0.021959870605509822,0,0.052880040575189226,368.02981301860444
0,0.02188903538465442,0.06841518221267492,371.54740878743604
0,0.016725121413931763,0.06432576098994475,370.4861871576504
0,0.021993839869143147,0.06202332134798333,371.49094170945233
0.0633333333333333,0,0.005773502691896262,367.72603401607284
0.05999999999999998,0,0,367.555387677869
0,0.05,0.0641025641025641,378.3306779931201
0,0.05,0.05769230769230769,378.2440406839632
0.04673016904932446,0,0.021063333870834353,367.88016326179167
0.041752898103394664,0.021674142386077105,0,371.0808788459717
0,0.05,0.05128205128205128,378.1483153818099
0.005556560628428353,0.05,0.04918144185979419,378.26787486745036
0.005556560628428353,0.05,0.0555916982700506,378.3667433565758
0.02162943955918342,0.05,0.049461510875068254,378.66008958028283
0.01729124492500299,0.05,0.04440993533191839,378.4792649346048
0.04685489570505748,0,0.0313661202469729,368.0825674383736
0.05346702799225984,0,0.032418762338710404,368.1830114257461
0.0393043220582444,0.03292084487445273,0,373.48720665921394
0.034910070512279755,0.03857783861094087,0,374.7801821757042
0.022334982784067356,0.004879671269686994,0,367.7464484449579
0.02900164945073402,0.004879671269686994,0,367.8685039693997
0.017569506424195674,0,0.03577731709850238,367.67275209526565
0.017258382797466033,0,0.04267797562239134,367.78222015762145
0.03740458501950826,0.05,0.015220938000363466,378.2750708947149
0.034045846264201665,0.05,0.019987460083994713,378.32928391156173
0.05999129062168636,0,0.01125292326810754,367.82092487405754
0,0.05,0.019230769230769232,377.53054786871365
0.006178123668146286,0.05,0.022970128535406927,377.783338877013
0,0.05,0.02564102564102564,377.67351539344213
0.037059001935907145,0.0272704501512442,0,372.1798127982955
0.03057838662968044,0.02679084321396119,0,371.96469721038903
0.05096452951392145,0.010718556413940006,0,369.156329015477
0.05312289240765895,0.016224223467879287,0,370.17277793284063
0.023612387721672734,0.05,0.004803220431142359,377.7477002792709
0.018453675701640183,0.05,0.004277035400582372,377.62222081104636
0.01666968188528506,0.05,0.05139047942553643,378.58002630233017
0,0.006212545085618486,0.0293977972811267,368.1070885245927
0,0.034051295714147126,0.020472518163183157,373.414187137965
0,0.03244401122469586,0.015589964516370958,372.92937332749847
0.05999999999999999,0.05,0,378.1846127019798
0,0.02784188590208239,0.020560337727938104,372.0087050861098
0.02675625501329039,0,0.00928229954775044,367.31597179662236
0.011314446171008942,0,0.06492812841070573,367.96570889641856
0.005657223085504471,0,0.06772047446176313,367.86936067908937
0,0.03565858020359838,0.025355071809995355,373.90227393579244
0.005484959038639482,0.05,0.06782148645005423,378.5284350216899
0.010969918077278965,0.05,0.06513015238728795,378.6372530808471
0,0.05,0.07051282051282051,378.4085165576307
0,0.044142157431692405,0.06614189584804557,376.74024761661195
0.02706990401389977,0.05,0.052711883021251196,378.82472673722236
0.027550610794717757,0.05,0.0578912237179023,378.91137595685865
0.03749179327737248,0.05,0.035963229701463956,378.7271497151052
0.02994491554400856,0.05,0.02533385536774646,378.3731979256385
0.04869211439321944,0.021728229344118537,0,371.18911955299853
0.0553682125299962,0.021874618191087814,0,371.30071466490773
0,0,0.07051282051282054,367.76340627284463
0.006178123668146286,0.05,0.029380384945663335,377.92074255409756
0.006178123668146286,0.05,0.03579064135591975,378.04822529502917
0.01333333333333333,0,0,366.83512755684103
0.01746219770105237,0.0037487604507432694,0,367.4756597838221
0.011298172780490926,0,0.052283191994956096,367.80157491070077
0.06666666666666664,0,0.011547005383792525,367.8874197419986
0,0,0.025641025641025647,367.0923596246282
0.005960210016975106,0,0.0224460656787173,367.17120701649367
0,0,0.06410256410256412,367.6915830811657
0.04371205052732588,0.05,0.037740592746719336,378.8613301110413
0.0407406313421297,0.05,0.04256076478305332,378.9031227203587
0.0633246239550197,0,0.017026425960003803,367.9787647358176
0.019797180485119727,0.008628431720430263,0,368.30085830640905
0.017259378186172104,0.012377192171173532,0,368.88960908543993
0.030044794173311858,0,0.00464114977387522,367.26589361427125
0.033333333333333326,0,0,367.2087406253499
0.011787009034973511,0.049999999999999996,0.004277035400582371,377.4677856196104
0.006666666666666672,0.05,0,377.2216278733764
0.022289809688443893,0,0.03419260194543433,367.73793980634156
0.04351314290949616,0.05,0.005614497138078748,378.12682203145533
0.040458863964502205,0.05,0.010417717569221108,378.20540065298366
0.01173468429657464,0.05,0.04010028834391907,378.2704851849338
0.05684647624282948,0.05,0.0056144971380787485,378.3051038055596
0,0.005519930110591957,0.004277641007404566,367.46140456032737
0,0,0,366.53211121494184
0.09333333333333332,0,0,367.7450736176099
0,0.02213013995096419,0.0750690778835221,371.6686684869316
0,0.05,0.03205128205128205,377.8065619820176
0,0.016631041221703072,0.004277641007404566,369.3674722935296
0,0.01666666666666667,0,369.26755835858245
0,0.05,0,377.04185052359554
0.005120342368306838,0.049999999999999996,0.004277035400582371,377.2989642019872
0.06333333333333332,0.05,0.005773502691896267,378.3781796439406
0.03348556365842878,0.01511862074634399,0,369.6865970393431
0.028791667490941253,0.020714928511511084,0,370.6738485890816
0.027004948352202074,0.01463901380906098,0,369.48493059542585
0.04399821822573191,0.027324537109285632,0,372.29879825174174
0,0.05,0.038461538461538464,377.92968763444037
0.005556560628428353,0.05,0.042771185449537785,378.1599473306372
0,0.05,0.04487179487179487,378.04353103196894
0.03452037409217631,0.05,0.04078340173779794,378.7655802432352
0.088820185549147,0.005527113041596334,0,368.57685556908194
0,0.011185015770784085,0.05998398960250188,369.425410069711
0,0.005644910127636405,0.055642218215059006,368.4430208765286
0,0.016630045875772742,0.07710707421241801,370.6077652077062
0,0.006212545085618487,0.03580805369138312,368.2239889862167
0.06666666666666668,0.05,0.011547005383792535,378.5603771308245
0.040000000000000015,0.05,0,377.916429294924
0.04881559809029405,0.005359278206970004,0,368.24249721693684
0.01690735140328035,0.05,0.008554070801164744,377.70075773843155
0.0220660634233129,0.05,0.009080255831724731,377.8281323124482
0.023527494210774318,0.019526856159871868,0,370.3405980172231
0.04037953123678685,0,0.04175593764548073,368.17354888433084
0.037334666418662156,0,0.04659294115609431,368.20442143406376
0.019377328930711795,0,0.012876607073534243,367.25743904133355
0.021377728218678494,0,0.008758878423704732,367.20427519362346
0.0159992014240666,0,0.008235457299659023,367.08545553816015
0,0.0415105764620331,0.026568673381461447,375.3883065787065
0,0.038284314863384794,0.06818122759352703,375.2515640278436
0,0.03242647229507719,0.06381030292875209,373.7869587695349
0,0.038284314863384794,0.06177097118327062,375.17090595327113
0.055455169758595955,0.03868601252702373,0,375.1058826989759
0.010240684736613676,0.04999999999999999,0.008554070801164743,377.5428922529658
0.015361027104920516,0.049999999999999996,0.012831106201747114,377.7736346765315
0.011609296407220568,0,0.03897227706081073,367.602128310269
0.013998802136099898,0,0.012353185949488532,367.1362652950465
0.06997010543786208,0,0.03989964162930028,368.470100884054
0,0.005540105643147679,0.06203407907975059,368.50952292345073
0,0.02323976057946893,0.025530710939505253,371.1391679167384
0.012356247336292573,0.05,0.02670948784004462,378.0212905364377
0.031548954906980134,0.05,0.04560357377413192,378.796085606552
0.011814627458405854,0.04361664145002102,0,375.5984582066065
0.005147960791739182,0.04361664145002102,0,375.4311326956187
0.03687330311854861,0,0.024850135210698815,367.8154320899533
0,0,0.0512820512820513,367.52390561921726
0.02475585572532369,0,0.01340002819757995,367.37148973515644
0.020671271568986935,0,0.018384431281909207,367.40088583130233
0.043486466233589795,0,0.025688406013034872,367.92913926467054
0.040242763417855126,0,0.0303134781552354,367.971148377563
0.05053942872848845,0.05,0.016843491414236245,378.512581835419
0.05395142521814365,0.05,0.022704165241794118,378.6921331119802
0.04718068997318185,0.05,0.021610013497867488,378.5773649260639
0.00809817570517586,0.03435361212328617,0,373.19306386519855
0.002573980395869591,0.035697209613899404,0,373.37278897649776
0.0820557654559666,0.03875930203329261,0,375.3435827387882
0.07538423000794013,0.03873563984441646,0,375.3002860153486
0,0.0379591618383512,0.010563777902234218,374.1255834480583
0,0.03825560254123036,0.0053671230634439,374.06789678367846
0.01067215610104545,0.036717488403852236,0,373.8213428450449
0.048788503091929294,0.03868601252702373,0,375.0215453618978
0.07999999999999999,0,0.023094010767585035,368.2208446995215
0.011048390618612536,0.030646138352106875,0,372.4098149020358
0.0046662673786999655,0,0.004117728649829511,366.7418226806874
0.05333333333333331,0,0,367.4850592920544
0.05664866062931626,0,0.03902421831834216,368.33464751028384
0.024669965568134715,0.009759342539373987,0,368.5845770458495
0.050937434515556684,0.027378624067327065,0,372.40511034456125
0.057613532652333446,0.02752501291429634,0,372.51619723791606
0,0,0.05769230769230771,367.61170968689106
0.08333333333333331,0,0.017320508075688777,368.11589744954625
0.022635301724631962,0.05,0.025102451860930575,378.22096607713667
0.026736232444825064,0.05,0.019756056577178827,378.18556156908784
0.005147960791739182,0.03806108589446547,0,374.0135874702735
0.002573980395869591,0.04125276516945496,0,374.74853445283884
0,0.01662031692944304,0.07071762185463634,370.5403130808409
0.04332462395501971,0,0.005479420576211276,367.49099935410777
0.0046662673786999655,0,0.016938241470342334,367.0281253874262
0.009332534757399931,0,0.014645713709915433,367.0854371962292
0.032029661687798125,0.05,0.05078291447078303,378.89034708069573
0.011113121256856706,0.05,0.04708083243753711,378.37672688660047
0.03762697458918737,0,0.0514790627380713,368.2819418666944
0,0.01807000029887338,0.03751473585423547,370.3410383700455
0.009332534757399931,0,0.008235457299659021,366.9432073740556
0.03140047713400627,0,0.04971061026905313,368.15520698217324
0.026680173869758045,0,0.051295325422121174,368.09555659855374
0,0.01682992589842049,0.05793390012525318,370.42375957805115
0.04624353834806916,0.032974931832494156,0,373.60426349845284
0,0.03257126842249279,0.0520995225320723,373.6572644639518
0.011041519667067836,0.05,0.059310620617540735,378.5616372584292
0.005484959038639482,0.05,0.061411230039797815,378.4467579021775
0.03527228279716796,0.021194535448794096,0,370.88223960499346
0,0.016639774822102445,0.08349652657019968,370.6669839648991
0.07098339245414165,0.011011334107878561,0,369.40210206529036
0.015292744774375039,0,0.017861010157863497,367.2818019768767
0.06431672578747497,0.011011334107878561,0,369.34829694019527
0.06647508868121248,0.016517001161817844,0,370.36352309263845
0.059798990544435715,0.016370612314848564,0,370.2737274295945
0,0.03888888888888889,0,374.08212220071994
0,0.044444444444444446,0,375.513346884124
0,0.0413500234928374,0.0026835615317219496,374.7765611295554
0,0,0.012820512820512825,366.82823347647775
0,0.005519930110591957,0.010687897417660979,367.60988058789223
0.017880630050925318,0,0.028876658574613426,367.55384888841223
0.016947259170736386,0,0.04957863414628029,367.8822530754797
0.06671944018630813,0,0.03386127500409112,368.33945590676694
0,0.011732475196210443,0.020854925468018443,368.86028734684857
0,0.011039860221183913,0.014965538425065544,368.6142707545085
0,0,0.006410256410256413,366.68416059191253
0.03776921215693353,0.05,0.0473809368193873,378.93699016486306
0.01133293404536663,0,0.004117728649829511,366.8913826707211
0.011298172780490926,0,0.04587293558469969,367.70658447802816
0,0.045755288231016544,0.02289972130611534,376.4339446279508
0,0.03990329197258184,0.021686119734649248,374.8715500221361
0.050098598520792154,0,0.026741048104772378,368.0361385964279
0.011113121256856706,0.05,0.053491088847793515,378.4787385626981
0,0.044214555495400196,0.041055736418936443,376.38114253938267
0.02213216326918709,0.013508102990117257,0,369.18828177768046
0,0.03572513195743329,0.03557312774911584,374.12263904850494
0,0.03726586469304965,0.030237625456807554,374.3936337209807
0,0,0.03205128205128206,367.2122928874266
0.07307634501191018,0.03310345976662469,0,373.918133373314
0.03415303378160574,0,0.039987485176462556,368.04784925167604
0.012386593103157118,0.011246281352229806,0,368.5889125187043
0,0.02740735445177013,0.048010101309342135,372.4305102555033
0.05321816097917032,0,0.044577032206236405,368.38766463190154
0,0.040716737145178865,0.00805068459516585,374.7546549245034
0.056710730807994505,0,0.02779369019650988,368.1321628547473
0,0.03274045192757502,0.010393309677580637,372.87491728066504
0.04723394770753046,0.05,0.03223720940905661,378.8058825232572
0.004128864367719039,0.014859871561854383,0,369.03787861101813
0.009653059677025306,0.019071829626796707,0,369.9568523538065
0,0.0271577538398658,0.0661127425707135,372.62962401700065
0.060079160279462196,0,0.03347140443044791,368.27248033968084
0,0.02273867737532175,0.042762418581788794,371.3574407757424
0.05048278577228769,0.05,0.038834744490645966,378.97882466342253
0.007721941187608772,0.040424962175031526,0,374.6705719547103
0.022872565638619283,0.05,0.035500422687832184,378.4393779934348
0.026698989325962468,0,0.039508545316255236,367.91186906612285
0.0046662673786999655,0,0.010527985060085922,366.8889622802596
0.05318275463789393,0.03302901879053559,0,373.7086469770649
0.002573980395869591,0.04680832072501051,0,376.22155888524713
0,0.043811158096785915,0.01177737947370031,375.65253756894117
0,0.043811158096785915,0.0053671230634439,375.48893204884234
0.018654709127759333,0.018395945340928144,0,370.0236558349275
0.05981395142923268,0.03305383244923196,0,373.79001936619306
0.062086366549934706,0.038710826185720096,0,375.18428053883287
0,0.04414215743169239,0.07255215225830197,376.8150965638303
0,0.023306312333303835,0.035748766878625736,371.3509626402174
0.06204431066677296,0.02202100703805709,0,371.40115594310714
0,0.03264366648620059,0.04624413233373241,373.58136550407556
0.043972006873998354,0.05,0.016032214707299854,378.3998683989075
0,0.02209864435363187,0.05563146048329175,371.42617297506
0.04061326811869176,0.05,0.0207987367909311,378.45936645265346
0.013622371014482127,0.03301001463267294,0,373.0093883772918
0.031108168963481043,0,0.04482448868707614,368.07563666775644
0.03389144211001212,0.05,0.00960644086228472,378.0731776933322
0,0.044148003741565287,0.01801716765930314,375.8917912999982
0,0.03266757686138696,0.07046419859959926,373.92296465142095
0,0.011039860221183913,0.008555282014809132,368.4693680763496
0.08215351888248033,0.005527113041596335,0,368.55301257045835
0.008257728735438077,0.013053076457042095,0,368.81166333105875
0.013781924044744345,0.01726503452198442,0,369.7046897781367
0,0.02797498940975221,0.04099644960617907,372.4378305351145
0.08666666666666666,0,0,367.7288251611974
0,0.011075485666147515,0.004277641007404566,368.37415512826243
