% Model,3d_full_flux.mph
% Version,COMSOL 6.2.0.339
% Date,"Apr 17 2026, 16:28"
% Dimension,3
% Nodes,4286
% Expressions,1
% Description,Volume
% X,Y,Z,Temperature
0.17656132305921285,0.05,0.24539001097615984,348.7925355105821
0.17333333333333337,0.05,0.25,348.7531364323101
0.16989465639254617,0.05,0.24539001097615984,348.873389764409
0.09785108682395038,0.027726898495404904,0.25,343.88349944412596
0.1000925894728541,0.03328181003790619,0.25,345.0156820019856
0.10449794177632822,0.027733304452145127,0.25,343.8835865751201
0.2,0.03372003901035904,0.1861366274361847,345.0682221492643
0.2,0.03919779934264397,0.19030176612715233,346.2823543678543
0.19999999999999996,0.039044479335430135,0.18397741492575698,346.2949201511583
0.19577290344402273,0.04647521159494428,0.25,347.45668286833234
0.2,0.05,0.25,348.3593289540275
0.2,0.044444444444444446,0.25,346.8496943634845
0.20000000000000004,0.03970541749367719,0.20937476088977364,346.2234656436909
0.20000000000000007,0.03438097716860609,0.20512371698994492,345.04464483732676
0.20000000000000007,0.034735275312425484,0.2114621041409145,345.05581709481385
0.1,0.05,0.25,349.1889059862406
0.09333333333333335,0.05,0.25,349.185329427837
0.09666666666666666,0.05,0.24422649730810375,349.2878739256045
0.1625600087032334,0,0.21370454342262063,340.20871971600695
0.16684695288401208,0,0.21878578569668544,340.1146615763162
0.1698248161400387,0,0.21406754981159695,340.13503910453466
0.19438707888783163,0.05,0.1822849676352139,349.2706635601865
0.18877415777566323,0.05,0.1786724993729919,349.3860212344876
0.19438707888783163,0.05,0.17587471122495751,349.314363820105
0.2,0,0.17948717948717946,340.04642152745976
0.2,0,0.18589743589743588,340.0042300357964
0.2,0.005771578769674226,0.18386806866697095,340.5749162726902
0.18868709546784304,0.05,0.19756523420086725,349.23564965289955
0.18303064320176457,0.05000000000000001,0.20019400514745475,349.29434652928836
0.18307417435567466,0.05000000000000001,0.19395276593864527,349.3514477655146
0.16981582660076117,0.006452880617861938,0.25,340.3150366892749
0.17333333333333334,0,0.25,339.65334020122384
0.16666666666666669,0,0.25,339.7204072842001
0.15015755669225445,0.05,0.2334557015909966,349.2558966187723
0.14343837112816962,0.05,0.2331969650354348,349.3107358616747
0.14694763162361918,0.05,0.22819754152879215,349.3562950796606
0.19577290344402276,0.04091965603938871,0.25,346.03052332604665
0.2,0.03888888888888889,0.25,345.4735018630698
0.15333333333333338,0.05,0.25,348.9604377444323
0.15005251889741816,0.05,0.24448523386366555,349.08297369952714
0.15671918556408485,0.05,0.24448523386366555,349.02517608936404
0.2,0.005771578769674226,0.19027832507722736,340.5288523708468
0.2,0.0117461274236881,0.19464571272414175,341.20352811423675
0.2,0.011543157539348451,0.18824895784676243,341.2270776200292
0.17439879130832187,0,0.2361551209948211,339.83134184885387
0.17286300173654562,0,0.24041232833601056,339.7918690116685
0.17796729044004905,0,0.24094895682681583,339.72911662277716
0.12894486494857954,0.03893184331585173,0.25,346.22874554760574
0.12447243247428977,0.044465921657925865,0.25,347.6299996570613
0.13113909914095645,0.04446592165792587,0.25,347.6004221900812
0.17378338179202923,0.05,0.23113407692858218,349.04826151353933
0.16635177127618772,0.05,0.23064234072270126,349.1415505088146
0.1704511838905785,0.05,0.225606384722804,349.1647907598699
0.2,0.011543157539348451,0.18183870143650602,341.2722504844029
0.18906352138794558,0.0055719509085705166,0.25,339.99748852229015
0.18479370944255785,0.011143901817141033,0.25,340.69785462093137
0.1914603761092245,0.011143901817141033,0.25,340.6110430364055
0.11112876645920328,0.04443154065046221,0.25,347.65872999669483
0.11779543312586994,0.04443154065046221,0.25,347.6434411098287
0.11559086625173987,0.03886308130092442,0.25,346.2593027143175
0.20000000000000004,0.02364562179344271,0.20954006726291835,342.8824073406722
0.20000000000000004,0.023291323649623313,0.20320168011194878,342.88329358149394
0.2,0.017923645962041622,0.20540985524843547,341.9825874718221
0.2,0.011949097308027748,0.20745272401177747,341.1152168057111
0.2,0.011949097308027748,0.20104246760152106,341.1751055005293
0.18833761674085844,0.049999999999999996,0.21093154387156796,349.10456121500863
0.19399406900693691,0.049999999999999996,0.2147130293352369,348.97180124622975
0.18798813801387385,0.04999999999999999,0.21788759713201225,349.0288882536326
0.2,0.017720676077701975,0.19901310037105613,342.01058170380634
0.2,0.023088353765283662,0.19680492523456944,342.906157610187
0.2,0.017517706193362327,0.19261634549367682,342.0337028278759
0.1222678656001597,0.03889746230838808,0.25,346.2474971031491
0.16666666666666669,0.05,0.25,348.83008576173535
0.16322798972587949,0.05,0.2453900109761598,348.94626284946895
0.19999999999999998,0.02273206387373019,0.18408381915579478,342.94530086830133
0.2,0.01718909680365388,0.1797620180445905,342.07741032435035
0.19999999999999998,0.017314736309022676,0.18621959061629748,342.0519508440306
0.1503447691146056,0.05000000000000001,0.2122571894887252,349.5309348412135
0.14738869408490407,0.05,0.2055626676352261,349.6281336960451
0.15377522541388328,0.05,0.20619791260414663,349.5684584464982
0.06238288394882709,0.02218509910138524,0.25,342.76898613314887
0.05790990626386332,0.02777325317749974,0.25,343.7557940770176
0.06459318378107928,0.027730418415656065,0.25,343.78775847262574
0.16241957432729415,0.0402080935700942,0.25,346.2910018426675
0.15798329877630077,0.04467890330035319,0.25,347.4635262488885
0.16443627555099338,0.045529190269741004,0.25,347.62332623374
0.2,0.027812817671170345,0.24586599720222807,343.18354335419366
0.2,0.03333333333333333,0.25,344.2307514527834
0.2,0.034124979123350746,0.24522166635949705,344.47601842612295
0.1897382458102191,0,0.24148558531762104,339.57934315397455
0.18307157914355246,0,0.24148558531762107,339.6625569476793
0.1882024562384429,0,0.24574279265881055,339.54082738535686
0.17776960888432675,0.04552919026974101,0.25,347.46730336899486
0.18000000000000002,0.05,0.25,348.6682059341179
0.19486912290510955,0,0.2393325362485541,339.53958055797335
0.18973824581021914,0,0.23507532890736466,339.6629622833883
0.2,0.05,0.1794871794871795,349.19374813845235
0.13596572080798194,0.02230999802459925,0.25,342.7994889490598
0.1407108552928532,0.016810353563536835,0.25,341.89205212596073
0.13376900970822336,0.016721875536483313,0.25,341.9175449843656
0.1819344121996306,0.05,0.24588594656694984,348.7127413690044
0.1886010788662973,0.05,0.24588594656694984,348.61628442003206
0.18666666666666668,0.05,0.25,348.5744899274714
0.2,0.02860446346118776,0.24108766356172512,343.4072885978441
0.10666666666666667,0.05,0.25,349.1853714123688
0.10333333333333333,0.05,0.24422649730810372,349.28814448564464
0.1888934148492192,0,0.20291338323862482,340.02216132452895
0.19444670742460962,0,0.2008156659782868,339.96642780263795
0.18889341484921923,0,0.1965031268283684,340.07710699729756
0.2,0.04452223966771507,0.17532204079621183,347.7244938630854
0.19999999999999998,0.03899460469445523,0.17111575099836795,346.3672932044805
0.2,0.03904447933543014,0.1775671585155006,346.33963291053107
0.16619633506987896,0,0.24041232833601056,339.85873647696855
0.16976483420160615,0,0.24520616416800528,339.75823616052605
0.1753618412561346,0.018477712144294393,0.25,341.8424834810098
0.16944747980228353,0.019358641853585816,0.25,342.04542819693603
0.17408021231833157,0.022702098022697917,0.25,342.54592792912695
0.14677170446150295,0.05,0.23897046772733105,349.19833505311135
0.15343837112816963,0.05,0.23897046772733108,349.1441236548235
0.20000000000000004,0.03402667902478669,0.19878532983897534,345.0284742343195
0.2,0.03935111934985779,0.20303637373880407,346.20383557630265
0.20000000000000004,0.0393511193498578,0.19662611732854768,346.2646889251475
0.18268116447477997,0.05,0.20715005840789902,349.22881488820894
0.18868709546784304,0.05,0.20397549061112366,349.17329126899136
0.16556873426138863,0.029994307521289475,0.25,343.99546686282514
0.16040287310359488,0.0348869968704474,0.25,345.0779410924106
0.1668558498782875,0.03573728383983521,0.25,345.2013168830388
0.19999999999999998,0.01896477386853147,0.22344892682258616,341.9497066213862
0.19999999999999996,0.01264318257902098,0.21947877172787794,341.0807491655867
0.19999999999999996,0.01264318257902098,0.22588902813813433,341.00669068414754
0.12454358697469088,0.027775261478198008,0.25,343.84678796418024
0.12674029807444945,0.03336338396631394,0.25,344.9773375735354
0.1312205863231107,0.027809642485661663,0.25,343.82459056013903
0.1901787471714215,0.026479398806655667,0.25,343.01554901440545
0.18590893522603374,0.020940238604115074,0.25,342.1052170195478
0.1846273062882307,0.025164624482518598,0.25,342.8503505596612
0.14005251889741815,0.05,0.23871173117176928,349.2495815309681
0.13333333333333336,0.05,0.23845299461620745,349.2934119746366
0.13671918556408483,0.05,0.232938228479873,349.35815907038887
0.20000000000000004,0.04047218046892372,0.2340330763087377,346.1004984329868
0.2,0.04523609023446186,0.23881140994924066,347.23823971262175
0.20000000000000004,0.045236090234461866,0.23240115353898425,347.3327976433108
0.17999457377218264,0.021821168313406497,0.25,342.32656888488685
0.17871294483437963,0.026045554191810018,0.25,343.08612393221546
0.14022844605953438,0.05,0.22793880497323035,349.40743037175935
0.13701852099089915,0.05,0.2226806449110259,349.4981736763896
0.14373770655498397,0.05,0.2229393814665877,349.45074233509445
0.1781706571384524,0.05000000000000001,0.19062132489791728,349.4473342036125
0.1782141882923625,0.05,0.1843800856891078,349.4964712763767
0.18311770550958473,0.05,0.1877115267298358,349.4033328285662
0.18460736871532868,0,0.23722837797643162,339.70010266313676
0.17008440526988264,0,0.22451769009545436,340.0183135876398
0.16281959783307734,0,0.224154683706478,340.09250467362216
0.1660570502189479,0,0.22988658810524693,339.9944948177103
0.2,0,0.22435897435897437,339.651292559633
0.1937921892525409,0,0.22701675333769988,339.7075803907197
0.2,0,0.23076923076923075,339.5757197884962
0.18,0,0.25,339.579919081621
0.1764315008682728,0,0.24520616416800528,339.6880918680746
0.20000000000000004,0.040265948053210154,0.22807824037986868,346.1328953386368
0.08453700732554414,0.011075105617910135,0.24999999999999994,341.20286997411586
0.08226850366277207,0.005537552808955067,0.24999999999999997,340.5488623211994
0.07788712420736903,0.01106986781737865,0.25,341.1838223020079
0.19022146256083194,0.034049326159696094,0.25,344.5340429474659
0.19577290344402273,0.035364100483833164,0.25,344.7378058738891
0.19444855911680922,0.03201855900919626,0.25,344.04136880707324
0.13815995500035885,0.011177409700006717,0.25,341.1264415091544
0.18939546618185768,0,0.18497127593894058,340.15745353607736
0.18409319927278653,0,0.18130306775456473,340.2491995583446
0.1838421736064673,0,0.18706899319927864,340.2131140611558
0.19999999999999998,0.04452223966771507,0.18814255361672463,347.633149086675
0.2,0.044522239667715076,0.18173229720646825,347.6814968149775
0.2,0.012296139943524364,0.21346574786982772,341.10007028317045
0.19999999999999998,0.018617731233034854,0.2174359029645359,341.9648414999077
0.2,0.01827068859753824,0.21142287910648572,341.9758017833863
0.15185083117842918,0.028324083797569843,0.25,343.7912727430691
0.14710569669355794,0.03382372825863225,0.25,344.95862900103987
0.15394989632890227,0.034036709901059586,0.25,344.9502618243242
0.2,0.023992664428939325,0.21555309112096854,342.8791437241897
0.17553921776865344,0.04105838053948202,0.25,346.35136445635845
0.16887255110198676,0.04105838053948201,0.25,346.4304379916784
0.17110294221766006,0.045529190269741004,0.25,347.54930538575087
0.11666666666666667,0.05,0.23267949192431123,349.4480526408581
0.12000000000000001,0.05,0.23845299461620745,349.3504748319493
0.11333333333333334,0.05,0.2384529946162075,349.3682965493851
0.1943435477339215,0.05,0.19493646325427977,349.169245284531
0.18873062662175313,0.05000000000000001,0.1913239949920578,349.2903839387838
0.10890329407980237,0.022184798866384067,0.25,342.87050908787
0.11562508497736734,0.022185968928233074,0.25,342.85816695186634
0.11338358232846363,0.016631057385731784,0.25,341.97593580727425
0.14290756639261176,0.02239847605165277,0.25,342.7729746196371
0.14765270087748303,0.016898831590590357,0.25,341.85932115381775
0.2,0.005974548654013874,0.20308533636486312,340.4442260852686
0.2,0.005974548654013874,0.1966750799546067,340.5000013754165
0.16929450260481843,0,0.23561849250401584,339.8912505124027
0.2,0.040059715637496586,0.2221234044509996,346.16030991502106
0.20000000000000007,0.03529580587195845,0.2237553272207531,345.0349878377618
0.1433858522307515,0.05,0.24448523386366555,349.13334512868545
0.2,0.005771578769674226,0.17745781225671453,340.6162167268839
0.20000000000000004,0.0446755596749289,0.2008771612283764,347.5610438763353
0.2,0.05,0.19871794871794873,349.0375905488279
0.20000000000000004,0.0446755596749289,0.19446690481812,347.6202419884352
0.12333333333333335,0.05,0.24422649730810372,349.24513755708307
0.11666666666666668,0.05,0.24422649730810375,349.2665471294627
0.2,0.02229230200900736,0.24173199440445614,342.2518398021075
0.2,0.02225726211561479,0.24586599720222807,342.18542886865646
0.1683200915500978,0.05,0.19019968202527077,349.5723073102194
0.17322360876732004,0.05,0.19353112306599873,349.4856345513174
0.16854590155227267,0.05,0.19504179713196446,349.52779578695936
0.2,0,0.23717948717948717,339.4954973835071
0.19486912290510955,0,0.23292227983829772,339.6215013251748
0.16317516501584378,0.05,0.23526525581598517,349.10807430207024
0.15984296711439305,0.05,0.229737563610207,349.2220911950357
0.16271225449696736,0.05,0.19814303337375674,349.56299896824174
0.156878607441662,0.05,0.201244269615549,349.59088038010026
0.15665279743948712,0.05,0.1964021545088553,349.63914913928596
0.19333333333333333,0.05,0.25,348.47153093410793
0.18910623677735608,0.04647521159494428,0.25,347.56192654178074
0.1914603761092245,0.022255012928252143,0.25,342.24850641035835
0.18719056416383678,0.01671585272571155,0.25,341.43061558586123
0.14929993088593485,0.03935780660070639,0.25,346.20378905254273
0.1513166321096341,0.0446789033003532,0.25,347.52248157807975
0.15596659755260153,0.039357806600706396,0.25,346.14726221619867
0.12902387522335212,0.02222151999754573,0.25,342.8187651647445
0.1773492127066879,0,0.22488069648443065,339.9364451299661
0.17332185765575317,0,0.23024959449422325,339.9167311495678
0.17411176032081738,0,0.21914879208566176,340.0363657008027
0.18914444051553844,0,0.1907372013836545,340.1192038873017
0.18359114794014805,0,0.19283491864399255,340.1731813227385
0.18243957011068943,0.04647521159494428,0.25,347.65792722851216
0.18487914022137883,0.04295042318988855,0.25,346.70133782503575
0.18020917899501612,0.042004401864685285,0.25,346.52658079223664
0.17505705831805624,0.05,0.23666596851926947,348.9507474364853
0.18043014745847402,0.05,0.2371619041100595,348.872916201524
0.17849573525884344,0.05,0.24127595754310968,348.83476547282265
0.0912323266764229,0.027721155529732377,0.24999999999999997,343.8768262509631
0.09344573452047625,0.033275404081165964,0.25,345.01081902843106
0.12666666666666668,0.05,0.23845299461620745,349.325513557527
0.18137656775762268,0,0.2195117984746381,339.950392453598
0.18866131215765045,0,0.22916980240676682,339.74979848911886
0.18353043506276,0,0.23132285147583376,339.7876960090529
0.16553787195926,0,0.20898630753753217,340.2281929002504
0.09000000000000001,0.05,0.24422649730810375,349.28077020495675
0.09333333333333332,0.05,0.2384529946162075,349.3789100768233
0.19999999999999998,0.01750278218740674,0.23288163667865153,341.60741365345757
0.2,0.023083947799024777,0.23695366076395322,342.4540633160689
0.2,0.023814943639587142,0.23223730583592053,342.64501161693653
0.17648249326742782,0.006452880617861938,0.25,340.24381755448195
0.11782965185149741,0.011087761611104193,0.25,341.198975498867
0.1201053732260286,0.01663222744758079,0.25,341.95923101883085
0.1943435477339215,0.05,0.2077569760747926,349.0437297131156
0.2,0.05,0.21153846153846154,348.9056618616614
0.07561862054459695,0.0055323150084235825,0.25,340.52793495358435
0.14245573125059052,0.03914482495827906,0.25,346.20281081584204
0.181324404778492,0.03513407198499265,0.25,344.89463457105694
0.18467002167764118,0.032734551835559025,0.25,344.3314175845586
0.1800000604512785,0.03178853051035575,0.25,344.19512741864463
0.18386882439926122,0.05,0.24177189313389968,348.7531975703517
0.2,0.011181190897896253,0.23532173799419975,340.699130969315
0.2,0.005590595448948126,0.23945574079197168,339.99599566920216
0.2,0.011181190897896253,0.2417319944044562,340.61303011276436
0.19526774553296394,0.05,0.24588594656694984,348.51058448434287
0.19526774553296394,0.05,0.2394756901566934,348.6143791604489
0.2,0.05,0.24358974358974358,348.4678562296031
0.2,0.05,0.22435897435897434,348.7500044715725
0.19399406900693691,0.049999999999999996,0.2275335421557497,348.8097350109194
0.19399406900693694,0.05,0.2211232857454933,348.89384933978465
0.2,0,0.25,339.32075543242377
0.19573018805461226,0.0055719509085705166,0.25,339.907756318593
0.2,0.005555555555555555,0.25,339.84510662630106
0.11999999999999998,0,0.25,340.01092243273894
0.11555393047696622,0.005543295774627593,0.25,340.5548052455283
0.12227572137453119,0.005544465836476599,0.25,340.536462931545
0.14255090029249434,0.005632943863530119,0.25,340.45018591791796
0.14666666666666667,0,0.25,339.88327510814594
0.13999999999999999,0,0.25,339.92479380030227
0.1356090547078645,0.005544465836476598,0.25,340.4802812259043
0.2,0.033873359017572865,0.19246097863758,345.05089802149337
0.2,0.028456031452865353,0.19459675009808272,343.91632299439476
0.09781524484015874,0.04442513469372199,0.25,347.66661560063363
0.1044620997925366,0.04443154065046221,0.25,347.6669308765471
0.10227734463269533,0.0388566753441842,0.25,346.2765090727644
0.13121810941572903,0.011088931672953196,0.25,341.150616535481
0.1702223680169065,0.05,0.21512504952842812,349.29963795936516
0.16711898598912778,0.05,0.22007869251702578,349.27466334420177
0.162790757501065,0.05,0.2146333133225472,349.38740452924486
0.16000000000000003,0.05,0.25,348.89905392239376
0.20000000000000004,0.03570827070338558,0.2356649990784912,344.966034511926
0.20000000000000004,0.03550203828767201,0.22971016314962212,345.0030023394767
0.2,0.030127105091767543,0.23159297499318948,343.84098496600535
0.19526774553296394,0.05,0.233065433746437,348.7108476239361
0.2,0.05,0.23717948717948717,348.56905729256
0.15631838347355684,0,0.22334321252971825,340.15797071514226
0.1595558358594274,0,0.22907511692848717,340.06338016825305
0.1784261463592566,0,0.23078622298502852,339.85411722241355
0.0934242711358437,0.01661840139253773,0.24999999999999994,341.98437285468094
0.08680551098831622,0.016612658426865202,0.24999999999999997,341.9737458251363
0.08901891883236956,0.02216690697829879,0.24999999999999994,342.86446851653153
0.1530546214999069,0,0.2282636457517274,340.1262445830598
0.15629207388577743,0,0.23399555015049628,340.02983889579764
0.17296498653485567,0.012905761235723876,0.25,341.0656539262536
0.17887934798870678,0.012024831526432456,0.25,340.8827506841419
0.1957301880546123,0.011127506464126071,0.25,340.54974707870707
0.2,0.01111111111111111,0.25,340.48569870448455
0.2,0.005974548654013875,0.20949559277511953,340.38370342450406
0.1943870788878316,0.05,0.18869522404547032,349.22161262007353
0.18877415777566323,0.05,0.18508275578324834,349.33990205149365
0.1378057658076231,0.044465921657925865,0.25,347.56368707614917
0.14464996544296743,0.04467890330035319,0.25,347.5740107262662
0.2,0.02792400265111908,0.1625876600893198,344.02250057376443
0.19999999999999998,0.03346696972119538,0.16690946120052408,345.1359478701583
0.19999999999999998,0.03341709508022047,0.16045805368339144,345.1558908943552
0.12682716412359357,0.016633397509429795,0.25,341.9357997290322
0.12234687587493231,0.022187138990082074,0.25,342.8390983145074
0.08679274339049997,0.03326123704347171,0.25,344.99725142891754
0.10892419958507318,0.03886308130092442,0.25,346.27216990014995
0.1133862993776098,0.03329462195138663,0.25,345.0046230570496
0.10673944442523194,0.03328821599464641,0.25,345.01361667819174
0.1782569250604138,0,0.18985627018137904,340.2590942019373
0.1726716765143603,0,0.19264354716347942,340.299515188769
0.17800589939409456,0,0.19562219562609295,340.2170302525356
0.19486912290510955,0,0.24574279265881052,339.4528940770702
0.19333333333333333,0,0.25,339.41340825529215
0.177089623576844,0,0.2144305562005733,340.053681121371
0.1777441417489127,0,0.20746023807192943,340.1155142155387
0.17280267939606533,0,0.20934931392650852,340.151450181128
0.10004303128337118,0.016624144358210254,0.24999999999999997,341.98842894442305
0.09563767897989704,0.022172649943971313,0.24999999999999994,342.87311862788533
0.1707345954191824,0.02510161817213155,0.25,343.0059567361831
0.17536732793523047,0.028445074341243652,0.25,343.58069394196514
0.15319390635083796,0,0.238789385982491,339.9923977422101
0.14979085952625695,0,0.23318407897373655,340.0901016838911
0.1465272396841713,0,0.23878938598249103,340.0403378206453
0.11114479672870609,0.02773971040888535,0.25,343.87674540876577
0.20000000000000004,0.03508957345624488,0.21780049129188406,345.06199100678083
0.2,0.02971464026034041,0.21968330313545142,343.90913364112913
0.12000000000000002,0.05,0.25,349.1570382435829
0.11333333333333334,0.05,0.25,349.1747488314828
0.17332575004468523,0.05,0.2101714065398305,349.3192618720193
0.17367522877166983,0.05000000000000001,0.2032153532793862,349.388581066133
0.1780034572597326,0.05,0.20866073247386474,349.27624736780336
0.2,0,0.21153846153846154,339.7880473282007
0.1944467074246096,0,0.20722592238854318,339.9083766528982
0.19379218925254088,0,0.21419624051718705,339.8487280316919
0.17306443704124716,0,0.19751127148067202,340.25597121460635
0.1681229746883998,0,0.1994003473352511,340.2908647670829
0.17345719756813405,0,0.20237899579786464,340.2096476125377
0.14993028650875231,0,0.24439469299124553,339.94050580748655
0.14326361984208566,0,0.24439469299124553,339.9852351927823
0.1845295600728648,0.05,0.23212594811016224,348.8906572282404
0.1858032365988918,0.05,0.23765783970084953,348.78957453815985
0.17850795072673303,0,0.1840903447366651,340.2973109101106
0.2,0.027777777777777773,0.25,343.1130029297588
0.19573018805461226,0.027794173130792736,0.25,343.1818850326657
0.18666666666666668,0,0.25,339.49979613835796
0.18153578957177624,0,0.24574279265881055,339.6224957538407
0.159115757486696,0.029144020551901663,0.25,343.88901984558487
0.17788279440642002,0.05,0.22609812092868492,349.06621306048123
0.1745505965049693,0.05,0.22057042872290672,349.18078928737174
0.18198220702081078,0.049999999999999996,0.2210621649287876,349.0769228838698
0.07571604458421816,0.02214750214007305,0.24999999999999994,342.82561103389656
0.0801556278701411,0.016607420626333715,0.24999999999999994,341.95657784853535
0.07350574475196599,0.016602182825802232,0.24999999999999997,341.93271587917945
0.19999999999999998,0.0335168443621703,0.1733608687176567,345.11079977791746
0.19999999999999998,0.03356671900314521,0.17981227623478935,345.0804466176324
0.2,0.029367597624843794,0.21367027927740118,343.9088751856586
0.2,0.04502985781874829,0.2264463176101152,347.36062362706
0.0866666666666667,0.05,0.25,349.17461181339775
0.0911485781734921,0.04442513469372199,0.25,347.66083871031594
0.08448191150682546,0.04442513469372199,0.25,347.6479207639627
0.2,0.029920872676053978,0.22563813906432045,343.87755046820007
0.18758437850508178,0,0.22326427590616899,339.8324712790869
0.18245350141019134,0,0.22541732497523592,339.8711259392067
0.13000000000000003,0.05,0.24422649730810375,349.21664702276576
0.16968396917763845,0.05,0.2361700329284795,349.02306824304395
0.2,0.022885383880944014,0.1904081703571901,342.92414853096517
0.19999999999999998,0.028302711445651524,0.1882723988966874,343.9381110566498
0.08236592770239329,0.022152739940604536,0.24999999999999994,342.8477429037559
0.08457933554644662,0.027706988492038124,0.24999999999999997,343.86167964481854
0.12006329872602964,0.03332900295885029,0.25,344.9944532874799
0.1630981675349395,0,0.24520616416800528,339.8220264163508
0.16,0,0.25,339.78112033054964
0.09563048968031751,0.03885026938744398,0.25,346.2739199480304
0.08896382301365086,0.03885026938744398,0.25,346.2659427257988
0.19154580688804546,0.04295042318988855,0.25,346.60305245821934
0.18233168574779537,0.049999999999999996,0.2141061116683433,349.156340339736
0.07127646129829522,0.027687583653812388,0.25,343.81255628931103
0.06906616146604305,0.022142264339541567,0.25,342.7967851712822
0.20000000000000004,0.0450298578187483,0.2200360611998588,347.44305351666634
0.20000000000000004,0.04005971563749659,0.2157131480407432,346.2380973655591
0.17797878787934282,0.03753359213442629,0.25,345.4801980084478
0.1766544435521293,0.03418805065978939,0.25,344.74658508198047
0.2,0,0.1923076923076923,339.95727509648344
0.13666666666666671,0.05,0.24422649730810375,349.1809988414966
0.2,0,0.24358974358974356,339.4105092648163
0.2,0.005590595448948126,0.24586599720222807,339.90806832473055
0.17950308001182527,0,0.23669174948562638,339.7676258990985
0.09999999999999998,0.05,0.23845299461620745,349.3826873437875
0.163019573374737,0.05,0.22511464851692306,349.25337611258647
0.1596873754732863,0.05000000000000001,0.21958695631114486,349.35854505435964
0.06685586163379087,0.016596945025270746,0.25,341.90215991706833
0.15651076921294232,0.05,0.22420987140442877,349.3294514260023
0.1533008441443071,0.05000000000000001,0.21895171134222433,349.4258508244592
0.07565784075369829,0.038821935312055474,0.25,346.22213659403906
0.08231083188367457,0.038836102349749727,0.25,346.2474801530416
0.08013975226052368,0.033247070005777465,0.25,344.9768028431588
0.07792634441647034,0.027692821454343874,0.24999999999999997,343.8396520524287
0.11,0.05,0.2442264973081037,349.2808898110606
0.09666666666666665,0.05,0.23267949192431123,349.4692984137855
0.19999999999999998,0.01706345729828508,0.17330444547288348,342.0979670891601
0.19999999999999996,0.011417518033979654,0.175381128864799,341.29655177616127
0.18239685472127892,0.0055719509085705166,0.25,340.08095578618463
0.17915647093244702,0.05,0.2316300125193722,348.97221458509125
0.2,0.044675559674928894,0.2072874176386328,347.49623145208324
0.2,0.05,0.20512820512820512,348.9744333613207
0.13333333333333336,0.05,0.25,349.10012162514255
0.156596953175419,0,0.2443946929912455,339.8894039577629
0.20000000000000007,0.029396109251205182,0.23630932992122222,343.63086122120257
0.20000000000000007,0.034916624913368166,0.24044333271899415,344.7211127791705
0.19999999999999996,0.018233778027969105,0.22816528175061884,341.77876892841124
0.1631491599340945,0.006452880617861938,0.25,340.3799017874411
0.17330882665298014,0.03658757080922302,0.25,345.3203891962091
0.2,0,0.20512820512820512,339.84920395491156
0.18127620270998568,0.01759678243500297,0.25,341.6375459439849
0.2,0.05,0.23076923076923075,348.662932142898
0.19999999999999998,0.00632159128951049,0.21550861663316973,340.3601960678582
0.19434354773392154,0.05000000000000001,0.2013467196645362,349.10929465489943
0.15969512071035846,0,0.23960085715925078,339.9285775774573
0.16279328824529793,0,0.23480702132725606,339.9635551719682
0.17326713992123016,0.05,0.1872898838571893,349.53723980696867
0.15012423788396315,0.05,0.22357462643550824,349.39363421047915
0.2,0.04523609023446186,0.24522166635949705,347.1363555693138
0.14510180058498867,0.011265887727060237,0.25,341.09502836908973
0.17812712598454233,0.05000000000000001,0.19686256410672676,349.3929809576738
0.15333333333333332,0,0.25,339.8353839515617
0.2,0,0.19871794871794873,339.90561321100574
0.18926181453990087,0.05,0.22982974513295595,348.853046794222
0.07782892037684917,0.044410967656027735,0.25,347.6245632179617
0.19469773309092886,0,0.18863948412331644,340.0601453821236
0.14000000000000004,0.05,0.25,349.06092684549463
0.13816243190774052,0.02789812051271518,0.25,343.8042928734365
0.19154580688804546,0.03739486763433299,0.25,345.2603679641909
0.0912036739922108,0.011075105617910135,0.24999999999999994,341.2148303399873
0.19999999999999996,0.038944730053480314,0.16466434348123532,346.3897484303859
0.15673130044358477,0.05,0.21289243445764575,349.4674443313902
0.11786658762627106,0.027740880470734357,0.25,343.8620394238465
0.19999999999999998,0.024545939480149506,0.22752095090788782,342.8355423358253
0.19999999999999998,0.024339707064435938,0.2215661149790188,342.87170551266416
0.1598346824713635,0.05000000000000001,0.20793879146904812,349.49308503563384
0.1957301880546123,0.02223861757523718,0.25,342.1840942473524
0.19573018805461226,0.016683062019681626,0.25,341.30797872312723
0.19146037610922453,0.01669945737269659,0.25,341.37067336275624
0.18889711823361846,0.03070378468505919,0.25,343.85312372487925
0.1859943660048547,0.03608009331019592,0.25,345.0422247570544
0.19999999999999998,0.02797387729209399,0.16903906760645243,344.0002406209634
0.19999999999999996,0.0280237519330689,0.17549047512358507,343.97277560011815
0.2,0.05,0.17307692307692307,349.23502947529545
0.19999999999999996,0.02260642436836139,0.17762624658408777,342.9670186787693
0.19999999999999996,0.0281493914384377,0.18194804769529205,343.954799459502
0.16589413952884374,0.05,0.20967967033394955,349.4109133016209
0.1595821454472068,0,0.21842277930770912,340.1852800801384
0.1783529359867172,0.05000000000000001,0.20170467921342045,349.3436727854
0.19999999999999998,0.022480784862992594,0.17116867401238078,342.98383377372727
0.2,0.01693781779291629,0.1668468729011765,342.1136211384599
0.2,0.0450298578187483,0.21362580478960239,347.5193209838526
0.19444670742460962,0,0.19440540956803037,340.0197315817611
0.177653978532748,0.04999999999999999,0.21561678573430904,349.20187904281335
0.19053549106592788,0.05,0.24177189313389968,348.65399967905364
0.16851573521528665,0,0.2042680716524437,340.24369963286887
0.2,0.05,0.21794871794871795,348.8309143778269
0.18798813801387385,0.04999999999999999,0.22429785354226867,348.9477319245766
0.1832558835468378,0.049999999999999996,0.22659405651947492,348.98644001014367
0.1405277814863487,0.05,0.21768122140438323,349.53923838507404
0.1826487491057055,0.03847961345962955,0.25,345.63954751760775
0.1937921892525409,0,0.22060649692744347,339.7805526734902
0.18758437850508178,0,0.21685401949591257,339.90284307349094
0.13341729742286929,0.0333977649737776,0.25,344.9532759152162
0.14500663154308485,0.02811110215514251,0.25,343.80146404812865
0.17312264611842565,0.05,0.24078002195231965,348.9108229468908
0.1687717115544476,0.05,0.1998839122386582,349.48005047404877
0.17344941876949493,0.05000000000000001,0.19837323817269248,349.4387247035505
0.06680348361333147,0.03327573772992689,0.25,344.92767667591767
0.149217566959161,0.005632943863530119,0.25,340.405546910879
0.2,0.02243091022201768,0.16471726649524815,343.00841065513265
0.17839865992098142,0,0.20048991994328555,340.17154818261236
0.19053549106592788,0.05,0.23536163672364327,348.7530617556901
0.2,0.016701706560059235,0.2458659972022281,341.30898964420743
0.2,0.01114615100450368,0.24586599720222807,340.550408542316
0.17202171103608127,0.030844594490677286,0.25,344.0976104026075
0.2,0,0.21794871794871795,339.72206840620123
0.08000000000000006,0.05,0.25,349.1567531429227
0.07123724108919391,0.011064630016847165,0.25,341.1580806371449
0.15994717528996433,0.05,0.23987524483982536,349.069560605813
0.1566663608540491,0.05,0.23436047870349092,349.18568376064627
0.12455144274906238,0.011088931672953198,0.25,341.1780886969761
0.1356115316152462,0.03893184331585173,0.25,346.19447009938966
0.09782243413973829,0.011080848583582662,0.25,341.2209768450258
0.16899752155662245,0.05,0.2047260273453519,349.42907137148774
0.10225643912742452,0.02217839290964384,0.25,342.87519779943636
0.1873187103320682,0.039425634784832825,0.25,345.7984377236887
0.1266666666666667,0.05,0.25,349.1321587578386
0.20000000000000004,0.028659001337205,0.20099350497546203,343.8985891689931
0.19999999999999998,0.00632159128951049,0.22832912945368256,340.21536173985083
0.19469773309092886,0,0.17581897130280363,340.144003099569
0.19469773309092886,0,0.18222922771306005,340.10445596467105
0.15081915038418175,0.05,0.19950339075064755,349.66158739968347
0.20000000000000004,0.0396805346789063,0.24522166635949708,345.73946595265426
0.2,0.040472180468923716,0.2404433327189941,346.0052574219467
0.13,0.05,0.2326794919243112,349.39816624491465
0.20000000000000004,0.0290132994810244,0.2073318921264316,343.9062313500859
0.0734867611305474,0.03323290296808321,0.25,344.9494732711548
0.2,0.0055905954489481255,0.23304548438171524,340.079157299972
0.1882388966771505,0,0.20988370136726872,339.96540176255695
0.16248644449479244,0.05,0.19330091826706303,349.6093891094645
0.16293806449914222,0.05,0.20298514848045046,349.5133750373683
0.2,0.02222222222222222,0.25,342.1169296678224
0.16733745363462604,0,0.1896648987008659,340.37685615179277
0.1677302141615129,0,0.1945326230180585,340.3352502733909
0.15333416295259839,0.05,0.2288327864977127,349.29523528080654
0.2,0.05,0.1923076923076923,349.0951334241829
0.10666179143089867,0.01662988732388278,0.25,341.9859140943623
0.1033333333333333,0.05,0.2326794919243112,349.4693891016031
0.18316123666349482,0.05,0.18147028752102634,349.4500017184433
0.1402614970582136,0.033610746616204924,0.25,344.95963369800387
0.1469143128153279,0.05000000000000001,0.2183164663733038,349.4860819346974
0.1439582377856264,0.05,0.21162194451980468,349.5873506911753
0.19999999999999998,0.00632159128951049,0.2219188730434261,340.2901773661389
0.2,0.05,0.1858974358974359,349.14711612141485
0.17292270218067954,0,0.18687762171876549,340.3398631079267
0.1466666666666667,0.05,0.25,349.01439538546583
0.16645597945175897,0.05,0.24078002195231962,348.9876009563524
0.16629831986818902,0.012905761235723876,0.25,341.1346710762366
0.1893954661818577,0,0.1785610195286842,340.1991197618593
0.15176846725165533,0.011265887727060237,0.25,341.04726904716813
0.16428161864448976,0.02425133120274374,0.25,342.9207419697888
0.1826856041017601,0,0.20557116221735033,340.0755308403552
0.07999999999999999,0,0.25,340.0117228663867
0.10666666666666666,0.05,0.23845299461620745,349.37927132468104
0.2,0.016666666666666663,0.25,341.2425316669741
0.1820310859296914,0,0.21254148034599424,340.01586121052355
0.15588423362582765,0.005632943863530119,0.25,340.3545354394121
0.2,0.016771786346844376,0.23759799160668427,341.4356407965251
0.1590333935599222,0.012085824481392057,0.25,341.0938472982983
0.11110786095393244,0.011086591549255186,0.25,341.2131357994028
0.08666666666666668,0.05,0.2384529946162075,349.3682791939316
0.0601202060961155,0.03331857249177056,0.25,344.89871350175764
0.12333333333333334,0.05,0.2326794919243112,349.42667922137963
0.15701669233622292,0.02343139444841192,0.25,342.84372781460706
0.16218255349401667,0.018538705099253996,0.25,341.98914698908834
0.15491762718574986,0.017718768344922177,0.25,341.9271113080489
0.1335092604954496,0.05,0.22768006841766855,349.4511496296698
0.1497517660279561,0.0226114576940801,0.25,342.7609591862336
0.18334567735042767,0.02938901036092212,0.25,343.6660162062014
0.2,0.011291878528610858,0.16892355629309203,341.3159503524096
0.2,0.005645939264305429,0.17100023968500755,340.6393598300808
0.08333333333333337,0.05,0.24422649730810375,349.2665254282735
0.19999999999999998,0.04447236502674015,0.1688706332790792,347.74946129069923
0.2,0,0.17307692307692307,340.08384957147376
0.10444119428726578,0.011086591549255188,0.25,341.2205524102616
0.19999999999999998,0.011912186738458615,0.230605383066167,340.8531196177206
0.08999999999999998,0.05,0.23267949192431125,349.4620144398969
0.18334012227382881,0,0.19860084408870646,340.12940134309287
0.10999999999999999,0.05,0.2326794919243112,349.46228650334996
0.09999999999999999,0,0.25,340.0402279227574
0.09560183699610539,0.005537552808955067,0.24999999999999997,340.57032437252775
0.10222059714363288,0.005543295774627594,0.25,340.57199035305996
0.2,0.016736746453451808,0.24173199440445617,341.37335935405775
0.053436928578899555,0.033361407253614236,0.25,344.8625837486746
0.10666666666666663,0.049999999999999996,0.22690598923241495,349.54859309302407
0.10999999999999997,0.049999999999999996,0.22113248654051867,349.62080694781906
0.11333333333333331,0.05,0.22690598923241492,349.5378854522319
0.050160095864764935,0,0.24420294572750884,339.9437385047366
0.04698685839619656,0,0.23840589145501767,339.9988496277606
0.043493429198098274,0,0.24420294572750884,339.89267886343913
0.1780575154011003,0,0.17130883631222416,340.37974172198454
0.17771993212993958,0,0.16475660213047919,340.4159444807804
0.17235941480057482,0,0.16786683905162858,340.4602518472974
0.027416974020085777,0.024820057114777333,0.25,342.935388532498
0.021758559067253984,0.02349469310667484,0.25,342.63453185850625
0.0232523344489236,0.029560843604865186,0.25,343.7837914363468
0.2,0.044472365026740165,0.16246037686882278,347.7819016974638
0.2,0.05,0.16025641025641027,349.3017145055924
0.2,0.044472365026740165,0.1560501204585664,347.8091647291708
0.1619964628391811,0,0.19760467010076035,340.364287901098
0.16238922336606795,0,0.20247239441795295,340.31845605767285
0.11666666666666664,0,0.24422649730810372,340.10223772825526
0.11333333333333331,0,0.25,340.02694659149773
0.11666666666666664,0,0.2211324865405187,340.3929383118635
0.11999999999999997,0,0.22690598923241495,340.31730055632795
0.12333333333333331,0,0.2211324865405187,340.3735780001156
0.15358909753708538,0.05000000000000001,0.18818219567982974,349.7381199400252
0.1580377710159389,0.05,0.19074155697344639,349.6759035794771
0.15220412396063357,0.05000000000000001,0.19384279321523865,349.70219166855924
0.2,0.04443216631252923,0.14963344232611003,347.82086320071386
0.2,0.03886433262505845,0.14542073080606624,346.4420111294101
0.2,0.03890453133926938,0.15183740893852257,346.43294484976553
0.1481250340131897,0.05,0.1885673569207943,349.7807273358026
0.05685169635469352,0,0.23255703124669,340.14254563856866
0.05365352506286322,0,0.23840589145501767,340.0466403061275
0.06002493382326189,0,0.23835408551918114,340.08686950058933
0.1430402710669918,0,0.21015720378042105,340.3947552329536
0.13616723533651937,0,0.2103031275929454,340.43289269291444
0.1394923067666724,0,0.21579528569614587,340.3584734921814
0.19999999999999998,0.01677007696452329,0.14760379815697994,342.1621984381009
0.19999999999999996,0.011180051309682193,0.14968458338670457,341.37869435591966
0.19999999999999998,0.016825990573987624,0.15401815640504546,342.1508522081884
0.13017592716211623,0.05,0.22190656572577228,349.54552752675573
0.1336851876575658,0.05,0.2169071422191296,349.59001477103635
0.015239198858463292,0.03956001991293895,0.25,345.86715659275313
0.018395946330727875,0.03549031973117513,0.25,344.9688131710664
0.014437172023827223,0.03230517977852652,0.25,344.2288964170851
0.09999999999999998,0,0.23845299461620745,340.200977163184
0.1033333333333333,0,0.2326794919243112,340.2746676691055
0.09666666666666665,0,0.23267949192431123,340.27468457758766
0.18872029963953624,0,0.16545655116519423,340.2783517932427
0.18872029963953624,0,0.1590462947549378,340.30563396771555
0.18308044945930435,0,0.1616463652093298,340.3662388149101
0.18341803273046509,0,0.16819859939107476,340.33216587742083
0.055624619052599716,0.03890760483574283,0.25,346.1331293343256
0.06230789656981567,0.03886477007389915,0.25,346.1664799741497
0.12666666666666665,0,0.22690598923241495,340.29476328385425
0.12983076892222412,0,0.22127792048969316,340.3469910011014
0.1333333333333333,0,0.23845299461620745,340.12072920323476
0.12999999999999998,0,0.23267949192431123,340.21044181612746
0.12666666666666665,0,0.23845299461620748,340.14953918802445
0.06759959277014435,0.05,0.23997855071783275,349.2736991388102
0.07426625943681103,0.05000000000000001,0.23997855071783278,349.30464944864224
0.07046646305173887,0.05,0.2449892753589164,349.205772875469
0.017530608231417902,0.05,0.24545320055089792,348.7120432172633
0.020899428563683903,0.05,0.23955370031122347,348.85403016700616
0.02336882033226602,0.05,0.24410049976032555,348.8122231559769
0.13316410225555744,0,0.2270514231815894,340.26495568892875
0.2,0,0.16666666666666666,340.1166496551519
0.19436014981976812,0,0.16926673712105866,340.18422204543054
0.03152305478486241,0.044070523873690065,0.25,347.19716871622734
0.026666666666666686,0.05,0.25,348.7520175789405
0.033333333333333354,0.05,0.25,348.8294127217208
0.13971519963683876,0,0.2046650456772206,340.4673063028209
0.13639012820668575,0,0.19917288757402016,340.5347840946221
0.13284216390636633,0,0.20481096948974495,340.5022386155815
0.12,0.05,0.22690598923241495,349.5200529768291
0.11666666666666667,0.05,0.22113248654051867,349.60653285492873
0.19999999999999996,0.022234214767616063,0.13908478931726462,343.0571114271013
0.19999999999999998,0.016680737921999242,0.13482963305818763,342.1730168710008
0.19999999999999996,0.016725407443261266,0.14121671560758378,342.1699941157752
0.16711174952568203,0,0.17720635021547396,340.46286637227894
0.17269699807173552,0,0.17441907323337358,340.421919267195
0.16699889747121005,0,0.170977075972778,340.49916091446124
0.15147552462053035,0,0.19324559227711788,340.4870355377165
0.14752277528070318,0,0.18795326158830064,340.5558764326652
0.14618345032780344,0,0.1935887092601542,340.52205621395524
0.07139938915521651,0.05000000000000001,0.23496782607674915,349.36974458704935
0.07759959277014433,0.05000000000000001,0.23420504802593653,349.4068679415516
0.1329948711777816,0,0.21564985174697138,340.39404873756524
0.13632820451111494,0,0.22142335443886763,340.31429958094674
0.14266097048929396,0.04999999999999999,0.18895251816175884,349.81827559419946
0.13979175925004278,0.04999999999999999,0.19438124178026764,349.7909866682297
0.1357126693025989,0.04999999999999999,0.1891058054858233,349.8614943235404
0.1033333333333333,0,0.2211324865405187,340.4124226105878
0.10666666666666663,0,0.22690598923241495,340.3430931935002
0.10999999999999997,0,0.2211324865405187,340.40589841207463
0.14319390635083795,0,0.23301588329059475,340.1364272701821
0.14635800860639542,0,0.22738781454787296,340.18506259898345
0.13976105543097644,0,0.2272196188647312,340.22811524839557
0.17839509867226103,0,0.17786107049396915,340.3385988151562
0.05125614988905733,0.027713613260771548,0.25,343.697595132505
0.0557291275740211,0.02212545918465705,0.25,342.7172224326998
0.049075371199215116,0.022065819267928857,0.25,342.6588535665505
0.044966895147619874,0.02733033471659019,0.25,343.57379569558753
0.1943512323705262,0.05000000000000001,0.16320640360348387,349.38564747363534
0.18870246474105237,0.05,0.16615639695055748,349.4617468870713
0.1887024647410524,0.05000000000000001,0.1597461405403011,349.49220274385567
0.1301673427701484,0.05,0.21100115265861547,349.6775496800163
0.1233247489413655,0.05,0.21022707347336186,349.71594198952585
0.126649497882731,0.05,0.20509516309810136,349.7580667114951
0.03637944290305813,0.03814104774738012,0.25,345.78540155154315
0.04266869764449559,0.038524326291561474,0.25,345.9366409689249
0.04085841909602465,0.03259485016525153,0.25,344.59441395998056
0.16283017521072196,0,0.1808722238690182,340.4808983732524
0.16294302726519397,0,0.18710149811171414,340.43755460466764
0.16722460158015404,0,0.1834356244581699,340.4220981180563
0.1133333333333333,0,0.23845299461620745,340.18800465331384
0.10999999999999999,0,0.24422649730810375,340.1151287374734
0.048400618947185045,0.05,0.24074167490285392,349.13149584373105
0.05260092842077757,0.05,0.23611251235428093,349.2375448439661
0.05506728561385173,0.05,0.24074167490285395,349.1836285913989
0.05886708199892389,0.05000000000000001,0.23573095026177035,349.2883545647329
0.15013619966763062,0,0.1988810399489715,340.45052609855605
0.14326316393715818,0,0.1990269637614958,340.49612237408
0.1465882353673112,0,0.20451912186469626,340.4254394350785
0.024268248895949904,0.05,0.23365420007154902,348.9876459590562
0.018430036795101787,0.05,0.23500690086212145,348.89045462007795
0.19999999999999998,0.0055900256548410965,0.1517653686164292,340.7139825745249
0.2,0.011235964919146527,0.15609894163477012,341.3649981973234
0.1837556160016258,0,0.17475083357281973,340.29315279189905
0.16331728120539135,0.05,0.1816667499289109,349.6936503049675
0.16776595468424488,0.05,0.18422611122252752,349.6260784669965
0.16387141807124428,0.05,0.1876403207316541,349.64229372097105
0.09999999999999998,0.04999999999999999,0.22690598923241495,349.55211003704676
0.10888726381029956,0.005543295774627593,0.25,340.56652563033714
0.10666666666666666,0,0.25,340.03671508817064
0.19999999999999996,0.022278884288878087,0.14547187186666077,343.05155805529995
0.19999999999999996,0.02231908300308902,0.1518885499991171,343.0403080764309
0.04666666666666669,0.05,0.25,348.9603049814305
0.0511456428596332,0.04445380241787142,0.25,347.48377054807645
0.04447897619296652,0.04445380241787141,0.25,347.42753142941837
0.1370099365989313,0.05,0.2117752318438691,349.63137776
0.1334920917115139,0.05,0.20586924228335496,349.7164992574247
0.10666666666666663,0,0.23845299461620745,340.1977625129914
0.12333333333333334,0.05,0.22113248654051867,349.585101766615
0.12,0.05,0.2153589838486224,349.66822871144046
0.1133333333333333,0.049999999999999996,0.2153589838486224,349.686069256429
0.1440459440657458,0.05,0.18329192062634997,349.85275768987054
0.13858188054185008,0.049999999999999996,0.18367708186731452,349.8868617216942
0.14044039289820898,0.05,0.20571595495929051,349.6763403804875
0.030035486998932683,0.05,0.24410049976032555,348.8937230651747
0.03670215366559935,0.05,0.24410049976032555,348.9672602090667
0.048957952385933035,0.03890760483574282,0.25,346.0821109792448
0.04459639500624859,0.010945350183390776,0.25,340.97774937368155
0.04896486416979095,0.005472675091695388,0.25,340.3753788683968
0.04229819750312429,0.005472675091695388,0.25,340.32260422397286
0.12997424682409653,0.05,0.19996325272284088,349.79460287734827
0.1369225480107916,0.05,0.1998099653987764,349.7583121922985
0.07639634258366057,0,0.23252877689144844,340.2371244894489
0.07306300925032724,0,0.2383022795833447,340.15063982319015
0.07986483795849694,0,0.23837763709977608,340.1727880954312
0.2,0.038944730053480314,0.15825408707097893,346.41869804123763
0.09666666666666662,0.04999999999999999,0.2211324865405187,349.6278452773474
0.0933333333333333,0.049999999999999996,0.22690598923241498,349.54843369499866
0.09033195060210442,0.049999999999999996,0.22192570468155143,349.61104299590636
0.08318189864435413,0,0.22189876785315765,340.383960929182
0.07977284796653122,0,0.2165084058175809,340.4340600071827
0.07638006993618443,0,0.22182341033672626,340.36485551379815
0.08651523197768747,0,0.2161252651612614,340.4546947390647
0.12666666666666668,0.05,0.22690598923241495,349.4950809444397
0.06319817129183027,0,0.24415113979167233,340.02572912996334
0.06639634258366056,0,0.23830227958334466,340.1213384498323
0.04689459250937289,0.016418025275086165,0.25,341.746359050811
0.05126306167291525,0.010945350183390776,0.25,341.0289700583016
0.1585486008957619,0,0.18453809752256242,340.49466061954735
0.12666666666666665,0,0.25,339.9885799557483
0.13,0,0.24422649730810375,340.05745649600476
0.12333333333333332,0,0.24422649730810375,340.08303272689494
0.18905788291069697,0,0.1720087853469392,340.2412058515673
0.15942274459239075,0.05000000000000002,0.18508095943803748,349.7079820222584
0.06379979638507219,0.05,0.24498927535891638,349.1707288643676
0.06000000000000003,0.05,0.25,349.06083376372163
0.05753364280692588,0.05,0.24537083745142696,349.1247248979841
0.09333333333333331,0,0.23845299461620745,340.1977642606678
0.08999999999999998,0,0.23267949192431123,340.2682739333613
0.08666666666666664,0,0.23845299461620748,340.1882261165112
0.06666666666666665,0,0.25,339.95990219371515
0.06986483795849693,0,0.24415113979167236,340.0580026979277
0.09999999999999998,0,0.22690598923241495,340.3463107393336
0.1233333333333333,0,0.2326794919243112,340.2361560493269
0.19436014981976812,0,0.16285648071080222,340.21426317450613
0.2,0.03329649893758768,0.14120801928602245,345.19073474424346
0.2,0.02774302209197086,0.13695286302694545,344.06438122327586
0.19999999999999998,0.027787691613232884,0.1433399455763416,344.0610701573475
0.08999999999999998,0,0.24422649730810375,340.11527887077256
0.08333333333333331,0,0.24422649730810375,340.1027090941865
0.14973688396050328,0,0.21103303498427547,340.3406804796888
0.03867764040618242,0.026947056172408838,0.25,343.4442268516082
0.17280985012620753,0,0.18064834747606953,340.3831280435811
0.020000000000000018,0.05,0.25,348.66665967085436
0.019197973165363945,0.042745159865587565,0.25,346.70650837103494
0.016041225693099365,0.046814860047351387,0.25,347.72787286827224
0.12966979974762854,0,0.21015769364377093,340.46532705847096
0.07653150462516362,0,0.24415113979167236,340.08405264840195
0.04510277261278438,0.05,0.23484217466317947,349.19467403931554
0.017593919496091806,0.028235479596762692,0.25,343.45357407094895
0.016987902334762724,0.02289800877366002,0.25,342.4722428103884
0.18873831125835777,0.05,0.1724144481617747,349.4263733295363
0.19435123237052618,0.05,0.16961666001374026,349.35245394390455
0.1399302865087523,0,0.23862119029934925,340.0836396163794
0.2,0.05,0.15384615384615385,349.32729095815466
0.1943512323705262,0.05000000000000001,0.1567961471932275,349.4136636283087
0.10333333333333328,0.04999999999999999,0.2211324865405187,349.62791398755513
0.15328484826082267,0,0.2053949530685507,340.36847481649374
0.056826762531431596,0,0.24420294572750884,339.9883804849592
0.2,0,0.16025641025641024,340.14472082929956
0.2,0.00564593926430543,0.16458998327475116,340.67101261342816
0.2,0.00564593926430543,0.15817972686449472,340.6979364872448
0.029712776236391465,0.038141047747380113,0.25,345.7135881622831
0.02485638811819574,0.04407052387369006,0.25,347.1185830675543
0.09999999999999995,0.049999999999999996,0.21535898384862245,349.7002491869434
0.10666666666666662,0.04999999999999999,0.21535898384862243,349.69674274826326
0.05333333333333331,0,0.25,339.88316314906587
0.04666666666666665,0,0.25,339.83525220591275
0.06899117408703162,0.038821935312055474,0.25,346.1926640350509
0.06449558704351582,0.044410967656027735,0.25,347.56311753257313
0.0711622537101825,0.04441096765602774,0.25,347.5974226682526
0.16276314433953842,0.05,0.1756931791261677,349.74027063785616
0.16721181781839195,0.05,0.17825254041978433,349.675113372666
0.03008783820957834,0.014013120126499135,0.25,341.2484030368273
0.026725225473052224,0.009342080084332755,0.25,340.6104023826437
0.025317181477087083,0.013416435793484314,0.25,341.11541010409616
0.14387084919748666,0.05,0.19965667807471196,349.7139736997436
0.10666666666666665,0,0.21535898384862245,340.4728721961202
0.11333333333333331,0,0.21535898384862245,340.4630970313649
0.012082451386198713,0.04362972009470278,0.25,346.83096105848136
0.011280424551562642,0.03637487996029034,0.25,345.0696798072627
0.13666666666666666,0,0.24422649730810375,340.0255131979597
0.06020210525898488,0.016537305108542552,0.25,341.85683146068305
0.03456916435458719,0.032211571621070176,0.25,344.45167495504097
0.11999999999999997,0,0.23845299461620745,340.1719988053043
0.1328434580633477,0.049999999999999996,0.19453452910433205,349.8307413754251
0.17766005142650956,0.05,0.1784065148863646,349.5465403741473
0.038189721451529074,0.044070523873690065,0.25,347.2677915995946
0.057916818047721245,0.011004990100118971,0.25,341.0812502587749
0.053548348884178885,0.01647766519181436,0.25,341.80489783859724
0.02405436128355967,0.03681568373927763,0.25,345.339959202025
0.08733056787087555,0.049999999999999996,0.21694542013068785,349.6682915047962
0.08399723453754224,0.05,0.2227189228225841,349.5876604730957
0.040000000000000015,0.05,0.25,348.89884509919534
0.06895195387793028,0.005532315008423582,0.25,340.5009580179904
0.17212301967221885,0.05,0.16908469104048565,349.6740992059346
0.1775883583918987,0.05,0.16589041246393016,349.6219312984572
0.1776242049092041,0.05,0.17214846367514738,349.58672510505903
0.12894238804119784,0.005544465836476598,0.25,340.5115556123021
0.05563153083645761,0.005472675091695388,0.25,340.42173585174595
0.12317236415873775,0,0.21001225969459647,340.49165700288705
0.12634472831747554,0,0.2046655355405705,340.5315321013107
0.08659094932217706,0,0.22728912988873443,340.32869890457494
0.09333333333333331,0,0.22690598923241495,340.34310073245837
0.08992428265551039,0,0.22151562719683818,340.4014792090648
0.021954568740560967,0.008745395751317938,0.25,340.48636611919784
0.062285287211263606,0.0055323150084235825,0.25,340.46775746490636
0.06457057442252724,0.011064630016847165,0.25,341.1269252935478
0.0508669761402592,0.05,0.24537083745142696,349.0753922437591
0.09366528393543774,0.04999999999999999,0.21615220198965515,349.68756046655443
0.07298729190583765,0,0.22713841485587166,340.29066364165436
0.07978912061400736,0,0.22721377237230303,340.31303639869515
0.06322310511509219,0,0.2325052253108535,340.17989513726934
0.047147673837462094,0.03297812870943288,0.25,344.73138355785863
0.14618891966018388,0,0.2166711169000003,340.3072886042364
0.15288553255369536,0,0.21754694810385472,340.24955746688875
0.03307538897291758,0.02614542112287983,0.25,343.23872813578913
0.03158161359124796,0.020079270624689484,0.25,342.17097082971804
0.11999999999999998,0,0.21535898384862245,340.4468859649115
0.1429251576865339,0,0.2215915501220094,340.27451986841356
0.1496217705800454,0,0.22246738132586383,340.2195184164793
0.009374559026432692,0.046814860047351387,0.25,347.63046465085324
0.08666666666666666,0,0.25,340.02732427540246
0.1268425938287829,0.05,0.21613306303387603,349.63301154649184
0.1495100075896415,0.05,0.1829067593853854,349.8135945206662
0.0376046168047912,0.05,0.23357183697207806,349.14157130904135
0.040902463139191866,0.05,0.2394713372117525,349.0843925815355
0.03340430733119868,0.05,0.2382009995206511,349.02705739371606
0.19999999999999998,0.027827890327443816,0.14975662370879794,344.05222812403986
0.19999999999999998,0.027868089041654744,0.15617330184125428,344.0382055618489
0.10999999999999997,0,0.23267949192431123,340.2682232079147
0.1133333333333333,0,0.22690598923241495,340.3333840595313
0.18308954362888397,0.05,0.1689541850985919,349.53025131352524
0.05781230952629988,0.04445380241787142,0.25,347.53254600600786
0.14223070098797624,0,0.18829637857133696,340.58804924029374
0.13931041459733098,0,0.19373463307267855,340.5637974511662
0.0211525419059249,0.018157222283572166,0.25,341.7518338567079
0.016381885173433645,0.01756053795055735,0.25,341.6023192714467
0.13333333333333333,0,0.25,339.9598704116027
0.1831253901461894,0.05,0.17521223630980912,349.49261578474113
0.07333333333333332,0,0.25,339.988924338796
0.02336261273652611,0.004671040042166378,0.25,340.05411868968616
0.019999999999999993,0,0.25,339.5795519579547
0.018591956004034852,0.0040743557091515595,0.25,339.9390390955256
0.07713312971840555,0.05000000000000001,0.2449892753589164,349.23365230060006
0.07333333333333339,0.05,0.25,349.1319446024927
0.03999999999999999,0,0.25,339.7809236016849
0.017183912008069707,0.008148711418303119,0.25,340.36045626091527
0.2,0.016881904183451958,0.16043251465311098,342.13465977497464
0.2,0.01129187852861086,0.16251329988283564,341.34645583542596
0.04420030947359253,0.05,0.24537083745142696,349.0185959288076
0.15886860772653782,0.05000000000000002,0.17910738863529427,349.756924033474
0.09666666666666665,0,0.24422649730810372,340.12174892379994
0.15626271151684928,0,0.2006767171834622,340.38739821290187
0.15941136011004134,0,0.20719063030304144,340.3012409931596
0.2,0.033376896366009545,0.1540413755509351,345.17268603986776
0.028910749401755396,0.030886207612967682,0.25,344.1164917310441
0.053333333333333365,0.05,0.25,349.0143012029393
0.2,0.02218954524635404,0.13269770676786846,343.05789187645405
0.09333333333333332,0,0.25,340.03682596085935
0.08893517032943873,0.005537552808955067,0.25,340.56264320864295
0.08046646305173885,0.05,0.23921577266702015,349.3396476897301
0.06133343919199804,0.05,0.24036011281034336,349.2320354349742
0.010863941564751229,0.05,0.24545320055089792,348.61549936183434
0.008394549796169113,0.05,0.24090640110179584,348.6514711242518
0.015061216462835786,0.05,0.24090640110179584,348.75204420571464
0.1033333333333333,0,0.24422649730810372,340.1217640846057
0.1488621002336029,0,0.18231781391644705,340.5857365781733
0.15281484957343008,0,0.18761014460526432,340.51958490367525
0.15415417452632982,0,0.1819746969334107,340.54817419643217
0.15586995098996242,0,0.1958089928662696,340.43189676553817
0.15720927594286216,0,0.190173545194416,340.46525872914367
0.09666666666666665,0,0.2211324865405187,340.41241324106375
0,0.05,0.25,348.3591635688966
0.004197274898084556,0.05,0.24545320055089792,348.50897143514777
0.006666666666666672,0.05,0.25,348.4716463408069
0.01259182469425367,0.05,0.23635960165269382,348.7866626362086
0.13659695317541895,0,0.23284768760745297,340.17654064759415
0.18305369711157857,0.05000000000000001,0.1626961338873747,349.5629083047956
0.13827795164814907,0,0.18300404788251973,340.6485051775717
0.14357002594087598,0,0.18266093089948338,340.61918023855316
0.1353576652575038,0,0.1884423023838613,340.6259354391918
0.042786116457777655,0.0216825407237475,0.25,342.54245488353155
0.02592319863841616,0.018753906616586984,0.25,341.8994748471324
0.05999999999999998,0,0.25,339.92465643114423
0.2,0.033336697651798614,0.14762469741847878,345.1843006564972
0.17271300305537723,0.05,0.18131631305444607,349.5891599342426
0.17215886618952428,0.05,0.17534274225170288,349.6363438104088
0.15643349685401475,0,0.21190886618812993,340.28005947702115
0.2,0,0.15384615384615385,340.16806309391654
0.14674006043673787,0.049999999999999996,0.19422795445620317,349.74318415352934
0.19436014981976812,0,0.15644622430054583,340.23957539405103
0.16160370231229423,0,0.19273694578356773,340.40734011661715
0.11666666666666663,0,0.2326794919243112,340.255416513256
0.020546524744595823,0.012819751460469495,0.25,340.98054357652825
0.06666666666666671,0.05,0.25,349.0999714760923
0.19999999999999998,0.02237499661255335,0.15830290824718263,343.0267824674324
0.06959451387549086,0,0.232453419375017,340.2114843907512
0.08079841365384328,0.05,0.22846198542426033,349.50081398883935
0.07779703092261442,0.05000000000000001,0.22348170087339678,349.55864262649334
0.013333333333333345,0.05,0.25,348.5741450414595
0.08379979638507215,0.05,0.23344226997512388,349.4376245591675
0.0869986172687711,0.05,0.22769920737344768,349.5275178525053
0.02673764066453202,0.05,0.2382009995206511,348.9494154834065
0.2,0.05,0.16666666666666666,349.2709606779726
0.08319817129183027,0,0.2326041344078798,340.25605433698547
0.1549740711135372,0.05000000000000001,0.18252159814442082,349.7693722140813
0.03010646099679802,0.05,0.23230149928097665,349.0782366531434
0.12951709247621332,0,0.1993188113865445,340.5665112601827
0.0027078923597660203,0.046814860047351387,0.25,347.52307236217644
0.005415784719532041,0.043629720094702784,0.25,346.7286592530383
0.1264974355888908,0,0.21550441779779692,340.4235195618087
0.0651332355770702,0.05000000000000001,0.23534938816925977,349.3324211457608
0.1584357488412899,0,0.17830882327986647,340.5361061904536
0.13243737886685858,0,0.1938805568852029,340.5986041333954
0.16665768095253902,0.05,0.17227896961704114,349.7194120272279
0.07459821003891547,0.05000000000000001,0.22922476347507298,349.4677433882869
0.16271732315624995,0,0.17464294962632224,340.5197684297966
0.09325761598884372,0,0.21574212450494193,340.468745223063
0.015775868012104566,0.012223067127454676,0.25,340.8438034541237
0.08099585180631336,0.05,0.21773863827172057,349.6424423016684
0.05048028759429485,0,0.2326088371825265,340.09943589464905
0.00812367707929806,0.04044458014205417,0.25,345.9759242414817
0.2,0.016636068400737218,0.1284425505087915,342.17126670377803
0.09999999999999998,0,0.21535898384862245,340.4762114591776
0.0027078923597660203,0.04125930449179584,0.25,346.0893819676293
0.008572532191796621,0.0340044643573834,0.25,344.5064159416464
0.011729279664061204,0.029934764175619577,0.25,343.7077346364069
0.005864639832030602,0.03163404875447646,0.25,343.96673846696854
0.06385588764258772,0,0.22296783549422927,340.29756252551095
0.07011797878938608,0,0.22239562291547776,340.3340690572866
0.0672486656729345,0,0.2176528309750839,340.37357451232594
0.2,0.02770329131511238,0.12416808264417088,344.0652479966863
0.2,0.0332567681607292,0.12842323890324786,345.1972798002175
0.20000000000000004,0.03323690277229996,0.12203084871186058,345.19302341123245
0.1717363740454285,0,0.16197563206349325,340.49385587078757
0.1657528159609174,0,0.15919466199650728,340.56562861041743
0.16637585671606372,0,0.16508586898464264,340.5344169795823
0.03671690593941335,0.05,0.21352217384893457,349.39554191686057
0.0360013995435753,0.05,0.22070673132810711,349.3007799750185
0.031537473788474116,0.05,0.21793238432263157,349.286412859149
0.03899414357298374,0.010143715133861766,0.25,340.8293607041756
0.03669594606985944,0.0046710400421663785,0.25,340.1898570572844
0.033391892139718896,0.009342080084332757,0.25,340.6790168689986
0.037183865024512805,0.020880905674218492,0.25,342.3576904394603
0.03569008964284319,0.014814755176028146,0.25,341.4163435404928
0.06035379199864062,0,0.22776243337045962,340.2222509942234
0.08278170366485295,0,0.21030118577178436,340.5062684257605
0.0895240876760092,0,0.20991804511546489,340.5236899201228
0.17713748008037258,0.05,0.15979581503373133,349.65682221870617
0.04382252953983253,0,0.23235672320196077,340.0515317853794
0.040329100341734245,0,0.23815377747445193,339.94789562081064
0.1029138933948021,0,0.20940680517401664,340.5362109661586
0.10582778678960422,0,0.20345462649941082,340.5907993157373
0.09918036508196758,0,0.2035827257845396,340.5920466595889
0.12259195504561099,0,0.19871335686596467,340.59805356260557
0.12603622494081873,0,0.19354127796384396,340.62863209197576
0.11911108751021643,0,0.19293582344326413,340.65625745917805
0.14416398843975228,0,0.17064590240757146,340.68718115458955
0.1471070068355539,0,0.16446682967009735,340.69790901704164
0.1411737868800116,0,0.16605713350768447,340.7288857364488
0.02483309579399512,0.05,0.22861309873507873,349.0666405445986
0.030821967392636068,0.05,0.22511694180180414,349.1862569591816
0.15415517085719393,0.05000000000000002,0.16748329101223064,349.87232643039187
0.1502606342441933,0.05000000000000002,0.1708975005213572,349.8868011622979
0.14790391580952136,0.05000000000000001,0.16508545170982536,349.9375263522083
0.08579055936317469,0,0.20409396572598784,340.5726207680165
0,0.033288858411723216,0.2448323755310262,344.302926068063
0,0.038844413967278765,0.2448323755310262,345.54694494389366
0,0.03888888888888889,0.25,345.4736910731588
0.10899304758893519,0.05,0.19796435789359657,349.8799661461749
0.11598678066732229,0.05,0.19863065617001133,349.8595123624332
0.11266203172595678,0.05,0.20376256654527183,349.8163228890187
0.2,0.011092854153865492,0.11768084642130724,341.399843937111
0.2,0.005545356133579073,0.11973726042600742,340.748921774784
0.2,0.011090712267158145,0.12408990546739945,341.4026428450005
0.2,0.005545356133579074,0.12614751683626385,340.7503888279855
0.18295966744382317,0.049999999999999996,0.15038589078297104,349.6127669320822
0.18860843507329697,0.04999999999999999,0.1474358974358974,349.537564199898
0.18865544990717467,0.05,0.15359101898809924,349.51722776342615
0.11249445345627089,0,0.20345462649941082,340.5818295694584
0.10958056006146877,0,0.20940680517401664,340.5300564614905
0.11239655053568856,0.05,0.19284280317605432,349.9207698999094
0.1196557648043439,0.05,0.2044288648216866,349.79119511985704
0.11633101586297838,0.05,0.2095607751969471,349.74574374410713
0.2,0.011090712267158147,0.1305001618776559,341.40089354359
0.17111333329028217,0,0.15608442507535789,340.5234154599918
0.2,0.03886433262505846,0.13901047439580985,346.45565350190526
0.20000000000000004,0.03327663354915844,0.13481562909463518,345.1965169112211
0.15974522650417833,0,0.16291578688374908,340.6056024469447
0.00541578471953204,0.03807416453914723,0.25,345.37055829092736
0.11939028361407568,0.05,0.19350910145246908,349.8969003266916
0.16036826725932465,0,0.16880699387188444,340.5723876057427
0.11566681761500866,0,0.19810790234538483,340.62254197851587
0.1121859500796141,0,0.1923303689226843,340.6768289398677
0.1096643491963117,0.049999999999999996,0.20956077519694713,349.7596656160339
0.2,0.027705433201819726,0.11775902359807866,344.0626448193531
0.011925289337368188,0.004074355709151559,0.25,339.8569198549913
0.01333333333333333,0,0.25,339.49956223889313
0.13187679772210925,0,0.1826647689611608,340.68361400723813
0.12888659616236858,0,0.1780760000612738,340.72638607648315
0.12547564379606946,0,0.18232549003980186,340.7127174108086
0.15261735267886525,0.05000000000000002,0.17670954933288902,349.8307497829223
0.011729279664061204,0.024379208620064017,0.25,342.6609321216142
0.005864639832030602,0.020522937643365345,0.25,341.92383467043936
0.005864639832030602,0.026078493198920902,0.25,342.8844833859119
0.0523219640664005,0,0.22321822678698594,340.22472003026576
0.0558240597103476,0,0.2184236289107556,340.3014542076701
0.050661544894559055,0,0.21862221426767578,340.26426034242235
0.04050169119614963,0,0.22316469816334036,340.13339392254824
0.03550435231352876,0,0.2275085967020848,340.0378444098409
0.042162110367991085,0,0.22776071068265058,340.0939185606182
0.2,0.01664249406085926,0.10921537337051485,342.15801260521533
0.2,0.022173963631339492,0.11348719848429675,343.0509745506807
0.2,0.022184046121244295,0.1070849469932104,343.04144705887757
0.03016900447696929,0,0.24395083174694307,339.77473927100533
0.023502337810302625,0,0.24395083174694307,339.70445754096795
0.026666666666666658,0,0.25,339.6530218814319
0.16530504601796062,0.049999999999999996,0.15399517732644463,349.82223896685963
0.1712212630491666,0.049999999999999996,0.15689549618008797,349.7432657727275
0.16575592432948674,0.04999999999999999,0.16008977475664346,349.7927302206172
0.0715813975355156,0.05,0.2127108555369608,349.6663267362148
0.06831887730061893,0.05,0.2075146258958895,349.70850735797353
0.07447081133652003,0.05,0.20734617898957794,349.7387943974806
0.1595046692818142,0.05,0.1576919354542382,349.8682806528157
0.011123262502732123,0.019041737796961347,0.25,341.76128115493265
0,0.044444444444444446,0.25,346.84988374191306
0.2,0.04443216631252923,0.13681292950559726,347.84979669930334
0.20000000000000004,0.03884446723662922,0.13261808420442256,346.4593720613292
0.01086652727529418,0,0.24528252466774425,339.5352116243437
0.006666666666666665,0,0.25,339.413244881485
0.2,0.0221696798579248,0.1263053165764812,343.05799576086815
0.2,0.016638210287444565,0.12203349146269926,342.17169811153934
0.09047464468617314,0.05,0.21084591893087612,349.74548510739106
0.0027078923597660203,0.03570374893624029,0.25,344.7887787313114
0.004197274898084556,0.05,0.23263268773038512,348.70854130615066
0.004197274898084556,0.05,0.23904294414064153,348.61241633918274
0,0.05,0.23717948717948717,348.56889155478825
0,0.02773330285616766,0.24483237553102621,343.18434568561923
0,0.03324438349011309,0.2396647510620524,344.3715244267025
0.030029279403192773,0.0046710400421663785,0.25,340.12516089460223
0,0.04439996952283433,0.23842211912076977,347.02521968496285
0,0.03879993904566865,0.23325449465179598,345.71027012037786
0,0.04439996952283433,0.23201186271051338,347.11906845490506
0.004199860608627514,0,0.24528252466774422,339.4464009407945
0,0,0.25,339.3205998857305
0.2,0.02772315670354162,0.13056047283555816,344.0673242489718
0.1020942584767697,0,0.19763054710993377,340.6441549951741
0.04564475744961573,0.05,0.2190708678598856,349.4153283130294
0.047963481106669675,0.05,0.22475141602468404,349.36216400001564
0.04046532529867649,0.05,0.2234810783335826,349.31051751373406
0.09626647168716546,0,0.2095349044591454,340.53452716660144
0.17709689137479326,0,0.15886539514234382,340.4478964626397
0.033333333333333326,0,0.25,339.7201457626753
0,0.0055555555555555575,0.25,339.8452830351297
0,0.009898111565874293,0.2451228726840512,340.4067139387512
0,0.011111111111111115,0.25,340.48584364569433
0.17167214136069273,0.05,0.16299009361028682,349.71106593948184
0.1059953650592901,0.049999999999999996,0.20376256654527186,349.82632608788373
0.09980704328038041,0.049999999999999996,0.20425449213816813,349.82416321970715
0.10280472581002548,0.05,0.19845628348649283,349.8812100796854
0.2,0.02772559818162933,0.10495452061590596,344.04548581223594
0.2,0.027715515691724528,0.11135677210699232,344.05654317179926
0.2,0.03325706775210956,0.10922634572968788,345.18271609261376
0.055913968846721715,0.05,0.2301563345664057,349.34977072598366
0.05922700927266587,0.05,0.22420015677853047,349.45462898534265
0.062180122424868034,0.05,0.22977477247389513,349.3967791148548
0.07634381049980143,0,0.21107105448688593,340.47948583364223
0.13870707822729644,0.049999999999999996,0.1728788962037335,349.9594686241508
0.14168922563107383,0.049999999999999996,0.1774798718148181,349.91043706987796
0.1355997331380727,0.04999999999999999,0.17907610625622988,349.9380855556608
0,0.027688827934557535,0.23966475106205237,343.25207130913554
0,0.03319990856850297,0.2344971265930786,344.43638063855207
0.06844627600301435,0.05000000000000002,0.22939321038138455,349.4370443639866
0.1322975485286677,0,0.17382651008274574,340.73620734805456
0.13823076848421,0,0.17223620624515862,340.71443204393455
0.1352405669244693,0,0.16764743734527163,340.754386870631
0.03683567114363595,0,0.24395083174694307,339.8386749588089
0.12895651133146402,0,0.18810302346250235,340.6585038333152
0.10299768252964502,0.04999999999999999,0.20956077519694716,349.76642043480643
0.2,0.01113538178842017,0.13688724442705202,341.40020386764763
0.04278404895573044,0.05,0.22916162649838107,349.25564419819517
0.050282204763723616,0.05,0.23043196418948247,349.3029028436611
0.2,0.03882460184819997,0.12622569401303527,346.4580713427718
0.047159449250611954,0,0.22341681214390613,340.18483674903047
0.10874168018440636,0,0.197502447824805,340.63997650791356
0.09042808225220611,0.05,0.19944013467228539,349.8650264723729
0.09361872150147071,0.049999999999999996,0.2047464177310644,349.81577652675287
0.08728400543690852,0.05,0.20553963587209712,349.79773393203783
0.01372151849034411,0.05,0.22627739897975319,348.94722090986807
0.018994883693147006,0.05,0.2299657995256511,348.97109344523057
0.01315667159229889,0.05,0.23131850031622353,348.8689457009712
0.1258963946026279,0,0.1734872311613868,340.76539413658935
0.188608435073297,0,0.14102564102564102,340.3589156781222
0.1829126526099455,0,0.14423076923076925,340.42446968618793
0.188608435073297,0,0.14743589743589744,340.3448636191012
0.19430421753664848,0.049999999999999996,0.15064102564102563,349.43644006225696
0.027004675620605257,0,0.23790166349388614,339.8234473943617
0.021035531752263477,0,0.23923335641468732,339.7404597893299
0,0.008685112020637473,0.24024574536810234,340.32974273033085
0,0.01424066757619303,0.24024574536810236,341.03788942772405
0.1943042175366485,0,0.14423076923076925,340.2757632192277
0.1943042175366485,0,0.15064102564102566,340.25939475501076
0.010517245341403043,0.013704266973858674,0.25,340.97303790986984
0.18302451717618473,0,0.1558411665498096,340.38944875423954
0.1829685848930651,0,0.15003596789028942,340.4088590446654
0.17704095909167364,0,0.15306019648282365,340.46918973812353
0.1263840166924628,0.05,0.19417539972888384,349.86503011427357
0.12298051374570941,0.05,0.1992969544464261,349.8310579394909
0.07120829110162337,0.05,0.2021499493485066,349.778478324717
0.07761488815181761,0.05,0.20124667778976618,349.81411795538264
0.09253294337433093,0,0.20371082506966837,340.5868290248592
0.19999999999999996,0.011180051309682193,0.14327432697644815,341.3947412692568
0.2,0.0055900256548410965,0.1453551122061728,340.73134846589994
0,0.027777777777777787,0.25,343.11287791531316
0,0.03333333333333334,0.25,344.2305855626339
0.06254004969861003,0.05,0.21824397899065529,349.5521196220429
0.056908285615611925,0.05,0.21851960861373204,349.5118233927308
0.08087740838671428,0.05,0.2064429074308375,349.771659288816
0.07773333157141671,0.05,0.21254240863064927,349.6934490564643
0.025548602189833167,0.05,0.22142854125590622,349.171160716444
0.07484391777041224,0.05,0.21790708517803212,349.61848470067633
0.0716450968867133,0.05,0.22365014777970832,349.5313143138471
0.06869198373451113,0.05,0.2180755320843437,349.58837714080113
0.0966164040311158,0.05,0.1989482090793891,349.87623018841805
0.005258622670701521,0.015185466820262674,0.25,341.1058639976368
0.07351075681973286,0,0.2170806183963324,340.4066772973864
0.13528775008840838,0,0.17841527898263274,340.6942382673825
0.16620680264101287,0.049999999999999996,0.1661843721868423,349.7584545740733
0.16040642590486648,0.05,0.16988113031463586,349.79962165539837
0.041180831694514544,0.05,0.21629652085441012,349.40774990352185
0.012599581825882545,0,0.2358475740032327,339.6833021490203
0.008399721217255029,0,0.24056504933548845,339.5673016952244
0.015066387883921693,0,0.24056504933548847,339.6522780665682
0.2,0.03326715024201437,0.10282409423860153,345.1701288652902
0.17105740100716255,0,0.1502792264158377,340.54279207163006
0.1651297752057711,0,0.15330345500837195,340.59279580696654
0.005258622670701521,0.009629911264707115,0.25,340.3792297562909
0.010517245341403043,0.008148711418303117,0.25,340.27620749890815
0.02453786956256611,0,0.2331841881616304,339.85730917949405
0.018568725694224325,0,0.23451588108243157,339.7729027231221
0.2,0.044432166312529234,0.14322318591585365,347.83787039164355
0.07008171935300309,0,0.21164326706563744,340.44931417015385
0,0.04439996952283432,0.2448323755310262,346.92405097795364
0.11624722672813544,0,0.20940680517401664,340.5174660551244
0.019559730591192225,0.05,0.22492469818918082,349.04772441451723
0,0.05,0.24358974358974358,348.4676875303759
0.12255535740542417,0,0.18776374454114342,340.6850668013426
0.07291477303307167,0,0.20563370315619098,340.5196489788086
0.0694857355663419,0,0.20019635182549606,340.5545494426818
0.06665268188627331,0,0.20620591573494249,340.48668836162824
0.18866436735641662,0,0.15324109609541764,340.32714861786013
0.13212243917096517,0.04999999999999999,0.18331795249186628,349.926803755761
0.1518051186294045,0,0.1761387411789729,340.60272433476626
0.030507013430907892,0,0.23185249524082924,339.9365215181361
0.03367134228727192,0,0.23790166349388614,339.89054093095933
0.15995554759334035,0.05,0.16378653288443706,349.8363346042578
0.12279378656082907,0.05,0.18838754673492686,349.92882574839274
0.005258622670701521,0.004074355709151559,0.25,339.76847297611044
0.2,0,0.12820512820512822,340.2147848504361
0.2,0,0.13461538461538464,340.21009734161044
0.2,0.005545356133579074,0.13255777324652027,340.7471704228674
0.051276521532613833,0.05,0.21879523823680885,349.46622628972625
0.12925322793171398,0.04999999999999999,0.18874667611037507,349.89860970999797
0.15651188929186588,0.05,0.17329533982376244,349.81728832666556
0,0.05,0.23076923076923075,348.6627756421337
0.004762121796129776,0.05,0.2275915863939148,348.78844853084075
0.008959396694214333,0.05,0.22945504335506917,348.83093211556866
0.017533193941960845,0,0.24528252466774425,339.6176946695464
0.04129234107610804,0.015616390225557154,0.25,341.5823288784874
0.12930734696892704,0,0.16923774118285878,340.77441241958803
0.17698502680855402,0,0.14725499782330348,340.48668336470394
0.08413992862161095,0.05,0.21163913707190884,349.7235392084696
0.2,0.044412300924099986,0.11760002649369712,347.84998594553326
0.2,0.05,0.11538461538461539,349.3730828892344
0.2,0.044422383414004785,0.11119777500261077,347.8442158265839
0.2,0.00554749802028642,0.1133282013799152,340.7428925512435
0.12914029176718778,0.05,0.17871697688078167,349.9746377421346
0.03225298018431216,0.05,0.21074782684345905,349.3787043530455
0,0.01666666666666667,0.25,341.2422817174245
0.18300668227770087,0.05,0.15654101233517287,349.59018190998825
0.2,0.03882460184819997,0.11981543760277885,346.4566327861993
0.2,0.038834684338104775,0.1134131861116925,346.45240982507227
0.1943042175366485,0,0.13782051282051283,340.28745822992965
0.2,0,0.14102564102564105,340.2007593792274
0.11941959088687322,0,0.20406008101999065,340.56020777864086
0.2,0.05,0.14102564102564105,349.36295409361315
0.2,0.05,0.13461538461538464,349.3731643364377
0.18291265260994546,0.049999999999999996,0.14423076923076922,349.63066337107745
0.020275236987030272,0.05,0.2177401407100083,349.14874445216964
0.02626410858567122,0.05,0.2142439837767337,349.2678164822183
0.2,0.022171821744632145,0.11989625753038897,343.0569098760822
0.12963543833051794,0.05,0.16987415503406067,350.0278264184945
0.13261758573429533,0.049999999999999996,0.17447513064514528,349.9850737879276
0.1261581443634104,0.05,0.17411600126969706,350.01823612680846
0.13572493082351908,0.05,0.1682779205926489,350.00426457672376
0.05748447888218905,0,0.22301964143006575,340.2607068905846
0.05398238323824195,0,0.22781423930629613,340.1822683048004
0,0.03879993904566864,0.23966475106205237,345.6164566678388
0.2,0,0.14743589743589747,340.1867479633294
0.11907448987002962,0,0.1819862111184429,340.7358153882829
0.0759236287313934,0,0.19942648311039446,340.5868704292035
0.07935266619812317,0,0.2048638344410894,340.54920076812857
0.15370429254566778,0.05000000000000001,0.16138869358203178,349.9067097812652
0.1447965707202976,0.05,0.17128266176232176,349.92732528004933
0.12248544223632876,0,0.17773672113991487,340.7525284594877
0.03528589314773725,0.05,0.22789128880727966,349.19815362710534
0.17709046524649488,0.05,0.15364069348152953,349.68186308111734
0.009524243592259552,0.05,0.22441394201859885,348.90801940442924
0.14715328915496956,0.05000000000000001,0.17709471057385356,349.87312299509045
0.2,0.05,0.14743589743589744,349.34766296751883
0.15311459629229296,0,0.16074570478285555,340.6698105905524
0.15373763704743926,0,0.16663691177099088,340.6386369732695
0.008394549796169113,0.05,0.23449614469153945,348.74983697084224
0,0.015453667121429851,0.2451228726840512,341.1390063233128
0.0454990300787705,0,0.21882079962459594,340.223170056258
0.08879941506149643,0,0.19788674568019132,340.6331170339509
0.09544683676913307,0,0.19775864639506255,340.6418685038532
0.04881986842245341,0,0.22801282466321632,340.1435920284941
0,0.004342556010318736,0.24512287268405117,339.790299015355
0,0.022222222222222227,0.25,342.11677663357665
0.06098657452613615,0,0.21822504355383543,340.3347516520012
0.01428636538838933,0.05,0.2212362976432829,349.02148826289914
0.1494560627324792,0,0.17030278542453514,340.6526359416361
0.14651304433667758,0,0.17648185816200926,340.6387781321136
0.053595245189667774,0.05,0.22447578640160729,349.4110469295254
0.1711742482152889,0.04999999999999999,0.15074037462788614,349.76607389235716
0.08236152189644491,0,0.1986566143952929,340.61305962629314
0.11920355642919533,0.05,0.18259969374096985,349.98598977970596
0.12566299780008025,0.049999999999999996,0.18295882311641806,349.9598464417649
0.14122097004395068,0,0.17682497514504558,340.6707132080996
0,0.020964747755375282,0.23995524821507738,342.05587329153974
0,0.022177747300612102,0.24483237553102621,342.1873716687596
0.12268085039630289,0.05,0.17835784750533346,350.00429058054556
0.19999999999999998,0.0055900256548410965,0.1389448557959164,340.7440409037599
0.188608435073297,0.049999999999999996,0.14102564102564102,349.55288212972727
0.1943042175366485,0.05,0.14423076923076925,349.4542850318538
0.1943042175366485,0.05,0.13782051282051283,349.4670491181807
0,0.01975174821013846,0.23507812089912855,341.92653341284273
0.06549316285081219,0.05,0.2238185946860199,349.49783604231783
0.15608669294436456,0,0.17247286752542867,340.5896908475937
0.17704345041261718,0.04999999999999999,0.14748557192932768,349.7022153604299
0.11563021997482185,0,0.1871582900205636,340.7087752333242
0.11580005348244195,0.05,0.18772124845851207,349.9561111110864
0.2,0.016640352174151912,0.11562443241660705,342.1672800786851
0.08402148520201186,0.05,0.20034340623102576,349.8429673379346
0.09680936075073532,0.04999999999999999,0.21005270078984342,349.7608507649429
0.15912218574903203,0,0.15702457989561375,340.63477285386074
0.2,0.033246985262204765,0.11562859722077423,345.1903476079279
0.06542946349961448,0.05,0.21287930244327238,349.63305445708215
0.2,0.044412300924099986,0.13042053931420994,347.8514516511735
0.06381962820620474,0,0.21221547964438894,340.41342243140133
0.037164771485370215,0,0.232104609221395,339.99722699320836
0.14181442331652022,0.05,0.16668168615123713,349.97416455462843
0.2,0.03884476682800958,0.10701093462060615,346.44323115193566
0.06672520075903929,0,0.22771062743462314,340.2564734384275
0,0.026475828389320714,0.23478762374610357,343.0923499488074
0.2,0.01109499604057284,0.11127178737521502,341.3921955886058
0.2,0,0.11538461538461539,340.2101034931283
0.2,0,0.1217948717948718,340.21478690094204
0,0.01302766803095621,0.23536861805215353,340.9389310306582
0.17721687014659399,0,0.1282051282051282,340.51167505814584
0.17152108768324248,0,0.13141025641025642,340.5723139204618
0.17721687014659399,0,0.1346153846153846,340.50703328518085
0.1533008457707366,0,0.15385601881055525,340.69397877882074
0.14729325631399753,0,0.15757714369779705,340.7252206138649
0.027266831330605742,0.05,0.2013734727251811,349.4186217345431
0.032542503899573846,0.05,0.20444077994822088,349.4496009574595
0.026977307615344056,0.05,0.20768051962041928,349.3502109032682
0.16559346188185103,0,0.14084474141304706,340.6200421473066
0.15954027856551561,0,0.14390553712565102,340.6695875618026
0.16536161854381107,0,0.1470740982107095,340.6086444032853
0.07355205252131315,0.05,0.19646359865130927,349.8438915004447
0.06866964443296508,0.05,0.19743512255068352,349.81193995559966
0.2,0.03886837033413453,0.08773918897770863,346.383091398154
0.2,0.044434185167067264,0.09194651756577739,347.79123939144256
0.2,0.04443418516706727,0.08553626115552099,347.76233507031907
0.1829126526099455,0,0.13141025641025642,340.4428019550015
0.1357542116468838,0,0.15639642161885398,340.7998695116232
0.13007781405254878,0,0.1523612175932323,340.84094579312574
0.12982099169134154,0,0.15798672545644113,340.82245019065004
0.024958151709243905,0,0.22789229776795844,339.92664287247084
0.030896562639615634,0,0.22460324487107408,340.0272064640225
0.021991158761637642,0.05,0.19830616550214133,349.3810800753722
0.021701635046375956,0.05,0.2046132123973795,349.31515501723635
0.2,0.005547498020286421,0.1069179449696588,340.73193693955193
0.2,0.005547498020286421,0.10050768855940238,340.71627213532366
0.2,0,0.10256410256410256,340.18674665158693
0.01940928998757992,0,0.22393210029508764,339.9103067618451
0.01898900784090212,0,0.2292239906887596,339.843266556105
0.188608435073297,0,0.11538461538461539,340.3680236958232
0.188608435073297,0,0.10897435897435898,340.3586757718578
0.1829126526099455,0,0.11217948717948718,340.4357314223853
0.12995881384955973,0.05,0.16432402076512234,350.0559470255827
0.13604830634256088,0.05000000000000001,0.16272778632371057,350.03088626890064
0.188608435073297,0.05,0.08974358974358976,349.49140149668034
0.1829126526099455,0.05,0.09294871794871795,349.589542907296
0.18291265260994552,0.05000000000000001,0.08653846153846156,349.56132022413516
0.2,0.05,0.08333333333333334,349.2709639433988
0.2,0.04443418516706727,0.0791260047452646,347.7282428883215
0.10846516419716569,0,0.18612678880086353,340.72878843485097
0.15348709524918022,0,0.14696633283825494,340.71265099589806
0.15930843522747568,0,0.15013489392331344,340.6557976335741
0,0.008685112020637473,0.23383548895784595,340.4140498889642
0,0.004342556010318736,0.23871261627379475,339.8773298577501
0,0.004342556010318736,0.23230235986353837,339.95963874585004
0.188608435073297,0,0.1282051282051282,340.37266673254607
0.1829126526099455,0,0.125,340.44507245208257
0,0.04454547129639714,0.2193393142581054,347.32461143943976
0,0.03909094259279427,0.21431965415723647,346.02149068350616
0,0.04454547129639714,0.21292905784784902,347.40023598901996
0.12364361233167714,0,0.16716727193747502,340.8067904573011
0.12023265996537802,0,0.17141676191600308,340.7959473778156
0.11823670005563452,0,0.15947129482888245,340.8575432614649
0.11231614305717741,0,0.16302633344670753,340.8558697191434
0.11797987769442728,0,0.1650968026920913,340.8339428904862
0.13637168186160264,0.05,0.15717765205477222,350.05351900168154
0.142137798835562,0.05,0.16113155188229877,349.99928733189387
0.020988436016703114,0.05,0.2111766765536939,349.2350168771954
0.014999564418062172,0.05,0.21467283348696853,349.11163869190085
0.177216870146594,0.05,0.13461538461538464,349.7256913837673
0.17721687014659404,0.05000000000000001,0.12820512820512822,349.730831219373
0.1829126526099455,0.05,0.1314102564102564,349.65105728520507
0.09757932253706111,0,0.1788917074593427,340.781872180412
0.09108919650885107,0,0.1809590039525471,340.76334551701956
0.09465268671187288,0,0.18522338686629225,340.7382553006494
0.013860428265915936,0,0.21997190282221687,339.8875131862588
0.019798839196287665,0,0.2166828499253325,339.9946456238518
0,0.0336364138891914,0.21571025046662393,344.7692362222933
0,0.03349091211562859,0.22197254250877546,344.6635308219356
0,0.0276422569473553,0.21716315406720677,343.5335904015704
0.01571276344773501,0.05,0.20810936933065413,349.1956548359178
0.010237442621932394,0.05,0.21144022145202807,349.07690112314606
0.15970777167232236,0.04999999999999999,0.1508460588885132,349.89145498243914
0,0.03334541034206578,0.22823483455092702,344.5525789606886
0,0.027351253400229678,0.2296877381515099,343.3246487701135
0.2,0.005555146845306129,0.08124706883631977,340.6413433630251
0.2,0,0.08333333333333334,340.11660815925467
0.2,0.005555146845306129,0.08765732524657618,340.6712741289189
0.2,0.044371788298881075,0.07274765741320223,347.6726448664194
0.2,0.04437178829888107,0.06633740100294581,347.62811155895724
0.2,0.03874357659776215,0.0685722379033275,346.2417638477143
0.1829126526099455,0.05,0.13782051282051283,349.64339138320855
0.18291265260994552,0.05000000000000001,0.125,349.6536610770673
0.20000000000000004,0.04441230092409999,0.12401028290395354,347.8532391414513
0.07995864957150739,0.05,0.19556032709256888,349.87638376718274
0.08230241099119717,0.05,0.18987397639537154,349.93334018001525
0.08636524662170164,0.05,0.19465705553382845,349.90208578580706
0.05481523018260212,0,0.19700049799833133,340.5008589075883
0.05697327298236645,0,0.20110755745418415,340.4794530379927
0.06107146147458984,0,0.19654489518398727,340.5430791866424
0.10502089430195793,0,0.19129886770298424,340.6938411634002
0.0888020922794523,0.05,0.18788359524681558,349.96493641783024
0.2,0.05,0.12820512820512822,349.3781778735658
0.188608435073297,0.05,0.13461538461538464,349.5630644738016
0.07879803169342309,0,0.19439223148154774,340.638475510797
0.036283450730944244,0,0.21301009596257447,340.2052762751128
0.031286111848323375,0,0.2173539945013189,340.11172676032083
0.035893901522236496,0,0.22025934633232963,340.12464266727096
0.005475320825802617,0.05,0.2082076094170876,349.0358656181156
0.010950641651605234,0.05,0.20487675729571367,349.1585538034876
0.09773861922545807,0.05,0.17911975381124673,350.0404921971785
0.1014900953466171,0.05,0.18540128850536333,349.9945829896871
0.09530177356770742,0.05,0.1858932140982596,349.989160503701
0.2,0.05,0.10256410256410257,349.347604087966
0.1943042175366485,0.05,0.10576923076923075,349.4541512815096
0.1943042175366485,0.05,0.09935897435897437,349.43638217926144
0.1597721219035556,0,0.13767618032798856,340.67892663773364
0.1537189385872202,0,0.1407369760405925,340.7243822560362
0.04089124040485737,0,0.21591544779358518,340.21630549152184
0.09905324968886645,0.05,0.19217474879237623,349.9389850297814
0.10864507441452952,0.05,0.18656126848193771,349.97959432646576
0.10489359829337049,0.05,0.18027973378782108,350.03081927684553
0.1120485773612829,0.05,0.18143971376439547,350.01265180435485
0.2,0.05,0.12179487179487182,349.3781507244981
0.19430421753664853,0.05000000000000001,0.125,349.4771513311199
0.19430421753664853,0.05000000000000001,0.11858974358974361,349.4745761818455
0.17128924434520254,0,0.14404986961817529,340.5562718977702
0.10976203922974928,0.05,0.17496761331974084,350.0607677814246
0.2,0.011094996040572841,0.10486153096495862,341.379608189725
0,0.05,0.21153846153846154,348.90547213883434
0.004762121796129777,0.05,0.214771073573402,348.9504421164648
0,0.05,0.21794871794871795,348.8306816478023
0.188608435073297,0,0.1346153846153846,340.3680897511094
0.1943042175366485,0,0.13141025641025642,340.29434169572204
0.004199860608627514,0,0.2388722682574878,339.53278611025524
0.004199860608627514,0,0.23246201184723142,339.6144493254208
0,0,0.23717948717948717,339.4953869837491
0.1598811914062992,0.04999999999999999,0.14438612798482656,349.9080466015093
0.16565188548591422,0.049999999999999996,0.1410753155190713,349.85487944706756
0.16547846575193742,0.04999999999999999,0.14753524642275795,349.84118472893965
0.10130010841950952,0,0.18509528758116348,340.74113972089964
0.009524243592259554,0.05,0.21800368560834246,348.98911415781976
0.004762121796129776,0.05,0.22118132998365841,348.87249949425353
0.1943042175366485,0,0.09935897435897437,340.2592274074452
0.1943042175366485,0,0.10576923076923078,340.275657990044
0.1715210876832425,0.049999999999999996,0.13782051282051283,349.7930426880825
0.1713476679492657,0.04999999999999999,0.1442804437241995,349.7821838121959
0.188608435073297,0,0.08333333333333334,340.2742142239694
0.1829126526099455,0,0.08653846153846154,340.36052742306543
0.188608435073297,0,0.08974358974358974,340.30236664705905
0.1943042175366485,0.05,0.13141025641025644,349.47468579419836
0.18860843507329703,0.05000000000000002,0.12820512820512822,349.5681847077415
0.17152108768324248,0,0.13782051282051283,340.5653008716129
0.165825305219891,0,0.13461538461538464,340.62698903903043
0.07523454149040129,0,0.19012784856780257,340.6598689616699
0.08167243465545279,0,0.189357979852701,340.6859011725801
0.07810894445243098,0,0.18509359693895586,340.70625959144814
0,0.05,0.22435897435897434,348.74978281556866
0,0.04454547129639713,0.2257495706683618,347.2428785486581
0.05855024020176863,0.05,0.21276026417394875,349.59195965695216
0.1943042175366485,0,0.08653846153846155,340.21243878956494
0.1943042175366485,0,0.09294871794871795,340.23819232004087
0.04723836728263991,0,0.21306825317257336,340.29751547920995
0.04263057760872678,0,0.21016290134156262,340.2898139881684
0.2,0.022191694946264003,0.1006448400906406,343.0263977671851
0.2,0.027733247006649038,0.09851441371333616,344.0286803398662
0.05414021930229787,0,0.2071171213636306,340.4058400170999
0.05071704169037873,0,0.20156316026852822,340.43326752809077
0.06322950427435417,0,0.2006519546398401,340.51988034285637
0.16582530521989103,0.05,0.13461538461538464,349.8633231212434
0.08473925664894782,0.05,0.18310051610835865,349.9933959876687
0.09123893793720295,0.05,0.1811101349598027,350.02063016839566
0.025347700917951646,0,0.22064304739820328,340.0141547764175
0.2,0.0444223834140048,0.10478751859235436,347.83065673125606
0.2,0.03884476682800958,0.10060067821034974,346.4263209395694
0.2,0,0.07692307692307694,340.0838795073286
0.2,0.005554183934070786,0.07489619351663704,340.6068155584703
0.06732769276657756,0,0.1960892923696432,340.5795412606581
0.17721687014659399,0,0.14102564102564102,340.4977944206654
0.13594046112532743,0,0.14950673564655367,340.82111158125383
0,0.013903093041865171,0.23026873245755983,341.1228530061769
0,0.009560537031546435,0.22873560336325224,340.58194402700747
0.038358860525570054,0.05,0.20776282940915128,349.47692969553765
0.044464740866827945,0.05,0.2047778319748435,349.56754714499226
0.04282278628067124,0.05,0.2105371764146268,349.49024030371925
0,0.02749675517379249,0.22342544610935833,343.43174281628677
0,0.0216481000055192,0.2186160576677896,342.44083653019857
0.2,0.011109330779376914,0.07922018542987987,341.282825783422
0.2,0.011108367868141572,0.07286931011019715,341.2463588990276
0.07236013852837159,0,0.1951621001966493,340.60929891208116
0.2,0.05,0.09615384615384616,349.32727042029677
0.2,0.04442238341400479,0.09837726218209794,347.8120347912382
0.188608435073297,0.05,0.09615384615384615,349.51701148019106
0.188608435073297,0.05,0.10256410256410255,349.5374998973687
0.1829126526099455,0.05,0.09935897435897435,349.61264402412394
0.048977704486509316,0,0.20731570672055077,340.3675479698208
0.052400882098428456,0,0.2128696678156532,340.33720664593153
0.1295641693301343,0,0.16361223331964997,340.8002723994709
0.13549738928567656,0,0.16202192948206282,340.7789692854789
0.2,0.03885656858107205,0.09416993359402918,346.40731384625656
0.06516964996681324,0,0.19198223291379038,340.60184193786534
0.05756339691421702,0,0.21267108245873304,340.37300139173675
0.013440146119238138,0,0.2252637932158888,339.82276646775534
0.11691701829766171,0.05,0.17612759329631522,350.03775436014604
0.17152108768324253,0.05000000000000001,0.13141025641025644,349.80071856743166
0.032832027614835536,0.05,0.1981337330529827,349.5149612462805
0.2,0.005555146845306129,0.09406758165683259,340.6965178877807
0.2,0,0.08974358974358976,340.1446498041489
0.2,0,0.09615384615384616,340.1680044420111
0.03864838424083174,0.05,0.2014557825139131,349.54498887908994
0.08459907048064103,0,0.18302630044575147,340.7381413206983
0.2,0.027693490733352456,0.07292370182894997,343.8990185555299
0.2,0.02214682283368931,0.06869389060032242,342.8640044181693
0.2,0.022209219701875504,0.07507223793238478,342.91549381072247
0.03802278793481365,0,0.20725754951055186,340.27794784545404
0.03167566105703112,0,0.2101047441315637,340.19008240703084
0.188608435073297,0,0.10256410256410257,340.34455681623615
0,0.03894544081923146,0.22699220260964442,345.8302743283227
0.188608435073297,0,0.09615384615384616,340.32582753388556
0.10740386955047199,0,0.16831479145091927,340.8380059053436
0.1096566518214227,0,0.17463475067483106,340.8011294394025
0.11456892532812814,0,0.16934629267061932,340.8212750145139
0.057449844505931685,0.05,0.20191187280985934,349.7010822936657
0.05057062120808585,0.05,0.20179283454053576,349.65055670140924
0.0549111978372734,0.05,0.19719704601203628,349.7284793465871
0.19430421753664853,0.05000000000000001,0.08653846153846155,349.3851903834407
0.19430421753664853,0.05000000000000001,0.08012820512820515,349.3518080106066
0.2,0.022199343771283714,0.0942047331880708,343.00647081468355
0.2,0.027745048759711517,0.09208366909701562,344.0079378532866
0.06039645059428559,0,0.20666151854928655,340.4491432918831
0.2,0.03880597346594834,0.07495058523538987,346.29887352357485
0.2,0.03886837033413453,0.08132893256745224,346.35084206391895
0.02573725012665939,0,0.2133937970284481,340.0955020307759
0.12419498175091857,0.05,0.1620937665561041,350.09222057878736
0.11810777413323563,0.05,0.1654136466160242,350.0968757267685
0.11843114965227741,0.05,0.15986351234708585,350.1224216485021
0.1943042175366485,0,0.11217948717948718,340.28737938010596
0.1943042175366485,0,0.1185897435897436,340.29433647403505
0.1943042175366485,0.05,0.09294871794871795,349.4133848954009
0.027556355045867433,0.05,0.19506642582994294,349.481496250225
0.188608435073297,0.05,0.11538461538461539,349.5629306287416
0.18291265260994552,0.05000000000000001,0.11858974358974358,349.6510364884152
0.18291265260994552,0.05000000000000001,0.11217948717948717,349.6433573209323
0.12390043469288439,0,0.1615417640742662,340.83152063273184
0,0.014778518052774133,0.22516884686296612,341.3068675320167
0,0.010435962042455397,0.22363571776865854,340.74993071537165
0.054560430704927235,0.05,0.20727654935724224,349.6247720167409
0.061439654002773084,0.05,0.20739558762656587,349.6705822129341
0.01642596247740785,0.05,0.20154590517433973,349.2735366949501
0.08523592485847462,0,0.19362236276644618,340.6615203200809
0.10524157146777613,0.05,0.19168282319947993,349.94107430601935
0.2,0.016650142885878967,0.10277526646794503,342.14471949419976
0.1306055648876433,0.05,0.15322375222724566,350.1002213615715
0.13657478425211084,0.05,0.15033177548904725,350.07716522830395
0.15411049732668414,0.049999999999999996,0.14769694045058182,349.9540140256783
0.15428391706066094,0.05,0.14123700954689516,349.96825150173873
0.008399721217255029,0,0.23415479292523206,339.65031750798903
0.14831012059053772,0.05,0.1513936985783754,349.99176294706746
0.14254400361657837,0.05,0.14743979875084884,350.04706347330585
0.1485132229810459,0.05,0.14454782201265043,350.0099160965774
0.2,0,0.10897435897435898,340.200779668626
0.14234090122607018,0.05,0.1542856753165738,350.0261637852397
0,0,0.24358974358974358,339.41035441188734
0.2,0.011102644865592549,0.0984214240623888,341.36308451044584
0.2,0.0333025555012018,0.08353186038963989,345.1028264404312
0.2,0.027755887601538652,0.07930204916101233,343.9489327811995
0.2,0.027756850512773996,0.08565292448069507,343.9819800119174
0.09286492790995676,0.05,0.19266667438527246,349.93067192876583
0.11234394203459447,0.05,0.16318339240700597,350.1222916556707
0.1943042175366485,0,0.08012820512820513,340.181998252057
0.188608435073297,0.05,0.10897435897435898,349.55270443419596
0.2,0.01665779171089868,0.09633515956537522,342.12654872237545
0.07020209572860725,0,0.1910550407407965,340.6327524133093
0.2,0.02221018261311085,0.08142311325206751,342.9512204081986
0.2,0.0166635147134477,0.07719330202343996,342.04091549323437
0.2,0.016664477624683045,0.0835441773431227,342.0745790801484
0.15390739493617595,0.05,0.1545428170163068,349.93335028611165
0.12387160623187679,0.05,0.16764390082504244,350.0653873143763
0.009240285510610624,0,0.22357101213788816,339.7880717579569
0.06613099776430678,0.05,0.19272029575286043,349.8412416271275
0.059251774466460946,0.05,0.19260125748353682,349.80042155921745
0.0635923510956485,0.05,0.18800546895503734,349.8663833393003
0.14747950579244115,0,0.15068745772549674,340.7470362394971
0.008820003363932826,0,0.2288629025315601,339.7208564465943
0.004620142755305312,0,0.22717012145355947,339.6841332296426
0.06847475918399656,0.05,0.18703394505566312,349.9012228676452
0.2,0.011110293690612259,0.091981317159819,341.3416831703578
0.12451835726996036,0.05,0.15654363228716575,350.1150648838024
0.13028218936860153,0.05,0.158773886496184,350.080078673275
0.188608435073297,0,0.1217948717948718,340.37265946035313
0.1829126526099455,0,0.1185897435897436,340.44275801695153
0.2,0.03327895199507684,0.096393349622281,345.1529100784601
0.2,0.03329075374813932,0.08996260500596044,345.1304759368404
0.07335716727234465,0.05,0.18606242115628888,349.9320249728775
0.07101340585265487,0.05,0.1917487718534862,349.8746371637224
0.2,0.022211145524346193,0.08777398857175026,342.98220462835445
0.1168217075990789,0,0.1756662518945311,340.781256904227
0.05891341867482552,0,0.19243783572813444,340.5635868896592
0.14810701820002953,0.05,0.15823957514410036,349.96763303227783
0.11463048016612809,0.05,0.1696554928516606,350.083188318801
0.10747550109821566,0.05,0.1684955128750862,350.1025531367092
0.09837347259432129,0,0.191426966988113,340.69448819690535
0.04892866662192914,0.05,0.20755217898031902,349.57733079754036
0.07589581394100293,0.05,0.19077724795411194,349.9039952772048
0.05291847611877053,0.05,0.21303589379702556,349.54809093269574
0.047286712035772435,0.05,0.21331152342010234,349.49892133474697
0.2,0.05,0.07692307692307694,349.2350289136388
0.11190943409237344,0,0.18095470989874285,340.75882956780407
0.07307649869063695,0,0.18602078911194975,340.6817841461498
0.044754264582089635,0.05,0.19847078507960533,349.6327689076829
0,0.020627173221047426,0.22997823530453487,342.1346438112552
0.10474437831471728,0,0.17992320867904277,340.7741818318471
0.14161685871966248,0,0.15354193967217536,340.7764674194888
0.1829126526099455,0.05,0.10576923076923075,349.6306235746187
0.1829126526099455,0,0.13782051282051283,340.43593436637
0.2,0.01666544053591839,0.08989505266280542,342.1035002897424
0.18860843507329703,0.05000000000000001,0.1217948717948718,349.56810224445644
0,0.021502598231956386,0.22487834970994114,342.3428467599887
0,0,0.23076923076923075,339.57569760131577
0.2,0.05,0.10897435897435898,349.3628749109451
0.2,0.03317776176482941,0.07077516572551515,345.0010071873425
0.2,0.033240158633015604,0.07715351305757752,345.05448738164506
0.044369914812596195,0,0.20441035488954004,340.35900955247405
0.06432906780377753,0.05,0.20203091107918297,349.7437228347683
0.14143060924121886,0,0.16043162564447566,340.7521905862619
0.06179042113511924,0.05,0.1973160842813599,349.7741521766703
0.01301986397256034,0,0.23055568360956075,339.75469612200914
0.08816256068366285,0,0.18729068335949667,340.7154170030791
0.07823957536069272,0.05,0.18509089725691463,349.95878965499736
0.2,0.05,0.08974358974358974,349.3017111122848
0.1829126526099455,0,0.10576923076923078,340.4239926683836
0.1943042175366485,0,0.125,340.2966818140384
0.12415725705409164,0,0.15591625621105737,340.852568619459
0.2,0.03874357659776215,0.0621619814930711,346.194014856455
0.2,0.03311536489664322,0.06439681839345279,344.94238585752356
0.18860843507329703,0.05000000000000001,0.08333333333333336,349.460571780772
0.2,0.044371788298881075,0.0599271445926894,347.5782384990541
0.2,0.05,0.06410256410256412,349.14705391386775
0,0.03909094259279426,0.22072991056749286,345.9450320753779
0.2,0.027631093865166267,0.06654535449688762,343.84396319434376
0.2,0.011110293690612259,0.0855710607495626,341.31455029049636
0.033121551330097226,0.05,0.19182668615774456,349.5747852195084
0.038937907956093434,0.05,0.19514873561867493,349.6075117470493
0.1943042175366485,0.05,0.11217948717948718,349.46685753906786
0.12039431226476925,0.05,0.17188574706067883,350.0537484645496
0,0.015653943063683097,0.22006896126837242,341.49097460817757
0.2,0.05,0.07051282051282053,349.1937112899737
0.1829126526099455,0,0.09294871794871795,340.3864141093142
0.1829126526099455,0,0.09935897435897437,340.4075691910869
0.17721687014659399,0.049999999999999996,0.14102564102564102,349.7154894380272
0,0.005217981021227698,0.22720247426894466,340.11150504641773
0.10260706016183686,0.05,0.17380763334316646,350.0752866505451
0.16005461114027597,0.05,0.1379261970811399,349.9193871766274
0.06804405292884294,0,0.18694798128494367,340.6535147737682
0.09172605088668466,0,0.19155506627324181,340.688670251829
0.1476657552708848,0,0.14379777175319644,340.76335589393824
0.1418031081981061,0,0.14665225369987506,340.79524828152466
0.0630116071670489,0,0.18787517345793753,340.62145147430346
0.10249159604376656,0,0.173603249455131,340.81334005909986
0.2,0.016662551802212357,0.07084242670375723,342.00250952900024
0.2,0.05,0.05769230769230771,349.095056785321
0,0.05,0.1987179487179487,349.0369400855668
0,0.05,0.1923076923076923,349.094068427918
0.005475320825802618,0.05,0.19538709659657477,349.1617507665542
0.028229529424978854,0.05,0.1823650221497186,349.593131451059
0.02782837321422416,0.05,0.18869145990243347,349.5394348926879
0.022535195098351092,0.05,0.18555623364712243,349.49751505225754
0.2,0.03466550781010187,0.04060840144243962,345.06335033449665
0.2,0.038747330654621034,0.04344443915038403,346.0242679351226
0.2,0.04029184248279136,0.03811695109801684,346.3381700219697
0.18282701345071714,0,0.08023851813479553,340.33161900814105
0.18852279591406865,0,0.07703338992966732,340.24309772360124
0.177216870146594,0,0.1217948717948718,340.5116333757852
0.2,0.05,0.051282051282051294,349.0375666418038
0.1947627570153012,0.05000000000000001,0.048416402366831736,349.100241072099
0.2,0.05,0.044871794871794886,348.97434799136477
0.16012952275653952,0.05,0.125,349.92911585249175
0.16012952275653952,0.05,0.1185897435897436,349.9265756902606
0.16582530521989103,0.05,0.1217948717948718,349.86852952418076
0.07911560225457351,0.05,0.17911460126472398,350.0055432984864
0,0.033782811097852375,0.20968751999520724,344.8672749795115
0,0.039237339801455245,0.20829692368581978,346.12268933212664
0.2,0.0362100196382722,0.03528091339007244,345.3488694063098
0.2,0.031396569125891984,0.030241051710534587,344.2494837897013
0.2,0.029852057297721658,0.03556853976290178,343.9969037119245
0.054893029955468214,0.05000000000000002,0.17914748720410384,349.8747682235382
0.05437827092065181,0.05000000000000002,0.18411217353465156,349.8350287638441
0.04977123083315346,0.05000000000000001,0.18216552582445866,349.8132162936459
0.2,0.0331191189535021,0.05208953246102214,344.8411657755645
0.2,0.038747330654621034,0.04985469556064044,346.08804502905303
0.2,0.03312099598193155,0.045935889494806814,344.7832733499304
0.2,0.04437366532731052,0.04095298880596125,347.39831042981376
0.2,0.05,0.03846153846153847,348.90540083400396
0.2,0.04591817715548084,0.03562550075359406,347.7460376189417
0.2,0.016839829326822302,0.05818552245328966,341.93795088997626
0.2,0.011285645392751517,0.05380214944947315,341.1312046914889
0.2,0.011197006630446545,0.06013060157470694,341.17044396910103
0.06921028222556017,0,0.1768682279331848,340.7254220159509
0.06476095111212476,0,0.17275554343029925,340.7276244521435
0.06417783646376614,0,0.1777954201061787,340.6952514009345
0.2,0.0211892272588518,0.020934365862633975,342.2387016078354
0.2,0.024346072053271623,0.016837319794807605,342.72672091369805
0.2,0.020540965278492876,0.015149473336901049,342.0568891559713
0,0,0.22435897435897434,339.65125497829564
0,0.005217981021227698,0.22079221785868824,340.18517764592275
0.18892531065263585,0.05,0.06453064245491803,349.3345283517214
0.1833879659789538,0.05,0.0679498098362232,349.44243355296743
0.18368806766793705,0.05,0.06166499353969848,349.3900815440376
0.16012952275653952,0.05,0.13141025641025644,349.9265126838463
0.16582530521989103,0.05,0.12820512820512822,349.8684979881504
0.17721687014659399,0.05,0.10256410256410256,349.7000593628966
0.2,0,0.05769230769230771,339.95723659796454
0.2,0.005554183934070785,0.062075680696124215,340.5231080196735
0.2,0.005642822696375759,0.05574722857089043,340.48413515900285
0.034325019962361314,0.05,0.17284737289959984,349.7268989980176
0.033923863751606616,0.05,0.17917381065231475,349.6815167990637
0.028630685635733552,0.05,0.17603858439700368,349.6415056155477
0.08561528354282863,0.05,0.17712422011616802,350.0376687416873
0.19446265532631793,0.05,0.06111147507361287,349.2187360958392
0.19476275701530119,0.05,0.054826658777088144,349.1602282291637
0.058985311008150146,0.05,0.18605882124484444,349.85275111239554
0.0546447343789626,0.05,0.19065460977334392,349.7846603975883
0.04395883332415594,0,0.1914451851450381,340.46525131836444
0.044743429347571306,0,0.19817358171351085,340.41715158250554
0.049932445666963365,0,0.19483476370005548,340.48478747920893
0.14866304621357296,0.05,0.13151594067088346,350.03005227195337
0.15443374029318802,0.05,0.1282051282051282,349.98277745544084
0.15435882867692446,0.05,0.13472106887601168,349.97818211979455
0.10666754487813773,0.05,0.16239044821850154,350.13485162365754
0.10867131882615767,0.05,0.15879344324950548,350.1485909716517
0.17721687014659399,0.05,0.09615384615384616,349.67949461143786
0.1362946762392121,0,0.14330675800789977,340.8345667364451
0.14858813459730943,0.05,0.13803188134176694,350.0226518254701
0.17711618239823854,0,0.08350587109194446,340.4147470566443
0.17703054323901019,0,0.07720592768827846,340.38350369347484
0.2,0.027719732627471235,0.06021690237165381,343.81326821350376
0.2,0.03311724192507266,0.05824317542723746,344.8942032780956
0.048363253620132635,0,0.18137797056311,340.57183217851974
0.049147849643548,0,0.18810636713158274,340.53097569601863
0.05324603813577139,0,0.18354370486138583,340.5923847306509
0.18952551403060236,0.05000000000000002,0.05196100986186859,349.218340053563
0.1839881693569203,0.05000000000000002,0.055380177243173755,349.3324011125548
0.18428827104590353,0.05000000000000001,0.04909536094664903,349.26939225851896
0.2,0.017512526874348483,0.04484348170410167,341.9221465848693
0.2,0.0223259773867287,0.04988334338363952,342.7452423328141
0.2,0.022910036171949904,0.04286975475968532,342.7785500294098
0.17142039993488706,0,0.08671099929707266,340.4915563272013
0.17721687014659399,0,0.08974358974358973,340.44108022769075
0.18876687286296645,0.05000000000000001,0.0771371160992539,349.4233265259726
0.18307109039961494,0.05000000000000001,0.08034224430438211,349.52664048740286
0.1832295281892844,0.05000000000000001,0.07414602707030266,349.48701159701363
0.2,0.02830754546955133,0.040896027815268965,343.74976572139474
0.1715210876832425,0,0.125,340.57461883879006
0.2,0,0.07051282051282054,340.0463759983744
0.19421857837742015,0,0.07382826172453913,340.14867366624526
0.1311404593942027,0,0.13376128467727064,340.87501296731256
0.1366488913530967,0,0.1371067803692459,340.8435623847007
0.13700629220608063,0,0.13084085645151378,340.8480881986122
0.12042775606436694,0,0.1463752654814029,340.89360363476277
0.12525278505845786,0,0.1493682415373176,340.86951209411484
0.1256070001723425,0,0.14316826389866372,340.88344488974707
0.03947375691929203,0.05,0.17595342387455276,349.76159058567583
0.03907260070853733,0.05,0.18227986162726767,349.7139308988794
0.17721687014659399,0,0.11538461538461538,340.5069558278633
0.17152108768324248,0,0.11217948717948718,340.56517947459963
0.17152108768324248,0,0.11858974358974358,340.57222013531236
0.0804438152286954,0,0.17292027472020144,340.78964967514065
0.07927637984056318,0,0.17900693582957866,340.7502217615795
0.08576650586877324,0,0.17693963933637427,340.7795261252536
0.09211496483108374,0.05,0.17513383896761203,350.0624220329439
0.177216870146594,0.05,0.12179487179487179,349.7308623054316
0.177216870146594,0.05,0.11538461538461536,349.7256912440588
0.11933222806000074,0,0.15292328015514267,340.8781525187222
0.11925371698824502,0.05,0.15352838515734443,350.14531336827946
0.12534092460592797,0.05,0.15020850509742434,350.13444394936596
0.17721687014659399,0,0.10897435897435898,340.4975661205062
0,0.010435962042455397,0.21722546135840215,340.8217185374017
0,0.005217981021227698,0.21438196144843186,340.2541384058061
0.0646218691652813,0.05,0.1780760962939419,349.9462189163684
0.06898951821881297,0.05,0.18206925872511537,349.94175435472494
0.0641071101304649,0.05,0.1830407826244896,349.9079526696405
0.08568335421663148,0.05,0.16504285946739272,350.10877775792284
0.09130700861100581,0.05,0.1690287743110274,350.09798011389853
0.0864913104367094,0.05,0.17114792412397736,350.0771319433173
0,0.044691868505058116,0.1940858145559195,347.6280624787859
0,0.044691868505058116,0.20049607096617592,347.56919704758593
0,0.011074501839288122,0.20591747501324292,341.0172939458597
0,0.016292482860515822,0.20876097492321322,341.7049126672091
0,0.01075523194087176,0.21157146818582254,340.92123281438813
0,0.03392920830651336,0.2036647895237906,344.9606499640879
0,0.02810792405443264,0.2054864304232105,343.7479176423807
0.016969998814121305,0.05,0.18879597331932085,349.3959359838269
0.01122265981996196,0.05,0.1920915349579478,349.2829689172154
0.011494677988318687,0.05,0.18571656903043837,349.33895769216747
0.2,0.011157239002476088,0.015384674329586073,340.70521428914753
0.2,0.017384120484073052,0.019246519404727415,341.6169235983997
0.2,0.016735858503714132,0.013461626878994493,341.4443831268214
0.07387192630716105,0.05,0.18109773482574112,349.971518616697
0.07474795320104183,0.05,0.17512143883355047,350.0157466991363
0.1662895751512548,0.05,0.07799973499896713,349.7252123047865
0.17183060097081837,0.05,0.0808459771787986,349.67730108673567
0.16613481850746686,0.049999999999999996,0.0840511053839268,349.7604990509827
0.11398907670652966,0.05,0.15051313802752309,350.1698714739379
0.11316650937056207,0.05,0.15684826521726453,350.14869602966195
0.10949388616212527,0.05,0.15245831605976404,350.17193705244165
0.2,0.011869704177972722,0.040378304415262536,341.08355879196955
0.2,0.006226881481596965,0.0359131271264234,340.3647382382071
0.2,0.005642822696375758,0.0429267157503776,340.3717242791209
0.13732725979642374,0.05,0.13134415788562975,350.11047080529414
0.14295769719686657,0.05,0.13468801961369836,350.069919186906
0.1372523481801602,0.05,0.13786009855651324,350.10306174374455
0.18843715675484027,0,0.0643231901157449,340.1651724538159
0.1826557351322604,0,0.0676386313274635,340.2600758554517
0.1884371567548403,0,0.07073344652600132,340.20740578228646
0.004620142755305312,0,0.22075986504330308,339.7571538761428
0.03876981700476389,0,0.1947840031584935,340.3943810048973
0.03798522098134852,0,0.18805560659002077,340.4390605254968
0.032796204661956464,0,0.19139442460347614,340.3649557952662
0.2,0.01110836786814157,0.06645905369994072,341.2048656633521
0.043174237300740576,0,0.18471678857656537,340.5080193199147
0.2,0.011805500982835008,0.021169566855318997,340.8613438592505
0.2,0.01245376296319393,0.026954459381051923,341.01520335393207
0.2,0.01803238246443197,0.02503141193046034,341.7871939945568
0.005475320825802618,0.05,0.2017973530068312,349.10167673600665
0.1487379578298365,0,0.125,340.7760751747515
0.15443374029318802,0,0.1282051282051282,340.7323465371733
0.15443374029318802,0,0.12179487179487179,340.7323097352434
0.2,0.018680644444790895,0.030816304456193266,341.95519431529254
0.1428721250179586,0,0.1279204282257569,340.8151089344252
0.1483805569768526,0,0.13126592391773215,340.77639324844444
0.032049175592006235,0,0.2038679709555345,340.2529423904218
0.03839630246978877,0,0.2010207763345227,340.33844885216536
0.032422690126981346,0,0.19763119777950533,340.31123351983354
0.06001482907778295,0.05,0.176129448583749,349.9307568188176
0.059500070042966556,0.05,0.1810941349142967,349.8934055074127
0.2,0,0.019230769230769235,339.57588941649783
0.2,0.006226881481596965,0.02309261430591058,340.2221017210005
0.2,0.005578619501238044,0.017307721780177653,340.08238305237313
0.026398349909312724,0,0.20708159887741434,340.16474785607585
0.050037694291464256,0.05,0.18870796206315102,349.76480911431247
0.044221337665468055,0.05000000000000002,0.18538591260222065,349.74042584291306
0,0.02196736990393556,0.21296206449521,342.5571102474982
0,0.02796152684577166,0.21150916089462712,343.65744223389646
0.1601295227565395,0,0.13141025641025642,340.68265115859964
0.1540763394402041,0,0.13447105212286037,340.73064331358677
0.004620142755305312,0,0.21434960863304667,339.82546268302144
0,0,0.21794871794871795,339.722100515654
0.11031645349809287,0.05,0.1461231888700226,350.19005420351624
0.10582126295368847,0.05000000000000002,0.14806836690226355,350.19052322145376
0.2,0.016928468089127274,0.051857070328055865,341.89844519542254
0.058128822651410145,0,0.18570943915966168,340.60892449591216
0.1656239297231801,0,0.08367840885055558,340.5359754541163
0.17131971218653158,0,0.08047328064542739,340.46290971762755
0.2,0.01245376296319393,0.033364715791308334,341.08713145007926
0.2,0.01809658565956969,0.03782989308014746,341.94106295815936
0.1947627570153012,0.05000000000000001,0.04200614595657533,349.0345254081125
0.1719890387604878,0.05,0.07464975994471915,349.6383379876682
0.17753006458005138,0.05,0.07749600212455063,349.58584897528533
0.2,0.011285645392751516,0.04739189303921673,341.07520111770305
0.100991147721681,0.05,0.16159750402999712,350.142103669028
0.10299492166970094,0.05,0.15800049906100105,350.15732259312864
0,0.01597321296209946,0.21441496809579286,341.5996702104507
0.009901385293263962,0,0.21084855757659804,339.9318943676805
0.009240285510610626,0,0.21716075572763177,339.85855567397743
0.014521528048569276,0,0.21365970467118314,339.9625986862977
0.17152108768324248,0.04999999999999999,0.09935897435897434,349.762186099008
0.165825305219891,0.04999999999999999,0.10256410256410256,349.83764737966914
0.165825305219891,0.049999999999999996,0.09615384615384615,349.8170037829531
0,0.05,0.20512820512820512,348.97407465587236
0.2,0.02503860678534144,0.030528678083363927,343.02127170634213
0.07365961333899557,0,0.1809809124360703,340.7183003957191
0.06862716757720155,0,0.1819081046090642,340.6909773655618
0.17152108768324248,0,0.09294871794871794,340.5156959911485
0.17721687014659399,0,0.09615384615384615,340.4646344630718
0.2,0.04437366532731052,0.04736324521621767,347.46467255545934
0.2,0.04437366532731052,0.053773501626474075,347.5253061741832
0.08693394125690544,0,0.17085297822699708,340.8163766732387
0.09225663189698327,0,0.17487234284316988,340.80215295599885
0.054030634159186755,0,0.19027210142985856,340.5492876862739
0.03867144449778264,0.05,0.18860629937998258,349.6609488182005
0.04448780112377885,0.05,0.19192834884091298,349.6895037176707
0.165825305219891,0,0.12820512820512822,340.63164055804776
0.2,0.02183748923921072,0.026719258388366897,342.4182439842782
0.19446265532631796,0.05,0.06752173148386928,349.26803654301006
0.18892531065263587,0.05,0.07094089886517446,349.3811321175162
0.14215732331199077,0,0.14045227606122118,340.80634336024264
0.14251472416497468,0,0.13418635214348903,340.8130050643159
0.177216870146594,0.05,0.08974358974358976,349.65380829364614
0.010950641651605236,0.05,0.19846650088545728,349.2215735222315
0.2,0.04183635431096168,0.032789463045649656,346.6575141960637
0.17152108768324253,0.05,0.11858974358974358,349.80078118952065
0.1715210876832425,0.05,0.11217948717948717,349.7930636554272
0.17152108768324253,0.05,0.125,349.8033215439145
0.14288278558060305,0.05,0.14120396028458182,350.05984679168495
0.08086765604233509,0.05,0.1671620092803427,350.0846219282984
0.0799916291484543,0.05,0.17313830527253332,350.0474873895867
0.020459938978941,0,0.21037065177429873,340.06681128652133
0.021121038761594338,0,0.20405845362326502,340.134237803824
0.026771864444287842,0,0.20084482570138515,340.22559941099456
0.13043202916643343,0,0.14616123995457841,340.8567610247902
0.059295051948127384,0,0.17562968580790284,340.68090627879224
0.05382915278413001,0,0.17850382818550642,340.6289755209176
0.058711937299768764,0,0.18066956248378224,340.64642435805445
0.021494553296569456,0,0.1978216804472358,340.19308093027047
0.17721687014659399,0.05,0.10897435897435896,349.7154656038553
0.17123407302730326,0,0.07417333724176138,340.42933140621307
0.044622493876222746,0.05,0.1790594748495057,349.7903630175521
0.03352270754085192,0.05,0.18550024840502963,349.6308122062272
0.1207819711782516,0,0.14017528784274902,340.90565399436264
0.14802315612386868,0,0.1375318478354643,340.7721534881734
0.2,0,0.04487179487179488,339.84921180418473
0.2,0,0.051282051282051294,339.9056191102809
0.2,0.005642822696375759,0.04933697216063401,340.4303246282681
0.10179910394175894,0.05,0.16770256868658182,350.111171067671
0.09932229846126414,0.05000000000000002,0.15361054990350057,350.17513870883226
0.10499869561772088,0.05000000000000002,0.154403494092005,350.17023543386523
0.06950427725362937,0.05,0.17710457239456762,349.97898275819267
0.07038030414751016,0.05,0.171128276402377,350.02068527958227
0.07037771761369238,0,0.17078156682380757,340.76501570352065
0.1369135662161355,0.05,0.14409593702278023,350.09258100654375
0.19421857837742015,0,0.06741800531428271,340.108805247533
0.2,0.005554183934070785,0.06848593710638062,340.56731718615555
0.16598006186367892,0.04999999999999999,0.09010247576888647,349.7910962103715
0.1715210876832425,0.049999999999999996,0.09294871794871795,349.7390361465855
0.17152108768324248,0.04999999999999999,0.10576923076923075,349.7802110178454
0.16582530521989103,0.049999999999999996,0.10897435897435898,349.8531186951297
0.1892254123416191,0.05,0.05824582615839331,349.2790984139187
0,0.044691868505058116,0.20690632737643233,347.50459452904244
0,0.03938373701011623,0.20227419321440315,346.21922420810506
0.19446265532631793,0.05,0.0739319878941257,349.3119972377399
0.2,0.024994334033630543,0.02262221232054053,342.91780534584785
0.05030415774977505,0.05,0.19525039830184338,349.7105892502336
0.2,0.023494094957171113,0.035856166135731116,342.80707270984874
0.07482704872712778,0,0.17489425132669312,340.76007832456963
0.15443374029318802,0.05,0.1217948717948718,349.98280892582466
0.1487379578298365,0.05,0.125,350.032117436027
0.2,0.037754531466442524,0.029953425337705245,345.63983056537
0.09531475056522426,0.05,0.16080455984149272,350.1440477917822
0.0973185245132442,0.05,0.15720755487249663,350.16074629198914
0.2,0.02772160965590068,0.05406325940543849,343.7624874271284
0.2,0.022324100358299254,0.056036986349854837,342.79862132613675
0.17768850236972078,0.05,0.07129978489047117,349.5440784037285
0.1827413742914888,0,0.07393857473112952,340.2981351522698
0.010562485075917298,0,0.20453635942556428,340.00049391601686
0.005281242537958649,0,0.2080374104820129,339.8970545703887
0,0.005537250919644061,0.20872796827585222,340.34447135750577
0.02226317692999437,0.05,0.1919311995746319,349.44200087383075
0.17152108768324248,0,0.10576923076923077,340.5534071330897
0.17152108768324248,0,0.09935897435897435,340.53691777566183
0.165825305219891,0,0.10256410256410256,340.6032444017651
0.1601295227565395,0,0.125,340.68495851714334
0.165825305219891,0,0.1217948717948718,340.6315884552589
0.13094434685166798,0.05,0.14698791376097864,350.1182695996722
0.17721687014659399,0,0.10256410256410256,340.4834570939769
0.2,0.02223546159599428,0.06236543847508862,342.8337216638336
0.2,0.016751190564517328,0.06451397457852344,341.9726390011688
0.18952551403060236,0.05000000000000001,0.04555075345161217,349.15585588295085
0.005747338994159344,0.05,0.18901213066906533,349.2206386020675
0.01724201698247803,0.05,0.18242100739181139,349.44902569821767
0.14303260881313012,0.05,0.12817207894281488,350.0746562997177
0.13078624428031804,0,0.1399612623159245,340.86811674951923
0,0.02825432126309362,0.19946369995179383,343.83372927822285
0,0.022433037011012902,0.20128534085121375,342.75284287903304
0.13128312881569265,0.05,0.14075207529471165,350.13138279673393
0.12007628432421262,0.05,0.147193257967603,350.1629761583417
0.16572461747153555,0,0.08991612750220086,340.56242855659076
0.12567970656995264,0.05,0.14397266663115732,350.1504136135763
0.2,0.027723486684330126,0.04790961643922317,343.70685171765007
0.17737162679038193,0.05,0.08369221935863008,349.62267039318516
0,0.034075605515174336,0.19764205905237392,345.0493611760223
0.12596121528622717,0,0.13696828626000984,340.89291817844367
0.09612270678530221,0.05,0.1669096244980774,350.1144810760165
0.09049905239092788,0.05,0.16292370965444272,350.12858637908414
0.07599448411526,0,0.16880759021731592,340.79732199685003
0.12601848853397732,0.05,0.1377368281648903,350.16144823674756
0.17167584432703042,0.05,0.08689734756375828,349.71051341006415
0.13162191077971735,0.05,0.13451623682844466,350.1395609527563
0.1601295227565395,0,0.11858974358974358,340.6825622538809
0.165825305219891,0,0.11538461538461539,340.62683273066415
0.16552324197482465,0,0.07744069019891031,340.5050154060154
0.11450719906590981,0,0.14993030409922797,340.89926165764416
0.19421857837742013,0,0.061007748904026306,340.0642260346535
0,0,0.21153846153846154,339.7882342133908
0.2,0,0.06410256410256412,340.004161695253
0.01669798064576458,0.05,0.1951709392468303,349.33743964940436
0.11560272707027602,0,0.1433822894254882,340.9132204150696
0.06359472181540751,0,0.1828352967820581,340.6598604083212
0.0651366282000977,0.05,0.17311140996339414,349.9811820794844
0.11341167106154361,0,0.15647831877296775,340.88014475900206
0.2,0.038745453626191584,0.056008338526855765,346.14345740430554
0.12041506628823728,0.05,0.14095741950133597,350.17686724866167
0,0.022286639802351925,0.2073080713226304,342.66993081928297
0,0.016611752758932185,0.20310698175063363,341.8067019784526
0.165825305219891,0,0.09615384615384616,340.58437471343865
0,0.03938373701011623,0.19586393680414674,346.2798267281541
0.02714537897926296,0,0.19460805252535598,340.281882111934
0.09693066300538014,0.05,0.17301468915466206,350.07996254448193
0.07562398009492263,0.05,0.16914514284135984,350.05516522918697
0.10132607240928407,0.05000000000000001,0.15001354493450447,350.1872250423113
0.165825305219891,0,0.10897435897435898,340.6173970741735
0.11481164404249727,0.05,0.14417801083778164,350.1858179884986
0.02293635130910579,0.05,0.17922979589440752,349.5488811822811
0.2,0,0.03846153846153847,339.7880146796761
0.17694490407978183,0,0.07090598428461245,340.3476848893585
0.01584372761387595,0,0.20103530836911565,340.0985522502752
0.16582530521989103,0.05,0.11538461538461539,349.8634177293347
0.015182627831222612,0,0.20734750652014938,340.0329450409699
0.08161125061682761,0,0.16683361361082427,340.82454333213167
0.2,0.02815117882805037,0.018525166252714165,343.4538784000015
0.1549380622052844,0.04999999999999999,0.09014076601660459,349.902430476455
0.1546859012492362,0.04999999999999999,0.09635243429035356,349.9295948941263
0.14924227974193288,0.04999999999999999,0.09334589422173278,349.96497313584774
0.09387467923107008,0.05,0.15291922518782103,350.17460191480706
0.0992511032714228,0,0.15342406285163218,340.90388948629595
0.10293913609955094,0,0.1578395288481418,340.8876567093453
0.10494007740092112,0,0.1541954014536882,340.8995928231943
0.050613296574929204,0.05,0.17010137590757626,349.89859711279536
0.055314062826356085,0.05,0.17311541224566263,349.91713454700306
0.05019226370404134,0.05000000000000002,0.17613345086601748,349.85828294433594
0.04504352674711062,0.05,0.17302739989106453,349.83332701601637
0.08223950893445736,0.05,0.16075452978271706,350.1204136657311
0,0.028182205435824052,0.1871372515017048,343.9231301409968
0,0.022488265937624423,0.18290524259493515,342.91167453268105
0,0.0279827448546734,0.18086445285780534,343.92976009411893
0.16581537755843687,0,0.07113627890069787,340.46539204688634
0.16020768344277828,0,0.07447267006673382,340.53725603802883
0.2,0.027800841723460264,0.004487208959664831,343.1867428898707
0.2,0.03333333333333333,0,344.23040512245143
0.2,0.027777777777777776,0,343.1129004056816
0.16610751314204908,0,0.06483186760248544,340.4211145100719
0.17152620861091544,0,0.06786892594354894,340.3871162940224
0.17181834419452768,0,0.06156451464533651,340.34024700414625
0.1262001913265134,0.05,0.13124829795804824,350.1684041045126
0.1260632022436271,0.05,0.12464564042842936,350.1714297707738
0.13148492169683107,0.05,0.12791357929882577,350.1454189305493
0.15441073148742268,0,0.09616678258287933,340.685267920946
0.1601295227565395,0,0.09935897435897435,340.6471547227343
0.1601065139507742,0,0.09296165437775113,340.62612622259877
0.09989697749308549,0.05000000000000001,0.13994312503681677,350.2127704644581
0.0991824300349862,0.05000000000000001,0.13490791508797295,350.22060627995694
0.10439216803748988,0.05000000000000001,0.13799794700457585,350.21463187820905
0.2,0.016689730612349154,0.004487208959664831,341.3121168828363
0.2,0.02222222222222222,0,342.1168523837553
0.2,0.016666666666666663,0,341.2422610566727
0.2,0.03160594849823901,0.006175055417571388,343.966262054512
0.2,0.03535903982594984,0.004980320531011902,344.74829816665704
0.10510671549558917,0.05000000000000001,0.1430331569534197,350.20422318168966
0.10960190603999359,0.05000000000000001,0.14108797892117875,350.2030357810562
0.19523271442437912,0,0.02241475744500802,339.68141529816285
0.2,0,0.025641025641025647,339.65137406658215
0.1668298030505706,0.05,0.06534188589341472,349.633422153163
0.1722591527101457,0.05,0.06832083539194295,349.5920784902327
0.1665596891009127,0.05,0.07167081044619092,349.6819538666706
0.07165671673387303,0.05,0.15954687648885663,350.08602958808643
0.0730285696259953,0.05,0.153139396991231,350.11761828180096
0.07763403928022633,0.05,0.15694696338697403,350.1216968562541
0.16120224554478782,0.05,0.06871318443565905,349.7183266292655
0.19580272510191543,0,0.017367312269614882,339.6123256675713
0.1910354395262946,0,0.020551300483853667,339.7156827667111
0.2,0.022245286167904707,0.004487208959664831,342.1887015389317
0.0790058921723486,0.05,0.1505394838893484,350.149830650227
0.0849832147187019,0.05,0.14793957078746584,350.17532787579455
0.08361136182657963,0.05,0.15434705028509144,350.15064898156317
0.2,0.011157239002476088,0.008974417919329661,340.6197812299362
0.2,0.016712794558031645,0.008974417919329661,341.3794909062192
0.2,0.011134175056793599,0.004487208959664831,340.5539692246323
0.19454356051953797,0,0.04822615455784076,339.95664133378733
0.09516390572099073,0.05000000000000001,0.1442870102699811,350.20148808966377
0.09043083394889596,0.05,0.14863089550314537,350.1841805893345
0.08971628649079666,0.05,0.14359568555430152,350.1964458027168
0.12059676908077335,0.05,0.1344688892944939,350.18662867734275
0.1099653116250657,0.05,0.1281109185074946,350.2180751386499
0.11535675242010546,0.05,0.12471242021725543,350.20749206260376
0.11517504962756939,0.05,0.1312009504240975,350.2056096694642
0.12077847187330942,0.05,0.12798035908765182,350.1910478077951
0.16053644035637563,0.04999999999999999,0.08709593570026569,349.8347691230996
0.15509281884907233,0.04999999999999999,0.08408939563164491,349.8721066953699
0.16069119700016354,0.049999999999999996,0.08104456531530602,349.80196385945897
0.15533375344403866,0.04999999999999999,0.07808693930477414,349.836521862481
0,0.028381666016974706,0.19341005014560428,343.9118628980852
0,0.03387614493402368,0.19136926040847443,345.0599270185818
0.2,0.03135229637418109,0.02233458594771119,344.14197149714516
0.2,0.0319042701557612,0.01733043136615468,344.18893894484285
0.011391564926703013,0.05,0.16666666666666669,349.46041739712587
0.01708734739005452,0.05,0.1634615384615385,349.5609342486087
0.017138903920862356,0.05,0.1697813614382961,349.5288526764274
0.14289561973024384,0.05,0.11515916500293957,350.07016670500997
0.14289561973024384,0.05,0.121569421413196,350.0755231231978
0.13705328163065117,0.05,0.118138842826392,350.1117167687823
0.1603816837125877,0.04999999999999999,0.09314730608522537,349.862884799933
0.2,0.026073456888365945,0.010662264377236219,342.9540814882229
0.2,0.022268350113587198,0.008974417919329661,342.2580688913273
0.09524922066868244,0,0.1607123176405394,340.8751943246079
0.10093819479818075,0,0.16148365624259542,340.873586482562
0.09725016197005262,0,0.15706819024608576,340.89060896191904
0,0.039184276428965575,0.18959113816024725,346.2852880881431
0.1601295227565395,0,0.10576923076923077,340.6636881884347
0.2,0,0.03205128205128206,339.7220824876416
0.19523271442437912,0,0.028825013855264436,339.75464535099957
0.1953848793226117,0.05,0.029270600631469648,348.87610010364
0.1953848793226117,0.05,0.022860344221213236,348.79241631985366
0.2,0.05,0.025641025641025647,348.75010678199476
0.027327189041510117,0,0.18832267516030782,340.3320109936271
0,0.022687726518775077,0.18917804123883464,342.89970588941713
0,0.022560381764893986,0.19523169104502416,342.82845298402634
0.0398947897901799,0.05,0.16992134891611158,349.80245193191456
0.18876213889695806,0,0.05795185217981577,340.11418870985375
0.2,0,0.012820512820512824,339.49558054000573
0.005281242537958649,0,0.20162715407175652,339.95568374055273
0.16093213159512992,0.05,0.07504210898843525,349.7638369537149
0.15443374029318802,0,0.10256410256410256,340.703961559829
0.15443374029318802,0,0.10897435897435898,340.7181588029034
0.07626218638810406,0.05,0.16335444288459966,350.08800664068053
0.010926105200411618,0,0.1855553482852116,340.15754509677663
0.010744295138164458,0,0.19184072565025972,340.1093838733116
0.016207347738370268,0,0.1884645536390194,340.20367663913726
0.06641304078646057,0.05,0.16153001004987377,350.0505702702999
0.0710185104406916,0.05,0.1653375764456168,350.0555486322315
0.19579993187426453,0.05,0.011127816268776835,348.61495708785577
0.19159986374852905,0.05,0.015845376127297257,348.754836454365
0.19159986374852905,0.05,0.009435119717040844,348.6564614935073
0.18683816462821,0,0.01868784352269931,339.7469820555727
0.19160545020383085,0,0.015503855308460525,339.64579373895833
0.18740817530574627,0,0.013640398347306168,339.6762936306588
0.1486919402183059,0,0.09297459080678432,340.7173521968864
0.1543877226816574,0,0.08976946260165611,340.66184880948765
0.10662716892767908,0,0.16225499484465147,340.8671449474072
0.10862811022904925,0,0.15861086745019787,340.87987076366255
0.10171489542097366,0,0.1675434528488632,340.84565821927015
0.09602592129147533,0,0.16677211424680716,340.8484768400878
0.09680262191426824,0,0.17283191085307495,340.81736945868914
0.12592621316074082,0.05,0.11804298289881049,350.1689765992501
0.13134793261394478,0.05,0.1213109217692069,350.1457980705574
0.01144312145751085,0.05,0.1729864896434243,349.42580814012376
0.017190460451670192,0.05,0.17610118441505374,349.49154982629705
0.12545465870373995,0,0.11724657012155754,340.899630656091
0.1310759010987626,0,0.12071455137770677,340.8786716868545
0.13104362195104255,0,0.11419118472792485,340.87309885866256
0.13694173391064052,0,0.1177941231519499,340.8474129633433
0.005747338994159343,0.05,0.18260187425880892,349.2704367775624
0.2,0.04647015093706095,0.004980320531011902,347.4678702308647
0.2,0.04294030187412191,0.009960641062023804,346.62499285496114
0.2,0.04647015093706096,0.011390576941268315,347.56993490357974
0.1558448019886629,0.05,0.06575555842512715,349.7485041327988
0.1614723594944457,0.05,0.06238425988288283,349.6675430294245
0,0,0.1923076923076923,339.95744391262383
0,0.005537250919644061,0.19590745545533939,340.4594326716055
0,0,0.19871794871794873,339.905709927895
0.005281242537958649,0,0.19521689766150008,340.0096436623679
0.19160545020383085,0,0.009093598898204113,339.5624807819287
0.19580272510191543,0,0.010957055859358468,339.53051475081054
0.061074068241852256,0.05,0.1643066736685476,350.00553606065944
0.06171227453503369,0.05,0.1585159737117874,350.0362669094671
0.1487379578298365,0.05,0.11217948717948714,350.0217835928183
0.1487379578298365,0.05,0.11858974358974357,350.0295304137532
0.18491039335321405,0.05,0.04277007203179976,349.1960317530049
0.1795845638100807,0.05,0.03973131216302285,349.2374306796856
0.1855325156605246,0.05,0.0364447831169505,349.1168904067595
0.1487379578298365,0.05,0.10576923076923074,350.00887697322224
0.15443374029318802,0.05,0.10897435897435895,349.9673295365733
0.15443374029318802,0.05,0.10256410256410255,349.95183904203685
0.2,0,0.006410256410256412,339.4105197206751
0.19046542884875828,0,0.025598745659246806,339.78256604853186
0.1856981432731374,0,0.028782733873485594,339.87934166760465
0.19046542884875828,0,0.03200900206950322,339.8535415041209
0.2,0.03738474631856635,0.009960641062023804,345.28145714038396
0.2,0.040914595381505395,0.004980320531011902,346.0418862543663
0.10972363823341547,0,0.1520628527764581,340.90138183333727
0.11081916623778168,0,0.1455148381027183,340.9177347617953
0.2,0.005555555555555555,0,339.8451573838252
0.2,0.01111111111111111,0,340.48567541654756
0.2,0.05,0,348.3585141713431
0.2,0.044444444444444446,0,346.8500819329233
0.2,0.006226881481596965,0.02950287071616699,340.2958080941163
0.09587845317909002,0.05000000000000002,0.14932222021882494,350.1881463115068
0.06536506983459829,0,0.16676561336471815,340.76176028025094
0.17795861631937868,0.05,0.06497086033769497,349.4948178469734
0.2,0.03941045281118286,0.014940961593035706,345.82988204363215
0.2,0.042940301874121914,0.016370897472280217,346.7200377343461
0.1198979746041574,0,0.12682532216497217,340.92152738253156
0.12551921699918006,0,0.13029330342112141,340.90128596755216
0.12548693785145998,0,0.12376993677133949,340.90292570780923
0.2,0.038306505248022635,0.02494927075614873,345.7056628462233
0.2,0.034553413920311804,0.026144005642708218,344.87062221893467
0.05573509569724395,0.05,0.1670833372872214,349.9547483882375
0.05637330199042538,0.05,0.16129263733046123,349.9880895856365
0.1890871210390759,0,0.045170257833630226,340.0021610896797
0.18431983546345504,0,0.0419439896376126,340.03220957034574
0.18363068155861384,0,0.0485246175196761,340.1009895751318
0,0.005537250919644061,0.20231771186559583,340.4042866387301
0.14289561973024384,0.05,0.10874890859268316,350.0596504881612
0.2,0.05,0.03205128205128206,348.8308954649025
0.16012952275653952,0.049999999999999996,0.09935897435897434,349.8878813119472
0.16012952275653952,0.05,0.10576923076923075,349.9059483575733
0.2,0.04183635431096168,0.02637920663539324,346.57808915641414
0.2,0.0423883280925418,0.02137505205383673,346.6503043394298
0.1862681539506737,0,0.023735288698092452,339.8146647345547
0,0,0.20512820512820515,339.84930669481736
0.10125204457279297,0,0.14977993545717855,340.91503589773856
0,0.03367668435287303,0.18509646176457495,345.0658555713517
0.13705328163065117,0.05,0.11172858641613559,350.10359095468067
0.10061152495118478,0.05000000000000001,0.14497833498566062,350.20164338524296
0.15557468803900504,0.05,0.07208448297790337,349.79626634358164
0.1907697586452234,0.05,0.026489919211657238,348.9153941313544
0,0.011074501839288122,0.1995072186029865,341.07585202688176
0.19118481119687625,0.05,0.02116764766947725,348.83733693712463
0.08842706000087602,0.05,0.15222790047214146,350.1691781294139
0.06043586194867082,0.05,0.17009737362530777,349.9704228150575
0.06577483449327913,0.05,0.16732071000663395,350.0180673732893
0.07098183633616592,0,0.1647916367582265,340.7972799303031
0.07158595505863946,0,0.1588017066926454,340.82530930908433
0.06596918855707183,0,0.16077568329913705,340.7916612603573
0.09187090528305014,0.05,0.1565162301568171,350.1587514347432
0.1953848793226117,0.05,0.03568085704172606,348.95350057362015
0.19579993187426453,0.05,0.017538072679033248,348.7111092065746
0,0.016993787020575447,0.184946032332065,342.01289015001834
0.1487149490240712,0,0.09937191078800754,340.73843644709217
0,0.05,0.1794871794871795,349.1936767069478
0.005747338994159343,0.05,0.17619161784855253,349.314690356118
0.19454356051953794,0,0.04181589814758435,339.89783612452777
0.19523271442437912,0,0.03523527026552084,339.8230991748113
0.18977627494391708,0,0.03858962995156672,339.9304026124284
0.1428398458702385,0,0.11498680516571855,340.8100479629192
0.1428398458702385,0,0.12139706157597493,340.815071735373
0.1487379578298365,0,0.11858974358974358,340.7737225117751
0.19014763633791287,0.05,0.03922546453676291,349.0786632129476
0.10978360883252963,0.05,0.13459944871433666,350.2132266089675
0.11499334683503332,0.05,0.13768948063093955,350.1983849780959
0.021858173421063772,0,0.18525092571713955,340.29350056893037
0.021676363358816612,0,0.19153630308218766,340.2455621870644
0.05103432944581708,0.05,0.16406930094913508,349.9341587990244
0.2,0.03363165499085552,0.01115537594858329,344.46596814218856
0.2,0.03565736148347203,0.01613569647959519,344.98094015938636
0.16012952275653952,0.05,0.11217948717948717,349.91884312194406
0.011494677988318686,0.05,0.17930631262018193,349.3859776051727
0,0.016739097512813272,0.19705333194444408,341.87978856857706
0.10457387083002595,0.05,0.13150941679773376,350.2224465444344
0,0.04449240792390746,0.18781301591202001,347.6284193562045
0.022884794778297954,0.05,0.1729099729176499,349.588906292317
0.1604998190263905,0,0.06816825876852138,340.4956340174761
0.16079195461000273,0,0.061863847470308944,340.449357819238
0.15518426049434414,0,0.06520023863634489,340.5206469370737
0.022833238247490117,0.05,0.16659014994089227,349.62371012440394
0.2,0.05,0.012820512820512825,348.56910550870055
0.2,0.04647015093706096,0.017800833351524728,347.66442198156227
0.2,0.05,0.019230769230769235,348.6630347852807
0,0.016866442266694356,0.19099968213825452,341.9485179590989
0.2,0.028195451579761263,0.026431632015537557,343.5633657554517
0.14997630988791377,0.049999999999999996,0.07512931329424226,349.8648846064413
0.14973537529294745,0.04999999999999999,0.08113176962111304,349.90259805248553
0.1599051384540633,0,0.08048621707446058,340.57284689486687
0.15458957992201694,0,0.07751819694228407,340.60175383902777
0.15428703493330193,0,0.08353174395001083,340.6350225842302
0.19454356051953794,0,0.05463641096809717,340.01065672463443
0.1548921249107319,0,0.07150464993455732,340.5642676190501
0.2,0.03885847902960275,0.019945116174592218,345.7690133389774
0.2,0.03510538770189192,0.021139851061151703,344.9270220832102
0.17252926665980356,0.05,0.06199191083916673,349.54054571740545
0.10603560540528731,0,0.14764738677994843,340.91833992268494
0.1601295227565395,0,0.11217948717948718,340.67550463821726
0.13719027071353745,0.05,0.12474150035601089,350.11383320593063
0.16000582620241874,0,0.08672393572610584,340.60174003154606
0.010562485075917298,0,0.19812610301530786,340.0566797749184
0.01602553767612311,0,0.1947499310040675,340.15338588217037
0.18908712103907588,0,0.05158051424388663,340.05857438369026
0.2,0.05,0.006410256410256413,348.467598637388
0.1369740130583606,0,0.12431748980173182,340.85021797696544
0.1907697586452234,0.05,0.03290017562191365,348.99568970221316
0.16709991700022847,0.05,0.059012961340638506,349.57961716426377
0.17282936834878682,0.05,0.055707094542642006,349.4836909920951
0.18656969051948794,0.05,0.02479722265992125,348.9571609446023
0.18698474307114077,0.05,0.01947495111774126,348.877910380892
0.1829807172743782,0,0.06126729339153437,340.2116776775466
0.18330569941649602,0,0.05489595545560523,340.15864891743996
0.19579993187426453,0.05,0.004717559858520422,348.5112273744045
0,0.01120184659316921,0.19345356879679698,341.14295998109196
0.18739979562279357,0.05,0.014152679575561267,348.79421652865165
0.11471873049618184,0,0.13003232374771137,340.933365872814
0.1203399728912045,0,0.1335003050038606,340.91615781825897
0.1428398458702385,0,0.10857654875546213,340.8002835367656
0.1487379578298365,0,0.11217948717948717,340.76662919509874
0.2,0,0,339.3207069585057
0.2,0.005578619501238044,0.004487208959664831,339.91188917383107
0.2,0.02987856366314469,0.012350110835142775,343.7074198136953
0.17756202180551184,0,0.05823023505047087,340.25247692251907
0.17723703966339405,0,0.06460157298640001,340.3028780241061
0.2,0.005578619501238044,0.010897465369921241,339.99951208452137
0.2,0.04591817715548084,0.02921524434333765,347.6690724145662
0.04546455961799849,0.05,0.1669953249326233,349.8715385322502
0.13110818024648263,0,0.1272379180274887,340.87930972307123
0.17214332633664547,0,0.05519317670940737,340.2878429788773
0.17788700394762966,0,0.05185889711454173,340.19744523873055
0.1494944406979811,0.049999999999999996,0.08713422594798381,349.9356408125191
0.15443374029318802,0.05,0.11538461538461536,349.9776491305295
0.1486689314125406,0,0.08657727082556109,340.6915424741055
0.2,0.04591817715548084,0.02280498793308124,347.5858238963844
0,0.05,0.1858974358974359,349.1466448659025
0.08705520710875375,0.05,0.15863537996976707,350.1417561544688
0.154433740293188,0,0.11538461538461539,340.7276045959233
0,0.03898481584781492,0.18331833951634774,346.28611215834263
0,0.04449240792390746,0.18140275950176363,347.6764488565568
0.07659860283773354,0,0.16281766015173485,340.82771462230744
0.14957656637868555,0,0.06853662980238083,340.5860501490792
0.0907032306513975,0,0.16275274963063435,340.86183727106135
0.15021724448288015,0.05,0.06912685696737149,349.8225004743866
0.09147993127419039,0,0.16881254623690212,340.83419006196937
0.08615724063411256,0,0.1647931816207293,340.8449536069026
0.1802066861173912,0.05,0.03340602324817359,349.1560903587267
0.17825871800836193,0.05,0.05868604404117024,349.44021447985324
0.1850089893682962,0,0.03536336175554909,339.9583269345034
0,0.011329191347050297,0.18739991899060743,341.2057107356996
0.06657330727954537,0,0.15478575323355595,340.81732739246223
0.005463052600205809,0,0.18893152029645194,340.06021822725927
0.11516072878322894,0,0.1367073065865998,340.92586027375364
0.1487379578298365,0,0.10576923076923078,340.7547952247227
0.16639964872566132,0,0.058527456304273015,340.372182795572
0.067051247079642,0.05,0.1557393100931136,350.07869077051606
0.14897147640125558,0,0.08056372381783433,340.66059584053863
0.1736366119596368,0.05,0.04301784120909521,349.3499285697456
0.1683107824165035,0.05,0.0399790813403183,349.3802074880163
0.17425873426694735,0.05,0.03669255229424595,349.2721701148045
0.13694173391064052,0,0.11138386674169348,340.83971808141223
0,0.04449240792390746,0.1749925030915072,347.71893375996973
0.1789624415027702,0.05,0.046056601077872114,349.3129901599132
0.2,0.03888888888888889,0,345.47404558329276
0,0.05,0.17307692307692307,349.23516395105383
0.11986569545643734,0,0.12030195551519024,340.9205101072871
0.12064148279042314,0.05,0.12137770155803296,350.1912411625244
0,0.0056645956735251485,0.18985380564914986,340.5205619899015
0.09444935826289143,0.05,0.13925180032113724,350.21153860410436
0.19580272510191543,0,0.0045467994491020566,339.443951891211
0,0.03347722377172238,0.1788236631206755,345.06714683433216
0.1489901187858847,0.049999999999999996,0.09955756249548176,349.9893851894155
0.028579129104925716,0.05,0.16971876142024606,349.6790317075402
0.11427673220913476,0,0.12335734090882296,340.93573721225044
0.13121094353105853,0.05000000000000001,0.11470826423958803,350.14069837278066
0.14927402138997056,0,0.07455017681010759,340.62543173219643
0,0.03898481584781492,0.17690808310609135,346.3295947210625
0.1861546379678351,0.05,0.030119494202101242,349.03196821978287
0.17855881969734516,0.05,0.052401227744645514,349.38028269018014
0.016389157800617428,0,0.1821791762739713,340.249424521176
0.005695782463351506,0.05,0.16987179487179488,349.3518272979409
0.09153987358041504,0,0.1563138559233339,340.8886829073178
0.08699388356313009,0,0.15835428791342884,340.8738865808003
0.1432699790921824,0.05,0.1024601473801737,350.0416453171727
0.14352214004823058,0.05,0.09624847910642473,350.01976980321916
0.06215673707205201,0.05,0.14544758415555076,350.0835258488272
0.06741980537521149,0.05,0.14928376444299887,350.10307674733934
0.061788178776482516,0.05,0.15190312980566545,350.06196459800395
0.06092336550118714,0,0.1576012348837183,340.7771755872201
0.10385814090464623,0,0.12488926266103384,340.9496070208642
0.10917127398153792,0,0.12712917958598557,340.94431678981346
0.10896359913224307,0,0.12111742398387124,340.94402159414693
0.1040658157539411,0,0.13090101826314818,340.94745403937804
0.10961327226858501,0,0.13380416242487397,340.9394078441979
0.05111023368726591,0.05,0.15745645704301314,349.9646447092237
0.08244789354584514,0,0.16039471990352377,340.8555636436705
0.03417469478010904,0.05,0.15384615384615385,349.8170423150396
0.03422480317419313,0.05,0.16017989353063583,349.7921492467479
0.028478912316757532,0.05,0.15705128205128205,349.7389739276114
0.18926207606266154,0.025978509711246704,0,342.9361389649064
0.1954231524771158,0.02767413980269262,0,343.16371906773537
0.19383892358554572,0.031637703241887416,0,343.9720314862382
0.022032778965321527,0,0.1789456746324644,340.3368185777932
0.02226550882846722,0,0.17270646202832016,340.3758944955486
0.016621887663763123,0,0.175939963669827,340.29097551032373
0.19542315247711584,0.016563028691581515,0,341.29450052258085
0.19542315247711584,0.022118584247137064,0,342.16838144773635
0.0990128866228642,0.05000000000000001,0.12889668417393005,350.22581030048104
0.10440432741790395,0.05000000000000001,0.12549818588369088,350.2252343480944
0.15907773314948248,0.05,0.034144554763873465,349.41039901172803
0.15732480753487707,0.05,0.03992240564561294,349.49387968486445
0.15270828290136657,0.05,0.037005142357390525,349.50247534015926
0.0284789123167575,0,0.15705128205128205,340.51580371128426
0.022783129853406005,0,0.16025641025641024,340.4411311783961
0.02819402115496441,0,0.16326212121904768,340.4876102535609
0.13824930564041127,0,0.08645916190675042,340.75745268498684
0.14374772248983028,0,0.08351571948827452,340.7107682039866
0.13882651356711997,0,0.08045416815098794,340.72531483963155
0.15947910060655618,0.05,0.026848785883557786,349.3152237625952
0.16449699269714035,0.05,0.02247028029146453,349.20537839399714
0.16409562524006668,0.05,0.029766049171780207,349.30557691836333
0.03979457300201172,0.05,0.1572538695471476,349.86309395385257
0.045414451223914395,0.05,0.16066158524814134,349.9021327818475
0.03984468139609581,0.05,0.16358760923162957,349.83535029490804
0.17254889167995913,0,0.048810300755156626,340.2298504436785
0.17295445702327272,0,0.04242742480090589,340.16708804356404
0.16721077941228857,0,0.04576170439577153,340.25691588459784
0.11005527055563212,0,0.1404791452637624,340.92936463895853
0.10527170972313775,0,0.14261169394099252,340.93069201198784
0.08469576078229651,0.05,0.14122380366759246,350.1912034638295
0.08942883255439127,0.05,0.13687991843442818,350.2088613422714
0.08412085290948573,0.05,0.12779226942784577,350.2058294802741
0.08897183520586388,0.05,0.12415292040051193,350.21690116854023
0.08914137861798588,0.05,0.13016415131455483,350.21556849528423
0.1432165321746522,0,0.10231535320648344,340.7838027676001
0.1373184202150542,0,0.1051226711927148,340.82558646926253
0.07339712792156479,0.05,0.14668385134111628,350.1395216325361
0.06778836367078098,0.05,0.14282821879288415,350.1221691891572
0.07376568621713428,0.05,0.1402283056910016,350.156131448266
0.08440830684589112,0.05,0.13450803654771915,350.20137066532266
0.0790869965315127,0.05,0.13736817111936034,350.18158939128614
0.07879954259510732,0.05,0.13065240399948702,350.1882190211563
0.17506146918109472,0.05,0.022101014533614592,349.07790152261623
0.16951488478772453,0.05,0.018091774699371267,349.0883590008679
0.17547652173274755,0.05,0.0167787429914346,348.9972364134101
0.016854617526908817,0,0.16970075106568275,340.3280128347736
0.011391564926703006,0,0.16666666666666666,340.2741995318014
0.011158835063557313,0,0.17290587927081094,340.23922355151456
0.16750353880565347,0.05,0.0526683346738651,349.5187593184348
0.16113408855753755,0.05,0.05552892226738215,349.612898143276
0.16153771036296255,0.05,0.04918429560060876,349.54936388724224
0.17300992319181635,0.05,0.012061183132914178,348.95668648409674
0.19084630495423163,0.022014946272051916,0,342.2167079145622
0.05652511047332304,0.05,0.14806694951821733,350.0387067601828
0.14987897354597202,0.05,0.06227151935187081,349.7733379216213
0.14954070260906388,0.05,0.05541618173637014,349.7177761427319
0.15550653105175477,0.05,0.05890022080962649,349.69660041334186
0.0727305029443944,0,0.14586090468463542,340.87091975616676
0.06688121223628278,0,0.14828384493284646,340.8388047940367
0.07242259798765699,0,0.15236281298534493,340.85153675093323
0.10907760639697134,0.05,0.11513856553847177,350.21399138019717
0.1146385906041331,0.05,0.11775129816227549,350.20601117059397
0.10979576821294369,0.05,0.1220996875934517,350.218446725446
0.027501794585767868,0,0.1820174240756327,340.37751636744434
0.027676400130025623,0,0.1757121729909576,340.41838967184555
0.1679071606110785,0.05,0.04632370800709171,349.4522894263523
0.17323299015421184,0.05,0.04936246787586861,349.4196158040471
0.09896035752634427,0,0.13467285694031078,340.94514896094455
0.09972425320849383,0,0.1397085497792667,340.9381478869163
0.10450781404098819,0,0.1375760011020366,340.9400074875835
0.16680521406897494,0,0.052144580350022264,340.3169342725428
0.07303840790113181,0,0.13935899638392596,340.8853968236607
0.07857979365250602,0,0.1434379644364244,340.8973140741599
0.13217368086428358,0,0.09540759808098881,340.8240708674661
0.1258625040779789,0,0.09812802254910126,340.8598328597093
0.13179699455986987,0,0.10166879362996747,340.8449737397965
0.09416190432648604,0.05,0.1325360332012639,350.22049409517854
0.19333333333333336,0.05,0,348.47116774674714
0.13871344682467746,0.05,0.08671976342490384,350.0119092417644
0.13365259264507615,0.05,0.08340271601713192,350.02509204860854
0.13937273233877845,0.049999999999999996,0.08050013113243999,349.9750494275395
0.07937445046791809,0.05,0.1440839382392337,350.16925137487425
0.04878332972824532,0,0.17532937977008767,340.61212350371505
0.049203405836358,0,0.1692807889770653,340.64820948351604
0.04376891895311101,0,0.1723629466988679,340.58914927462973
0.11358567773995794,0,0.11016502795982511,340.92444470657784
0.11393120497454634,0,0.11676118443432403,340.93261886983674
0.11952016822184894,0,0.11370579904069132,340.915356727219
0.19084630495423166,0.01645939071649636,0,341.34353739133394
0.13969223762258057,0,0.06947140441946487,340.65669503282703
0.14435281246726026,0,0.071488625472821,340.64073939469813
0.14491599153400586,0,0.06651940874902469,340.6048921679524
0.027909129993171317,0,0.1694729603868133,340.4549905182085
0.1314203082554562,0,0.10792998917894617,340.8613164035285
0.09382281750224203,0.05,0.12051357137317809,350.2224776955863
0.09867379979862018,0.05,0.11687422234584427,350.2225590614125
0.09884334321074217,0.05,0.12288545325988715,350.22646122763285
0.10423478400578196,0.05,0.119486954969648,350.2234690583822
0.17829256929094328,0,0.04547602116029099,340.13670869136234
0.09354081488178521,0,0.15266972852888028,340.90331138717966
0.1323340216168742,0.05,0.09584198060205962,350.0879265321386
0.13780200035452828,0.05,0.09915106399111664,350.0679951701449
0.1319596622549356,0.05,0.10213074181456908,350.1105461809627
0.12510913146915154,0,0.11065041364705862,340.8924422383687
0.03875450817797671,0,0.16939651362764813,340.56151913986565
0.03360491245652281,0,0.16626783218168512,340.52870284424756
0.03332002129472972,0,0.17247867134945072,340.49413780333293
0.188016671123505,0.04636078620794362,0,347.5475312836716
0.1866666666666667,0.05,0,348.5743451158675
0.18913326520759788,0.05,0.004717559858520422,348.6180469376696
0.13742764099258975,0.05,0.10543982520362612,350.0883075800511
0.13158530289299708,0.05,0.10841950302707855,350.12813679451
0.12520805134476848,0.05000000000000002,0.11108186084383057,350.16284731721043
0.09399236091436403,0.05,0.126524802287221,350.22376244206856
0.1446745211133461,0.05,0.07781472221334113,349.9227820159202
0.1444335865183798,0.05,0.08381717854021191,349.9582213277372
0.032970810206214216,0,0.185089173518801,340.4126485340377
0.13767209771370256,0,0.0924641556625129,340.78536941776827
0.13275088879099228,0,0.08940260432522633,340.7986624845648
0.12558241070670706,0.05,0.1047930996313211,350.1477622033707
0.12595677006864558,0.05,0.09850433841881161,350.1276480542544
0.14405026747854527,0,0.07750217248054776,340.67786253672995
0.15557188192027166,0.05,0.04570025652735241,349.57208680152235
0.16194133216838758,0.05,0.042839668933835354,349.4802175849549
0.11324015050536954,0,0.10356887148532617,340.91121472247363
0.10827254466306627,0,0.10792511103487339,340.9287780065697
0.1437743010042788,0.049999999999999996,0.09003681083267576,349.99297401950463
0.18143815867777058,0.05,0.015465711283497934,348.89918892267144
0.1849331970818624,0.05,0.009435119717040846,348.7574470446334
0.10365046605535139,0,0.1188775070589195,340.9475795800626
0.16096764491312257,0,0.04880366973684823,340.3426079318433
0.05636579720662413,0,0.14774909723169816,340.78091308304676
0.050715855428265906,0,0.15056457888186048,340.7345538522832
0.05581961046472653,0,0.1540829068827894,340.7585074994886
0,0.011329191347050297,0.180989662580351,341.2502289280215
0.06146955224308475,0,0.15126742523262704,340.80176301749145
0.06177745719982215,0,0.14476551693191755,340.82081433505965
0.10861807189765467,0,0.1145212675093723,340.93892771078094
0.034174694780109,0,0.15384615384615385,340.5845540931901
0.03388980361831591,0,0.16005699301391946,340.5588416075333
0.17897156013683937,0.05,0.010748151424977512,348.8605292160056
0.1401489883000347,0.05,0.06974671716649425,349.9016502321568
0.134847199525467,0.05,0.07243212608559313,349.95269757743546
0.1353825208917569,0.05,0.06768116844651817,349.9162364057408
0.13961366693374477,0.05,0.07449767480556921,349.93721356393934
0.14491545570831246,0.05,0.07181226588647036,349.88267201809276
0.09875268267704942,0,0.12866110133819644,340.9497501195833
0.09854500782775456,0,0.12264934573608212,340.9501708559343
0.1431935233688869,0,0.09591803322526021,340.7648607634118
0.14317051456312158,0,0.089520713244037,340.7411932866481
0.08412117940388023,0,0.14751693248892286,340.9027935354643
0.08783052649214762,0,0.15191539420612837,340.8978826442699
0.0898314677935178,0,0.14827126681167474,340.9117249666825
0.13503166277790088,0,0.06745418336610873,340.66896650908416
0.14025541668932617,0,0.06450218769566855,340.62005002495385
0.13559484184464649,0,0.06248496664231243,340.63152372008346
0.14034603872941642,0.05,0.058140421911918636,349.8094699769788
0.14068430966632456,0.05,0.0649957595274193,349.86305326317046
0.13591784225804676,0.05,0.06293021080744321,349.8767415968422
0.18626945743134746,0.01635575274141121,0,341.38937166293186
0.05126204217016356,0.05,0.14423076923076922,350.0089172570525
0.05118613792871474,0.05,0.15084361313689118,349.9895641952331
0.04556625970681205,0.05,0.1474358974358974,349.95186481856416
0.050169668686368296,0,0.1568983885329517,340.709658028548
0.022498238691612913,0,0.1664672494241759,340.410456748606
0.05424922889224269,0,0.17245523739248408,340.667021163285
0.13769510651946787,0,0.09886147564373612,340.80689464851463
0.04549035546536323,0.05,0.1540487413420194,349.9297820123008
0.038334432069864026,0,0.1754451044206705,340.5246918340739
0.14545077707460236,0.05,0.0670613082473954,349.8449728890186
0.04962348194447069,0,0.16323219818404297,340.6800901179226
0.054669305000355384,0,0.16640664659946172,340.7008614602582
0.05527342372282891,0,0.16041671653388062,340.7314298290402
0.07743524576675107,0,0.15637876644443435,340.8563384990013
0.038159826525606275,0,0.18175035550534563,340.4841922144934
0.03314541575047197,0,0.17878392243412586,340.4557092033933
0.059715128056240074,0,0.1695810950148805,340.71670623833165
0.1380541613105765,0.05,0.09293939571736769,350.0437359260444
0.13299330713097518,0.05,0.08962234830959578,350.0590258553459
0.15516826011484663,0.05,0.05204488319412581,349.638297467761
0.0603192467787136,0,0.16359116494929937,340.74905833677656
0.03427491156827722,0.05,0.16651363321511783,349.76210147440725
0.16056207956980895,0,0.05518654569109897,340.4000651059251
0.10048814889064339,0,0.1447442426182226,340.92811019918094
0.13332809671770096,0,0.08339761056946385,340.7690329890896
0.1254858177735652,0,0.10438921809807994,340.8784176533381
0.005695782463351503,0,0.16987179487179488,340.18198926203667
0.00546305260020581,0,0.17611100747593916,340.1445609612147
0.01092610520041162,0,0.17914509187495523,340.19973390652973
0.00546305260020581,0,0.18252126388619555,340.10475693341056
0.16911351733065086,0.05,0.025387543579686946,349.1935808004673
0.14477423520078608,0.05,0.05335063301639405,349.73582782393754
0.14511250613769422,0.05,0.06020597063189472,349.7935999695401
0.039870477243460545,0.05,0.15064102564102563,349.88790650455985
0.19542315247711584,0.011007473136025958,0,340.53902013127197
0.13912905855583496,0,0.07444062114326118,340.69045013868526
0.06718911719302019,0,0.14178193663213698,340.85537625787146
0.06208536215655957,0,0.13826360863120807,340.83495971488827
0.17650496159590817,0.05,0.006030591566457089,348.81658224337554
0.18246659854093122,0.05,0.004717559858520423,348.7153902946509
0.09477786050100581,0,0.14398990829547073,340.92779396577697
0.09554175618315537,0,0.14902560113442664,340.9158057541073
0.15095535728676115,0.05,0.04278299323913,349.5817820171781
0.01708734739005451,0,0.16346153846153846,340.36053649452555
0.0674970221497576,0,0.1352800283314275,340.8670417839666
0.108359444580999,0.05,0.10817744348349183,350.2033038537311
0.10351662218980959,0.05,0.11252583291466804,350.2160392598943
0.09401396481885625,0,0.13895421545651482,340.93674556373946
0.0625252953676215,0.05,0.13899203850543604,350.09979356464515
0.18270000891367663,0.04272157241588724,0,346.6734870963121
0.18135000445683833,0.04636078620794362,0,347.64202375715786
0,0.0056645956735251485,0.18344354923889347,340.5662653873372
0.06815692196635047,0.05,0.13637267314276946,350.13596809596976
0,0,0.1858974358974359,340.00433251517325
0.08328453647486268,0,0.15395582619622333,340.8816470447814
0.15472451041395657,0,0.05184563507792492,340.4215860246559
0.1551300757572702,0,0.045462759123674173,340.36192019952153
0.07827188869576861,0,0.14993987273713388,340.8800254652672
0,0.0056645956735251485,0.17703329282863706,340.60723410642584
0,0,0.1794871794871795,340.0464864393756
0.18000000000000002,0.05,0,348.66804627870414
0.09833733297845972,0,0.1166375901339678,340.9464111699976
0.043348842844998334,0,0.17841153749189026,340.5505899591361
0.05667370216336154,0,0.14124718893098864,340.7975383166088
0.19468333779017166,0.04080523065238806,0,346.02007179364904
0.1343118781591771,0.05,0.07718308372466809,349.9861251119264
0.1806080535744649,0.05,0.026110254367857914,349.05910459558794
0.18102310612611774,0.05,0.020787982825677925,348.98136840339464
0.11955132729167421,0,0.10084844701721371,340.88888081137844
0.11917464098726054,0,0.1071096425661924,340.90514752630577
0.14920243167215574,0.05,0.04856084412086947,349.65581513771855
0.18936667558034329,0.04272157241588724,0,346.57820331217613
0.0390393993397698,0,0.16318567445988252,340.59372526528045
0.0441889950612237,0,0.16631435590584553,340.6235032447289
0.04447388622301679,0,0.16010351673807993,340.6533504546437
0.056449206231874216,0.05,0.1546797934243393,350.0161813850046
0.18320559916588902,0.03547038676888577,0,344.9442839128478
0.18936667558034329,0.03716601686033168,0,345.23965393009087
0.18405001337051494,0.03908235862383086,0,345.762436296167
0.19084630495423163,0.010903835160940806,0,340.58916224884126
0.1954231524771158,0.005451917580470403,0,339.8996073473658
0.18767784717109146,0.0299420731504415,0,343.7174840871512
0.18852226137571737,0.03355404500538659,0,344.4521050454576
0.17466010172402105,0.05,0.02939678341393027,349.1790053039854
0.1199233209744508,0.05,0.11441657950305302,350.18743607549976
0.1488869412581042,0,0.048504724464750876,340.43674555176443
0.028529020710841624,0.05,0.16338502173576405,349.71158016960027
0.022783129853406026,0.05,0.16025641025641027,349.6536045721344
0.18468522853977737,0.020319316180606,0,342.0199213451174
0.18310099964820728,0.024282879619800794,0,342.71238509920363
0.17967087710062565,0,0.032314765396163986,339.9902414789429
0.19468333779017163,0.03524967509683251,0,344.72897687218574
0.154461208515972,0.05,0.03122729147565105,349.4178951066618
0.1687121498735772,0.05,0.032683312460002625,349.2908636295167
0.1823611849612631,0.031858414913940675,0,344.1790594558557
0.163694257782993,0.05,0.037061818052095886,349.3978364721795
0.05689366876889253,0.05,0.14161140386810261,350.05744328500606
0.08906757211136823,0,0.14323557397271883,340.92262708857936
0.19468333779017163,0.04636078620794362,0,347.4435626039015
0.11920515915847846,0.05,0.10745545744807308,350.1773988072579
0.11392042878816075,0.05,0.11079017610729555,350.1982980973671
0.119579518520417,0.05,0.10116669623556361,350.1597901578491
0.1613732102564362,0,0.04242079378259748,340.2803808928458
0.1815167707566372,0.028246443058995586,0,343.46676292519055
0.17898172319578448,0,0.03889539327822749,340.0660264006807
0.17364361092811392,0,0.035846796918842384,340.09450346698696
0.1676163447556022,0,0.03937882844152078,340.19212763173715
0.13446848371115527,0,0.07242340008990505,340.70351939606985
0.051262042170163516,0,0.14423076923076925,340.7547775891281
0.07347823228072889,0.05,0.13351253857112821,350.1649318930549
0,0,0.17307692307692307,340.08390568523106
0.03932429050156289,0,0.15697483529211687,340.6215051130662
0.11320226697218842,0.05,0.10382905405231563,350.184352842923
0.103304938820763,0,0.1122813505844206,340.9405101557444
0.13390530464440967,0,0.07739261681370137,340.7351823810405
0.0871090055595147,0.05,0.10551610175845594,350.18938545575816
0.09254197214397761,0.05,0.10863034857873367,350.20542788166233
0.08780786662969432,0.05,0.11064572870528878,350.20176754289525
0.17248369934019003,0.021251191909749237,0,342.31911270373035
0.1785844639399837,0.02078525404517762,0,342.17181088272764
0.1770002350484136,0.024748817484372413,0,342.87096663744563
0.09709396469769513,0,0.10623111229656229,340.92969213630624
0.09192412552834842,0,0.1028988794961726,340.9176476024498
0.09254580966873072,0,0.10810211841487535,340.93008003144905
0.17312968336878015,0.0278473372316806,0,343.4914823753318
0.16666666666666669,0.05,0,348.8299753296798
0.16000000000000003,0.05000000000000001,0,348.8989287910809
0.16330170523924564,0.045847334100306725,0,347.7197776204492
0.022783129853406026,0.05,0.15384615384615385,349.67943922673595
0.01708734739005452,0.05,0.15705128205128205,349.5893549011301
0.12799347382875512,0.05,0.08576684605928721,350.06569841854974
0.12733418831465412,0.05,0.09198647835175104,350.097152592597
0.06166759400277475,0,0.11901386945818171,340.84063867915563
0.06187647807966715,0,0.12543361083956667,340.8439007685184
0.06707925399597278,0,0.12244054556865754,340.8706602810323
0.1814916169682861,0,0.015024783469166216,339.76626777820115
0.18092160629074983,0,0.020072228644559355,339.8357853807039
0.09797493872844056,0.05,0.11174459539901141,350.21544147519324
0.091843111073798,0.05,0.10350072163190083,350.1922684295664
0.15689042682974438,0,0.03957281296004482,340.29132184564384
0.1801686928315538,0.016821690605982827,0,341.53456919991027
0.07834618654242881,0,0.13657259070417158,340.90856839476334
0.0728048007910546,0,0.13249362265167314,340.8932404550734
0.04502007296491441,0,0.15376970708698867,340.6809790004708
0.0883898509177791,0.05,0.11739932455290036,350.2122338286701
0,0.016747320644974972,0.1728701582539115,342.05310818108666
0,0.011082724971449824,0.16891378850219751,341.2891486036909
0,0.016624087457174735,0.1668322212148347,342.0667109328014
0.1458135835234432,0.05,0.042978374464300986,349.62459255985095
0.14756650913804864,0.05,0.03720052358256151,349.54688566130744
0.09771564883807743,0,0.11143435121526504,340.93965095231835
0.1026832546803807,0,0.10707811166571785,340.93158020015414
0.17663503857257895,0.04584733410030672,0,347.5665637470683
0.17432432944070178,0,0.028651705342630895,340.01000263115884
0.1803515956132135,0,0.025119673819952497,339.90229723727475
0.17500504795328964,0,0.021456613766419406,339.9193698933925
0.18246939176858207,0,0.004546799449102056,339.6151682379802
0.1765528334311219,0,0.005931184570962103,339.70211337960313
0.179022225199704,0,0.010477984020064158,339.7358592319528
0.18913605843524878,0,0.0045467994491020566,339.5327496369332
0.19333333333333333,0,0,339.41338364450866
0.04556625970681204,0.05,0.13461538461538458,349.97766356599266
0.05126204217016356,0.05000000000000001,0.13782051282051283,350.0218269737517
0.04556625970681205,0.05,0.14102564102564102,349.96735116664354
0.034174694780109025,0.05,0.1474358974358974,349.8376315784477
0.03417469478010902,0.05,0.141025641025641,349.85307518626627
0.03987047724346053,0.05,0.14423076923076922,349.90594431030354
0.10281776111962995,0.05,0.1073962059678352,350.2066406007098
0.005695782463351503,0,0.15064102564102563,340.259285104462
0,0,0.15384615384615385,340.1680267140442
0.005695782463351504,0,0.15705128205128205,340.23818608026255
0.17849063328162967,0.03495693466124887,0,344.8922488160513
0.17933504748625556,0.03856890651619396,0,345.7041223984007
0.1259616082363708,0.05,0.06471411026342803,349.9409877460571
0.1304044038809189,0.05,0.06857311817451058,349.9494538129427
0.1254262868700809,0.05,0.06946506790250298,349.9784848694864
0.08295688433331617,0.05,0.11428507773262261,350.1959611293808
0.0823749000452314,0.05,0.10753148188501106,350.1823285350769
0.09316749380911299,0,0.1133053573335781,340.93931386211534
0.005695782463351504,0,0.16346153846153846,340.21245121997606
0,0,0.16666666666666666,340.1166731258218
0,0.01687055383277521,0.17890809529298823,342.0351679201589
0,0.01120595815925006,0.17495172554127425,341.27185752046273
0.07259591671416218,0,0.12607388127028812,340.8955120504815
0.06728813807286518,0,0.1288602869500425,340.8712269486831
0,0.022365032749824185,0.1768673055558584,342.9303803071085
0.12928116207080026,0.05,0.04963448262438069,349.79385330289665
0.1359215852712521,0.05,0.04927660312321028,349.7552192192132
0.13149338879988243,0.05,0.054066392018734866,349.82500339105064
0.14417766098933613,0.05,0.03161805392599304,349.50543120486464
0.14242473537473072,0.05,0.03739590480773251,349.5868118814112
0.13903588722601817,0.05,0.03181343515116403,349.5424731023995
0.0836539651837258,0,0.1337861850244172,340.92666454601095
0.08342035807364859,0,0.12692081129216437,340.9304115377217
0.07811257943235159,0,0.12970721697191875,340.91436370632516
0.09336500801018933,0,0.12006533052003332,340.94606965768185
0.0935726828594842,0,0.12607708612214766,340.947598956611
0.09378035770877906,0,0.132088841724262,340.94494783325223
0.13253273712253955,0.05,0.0436941334666418,349.71689401722006
0.13578431217427886,0.05,0.037753784308902916,349.63310061705425
0.13917316032299137,0.05,0.043336253965471395,349.67443260755675
0.15300334759006384,0.05,0.011578260047412248,349.1564383596101
0.15650167379503194,0.05,0.005789130023706124,349.0316772244014
0.15967330205760677,0.05,0.011819721590163212,349.09885090550944
0.03987047724346052,0.05,0.1314102564102564,349.92655154245693
0.03987047724346053,0.05,0.1378205128205128,349.91883646045784
0.17310566686224382,0,0.011862369141924206,339.81910006409294
0.15280914613901325,0.05,0.026607324340806822,349.37347785096046
0.15782703822959743,0.05,0.02222881874871356,349.26914129488557
0.1041245288673103,0.05,0.09865740539127625,350.18165482454276
0.09858284540594126,0.05,0.09787616787561962,350.1802419348125
0.10058847422380125,0.05,0.09426699424589355,350.1671872263178
0.16381427984149824,0,0.029335756042756633,340.1230128247828
0.1644949983540861,0,0.02214066446654514,340.0337001688009
0.15933149641480643,0,0.026487775220203975,340.1309848350721
0.16829706326819005,0,0.032183736865309294,340.111070201749
0.1689777817807779,0,0.0249886452890978,340.0238808698227
0.16965850029336574,0,0.01779355371288631,339.9305596359581
0.18,0,0,339.5795995824887
0.1337056155289646,0.05,0.05849830141308904,349.8526328223658
0.10765086052268397,0,0.10272187211617063,340.9176783130684
0.04556625970681202,0.05,0.12820512820512817,349.9828057995207
0.11733452171021402,0.05,0.08427547385113393,350.0974946293557
0.11595710346420549,0.05,0.0907933339181945,350.1321991515802
0.11242104882069642,0.05,0.08640292277281178,350.1200985103395
0.10211890004945032,0.05,0.10226657902100234,350.19383232610767
0.10766058351081936,0.05,0.10304781653665898,350.1916241215815
0.16313356132891038,0,0.036530847618968125,340.20619357882646
0.12986908251462903,0.05,0.07332407581358553,349.9849161419027
0.12420996369830799,0.05,0.07568820585574082,350.0250705221922
0.11976716805375989,0.05,0.07182919794465828,350.01570762743404
0.12098349122553281,0.05,0.06560605999142044,349.9668312946773
0,0.011082724971449824,0.1625035320919411,341.3196888013184
0.0972760776582609,0.05,0.10661496845217855,350.20491427355614
0.12865275934285608,0.05,0.07954721376682337,350.02921111455765
0.11457968521819695,0.05,0.09731119398525505,350.16115188943604
0.011391564926703008,0,0.16025641025641027,340.30235600708966
0.011391564926703006,0,0.15384615384615385,340.3258370704057
0.17764621907700373,0.03134496280630378,0,344.13330316002885
0.03417469478010901,0.05,0.13461538461538458,349.8633731384953
0.05126204217016353,0.05000000000000001,0.12499999999999999,350.0321359096866
0.05689366876889251,0.05,0.12879089104758978,350.07387139077974
0.05126204217016354,0.05,0.1314102564102564,350.0295665246297
0.05126204217016351,0,0.13782051282051283,340.7666409715898
0.14468611649381208,0,0.05984210696981471,340.5586065346359
0.1400255416491324,0,0.05782488591645858,340.57198816246523
0.056893668768892514,0.05,0.13520114745784623,350.0682424208034
0.06252529536762148,0.05,0.13258178209517962,350.10848211954084
0.06208536215655956,0,0.13185335222095165,340.8424110255138
0.1755750586308259,0,0.01640916859102626,339.8510231133009
0.0398704772434605,0,0.14423076923076925,340.66368750711194
0.0398704772434605,0,0.15064102564102563,340.64719429409496
0.04556625970681201,0,0.14743589743589744,340.7039354594077
0.13813381200033426,0.05,0.05370851251756445,349.78410492651545
0.09324083321415724,0.05,0.11375997552556652,350.2151777183404
0.04556625970681201,0,0.14102564102564102,340.7181240685349
0,0.04448128413779783,0.16870220219933024,347.75288008053394
0.05667370216336154,0,0.13483693252073226,340.8071956631524
0.056673702163361525,0,0.1284266761104758,340.81210120116054
0.0512620421701635,0,0.13141025641025642,340.773752545516
0.1849387835371642,0,0.009093598898204113,339.64739958737016
0.17807887368777128,0.011369773025512423,0,340.8077718743146
0.1759890545439888,0.00591785544504202,0,340.19170254029336
0.18208981914378247,0.005451917580470403,0,340.072128951062
0.18666666666666665,0,0,339.49968118583627
0.034174694780109004,0,0.13461538461538464,340.6268291236992
0.034174694780109,0,0.14102564102564102,340.61744358693323
0.0398704772434605,0,0.13782051282051283,340.6754745800585
0.022783129853406026,0.05,0.1474358974358974,349.70006438420904
0.01708734739005452,0.05,0.15064102564102563,349.61256605652306
0,0.005541362485724912,0.1709953557895603,340.6282135211675
0.16317162826257486,0.05,0.006030591566457089,348.97046606668135
0.18875648581044915,0.005451917580470404,0,339.98905772155155
0.0784620053138076,0.05,0.12398379676488364,350.18899424178613
0.07314069499942917,0.05,0.12684393133652486,350.1678031116317
0.17377566739737027,0.03444348255361197,0,344.8372124568273
0.1692591316891467,0.030945856978988794,0,344.14936717517804
0,0.022241799562023948,0.17082936851678163,342.9447485723229
0,0.022230675775914324,0.16453906762460468,342.9750554086204
0.083887572293803,0,0.14065155875667001,340.9174585452584
0.1746200816019962,0.038055454408557066,0,345.64280723820696
0.056464818086469123,0,0.12200693472909085,340.81089552245317
0,0.03346609998561276,0.17253336222849852,345.10427964645606
0.087375970499384,0,0.10476988561448566,340.91530491807504
0.08799765463976628,0,0.10997312453318842,340.92701236172843
0,0.05,0.16025641025641024,349.3017956960056
0,0.04448128413779784,0.1558816893788174,347.8122968966397
0,0.05,0.15384615384615383,349.327332216632
0.09657721658808127,0.05,0.1014853415053457,350.19097745650134
0.17798504302941726,0.042208120308250344,0,346.60660014238425
0.06218775808632177,0.05,0.12591317486057624,350.10995287493125
0.056556131487592795,0.05,0.12212228381298643,350.071845685037
0.06185022080502206,0.05,0.11924456762597287,350.1058130212247
0,0.027848387880763537,0.1685362149265516,343.97861369704395
0,0.02783726409465391,0.16224591403437463,344.0072757413125
0.07788002102572282,0.05,0.11723020091727204,350.18317989012877
0.07729803673763803,0.05,0.11047660506966048,350.1715665925665
0,0.027859511666873164,0.17482651581872855,343.9448938728333
0.08883396500129104,0,0.136370200240466,340.9340607282329
0.08282781547041958,0,0.10664089173279873,340.90950666883697
0.15240764340305257,0,0.03672483213749216,340.29829218569733
0.1506472923305784,0,0.04261477830112152,340.3697361580282
0.1511570837620545,0.05,0.0219873572059626,349.3252502143088
0.14766737237569533,0.05,0.026802705565977816,349.4181554908117
0.14252559861237735,0.05,0.026998086791148807,349.4583490296186
0.1061301576851703,0.05,0.09504823176155018,350.1671581361722
0.12299364052653505,0.05,0.08191134380897865,350.06633428703407
0.17333333333333334,0.05,0,348.753014492221
0.1699683719059123,0.045847334100306725,0,347.6471743717877
0.034174694780109,0,0.14743589743589744,340.6033519100968
0.08353886862140095,0.05,0.1210386735802342,350.2037947777799
0.06714431012245133,0.05,0.11636685143895932,350.1340379182498
0.07222117343004468,0.05,0.11342172825430989,350.15546972029074
0.07280315771812947,0.05,0.12017532410192147,350.1650637211114
0.022783129853406005,0,0.15384615384615385,340.4646639555532
0.022783129853406005,0,0.14743589743589744,340.48348072576493
0.01708734739005451,0,0.15064102564102566,340.4075466924455
0.07238703263726978,0,0.11965413988890317,340.89303181352227
0.06687036991908038,0,0.11602080418727256,340.8653417810142
0,0.005541362485724912,0.15817484296904746,340.6867940617327
0,0.005541362485724912,0.16458509937930388,340.6598673402766
0,0,0.16025641025641024,340.1447134687595
0.14256200847170392,0.05,0.048918723622039875,349.70920649748723
0.1740679282317601,0.017287628470554442,0,341.6751790202813
0.011391564926703013,0.05,0.16025641025641027,349.4912837035351
0,0.03345497619950313,0.16624306133632155,345.1363546786379
0.10750757593117884,0.05,0.08853037169448962,350.13820474422675
0.10259410304166122,0.05,0.09065782061616745,350.1518133310174
0.1287274985181266,0.05,0.05939025114108145,349.88554146661596
0.011391564926703013,0.05,0.15384615384615385,349.51709839956834
0.045566259706812,0,0.1346153846153846,340.7276047236635
0.01708734739005451,0,0.15705128205128205,340.3863995969582
0,0.05,0.16666666666666666,349.27107294081287
0,0.04448128413779784,0.16229194578907383,347.78518160587
0.10206157053999841,0,0.1018748727470151,340.9194516462309
0.14911681629829798,0,0.05518202624396086,340.49177254582986
0.1444562414536183,0,0.05316480519060472,340.5070621063587
0.14934669133849177,0,0.061859328023170845,340.54154074493476
0.15495438545415036,0,0.0585229368571349,340.473745878345
0.022783129853406005,0,0.14102564102564102,340.4975694488973
0.01708734739005451,0,0.14423076923076925,340.4239777809876
0.08860035789121382,0,0.12950482650821318,340.9400353588447
0.15865077790221857,0,0.03368286679641547,340.21628891317124
0.1628449303201816,0.05,0.017850313156620303,349.1576307142792
0.005695782463351507,0.05,0.15064102564102563,349.4366250990879
0.005695782463351506,0.05,0.15705128205128205,349.41341635954285
0,0.03897369206170529,0.17061778221391438,346.3651342874066
0.10966621232867935,0.05,0.0994386429069329,350.17800464014067
0.17197810908797762,0.01183571089008404,0,340.9355697208121
0.005695782463351506,0.05,0.16346153846153846,349.3852149460251
0.16983829492924152,0.05,0.006030591566457089,348.89752784305733
0.16796716363196643,0.01775356633512606,0,341.81120112404494
0.02847891231675751,0.05,0.1378205128205128,349.7931000885783
0.02847891231675752,0.05,0.14423076923076922,349.7802341642304
0,0.03896256827559566,0.1643274813217374,346.39561607380864
0.15416799447552676,0,0.030834885973862802,340.2224136347717
0.011391564926703015,0.05,0.14743589743589744,349.53770359847306
0,0.033443852413393496,0.15995276044414458,345.16337193087776
0,0.03896256827559567,0.157917224911481,346.4243101347215
0.06748184740375104,0.05,0.12303545867356269,350.1402919199202
0.15617497585263868,0.05,0.01760885161386934,349.2192484462256
0.14950502138509575,0.05,0.01736739007111837,349.2732121967069
0.1309397252472088,0.05,0.06382216053543563,349.91095784677873
0.028478912316757504,0,0.14423076923076925,340.55344943318534
0.028478912316757504,0,0.13782051282051283,340.5651865631344
0.06781938468505075,0.05,0.12970406590816608,350.14093531249347
0.1663432565251497,0.05,0.012061183132914178,349.03360946994366
0.12374938150728862,0.05,0.060282200869073856,349.9142637602078
0.12651527178904443,0.05,0.05495834174672727,349.85660442961426
0.07790369535545918,0,0.12328747559053377,340.9147217324248
0.08302532967149591,0,0.11340086491925394,340.92175870940537
0.12233435501243407,0.05,0.08813097610144249,350.10034195833606
0.14601530999873655,0.05,0.022182738431133588,349.3685953943877
0.08819516884084264,0,0.11673309771964363,340.93651627979585
0.01708734739005452,0.05,0.14423076923076922,349.63056771478745
0.028478912316757532,0.05,0.15064102564102563,349.76222258429306
0.18417963828756498,0.010903835160940808,0,340.67538631120976
0.17327007714515788,0.04169466820061344,0,346.53671192602883
0.16990511571773684,0.03754200230092016,0,345.57849081558567
0.08839268304191897,0,0.12349307090609885,340.94073644692327
0.14931943475265408,0.05,0.03142267270082204,349.46390520628546
0.12095693676642554,0.05,0.09464883616850304,350.1329419502769
0.09647228055731283,0,0.10102787337785954,340.91653472196106
0.16660341047849125,0.04169466820061345,0,346.6129649619507
0.02278312985340602,0.05,0.14102564102564102,349.71549828067566
0.11104363057468788,0.05,0.09292078283987233,350.15192746742446
0.045566259706811996,0,0.1282051282051282,340.7323335702566
0.08322284387257226,0,0.12016083810570916,340.9287269990336
0.0398704772434605,0,0.13141025641025642,340.68257250785416
0.028478912316757504,0,0.15064102564102566,340.5370061631658
0.011391564926703006,0,0.14743589743589744,340.34460212677646
0.11855084488198696,0.05,0.0780523358978961,350.0592620723269
0.0512620421701635,0,0.125,340.77611231090674
0.16861314766055657,0.024349711657057425,0,342.89360394466456
0.11024151208222177,0.05,0.06317047448865253,349.9750492947246
0.11712891737604497,0.05,0.06111878395801401,349.94316836183975
0.11409608593170963,0.05,0.06765775052205895,350.00179181712235
0.16988616676445523,0,0.005931184570962103,339.77254709759694
0,0.02784139730806673,0.15581681452174806,344.0344579988482
0.0674691732175722,0.05,0.10994230878675687,350.1261990180371
0.06187193184652469,0.05,0.11292282177052745,350.09886855691263
0.15546510028791827,0.0385656670395086,0,345.9633096950873
0.15319765043187739,0.032848500559262896,0,344.70134845313993
0.15876680552716388,0.03441300113981532,0,344.9892913791573
0.045566259706811996,0,0.12179487179487179,340.73231249326625
0.005695782463351503,0,0.13782051282051283,340.2874083820986
0.011391564926703006,0,0.13461538461538464,340.3680588361581
0.005695782463351504,0,0.13141025641025644,340.29440795281266
0.061502369336147195,0,0.11240338148691986,340.8326269003029
0.056299593419841566,0,0.11539644675782901,340.8050595328579
0,0.03881624881002446,0.13882306162011648,346.44481324990795
0,0.03881624881002446,0.1452333180303729,346.430933905822
0,0.033224373215036684,0.14092690012248243,345.17543109849925
0.15701699193710228,0,0.02083768099162704,340.0839211020309
0.15470248745939816,0,0.015187586763050112,340.0323512005241
0.1495389855201185,0,0.019534697516708943,340.12581985310135
0.09133897626136901,0.05,0.0889723373317824,350.1387200120893
0.09058136702883636,0.05,0.08267344098750526,350.1062793020599
0.09620893041898246,0.05,0.08351618262969777,350.11680607656916
0.13034421260343204,0.05,0.017654309153148133,349.4012012858895
0.133562808402288,0.049999999999999996,0.011769539435432089,349.29568889829784
0.1367311488639866,0.05,0.017558669459138213,349.3653222773528
0.06716676507100623,0,0.10965634025102036,340.857876687069
0,0,0.13461538461538464,340.2101420876889
0.09063460191646208,0,0.08235746510117062,340.83895008698954
0.09611722862334518,0,0.08318661553361924,340.8484121057776
0.09526330551589368,0,0.07676026562079677,340.81419204898486
0.12937993341565585,0.04999999999999999,0.038687124273289256,349.67769604025835
0.12612835836391653,0.049999999999999996,0.044627473431028145,349.75726332934784
0.12297555465703283,0.04999999999999999,0.039620464237675596,349.7154344374833
0.1118155439090189,0,0.07943483916727198,340.8202107976249
0.11777731130586572,0,0.0835707256806965,340.8281216180739
0.1187788433227584,0,0.07745858590701532,340.7939100836087
0.14680376835552103,0,0.036961132632393645,340.34095771477695
0.14856411942799522,0,0.03107118646876429,340.26654044896907
0.14296024438046367,0,0.031307486963665775,340.30618224820785
0.06811889940781396,0.05,0.097093223482352,350.0948357278849
0.07287089962028644,0.05,0.100572642949905,350.1292388422476
0.06779403631269308,0.05,0.10351776613455443,350.1131316212489
0.10674996669864617,0.05,0.08223147535021245,350.10738069837663
0.10107888457659593,0.05,0.07806002792761314,350.08716372457667
0.10599235746611353,0.05,0.07593257900593531,350.0713101518362
0,0.0333706926806079,0.15361080700359053,345.1724911498976
0,0.027768237575281123,0.149474861081194,344.0416365436385
0,0.03329753294782229,0.14726885356303648,345.17651087243814
0.13050682557951865,0,0.05284322684273301,340.58063814540543
0.12811318888271497,0,0.058580543314969556,340.63708152132676
0.13305083371208257,0,0.057664096742522715,340.60793343728056
0.0739830705622836,0.05,0.09410534755143128,350.11146450586244
0.14311808512454116,0.05,0.017463029765128292,349.32265924762527
0.0894946923971246,0,0.09231240084698283,340.8807599657666
0.0884353314482543,0,0.09854114323073423,340.90037366260776
0.09298348647721871,0,0.09667013711242119,340.90063783499534
0.011391564926703006,0,0.14102564102564102,340.3586869465314
0.01708734739005451,0,0.13782051282051283,340.43572198952677
0,0.05,0.1474358974358974,349.3475991221362
0.005695782463351507,0.05,0.14423076923076922,349.4543367086636
0.1558511849298861,0.0224357495535495,0,342.6816008762057
0.15092801386318974,0.027467394294928442,0,343.6335958739202
0.1486583772945021,0.022086288030593988,0,342.67954559389943
0.05130546425316879,0.05,0.11235650828910915,350.02242979858556
0.051327175294671415,0.05,0.10603476243366373,350.01005087453217
0.05659955357059805,0.05,0.1094787921020956,350.0575395423401
0.05109681750353594,0,0.11838951202873815,340.77245211056896
0.16,0,0,339.780948216588
0.16321950009778857,0,0.005931184570962103,339.83655809652305
0.16666666666666666,0,0,339.72025472428913
0.022783129853406008,0,0.13461538461538464,340.50697089008327
0.16103425538320476,0.040130167620061025,0,346.2859183977868
0.16433596062245037,0.03597750172036774,0,345.2816721666392
0.14504341728304684,0,0.042851078796023,340.41094040199
0.13806870934599702,0,0.042690289622087145,340.45162859097655
0.14191223332105438,0,0.048343935290815016,340.48153030269674
0,0.01108685818486264,0.15607443257931453,341.34595439381246
0,0.01663235388400037,0.1539740221895816,342.1218288321016
0,0.01662822067058755,0.16040312170220816,342.09668374441753
0,0.02223480898932714,0.1581099681119781,343.00363294319635
0.01708734739005452,0.05,0.125,349.65345977383737
0.022783129853406015,0.05,0.1282051282051282,349.7307089126711
0.01708734739005452,0.05,0.1314102564102564,349.6509632211663
0.10405540316678738,0,0.09834628691402535,340.9084438222285
0,0.05,0.141025641025641,349.3627460755817
0.005695782463351507,0.05,0.1378205128205128,349.4669283661806
0.09697115173079665,0,0.08961296544644169,340.87776338135393
0.09148852502391355,0,0.08878381501399307,340.8695498703069
0.0949773191040077,0,0.09314155127943144,340.8901946728705
0.08822117650151187,0.05,0.09904880635998223,350.17306342549034
0.10604923579357636,0,0.0948177010810356,340.89544786883437
0.10756162272707509,0,0.08815165247949239,340.8681148874285
0.10245377843767976,0,0.09044211587889031,340.8815416474162
0.028478912316757504,0,0.125,340.5746208635475
0.034174694780109004,0,0.12820512820512822,340.63156997271346
0.034174694780109004,0,0.1217948717948718,340.63159005467014
0.12317554405334738,0,0.05949698988741639,340.6625633286226
0.12078190735654373,0,0.06523430635965294,340.7119639757821
0.1257195521859113,0,0.0643178597872061,340.68881683396626
0.07254603652516556,0.05,0.10699718560210746,350.14496852955693
0.11475253743886826,0,0.09690282288378295,340.8890266325092
0.11626492437236699,0,0.09023677428223972,340.86132893104264
0.11115708008297168,0,0.09252723768163766,340.8805783581684
0.08348707098722857,0.05,0.10106418648653734,350.1685283001517
0.08388717641928986,0,0.1004121493490473,340.89665392535676
0.07886442305410266,0,0.0971743228976197,340.8731227365458
0.07780506210523236,0,0.10340306528137111,340.88753372514503
0.07750866695330651,0,0.10976752921762334,340.9000851088879
0.1310940014089472,0,0.04252950044815129,340.48516279326196
0.13422518537093966,0,0.037036643953359275,340.41572985593854
0,0,0.14743589743589747,340.1867275117415
0.03987047724346052,0.05,0.12499999999999997,349.929162716077
0,0.03888940854281006,0.15157527147092695,346.4301717685115
0,0.044408124405012225,0.14953973593826336,347.8149009451995
0.1126694670164704,0,0.08586118908009444,340.85030821098104
0.15773255014395915,0.0442828335197543,0,347.36250314106775
0.028478912316757504,0,0.13141025641025644,340.57224523696726
0.07770618115438285,0,0.11652750240407855,340.91004529612644
0.10964469314947295,0,0.09919328628318089,340.90533889385347
0.16304399256527008,0.022785211076505003,0,342.6761937459914
0.16077435599658244,0.017404104812170553,0,341.8279956995764
0.09696653965151511,0.05,0.08981507897397492,350.1478772080215
0.06219679494164557,0.05,0.10649827911832502,350.08853320647614
0.12795209893818632,0,0.08545698019179555,340.8028783800227
0.13678140420114399,0.04999999999999999,0.005884769717716044,349.1822646340374
0.1399497446628426,0.04999999999999999,0.011673899741422168,349.2564403767736
0.10074593222277678,0,0.07758941605324539,340.82046733052897
0.10159985533022828,0,0.08401576596606786,340.85343887958066
0.10670769961962359,0,0.08172530256666992,340.83901479683266
0.05128375321166616,0.05,0.11867825414455456,350.0297914769705
0.1462496149502911,0,0.02542109224018736,340.2187614363164
0.14064573990275955,0,0.025657392735088845,340.25666802950474
0.07873507077475608,0.05,0.0975847670189843,350.14261582565643
0,0.00554549569913773,0.1453354870461645,340.72669314341357
0,0.00554549569913773,0.15174574345642092,340.70935243510445
0.11989480765780079,0.05,0.05579492483566743,349.88909561029254
0.15358154836119847,0.017054643289215046,0,341.83732786258724
0.15092582715054298,0.011136787844173025,0,341.03725414694713
0.15811863478592697,0.011486249367128533,0,341.024057061462
0.05692441666571893,0.05,0.10305424944989316,350.04470774167976
0.0398704772434605,0,0.11858974358974358,340.68257151282046
0.039870477243460496,0,0.125,340.6849323938661
0.08494653736816016,0,0.09418340696529588,340.87911874050275
0.07992378400297295,0,0.09094558051386828,340.8540293065727
0.12415484110227304,0,0.0753992162846836,340.76543256963606
0.11978037533965107,0,0.07134644613333413,340.75519086951147
0.05657784252909542,0.05,0.115800537957541,350.0672012365228
0.16932238787732212,0.00591785544504202,0,340.2623859268324
0.17333333333333334,0,0,339.6531385129227
0.1636899765938602,0.02938135639843637,0,343.8922527513683
0.12737489101147761,0,0.09146197394755803,340.8306329215408
0.16531144242131096,0.01183571089008404,0,341.0033975634562
0.14638874072581448,0.016705181766259538,0,341.8391976130775
0.10183649380912857,0.05,0.08435892427189029,350.1221117781422
0.1128797627599367,0.05,0.07388088847529678,350.0476328382504
0.1195078942326729,0.05,0.0454640565199683,349.7905026999449
0.1226606979395566,0.05,0.05047106571332084,349.82993106262137
0.11604023380831295,0.05,0.051307648802261005,349.85877495283574
0.15546291357527148,0.005568393922086513,0,340.351171014784
0.1306571970152789,0,0.06340141321475927,340.6620034154001
0.005695782463351506,0.05,0.1314102564102564,349.4741972571874
0.011391564926703013,0.05,0.1282051282051282,349.56775948947706
0.011391564926703013,0.05,0.1346153846153846,349.5628767676381
0.11166343958816377,0.05,0.08010402642853462,350.08815197151443
0.14633668092339716,0.049999999999999996,0.011578260047412248,349.2104078340584
0.09295528201579514,0.05,0.09703342623342709,350.17342460395577
0.1518534899978226,0,0.025184791745285873,340.1763698281693
0.07762289983275891,0.05,0.10405206241745803,350.1584031113116
0,0.05,0.1346153846153846,349.3727730769684
0,0.044408124405012225,0.13671922311775053,347.843927242731
0.09496091083365513,0.05,0.093424252603701,350.1618104993915
0.07278230874004513,0,0.10016523882994352,340.8606324620898
0.06775955537485792,0,0.09692741237851592,340.8288028796714
0.06746316022293207,0,0.10329187631476813,340.845697053288
0.0954513211864498,0.05,0.07721728628542061,350.0804884444265
0.10032127534406327,0.05,0.07176113158333598,350.046969170321
0,0.044408124405012225,0.14312947952800695,347.83197406999466
0.15106588347729247,0.0442828335197543,0,347.42102391159847
0.14439921681062579,0.04428283351975429,0,347.4721502169041
0.1487984336212516,0.038565667039508596,0,346.01895687024796
0.01708734739005452,0.05,0.13782051282051283,349.64333253481635
0.011391564926703015,0.05,0.14102564102564102,349.55285991212025
0.14666666666666667,0.049999999999999996,0,349.01432305765763
0.15333333333333335,0.05,0,348.96032315698193
0.14983500712836526,0.05,0.005789130023706125,349.08935914457606
0.06179876448807304,0,0.10603891755066766,340.82275391753694
0,0.01109099139827546,0.14964533306668798,341.36739226237415
0,0.01663648709741319,0.14754492267695504,342.1421461958534
0.1361386623518228,0.05,0.027093726485158728,349.50038670043637
0.1411998933079895,0,0.037197433127295135,340.3791382288979
0.09846611318410181,0,0.0974992875448698,340.90685849317106
0.15812082149857373,0.02781685581788395,0,343.6395761890231
0.08600589831703047,0,0.08795466458154447,340.856901114275
0.022783129853406005,0,0.12820512820512822,340.51167556748646
0.03417469478010901,0.05,0.12820512820512817,349.8685663580306
0.03417469478010902,0.05,0.12179487179487175,349.86859949488195
0.062095159639998884,0,0.09967445361441543,340.80816639493514
0.14316834046169857,0.049999999999999996,0.005789130023706125,349.13964659952563
0.028478912316757518,0.05,0.12499999999999997,349.80328107778746
0.12953083888178768,0,0.07333984666235188,340.73221445645095
0.128529306864895,0,0.07945198643603307,340.77090272593074
0.1557414936808048,0,0.0046282010960440045,339.88257570588536
0.15896099377859338,0,0.010559385667006108,339.936965811009
0.13999999999999999,0.049999999999999996,0,349.0609284931083
0.02847891231675751,0.05,0.1314102564102564,349.8006800342237
0.10941976967706929,0.05,0.05214423189120116,349.88038497353995
0.11327434352655713,0.05,0.05663150792460758,349.9143529214607
0.11281707592591159,0,0.07332269939359079,340.7839196960616
0.03970525257683294,0,0.11197925561848175,340.6737936130493
0.034174694780109004,0,0.11538461538461539,340.62688936956914
0.13493752538400455,0,0.048183146116879155,340.51916106692795
0.10638693823273394,0.05,0.0586831984552461,349.94315426478533
0.1514829873616096,0,0.009256402192088009,339.979180870212
0.13263150846739516,0.049999999999999996,0.03274677511555037,349.59129463667995
0.12973428359319977,0.049999999999999996,0.028027066449545068,349.5467130653634
0.13748153351656847,0,0.05300401601666886,340.5474271192326
0.028478912316757504,0,0.1185897435897436,340.5722757230701
0.1251563731191657,0,0.06928707651100241,340.7244749880315
0.1300940179485333,0,0.06837062993855557,340.698553886933
0,0.022165782469954355,0.1453389151587975,343.032620624401
0,0.027695077842495523,0.14313290764063996,344.0437155919496
0.12315330908538036,0,0.08151135605836479,340.80188247160845
0.1332414374776274,0.05,0.02237401781915343,349.4532960949331
0.16218049387638195,0,0.01649057023796821,339.98561650932083
0.08933334744350903,0.05,0.09258151096150849,350.15121269952897
0.1058537765121721,0,0.07529895265384745,340.8050459250207
0.08571141287122291,0.05,0.08812959568958989,350.12434174322095
0.08459924192922574,0.05,0.09459689108806361,350.1491993695331
0.16643900019557717,0,0.011862369141924206,339.8864285696464
0.06252165803676644,0.05,0.10007373646612258,350.07296935946414
0.022783129853406005,0,0.1217948717948718,340.5116859716327
0.11982275095014913,0.049999999999999996,0.034613455044323053,349.668366627303
0.12332990483457676,0.04999999999999999,0.02896040641393141,349.58618240431133
0.12622712970877215,0.04999999999999999,0.03368011507993671,349.63325914498114
0.017087347390054512,0,0.13141025641025644,340.44276943428315
0.02847891231675752,0.05,0.11858974358974357,349.8007220386674
0.10720868063788647,0.05,0.06970944105269747,350.02850444233684
0.12796281744695473,0,0.04802235694294331,340.54963784445823
0.12556918075015105,0,0.05375967341517984,340.60845461818127
0.12257610115867167,0,0.08751634981412726,340.8319831717434
0.16265572121065547,0.00591785544504202,0,340.3266465943039
0.039870477243460524,0.05,0.11858974358974356,349.9266138070133
0.034174694780109025,0.05,0.11538461538461536,349.86347254904973
0.139628373738182,0.05,0.022278378125143508,349.41433775525576
0.11635509052578918,0.049999999999999996,0.04045704732661576,349.74583541895277
0,0.00554549569913773,0.13892523063590811,340.73937151190694
0,0.01109099139827546,0.14323507665643156,341.3833728812952
0,0,0.14102564102564105,340.20076596962303
0.005695782463351503,0,0.14423076923076925,340.27567791318813
0.11381860794280427,0,0.0672105596199096,340.7431209148662
0.13735636933293213,0,0.03154378745856726,340.34133903248795
0.11288743010142924,0.05,0.046300639608908456,349.81650820103175
0.04560968178981728,0.05,0.10915138008398094,349.9681105275477
0.04556625970681202,0.05,0.12179487179487176,349.98283492722567
0.14393511047258695,0,0.01977099801161043,340.16647625519795
0.07248591358811929,0,0.10652970276619572,340.87535524076964
0.07218951843619345,0,0.11289416670244795,340.8853634796136
0.1268370587190044,0.049999999999999996,0.023307357783539772,349.4971272905068
0.022783129853406022,0.05,0.12179487179487179,349.7307177802633
0.07984724171675325,0.05,0.09111747162051059,350.12129984430777
0.12106371422517294,0,0.0941823984156705,340.863186797312
0.10685530852906477,0,0.06918681288016626,340.7666752563591
0.022783129853406015,0.05,0.13461538461538458,349.72567066351286
0,0.022238942202739958,0.15168086859935154,343.02738275384013
0.056430763905139854,0,0.10242149485031496,340.7819268619883
0.05613436875321401,0,0.10878595878656717,340.79420773357515
0.07384166968891542,0,0.09393649644619209,340.8446632283715
0.04558797074831465,0.05,0.11547312593942635,349.977981350221
0.03989218828496315,0.05,0.11226799773429814,349.9192510857203
0.011391564926703008,0,0.12820512820512825,340.3727339620019
0.14722448104241437,0,0.013884603288132014,340.07076370956753
0.1004599458108908,0,0.09397070171188006,340.8951941349894
0.05093159283690838,0,0.1117790240574763,340.7637761005437
0.1033541067883986,0.05,0.06522216501929104,349.9986823303789
0.01708734739005451,0,0.12500000000000003,340.44512011525677
0.05076636817028082,0,0.10516853608621449,340.7500842808309
0.09989200911532531,0,0.07116306614042293,340.7826270002609
0.04540103504018444,0,0.11518438382360995,340.7260934432119
0.04523581037355688,0,0.10857389585234811,340.71485858346995
0,0.011082870209064092,0.130305176251151,341.39996874896195
0,0.011082870209064092,0.12389491984089458,341.40159567582305
0,0.016624305313596138,0.12815007206903417,342.1694996540513
0.08346448102565135,0.05,0.06355780615903008,349.9643807888771
0.0867501860806536,0.05,0.06994856982906687,350.0200741733163
0.07996464144894877,0.05,0.06904228895193232,349.99520672547527
0.09025002565735618,0.05,0.06446408703616463,349.98601061864997
0.06852125632411055,0.05,0.09182958797486873,350.07661584540824
0.14879624690860482,0.005568393922086513,0,340.401751912406
0.1464975770066641,0.0330314976921693,0,344.7929387984006
0,0.016632426502807503,0.14107997247431475,342.15619287813996
0,0.02216172187534867,0.13887396495615723,343.0451814036862
0.011391564926703013,0.05,0.12179487179487178,349.5680626595246
0.005695782463351506,0.05,0.11858974358974358,349.47462780076427
0.01139156492670301,0.05,0.11538461538461536,349.56301279563473
0,0.016652855413169868,0.11534098398671525,342.16875238848763
0,0.011097145258850957,0.1174903757997351,341.40021592645655
0,0.011111420308637822,0.11108583175857566,341.3940298648866
0.023104346373060275,0.05,0.08997635915311021,349.65901275184956
0.01708734739005452,0.05,0.08653846153846155,349.56129389971335
0.022728133430646752,0.05,0.0840579630034401,349.62585032059496
0.03438591845424474,0.05000000000000001,0.08501536208306733,349.77111965233644
0.028368919471238988,0.05,0.08157746446841865,349.6837255075372
0.03400970551183122,0.05,0.07909696593339721,349.73491946053997
0.03986555562458848,0,0.10549355941973812,340.6630783779478
0.10909843019804077,0,0.03939970621382436,340.5189179313252
0.1057690600065814,0,0.04527238217294888,340.5791438619415
0.11198296020133147,0,0.04471538922461003,340.56597120979137
0.011391564926703002,0.05,0.10256410256410253,349.5375260259964
0.005695782463351501,0.05,0.10576923076923075,349.4542592317939
0.005695782463351501,0.05,0.09935897435897435,349.43640276424804
0.12011473753447735,0.05,0.011658272409612314,349.35206307786746
0.11333333333333334,0.05,0.011547005383792538,349.36839261375263
0.11666666666666668,0.05,0.005773502691896269,349.26657911894534
0.01708734739005451,0,0.1185897435897436,340.4427492525231
0.022783129853406008,0,0.11538461538461539,340.50694883976763
0,0.038833442876169515,0.13248175803992954,346.45707537542575
0,0.033258761347326804,0.12824429296210854,345.1971680878746
0,0.038850636942314574,0.1261404544597426,346.4646159314695
0.011391564926703008,0,0.12179487179487182,340.3727157556168
0.005695782463351504,0,0.12500000000000003,340.296740289784
0.02912134535606603,0.05000000000000001,0.09341425676775889,349.7485669582553
0.029121345356066024,0.05,0.09982451317801527,349.771339339435
0.023104346373060268,0.05,0.09638661556336661,349.6845223191073
0.13333333333333333,0.04999999999999999,0,349.1001264563843
0.12666666666666668,0.049999999999999996,0,349.13212031156326
0.13103247671874585,0.0444658306526607,0,347.6007745896216
0.11531233039279085,0,0.038842713265485516,340.5023778512887
0.11864170058425022,0,0.032970037306361,340.43314888076014
0.11242780038950015,0,0.033527030254699844,340.4530563886829
0.017087347390054516,0.05,0.09294871794871795,349.5895406530492
0.01139156492670301,0.05,0.09615384615384615,349.5170138738051
0.011391564926703015,0.05,0.08974358974358976,349.49137892845283
0,0,0.11538461538461539,340.21009631899125
0,0,0.1217948717948718,340.214809711784
0.005695782463351504,0,0.11858974358974361,340.294374490195
0,0.005555710154318911,0.11323522357159552,340.74367220875007
0.03476213139665826,0.05000000000000001,0.09093375823273744,349.80279867179996
0.04083794543925657,0.05000000000000001,0.08703041681373193,349.8481148119651
0.041214158381670085,0.05,0.09294881296340203,349.8778753645294
0.07287219392078541,0.05,0.07721564095724558,350.0223206422344
0.07833400815895847,0.05,0.07949140053380814,350.05751031187685
0.0747877843948768,0.05,0.08357807653646476,350.06660221751713
0.0629051003152018,0,0.08756691559566725,340.7686755043752
0.05716606118706423,0,0.08892401292937421,340.7407666058684
0.062462808280961075,0,0.09292571265394507,340.7877629893443
0,0,0.12820512820512822,340.2148249680166
0,0.027568895777805302,0.10460634648529862,344.01439203216927
0,0.033105170761310344,0.10892852963075389,345.1495469560479
0,0.02765428810388606,0.11109357636088246,344.0443056203658
0.13111814641670483,0,0.03201920407449851,340.3775830992112
0.13752786701276315,0.027833388560741263,0,343.79570018585576
0.14422794043797646,0.027650391427834854,0,343.7181301422771
0.1397975035814508,0.03321449482507571,0,344.877564918883
0.13550183585368064,0.005533202114776835,0,340.4796898283769
0.13100367170736132,0.01106640422955367,0,341.14874873402067
0.128835169187014,0.005533202114776835,0,340.51084740123287
0.028800128836411774,0.05000000000000001,0.10600200017875122,349.7846534741447
0.02278312985340601,0.05,0.10897435897435895,349.715520768408
0.023104346373060265,0.05,0.102796871973623,349.7049090932039
0.09996130995204193,0.05,0.04645802953860144,349.8314988460408
0.10310123317773169,0.05,0.052292434785209306,349.88819593889554
0.0967826966783941,0.05,0.05244063767921746,349.8895527951123
0.08036607603721367,0,0.08558678345559047,340.83248993439355
0.07828523278146102,0,0.07914276093121705,340.79438735831155
0.07472625375739687,0,0.08321890232963647,340.8027813619778
0.1448163206949429,0,0.009256402192088009,340.0255201473516
0.1490748270141381,0,0.0046282010960440045,339.93292640280947
0.14240816034747145,0,0.0046282010960440045,339.976877768563
0.13860968821454359,0,0.009646563369564331,340.06806931446425
0.08696432060235393,0.05,0.05807332336612784,349.927463727782
0.09374986523405876,0.05,0.058979604243262394,349.94585593948676
0.04002585867234403,0,0.0990078632209945,340.6474875194556
0.045763762062274616,0,0.09533945869313411,340.6839052273579
0.040393507313306216,0,0.09225912226052413,340.62792488982876
0.06320119509416487,0.05,0.09310952569669832,350.05211258676906
0.017087347390054516,0.05,0.11858974358974358,349.65095260858124
0.12528362259556103,0,0.021026736982494316,340.2752740442243
0.12240305573414428,0,0.015810227238936908,340.22013973139946
0.11908209472848888,0,0.02178187740087025,340.30429478872287
0,0.05,0.12179487179487179,349.3781106894071
0,0.04442531847115729,0.12396766312730718,347.85684578896
0,0.04442531847115729,0.11755740671705078,347.85338649819795
0.11841936934702568,0,0.043860153144346284,340.5436448047141
0.09318246226014104,0,0.07031624309642337,340.7739519817125
0.10666666666666665,0,0.02309401076758503,340.3430860025943
0.11288056686141673,0,0.022537017819246184,340.3276826550448
0.10999999999999997,0,0.017320508075688773,340.2682678860478
0.11620152786707214,0,0.01656536765731284,340.2470202478119
0.046610435366869964,0.05,0.09600968231382076,349.9399617159407
0.04728997242426839,0.05,0.08904547154439652,349.9173767035313
0.05268624940946827,0.05,0.09210634089481526,349.9752705035703
0.0797633685497725,0,0.06862259700842424,340.73655722933876
0.08184421180552515,0,0.07506661953279764,340.78218177120965
0.08647291540495677,0,0.0694694200524238,340.7585953914049
0,0.022118013120381017,0.10677139321542721,343.02944168190123
0.08024959863304984,0.05,0.08585383611302733,350.09824040157764
0.15333333333333332,0,0,339.8353103332963
0.01708734739005451,0,0.11217948717948718,340.4356943128557
0.022783129853406005,0,0.10897435897435898,340.49752763096893
0.05200671235206984,0.05,0.09907055166423949,349.99580061643536
0.05760395372311736,0.05,0.0960900386804689,350.02715422628387
0.045930898309471536,0.05,0.102973893083245,349.9562668735817
0.03481712781941753,0.05,0.10302964138314348,349.84597311314593
0.035138344339071786,0.05000000000000001,0.09685215438240756,349.8299565189308
0.04053462132427166,0.05,0.09991302373282628,349.8962354217146
0.011391564926703006,0,0.10897435897435898,340.3586246626694
0.01708734739005451,0,0.10576923076923078,340.42395529625486
0,0.027708211314034892,0.13032665385781272,344.06453979467375
0,0.022174855346888046,0.12606771117332996,343.05908269353995
0,0.02772540538017995,0.12398535027762578,344.0695675516399
0.06820184740909864,0,0.0915686153202381,340.8118388458374
0.10621390019475008,0,0.03408402320303869,340.46731980920845
0,0.005541435104532046,0.119639767612755,340.74846123080295
0,0.005541435104532046,0.1260500240230114,340.75000446376896
0.0896067512477705,0,0.051774668585897105,340.631544026315
0.09595569750180437,0,0.051379134118509584,340.6348795301933
0.09307116749851366,0,0.04606345110772391,340.58528021041093
0.01708734739005451,0.05,0.09935897435897434,349.61266461322384
0.07428396172315616,0,0.08857769938791428,340.82541152536504
0.034495911299763274,0.05,0.10920712838387941,349.8571451231856
0.04021340480461741,0.05,0.10609051073356221,349.9101655458052
0.13481121608161573,0,0.014664925643084654,340.15426359043073
0.12860458360121643,0,0.015055086820560976,340.18762633681035
0.13152184551178833,0,0.02055132036656307,340.2437028327091
0.1248557784927199,0,0.043004917064082535,340.5152035119343
0.12152640830126052,0,0.04887759302320705,340.5805164360974
0.1097758354939137,0,0.06232847922793681,340.71593851189897
0.11673913490765318,0,0.06035222596768014,340.6877820204429
0.11269636245876265,0,0.05547014557570734,340.65843701393817
0.11913277160445684,0,0.0546149094954436,340.636503259911
0.1324030557341443,0,0.01003672454704065,340.1050270188757
0,0.02218913039667491,0.11966316713217051,343.0598156230973
0.1028845300032907,0,0.03995669916216321,340.52981392396435
0.005695782463351502,0.05,0.11217948717948717,349.4670352382406
0.011391564926703004,0.05,0.10897435897435895,349.5528720991343
0.13772847799218765,0,0.02016115918908675,340.20788527530425
0.028478912316757518,0.05,0.11217948717948716,349.7931230246788
0.11327425031671637,0.05,0.023084823731900222,349.5378912197417
0.12005565451786039,0.049999999999999996,0.023196090757719997,349.5212066252798
0.11654850063343275,0.049999999999999996,0.028849139388111636,349.60656324782013
0.05113401681124301,0,0.0984197951257441,340.7346113177888
0.05150166545220519,0,0.09167105416527373,340.7138544672597
0,0.022157661280742987,0.1324090147535169,343.05281332008417
0,0.03301977843522959,0.10244129975517005,345.11602033820503
0,0.038679852290153055,0.1067557382983185,346.40337800392786
0.10281253608017424,0,0.06430473248819346,340.7364924057639
0.10573306304502317,0,0.05744639883596401,340.6835930577662
0.11321516730009941,0.04999999999999999,0.034622642080007884,349.6860367549775
0.10974750687573948,0.05,0.04046623436230058,349.75980487233176
0.10313992322568975,0.05,0.04047542139798542,349.76673352030576
0.10660758365004969,0.049999999999999996,0.03463182911569271,349.69666607724713
0.09942011375254753,0,0.0456679166403364,340.5851489664565
0.10230464375583824,0,0.050983599651122063,340.63234117351095
0.14209836019603828,0.038748664172415,0,346.11076640683086
0.135398286770825,0.03893166130532141,0,346.1956117186355
0,0.0331905630873911,0.11541575950633773,345.1778582527633
0.017087347390054512,0.05,0.11217948717948717,349.64335461071454
0.07264541050164422,0,0.07677487980526305,340.76118092456704
0.13313325194929948,0.016634798151640182,0,341.90763938263615
0.13763141609561882,0.011101596036863347,0,341.11968360551236
0.139760996337557,0.01666998995894986,0,341.8767008236175
0.13533055948103134,0.022234093356190723,0,342.7899587887773
0,0.05,0.1282051282051282,349.3779833158778
0.12953486120040547,0,0.005018362273520325,340.0489254452193
0.1333333333333333,0,0,339.9599119638825
0.12666666666666665,0,0,339.98862143941216
0.10627984645137953,0.05,0.046309826644593294,349.8267769801152
0,0.016667130462956734,0.1089364399455558,342.1611692874008
0.12433700504069464,0.01106640422955367,0,341.175988489052
0.005695782463351506,0.05,0.125,349.4769539616659
0,0.005541435104532046,0.13246028043326782,340.74684956017455
0.12356280840228802,0.05,0.017543042127328358,349.42897911192676
0.14101784856201505,0,0.014274764465608334,340.11530938134985
0.05679841254610204,0,0.09567275388984457,340.7639886776719
0.1376991433854125,0.0444658306526607,0,347.56417894480927
0.12798696245471236,0,0.03751206056929052,340.4488722486364
0,0.027691017247889832,0.13666795743799967,344.0547904682335
0.11999999999999995,0,0,340.0109649997908
0.11666666666666661,0,0.005773502691896257,340.1022687976294
0.12286819453373878,0,0.0050183622735203255,340.0740545442814
0.12174873953848506,0,0.03798747718522177,340.47637385736823
0.09303517053695542,0,0.05823746777073904,340.68855241730625
0.08632562368177116,0,0.05739064472673948,340.6718592124542
0.13620152786707213,0,0.005018362273520325,340.0174304310062
0.028745132413652508,0.05,0.08749586061808877,349.71840681906275
0.10865359000987213,0,0.05058806518373456,340.6239289562681
0.12689614173562136,0.05,0.011769539435432089,349.32833880167107
0.045396113421312424,0,0.10208819965360448,340.70142302369237
0.05760835322130494,0,0.08356521587109639,340.7195556697641
0.03433499782786455,0,0.10889891918587176,340.6188944591436
0.03449530087562009,0,0.10241322298712813,340.60602392532746
0.0897540429709561,0,0.06385344391158143,340.7262292969213
0.028639215364513047,0,0.10569379098074357,340.5549445667666
0.0993841167909893,0,0.05784193330335153,340.68900966781655
0.08866577655474497,0.05,0.07631100540828606,350.06610993858624
0,0.016638580363383,0.1217455280278747,342.1715291773711
0.09653558374925682,0,0.04035223362955072,340.53341191575146
0.14666666666666667,0,0,339.8832731188343
0.14212958024193817,0.005568393922086513,0,340.4459334788575
0.13999999999999999,0,0,339.92483657320184
0,0.044425318471157285,0.13037791953756359,347.8552222143419
0.11576113372283348,0,0.027753527562803592,340.3826429866155
0,0.03327595541347186,0.12190298938192157,345.20095422835124
0,0.038850636942314574,0.11973019804948618,346.4626528417962
0,0.05,0.11538461538461538,349.3731551975562
0.06864413944333936,0,0.08620981826196028,340.79149635162287
0.06908643147758008,0,0.08085102120368245,340.76777539702755
0.0633473923494425,0,0.08220811853738942,340.74620955902543
0.14195830386928882,0.0222692851635004,0,342.7570237853525
0.09646358982614037,0,0.06470026695558098,340.73891340862167
0.028478912316757504,0,0.11217948717948718,340.56517232207375
0,0.011086930803669775,0.13677012645379127,341.3941352465722
0.12487992350047752,0,0.03249462069042976,340.40818638196856
0.08304449611577183,0,0.06300662086758185,340.7068636134622
0.12870281509277384,0.022198901548881045,0,342.8163291406807
0.0461314107032368,0,0.08859071773266375,340.6611035435364
0.02294343290116155,0,0.10248866277561536,340.48506703078016
0,0.01662836590820182,0.13461502227167443,342.16531069753927
0.08392505506127781,0,0.08151064205717105,340.82229639952175
0.08855375866070943,0,0.0759134425767972,340.8015276959767
0,0.03876524461623382,0.11324296817390234,346.4356230834258
0,0.04433992614507653,0.11107017684146693,347.8224229570449
0.053365786466866696,0.05,0.08514213012539101,349.9484605359367
0.058283490780515784,0.05,0.08912582791104467,350.0033208561197
0.13011473753447733,0.049999999999999996,0.005884769717716044,349.21818856736195
0.12436581005207918,0.04446583065266071,0,347.63016612633703
0.12873162010415834,0.03893166130532141,0,346.2296050449843
0.02278312985340602,0.05,0.11538461538461536,349.72566469064094
0.10954723352808339,0,0.028310520511142436,340.40029841435177
0.11678140420114401,0.05,0.017431775101508583,349.44936219765276
0.11000000000000001,0.05000000000000001,0.017320508075688808,349.46235054306766
0.12196266158990562,0,0.026998387144427656,340.35711489220756
0.017087347390054505,0.05,0.10576923076923074,349.6306657802374
0.04691375948185487,0.05,0.08312707539472641,349.88501344553356
0,0.027739680429966815,0.1175808062364663,344.06900388743475
0.1257363890674776,0,0.010036724547040651,340.1329416566213
0.05868584769681237,0.05,0.08386219240356141,349.9804089622392
0.06360355201046146,0.05,0.08784589018921507,350.0315466985905
0.011391564926703006,0,0.11538461538461539,340.36801224760995
0.040461732496843046,0.05,0.08111202066406181,349.813833087068
0.0764184176848671,0.05,0.07312896495458895,350.01091382037964
0,0.05,0.10256410256410256,349.34766285694616
0.11333333333333329,0,0.011547005383792514,340.1880364263817
0.09353573071235843,0.05,0.07085485070620143,350.0373283215981
0.1330974301562375,0.033397491957982126,0,344.9552268145872
0.11508999915556634,0,0.04973282910347081,340.60528014003404
0,0.05,0.10897435897435898,349.3629492578008
0,0.044339926145076536,0.10465992043121053,347.8088240300025
0.08188023192304014,0.05,0.0754047245311515,350.04411813318677
0.10994091698338304,0.05,0.028858326423796467,349.6207397426131
0.08379582239713153,0.05,0.08176716011037069,350.0871631391021
0.03465560392337563,0,0.09592752678838451,340.5882777681208
0,0.022203405446461773,0.11325862309101105,343.0557422404513
0.02879951841226859,0,0.09920809478199993,340.53984118806875
0.09364277345270433,0.05,0.046606232432609584,349.8297666028275
0.09046416017905651,0.05,0.052588840573225604,349.8844555421901
0.1033333333333333,0,0.02886751345948128,340.41230975469057
0.12820088450613293,0,0.026522970528496413,340.3288480370543
0,0.03867985229015306,0.10034548188806208,346.3863860895983
0.005695782463351503,0,0.11217948717948718,340.2873383369149
0.06892361324040713,0.05,0.08656595246738547,350.054812999793
0.06400590892675805,0.05,0.0825822546817318,350.00739784727347
0.06932597015670372,0.05,0.0813023169599022,350.0294271910393
0.13443910742236023,0,0.026047553912565163,340.294940397935
0.10333333333333332,0.05,0.028867513459481298,349.6278754320013
0.10006840173339634,0.05,0.05883140134925424,349.94773215670546
0,0.044339926145076536,0.09824966402095413,347.79014464186076
0.09999999999999998,0,0.03464101615137753,340.4759391423367
0,0.033241567281181744,0.1345855965422955,345.18866037792395
0.09703557028906101,0.05,0.06537036791329918,350.0000271488637
0.10666666666666666,0.05,0.023094010767585053,349.5485740816532
0.14425916048387633,0.011136787844173025,0,341.08405382548267
0.005695782463351507,0.05,0.09294871794871795,349.4133796268791
0.126505507561042,0.016599606344330504,0,341.9320132901334
0.12344807086781069,0.05,0.005884769717716044,349.24690839258966
0.11953486120040545,0,0.010791864965416582,340.1633054805898
0.09682138672635215,0.05,0.040623624291993565,349.76836628680144
0.07620438952570836,0,0.07269873840684364,340.75077486867076
0.13090012262450568,0.027798196753431585,0,343.82406698216545
0.12000000000000002,0.05,0,349.15691005864534
0,0.05,0.09615384615384615,349.3272959949923
0.09999999999999998,0.05,0.034641016151377546,349.7002545941122
0.0743854274785802,0.05,0.08884171204394803,350.09082484325904
0.1221685025203473,0.005533202114776835,0,340.53563905893776
0.051869314093167376,0,0.08492231320480335,340.6878137292434
0.03776880940963978,0.05,0.06967571847470894,349.71462831023905
0.04186745672824738,0.05,0.066239594372458,349.73061284128056
0.04220700014904642,0.05,0.07222471772889531,349.7763468886585
0.10644707417106275,0.03323358551473454,0,345.0024511598946
0.1020720289781963,0.03881253381290946,0,346.26607693024715
0.09976901276352616,0.033204015923993836,0,344.99917106971725
0.03259430026239444,0,0.06547570127013244,340.4128905265511
0.03320350704973218,0,0.07146854910725778,340.45792205037367
0.03698363278985108,0,0.0682198480306757,340.47322402438266
0,0.05,0.08974358974358974,349.3017058053315
0,0.04438326199800216,0.09202656074966196,347.7783535075964
0,0.044383261998002174,0.08561630433940556,347.74952149125636
0.05725352101724949,0.05,0.039928896234572596,349.6134627473667
0.06077541819745408,0.05,0.03442551289690987,349.5733411869823
0.06400044411725138,0.05,0.04011333302947481,349.6586955696735
0.10666666666666666,0.05,0.011547005383792538,349.37908501618443
0.06090428537822819,0.05,0.06742971419345495,349.891883526434
0.0573394324710989,0.05,0.06193169709893598,349.8255158284704
0.06408635557110079,0.05,0.06211613389383819,349.8703091105527
0.07679325961824784,0.05,0.0631911837328231,349.9399823047469
0.07043980759467432,0.05,0.06265365881333065,349.90849753555494
0.07362187778754692,0.05,0.0573400785137139,349.87844135685907
0.02251731000593473,0.05,0.07816150073554562,349.59048267784925
0.028158096046526963,0.05,0.07568100220052418,349.64669033127916
0,0.05,0.08333333333333334,349.2709336958125
0,0.044383261998002174,0.07920604792914916,347.71550755505814
0,0.05,0.07692307692307693,349.2349796664353
0.005695782463351506,0.05,0.08012820512820513,349.3517535701481
0.011391564926703006,0,0.08333333333333334,340.2741676933
0.005695782463351503,0,0.08653846153846154,340.21242250344426
0.011391564926703006,0,0.08974358974358973,340.3023442836558
0.08029309919495042,0.05,0.05770670093992086,349.90658187787744
0.09666666666666668,0.05,0.017320508075688766,349.4694170368371
0.09333333333333332,0.05,0.02309401076758501,349.5485490365807
0.09000000000000001,0.05,0.017320508075688745,349.4622411479059
0.06725773740180171,0.05,0.0679672391129474,349.93302824859137
0.011391564926703008,0,0.10256410256410257,340.34455991708825
0.005695782463351504,0,0.10576923076923078,340.27565078689605
0.06057785361604297,0,0.07753589505070607,340.7063789450635
0.057808314882643416,0,0.07286367156402271,340.66287529235365
0.0548388144879054,0,0.07889299238441304,340.67812378639417
0.09666666666666664,0,0.017320508075688773,340.274689025586
0.09333333333333331,0,0.011547005383792514,340.19764191137205
0.08999999999999998,0,0.017320508075688773,340.26825868149723
0.09000000000000001,0.05,0.005773502691896248,349.28047838078487
0.08666666666666668,0.05,0,349.1745763929426
0.09333333333333335,0.05,0,349.18532912218274
0.03759283957718882,0,0.07421269586780103,340.5159999565479
0.041372965317307726,0,0.07096399479121895,340.52987756585713
0.09666666666666665,0,0.02886751345948128,340.41229229240815
0.08333333333333334,0.05,0.005773502691896248,349.2661180698133
0.08666666666666667,0.05,0.011547005383792497,349.3679320478452
0.08000000000000002,0.05,0.011547005383792516,349.3502167011354
0.0771217173642495,0.05,0.05185559572081165,349.8424664397183
0.07363366397123068,0.05,0.04587298758019563,349.7692912139527
0.08030488537863419,0.05,0.04623961000640261,349.7979671997429
0.02823759168806478,0,0.08048708514240925,340.4583706644473
0.03381271383706992,0,0.07746139694438312,340.49874559280073
0.02819903231021775,0,0.07448961088622366,340.425201709903
0,0,0.08974358974358974,340.1446953063959
0,0,0.09615384615384616,340.1680299691615
0.005695782463351503,0,0.09294871794871794,340.238178130005
0.011391564926703013,0.05,0.08333333333333334,349.4605249812407
0.01118074150199099,0.05,0.07743687106543884,349.4242344212345
0.04585044734113489,0,0.08243534111799661,340.63083591042664
0.04963057308125379,0,0.07918664004141453,340.64320340186157
0.09015472005968551,0.05,0.040623624291993565,349.7614012778334
0.09333333333333334,0.05,0.034641016151377546,349.6967066645839
0.005695782463351503,0,0.08012820512820513,340.18193354931276
0.011353005548855974,0,0.07733585907714774,340.2430455043079
0.10333333333333333,0.05,0.017320508075688787,349.46945350189105
0.0866666666666667,0.05,0.02309401076758501,349.53785932637476
0.06354735401078099,0,0.07150657423031574,340.6876436691718
0.06077781527738144,0,0.06683435074363239,340.64206824712215
0.05377457956396961,0.05,0.056433680004417015,349.75300717060026
0.0605215026639715,0.05,0.056618116799319225,349.8019033156954
0.09548685221581366,0.005527113041596334,0,340.5693355864057
0.09999999999999999,0,0,340.0396922202862
0.10215081948531732,0.0055375592533634015,0,340.5715472521263
0.016876523965342494,0.05,0.08064199927056706,349.52759379047984
0.11982115785934534,0.016603963482917074,0,341.9558127434523
0,0.011111420308637824,0.10467557534831926,341.3813015115082
0,0.005555710154318912,0.10682496716133912,340.73265285483257
0.0319850934750567,0,0.059482853433007105,340.3636510213328
0.036374426002513345,0,0.06222700019355036,340.42624011082165
0.046697947814625884,0,0.061853477841134805,340.511791936257
0.050361332464078236,0,0.06742164605763538,340.57828502703455
0.05190618922127748,0,0.06155983018413331,340.54828056665724
0.12424269109862628,0.027753417802595957,0,343.843742503098
0.03437464056127373,0,0.08977215017371737,340.5628048290449
0.04011254395120431,0,0.08610374564585699,340.60005460373606
0.06987587176824467,0,0.07210265631857969,340.72215083505347
0.06631689274418053,0,0.07617879771699909,340.72954605247355
0,0.033063114288155226,0.09621819648387792,345.10588143099403
0,0.02760635606588941,0.09203308954148168,343.98099915403236
0,0.033106450141080865,0.08999509321258577,345.09085853798194
0.0668133757818765,0,0.056669119785261055,340.5994188298612
0.06379559552962896,0,0.06175173526444672,340.62294982516283
0.07012411328709267,0,0.062347817352710666,340.65787328478365
0.10422284846351364,0.027683426399606192,0,343.87418908925866
0.10199862275596452,0.022133267284477842,0,342.8673876813725
0.10867668416350111,0.02216283687521855,0,342.8669748049109
0.01708734739005451,0,0.09294871794871795,340.38638523095364
0.022943432901161548,0,0.08966814995510253,340.4426035948622
0.01708734739005451,0,0.08653846153846154,340.3605284301139
0.02266246953905965,0,0.0835127733404354,340.412298276885
0.11536103386519778,0.022158479736631986,0,342.85399606110093
0.11313680815764866,0.016608320621503636,0,341.9729263745973
0.11765265533899799,0.011070761368140235,0,341.19728521328426
0.005695782463351506,0.05,0.08653846153846154,349.38515755844276
0.07361118942537524,0.05,0.06850476403243985,349.96746931493834
0.11333333333333334,0.05,0,349.17468098974587
0.09999999999999999,0.05,0.023094010767585032,349.5521312710556
0.09666666666666665,0.05,0.028867513459481277,349.6278868519828
0.08000000000000003,0.05,0.023094010767585032,349.52004409643746
0.08333333333333338,0.05,0.02886751345948128,349.606493338186
0,0.016661254898115204,0.10258628627303099,342.14583214844174
0,0.011105544743796294,0.09832542167579443,341.3631522348175
0.07343485079230881,0,0.06802651492016029,340.7109440341976
0.07025847273248473,0.05,0.028795679041325403,349.556715278886
0.07333333333333336,0.05,0.02309401076758505,349.4951160416329
0.07666666666666672,0.05,0.028867513459481298,349.5850946832976
0.08348805339301887,0.05,0.040623624291993565,349.74728039480266
0.0866666666666667,0.05,0.034641016151377546,349.68600286099326
0,0.016649503768432147,0.08988597892798136,342.10103395333994
0,0.02210626199069796,0.09407108587037759,342.9900996226131
0,0.016655379333273677,0.09623613260050617,342.125787037088
0.005695782463351504,0,0.09935897435897437,340.25925147472384
0,0,0.10256410256410256,340.18676384792474
0.1264399986303581,0.0333527130071465,0,344.97657550201643
0,0.011099669178954764,0.09197526800326962,341.3402949857321
0.11000000000000001,0.05,0.005773502691896269,349.28081078571137
0.06718361213163607,0.05,0.03449734731506576,349.6116892993673
0.06385027879830271,0.05,0.02872384462316951,349.5215884275419
0.11758525957274689,0.027708638851760333,0,343.8565264103543
0.12204538356689444,0.022154122598045417,0,342.83433149511677
0.10999999999999996,0,0.005773502691896257,340.11504806529894
0.07981263576063151,0,0.04600072968111668,340.5586141315191
0.07661038534470802,0,0.040289512202943495,340.4940524111265
0.07322077068941601,0,0.045938008254509444,340.5354907628113
0.07666666666666669,0.05,0.0057735026918962675,349.24491918138
0.07333333333333336,0.05,0.011547005383792535,349.3253885295583
0.07645263104455635,0,0.06294389944097462,340.68691361214
0.07973375861055568,0,0.05732792330013225,340.65504455257593
0.0731418935393402,0,0.05726520187352501,340.6318862894329
0.09666666666666666,0.05,0.005773502691896248,349.2878142418642
0.10333333333333333,0.05,0.005773502691896269,349.28798730233876
0.1,0.05,0.011547005383792518,349.38254996535886
0.011391564926703006,0,0.09615384615384615,340.32580935643506
0.11090090987105022,0.0277129959903469,0,343.8720560890036
0.11312513557859934,0.03326315510547525,0,344.998598035846
0.07040863805143338,0.05,0.0401851674476307,349.69362699886744
0.10666666666666663,0,0.011547005383792514,340.19764512768614
0.0604785469370468,0.05,0.04561671636713753,349.69625078452134
0.06722547003704869,0.05,0.045801153162039754,349.73777646795
0.05260007347599181,0,0.0731573192210242,340.63047179444266
0.05556957387072983,0,0.06712799840063388,340.61218163583254
0.048908366927111556,0.05,0.05688663981548016,349.71809121406113
0.052473219834240845,0.05,0.06238465690999912,349.7931445307256
0.04760700719738279,0.05,0.06283761672106225,349.7567379962694
0.09097370443162733,0.011054226083192668,0,341.21207758550287
0.09763767170113101,0.011064672294959735,0,341.2190486560292
0.08986891708259015,0,0.040352233629550725,340.5268931576255
0.086404500831847,0,0.04606345110772392,340.5753938969621
0.022306486581222702,0.05,0.07226503846765112,349.5506808249754
0.027818552625727924,0.05,0.06969587884408684,349.60292621890756
0.016665700540630473,0.05,0.07474553700267257,349.4894594711183
0.07681683198561537,0.05,0.04025700186578659,349.7218109811287
0.07359180606581807,0.05,0.034569181733221654,349.6432899648198
0.08000000000000007,0.05,0.034641016151377546,349.66814318333985
0.11104171185953313,0.04442105170182509,0,347.6560487242503
0.11770837852619981,0.04442105170182509,0,347.64086522747203
0.022623910161212613,0,0.0775152990842498,340.3812365092469
0.02258535078336558,0,0.07151782482806421,340.3460340784224
0,0.011099669178954765,0.08556501159301323,341.313175794151
0,0.005549834589477383,0.08765430066830149,340.670733397166
0.06119868066726619,0.05,0.07795805375958272,349.96393980128363
0.05839145240777435,0.05,0.07333385283743363,349.9164029275753
0.06371151363772003,0.05,0.07205391511560402,349.9418102423544
0.03810835283043882,0.05,0.07566084183114626,349.7578874090223
0.04230861528716924,0,0.05910933108059155,340.4557199735293
0.04076375852996999,0,0.06497114695409362,340.48514924395346
0.048659027134058244,0.05,0.07423977245955991,349.84784326212935
0.04456037981545065,0.05,0.07767589656181086,349.8330924090218
0.070450495956846,0.05,0.05148897329460468,349.81058388181185
0.028518555050166684,0,0.08664246175707638,340.49063091233796
0,0.03876652399600433,0.08148901893522138,346.32749821930247
0.017048788012207477,0,0.08054098728227593,340.33157384938204
0.017010228634360445,0,0.07454351302609034,340.29847860546374
0.08666666666666664,0,0.02309401076758503,340.33347672027116
0.09333333333333331,0,0.023094010767585025,340.3430654721284
0,0.02764969191881505,0.08580998627018954,343.96201923802863
0.04824280457182513,0,0.05599166196763272,340.47881123300385
0.08000000000000002,0.05,0,349.1567992138103
0.01708734739005451,0,0.09935897435897435,340.40752751966727
0.06651874189721188,0.05,0.07667811603775311,349.9876581305561
0.11548415281865063,0.005537559253363401,0,340.55443305408335
0.07666666666666667,0.05,0.01732050807568878,349.4266647130664
0.0379192827597126,0,0.056365184320048285,340.3959680544446
0,0.005555710154318912,0.1004147107510827,340.7169217387617
0.106452458455952,0.016612677760090202,0,341.9833541835679
0.11096830563730131,0.011075118506726801,0,341.21189611534237
0.08,0,0.034641016151377546,340.447160206163
0.0832022504159235,0,0.04035223362955073,340.5139326235781
0.08666666666666666,0,0.03464101615137754,340.46319496080895
0.09000000000000001,0.05,0.028867513459481277,349.6207680321157
0.08436365045199654,0.044391482111084374,0,347.639036857352
0.0910303171186632,0.04439148211108438,0,347.65191227496166
0.06370357285684411,0.05,0.05130453649970248,349.77276533726103
0.0672684257639734,0.05,0.05680255359422144,349.84320922901196
0.08333333333333334,0.05,0.017320508075688766,349.44800934291976
0.10430163897063466,0.011075118506726801,0,341.21943457322027
0,0,0.10897435897435898,340.20078596453465
0.09754478705597705,0.027653856808865486,0,343.8691888752879
0.09533465548646086,0.022122821072710776,0,342.86424932577773
0.09333333333333335,0.05,0.011547005383792497,349.37887549065596
0.06710633303484512,0,0.06743043283189634,340.6794477067921
0,0.03872318814307869,0.09412237861676995,346.3754210688607
0.06013221088017662,0,0.056183567047946144,340.559938289325
0.057114430627929084,0,0.061266182527131806,340.58075919954916
0.12207418857827895,0.03888688235448579,0,346.24562893926645
0.04739183206934021,0,0.0734509668780257,340.5940582990231
0.09539396757065971,0.03878296422216875,0,346.2576633639403
0.07642302110533952,0,0.05164922573268263,340.5978417861812
0.03409367719917183,0,0.08361677355905026,340.532960770605
0.08872730090399306,0.03878296422216875,0,346.2496897078532
0.02879951841226859,0,0.0927978383717435,340.5185200408644
0.09769698378532986,0.044391482111084374,0,347.65776324267915
0.05345104597847673,0,0.055698014310631226,340.51388188749814
0.04978766132902438,0,0.05012984609413065,340.441436310969
0.04515309105742663,0,0.06771529371463687,340.54037842072836
0.10875009038573288,0.038842103403650165,0,346.2673572823282
0.09978849118644835,0.01660223154832314,0,341.98479401490647
0,0.03876652399600433,0.08789927534547778,346.35957206232183
0.09312452391694469,0.016591785336556072,0,341.9796486929098
0.005657223085504472,0,0.07413073087201955,340.14864375206037
0.055878619437320524,0.05,0.07923799148141232,349.93526193074285
0.083792938771653,0.05,0.05222221814701863,349.867090326511
0.016454877115918448,0.05,0.06884907473477808,349.44689094162874
0.021966943160423667,0.05,0.0662799151112138,349.5039367504208
0.09999999999999998,0,0.023094010767585025,340.3462893753139
0.07000000000000002,0.05,0.0173205080756888,349.39820725834574
0.03742926598884075,0.05,0.06369059511827162,349.6666592175723
0.10666666666666667,0.05,0,349.18539677070765
0.016971669256513413,0,0.06854603876990475,340.2612426983591
0.021976143996027844,0,0.06552497699093887,340.3001974017379
0.08999999999999998,0,0.028867513459481284,340.405922315078
0.010969918077278967,0.05,0.07154040879754436,349.3835096511002
0.083014886176555,0,0.05171194715928987,340.6178647078805
0,0.005549834589477383,0.08124404425804509,340.6407731424217
0,0.005549834589477383,0.09406455707855789,340.6959603243393
0.044470176187704914,0.05,0.05433764056129378,349.65639341154906
0.05020972665684033,0.05,0.05093566290989805,349.67435755282384
0.02294343290116155,0,0.09607840636535893,340.4661925688842
0.039831580589102404,0,0.07994836903118986,340.56781319827905
0,0.033149785994006496,0.08377198994129362,345.07095165916854
0.04316881645797615,0.05,0.06028861746687589,349.6960465659293
0.027589825522880012,0,0.06849676304909832,340.3818716003472
0.10333333333333332,0,0.005773502691896257,340.12145323909897
0.005484959038639483,0.05,0.07423174286031065,349.31287255936905
0,0,0.08333333333333334,340.1166273160595
0,0,0.07692307692307694,340.08382599815224
0.05603807274137014,0.05,0.06788267400451808,349.86205688748373
0.05101240680046247,0.05,0.07969095129247546,349.9005641409588
0.053525239770916305,0.05,0.07378681264849676,349.88414071320807
0.08333333333333331,0,0.028867513459481284,340.3931105618264
0.09333333333333332,0,0.03464101615137753,340.4727879395335
0.06314999113242414,0,0.051100951568760475,340.5347048057585
0.06983115603412404,0,0.05158650430607539,340.57147526121713
0.09309095135598958,0.03317444633325313,0,344.988757765314
0,0.022149597843623595,0.08784798259908544,342.9720466694191
0.10437504519286644,0.04442105170182509,0,347.66417707088976
0.10666666666666665,0,0,340.0364905739906
0.10881748615198397,0.005537559253363401,0,340.5661772000396
0.03367016209103218,0.05,0.07311184257695988,349.6941353103514
0.03333061867023314,0.05,0.06712671922052256,349.64864116627933
0.027479009204928885,0.05,0.06371075548764951,349.5544521126526
0.07006496566129355,0.05,0.07259144003509649,349.9797138592721
0.05117186010451208,0.05,0.06833563381558122,349.8281950118219
0.05695664975684221,0.05,0.05112009970480026,349.7273565609318
0.1033333333333333,0,0.017320508075688773,340.27469209376943
0.0436117063292213,0,0.07669966795460778,340.5826241258701
0.056468826230724266,0,0.05061539883144556,340.49135848900903
0.038730625718569514,0.05,0.05773961821268951,349.63108657004904
0.11541675705239957,0.038842103403650165,0,346.2547612198723
0,0.027563020212963772,0.09825619281277381,343.99509508423483
0,0.02211213755553949,0.10042123954290241,343.01212463845445
0.11978256710447872,0.03330793405631087,0,344.99103257576934
0.09666666666666665,0,0.005773502691896257,340.1214530909683
0.08697610678603769,0.05,0.046606232432609584,349.8193845144194
0.1,0.05,0,349.18905740153065
0.09999999999999998,0,0.011547005383792514,340.20085715748166
0.06692513939915137,0.05,0.023022176349429158,349.4632104513296
0.04630564746765402,0.05,0.06878859362664436,349.79029789944855
0.03299107524943411,0.05,0.06114159586408524,349.598437028324
0.011314446171008944,0,0.07133838482096216,340.2077826521293
0.11333333333333329,0,0,340.02691483382546
0.08646055664744103,0.016581339124789003,0,341.9679182175778
0.026980618735542274,0,0.06250391521197299,340.3343335093958
0.043853472044368486,0,0.053247515207089466,340.42189648432327
0.053731623837044905,0.05,0.04543227957223532,349.64713486931396
0.09088081978647339,0.02764341059709842,0,343.8614723327599
0.08867068821695721,0.022112374860943713,0,342.8545258168478
0.05106091821263131,0.04434300626351187,0,347.45441382642167
0.046666666666666676,0.05,0,348.9598350340823
0.04439425154596466,0.04434300626351186,0,347.3981377260998
0.07666666666666666,0,0.02886751345948129,340.3737887176735
0.07335972009315406,0,0.03425114557773433,340.42043383848625
0.07,0.05,0.005773502691896267,349.2163988603183
0.06669305342648738,0,0.022704140193941826,340.2613484164494
0.0600176773815071,0,0.022410058078256842,340.22241837822764
0.06338610685297479,0,0.028087772312194868,340.30713739795016
0.0253142133495135,0.025602770862321975,0,343.0532965489284
0.027100932488252683,0.03167868556477208,0,344.2584845834749
0.021836759208085747,0.030490613213132865,0,343.9525603996183
0.05736342170779886,0.05,0.02856483906935199,349.4781256910608
0.06043828230864751,0.05,0.022863170795611638,349.4229244770484
0.010795531034385705,0.0037487604507432694,0,339.81013729186543
0.014924395402104745,0.007497520901486539,0,340.2585004340627
0.008257728735438079,0.007497520901486539,0,340.1721197427368
0,0.005540105643147679,0.068444335490007,340.56557503428525
0,0.011080211286295358,0.06637585046719346,341.20065653908773
0,0.011080211286295358,0.07278610687744988,341.2422549765723
0.07974788045993664,0.033127121955500834,0,344.9499484759741
0.08420928433844692,0.027619748408222275,0,343.8440685019769
0.0864194159079631,0.033150784144376985,0,344.9727872731742
0.06435878167063672,0.04436781992220823,0,347.55115151036154
0.06871756334127345,0.038735639844416456,0,346.1709598968602
0.0710254483373034,0.044367819922208236,0,347.5854949776482
0.005524195309306268,0.03198973584272011,0,344.0352019085285
0,0.03333333333333334,0,344.23084655737017
0,0.027777777777777783,0,343.1129715580372
0.026387865699232824,0,0.04640920384014419,340.1970588084916
0.02197868606171425,0,0.04109326046932329,340.09849367545826
0.021667562434984605,0,0.047993918993212245,340.15895868295325
0.055482264756960706,0.005359278206970003,0,340.40890832865085
0.06215836289373747,0.005505667053939281,0,340.4643576765336
0.05764062765069821,0.010864945260909285,0,341.0617570468341
0,0.011289820255272809,0.04718187232755388,341.0737548994426
0,0.005644910127636404,0.042821705394546175,340.3709342557977
0,0.011857455213254892,0.04016822062439082,341.0798694157704
0.029419258662905345,0,0.024371195350491495,340.00049189058365
0.025334674506568587,0,0.02935559843482075,340.01402360534854
0.03278871896221186,0,0.029834538295028072,340.09615623185726
0,0.024847045068920187,0.030413264586317452,342.9858072475695
0,0.029449170391533656,0.025442891374750302,343.7968911264403
0,0.03105645488098492,0.030325445021562505,344.18073076300675
0.005960210016975106,0,0.02885632208897371,339.77130056540153
0.011920420033950212,0,0.032071618536921774,339.88507370748175
0.011920420033950212,0,0.025661362126665362,339.81396233687667
0.06666666666666665,0,0,339.95985272114694
0.06882502956040415,0.005505667053939281,0,340.4978119994307
0.06666666666666667,0.05,0,349.0999718657813
0.07333333333333335,0.05,0,349.13196619897883
0.07002638675982073,0,0.028477642885838077,340.34365387257793
0.005120342368306838,0.04999999999999999,0.010687291810838781,348.62368135798266
0.010240684736613676,0.04999999999999999,0.014964327211421153,348.7697595859363
0.005120342368306838,0.049999999999999996,0.01709754822109519,348.7190618402649
0.04003608479499824,0,0.010120570350086497,339.9224658240618
0.036711460839978526,0,0.004641149773875221,339.8179868728378
0.03342292167995706,0,0.009282299547750441,339.850821520861
0.07769211500397008,0.044367819922208236,0,347.61267712656877
0.04429786284725479,0.010718556413940006,0,340.9466668958484
0.04644679427088219,0.01607783462091001,0,341.69254873546237
0.039966178964655485,0.015598227683627,0,341.5677637944808
0.037254529363385164,0.05,0.025565258874562343,349.26557585168456
0.04382195121787526,0.05,0.02637653558149873,349.3405318157922
0.04046321246256866,0.05,0.03114305766512998,349.36944264305026
0.043424396054911545,0,0.036918934134867146,340.26717045132204
0.04660602869196796,0,0.04352439011449889,340.3575603574326
0.0500365283421139,0,0.037971576226604645,340.32904121576826
0.01652647870570732,0.05,0.06302954296503085,349.4042348584197
0.059899325880870206,0,0.045062584943551316,340.46248406088665
0.06658049078257008,0,0.04554813768086623,340.50274710833247
0.06332982553101615,0,0.039509771055657075,340.42820075943877
0.01771505728527921,0.03620169390766243,0,345.11930559986627
0.022979230565446148,0.03738976625930165,0,345.4583918564461
0.026972482040283262,0,0.05618144700409816,340.286418112612
0,0.03290868142769673,0.07711809427044644,344.9829931025675
0,0.027639962972485346,0.07942053391240786,343.92732583705936
0,0.027398858406175574,0.07276663824156068,343.84150632538274
0.0733333333333333,0,0.011547005383792525,340.14957773036673
0.07666666666666665,0,0.005773502691896262,340.08308067891625
0.06999999999999998,0,0.005773502691896262,340.05746506705236
0.03674754563497677,0,0.014761720123961715,339.95389973395066
0.03013438251993559,0,0.013923449321625661,339.8794782282926
0.0335038428192421,0,0.019386792266162238,339.9814465315728
0.053315914576706085,0,0.010958841152422554,340.03577089009644
0.046649247910039424,0,0.010958841152422554,339.98768833366023
0.04997387186505914,0,0.01643826172863383,340.0834773644596
0,0.016934730382909213,0.051542039260561584,341.896521422738
0,0.017502365340891293,0.04452838755739852,341.91756669250435
0,0.02217104241733967,0.04977607028495186,342.7179561241096
0.02604979836359883,0,0.018907852405954915,339.8997887008114
0.005657223085504471,0,0.06131021805150672,340.0647188244929
0.011306309475749933,0,0.05860566020283092,340.1201217173731
0.005649086390245463,0,0.0549877498436319,340.01621423442083
0.05772758487929797,0.04434300626351186,0,347.5031605753861
0.05333333333333333,0.05,0,349.0140902998287
0.03694572105500607,0.05,0.004803220431142359,348.950630309523
0.0302790543883394,0.05,0.004803220431142359,348.8779681876282
0.033333333333333354,0.05,0,348.82924782207226
0.07533733011352123,0.022067266684410513,0,342.8103668322851
0.07753774889042046,0.027596086219346127,0,343.8197963661337
0.07087592623501095,0.027574640231689075,0,343.7892040777035
0.005649086390245462,0,0.04216723702311907,339.9039258998739
0,0,0.044871794871794886,339.84919052490704
0.005649086390245462,0,0.04857749343337549,339.9624348179929
0,0.022547145604442397,0.019641323896552352,342.4502278665085
0,0.02185453062941587,0.01375193685359945,342.25471729944576
0,0.027149270927055866,0.014670950684985206,343.2105608864969
0.039999999999999994,0,0,339.780974284223
0.04214893142362739,0.005359278206970003,0,340.3094754121019
0.035668316117400685,0.004879671269686994,0,340.2018733133355
0,0.027742152332814185,0.004277641007404566,343.172290641571
0,0.022150971332295027,0.008555282014809132,342.2320029345117
0,0.02218659677725863,0.004277641007404566,342.17552448238456
0.07333333333333332,0,0.023094010767585042,340.29489173896377
0.07666666666666665,0,0.017320508075688783,340.23619000624205
0.06999999999999998,0,0.017320508075688787,340.2104692700337
0,0.022139868897293892,0.08145853024130377,342.9395017293918
0.06644514822057143,0.03307864610792832,0,344.88347655490384
0.0642447294436722,0.02754982657299271,0,343.75126409992697
0,0.027445711629935025,0.009474295846194886,343.19321875700666
0.05017980957616282,0.05,0.0056144971380787485,349.08633223164486
0.05369295248565897,0.05,0.011228994276157497,349.2050388480636
0.047026285818992306,0.05,0.011228994276157497,349.1511765569349
0.029743854144087162,0,0.03467154180564165,340.117661775331
0.03719789859973043,0,0.03515048166584898,340.1948521591399
0.02005004006934656,0.02441469851068276,0,342.7757330066284
0.016572585927918805,0.029302540861493642,0,343.64828244644156
0.016963532561254407,0,0.06222357056202994,340.2179006659801
0.04666666666666665,0,0,339.83533129641853
0.015177254986331575,0.02328378769173903,0,342.5152832437361
0,0.03549802723440269,0.007880216370512269,344.82397374889246
0,0.03303689263045418,0.005196654838790319,344.2499884233072
0,0.035794467937281846,0.00268356153172195,344.80894353242246
0.04356116387384327,0,0.04836139362511248,340.37746768069553
0.04336070875001795,0,0.015599990926297772,340.0218994460063
0.04011700593428328,0,0.020225063068498295,340.05219936355377
0.032365105768419625,0.0328667579164113,0,344.5660549980117
0.028243403845613087,0.038577838610940864,0,345.79912434370596
0.07999999999999997,0,0.011547005383792521,340.1720357557043
0.011048390618612536,0.025090582796551318,0,342.77870854193884
0.005524195309306268,0.02643418028716455,0,342.9451117440553
0.005524195309306268,0.020878624731608994,0,341.97669788225977
0.08199915276893074,0.022088712672067565,0,342.8356886474217
0.07979873399203151,0.01655989313713195,0,341.9478668757347
0,0.0055555555555555575,0,339.84522524176236
0.004128864367719039,0.009304316006298826,0,340.32434736672866
0,0.011111111111111115,0,340.4857550813414
0,0.029515722145368566,0.03566094731387079,343.93080296919436
0.027224775443345447,0.05,0.009606440862284718,348.9207685567391
0.030837163165018167,0.05,0.014409661293427078,349.03803010527736
0.025678451144985615,0.05,0.013883476262867091,348.96837874466155
0,0.005644910127636404,0.04923196180480259,340.4296073853575
0,0.011289820255272809,0.053592128737810295,341.1299701254582
0.005960210016975106,0,0.03526657849923012,339.83980396704584
0,0,0.03846153846153847,339.78805949180327
0.020000000000000018,0.05,0,348.66698055429737
0.024121701922806552,0.04428891930547043,0,347.1660995291345
0.026666666666666686,0.05,0,348.75222453451187
0.03781724754102808,0.010238949476656996,0,340.83047337597435
0.073136911336622,0.016538447149474896,0,341.92119567765224
0.06867550745811171,0.02204582069675346,0,342.77842516090914
0.08666666666666664,0,0.011547005383792514,340.18803618198797
0.08999999999999998,0,0.005773502691896257,340.1150534533781
0.08333333333333331,0,0.005773502691896257,340.102275993383
0.05059268646283706,0.05,0.02747068732542536,349.41331248105917
0.054004682952492264,0.05,0.03333136115298324,349.5133424609371
0,0.022222222222222227,0,342.11677286138195
0.032510368468616116,0.05,0.05596225516743414,349.5489198606207
0.03824991893775152,0.05,0.05256027751603841,349.57961620660865
0.04184928680210452,0.038631925568982296,0,345.95476826164366
0.037455035256139885,0.04428891930547044,0,347.3173947756446
0.023378127506645197,0,0.00464114977387522,339.6836953999749
0.026666666666666665,0,0,339.6531407939502
0.019999999999999997,0,0,339.5797318061898
0.017999600712033298,0,0.004117728649829512,339.6149393817873
0.030788368589473217,0.04428891930547044,0,347.2458574987167
0,0.02726255832435453,0.05972088170602192,343.72185264792154
0,0.02733495638806233,0.05386549150768202,343.6867262644396
0,0.03249887035878499,0.05795491273041219,344.7598861030763
0,0.006212545085618486,0.02298754087087029,340.2193244245688
0,0,0.019230769230769235,339.57595944170265
0,0.005519930110591957,0.01709815382791739,340.0736291456876
0.031336632234801376,0.009759342539373987,0,340.70904304337455
0.017912807964720927,0.05,0.03742939123830036,349.1774367498222
0.012356247336292574,0.05,0.033119744250301036,349.0460736852592
0.01853437100443886,0.05,0.030448847144682323,349.102909515117
0,0.0383567129270926,0.05591558098493073,346.05074649141704
0,0.044214555495400196,0.05387624923944926,347.48515634587676
0,0.0441421574316924,0.059731639437789155,347.5169242956133
0.031692785304531484,0,0.05459673185103012,340.3224285259326
0,0.01863763525685546,0.030501084151072402,341.944554532337
0,0.012425090171236972,0.033154568921227756,341.0809496988648
0,0.012425090171236972,0.026744312510971344,341.00885612144697
0.0469608885920831,0.05,0.04433812782830869,349.5806467638401
0.04398946940688692,0.05,0.04915829986464267,349.6029698523716
0,0.03829600748313057,0.01680356608783705,345.59307840750535
0,0.03520158653152353,0.013076871209302588,344.8354179794172
0,0.04105358278995824,0.014290472780768679,346.21913822144336
0.006666666666666665,0,0,339.41327699696564
0.0041288643677190396,0.0037487604507432694,0,339.7206389220534
0.05664924791003941,0,0.016732343844318813,340.13229703318456
0.053342301336526815,0,0.022115975962571855,340.1769993064722
0.02721076027279971,0.05,0.04055199823098206,349.33390349859246
0.026589197233081778,0.05,0.047532542324600094,349.3995256316783
0.02225100259890135,0.05,0.04248096678145022,349.29199977579174
0.021965214207262072,0,0.02389225549028417,339.9145855290843
0,0.016559790331775872,0.0128329230222137,341.4099834361921
0,0.01659541577673947,0.008555282014809132,341.35634561547164
0.08430703776496068,0.01105422608319267,0,341.1999413919265
0.07764521510955116,0.011032780095535617,0,341.17853417937016
0,0.03842911099080039,0.04364993437633442,345.95121196732794
0,0.0442145554954002,0.04746599282919285,347.4245788346568
0,0.038429110990800396,0.05006019078659084,346.01477459505367
0,0.045755288231016544,0.029309977716371748,347.6274407770472
0,0.04575528823101655,0.035720234126628156,347.7042854260251
0,0.0415105764620331,0.03297892979171786,346.57886969304417
0,0.03852541942969456,0.07483512326437422,346.2316500390971
0,0.011089940232625061,0.07917555923523154,341.280145158533
0,0.005540105643147679,0.0748545919002634,340.60510835027117
0.015907313729202937,0.04680832072501051,0,347.72458990563763
0.013333333333333345,0.05,0,348.57436151102553
0.009240647062536264,0.04680832072501051,0,347.62663511455645
0.021577520424792513,0.05,0.019229871546618836,348.9941661672952
0.020519739124953064,0.049999999999999996,0.013357291232307103,348.8937765236342
0,0.05,0.00641025641025641,348.4685225238033
0,0.04690557904839296,0.00909381794197836,347.65193783176636
0,0.04690557904839296,0.00268356153172195,347.54714482173034
0,0.034184399221816944,0.04090863004142413,344.9602528434887
0,0.03996984372641675,0.03831443208402614,346.262275076775
0,0.05,0.01282051282051282,348.56927532409924
0,0.04690557904839296,0.01550407435223477,347.748832922588
0.018857528642639614,0.043100846953831214,0,346.7922049691515
0.014764842371842533,0.03990916767884173,0,345.9443296971886
0.022038544750212538,0.05,0.060460383341466584,349.4591742201121
0.01659808029549619,0.05,0.05721001119528365,349.3571387518584
0.02211014634000141,0.05,0.05464085157171937,349.4099716664511
0.0570262858189923,0.05,0.01700249696805376,349.31704687854824
0.06351314290949615,0.05,0.01716150252187128,349.3610980462644
0.06017980957616282,0.05,0.011387999829975015,349.2525808529824
0.02584398482381546,0.05,0.030680250651498205,349.20140152801486
0.03315359864319206,0.05,0.03091165415831409,349.2902459039927
0.030182179457995884,0.05,0.03573182619464807,349.3145650442772
0.05665795728835303,0,0.005479420576211277,339.98284108608493
0.04999129062168637,0,0.005479420576211277,339.93807375789726
0.01747658970459941,0.05,0.024576266830370584,349.01224047523516
0.011298466036453125,0.05,0.02083690752573289,348.87054732623693
0.016418808404759965,0.05,0.018703686516058853,348.91601178426134
0,0.017945020281828927,0.024611697108119498,341.76845862484623
0,0.0172524053068024,0.0187223100651666,341.5902682594645
0.07999999999999999,0,0,340.0109781156821
0.07549169622707082,0.005505667053939281,0,340.5248649413584
0.07333333333333332,0,0,339.98861610889924
0.010626477395675071,0,0.020153537918290398,339.73260316059054
0.016586687412650177,0,0.02336883436623846,339.8455303235648
0.016955395865995395,0,0.055901102354155116,340.1699027360415
0.021968007300768835,0,0.059202508783064045,340.2545686871566
0.021959870605509822,0,0.052880040575189226,340.20428407501555
0,0.02188903538465442,0.06841518221267492,342.8184167762697
0,0.016725121413931763,0.06432576098994475,341.9672726422246
0,0.021993839869143147,0.06202332134798333,342.7901652728603
0.0633333333333333,0,0.005773502691896262,340.0254480742189
0.05999999999999998,0,0,339.92468795242513
0,0.05,0.0641025641025641,349.1470992400735
0,0.05,0.05769230769230769,349.09515923861164
0.04673016904932446,0,0.021063333870834353,340.1165304019323
0.041752898103394664,0.021674142386077105,0,342.53194505432975
0,0.05,0.05128205128205128,349.0375668438974
0.005556560628428353,0.05,0.04918144185979419,349.11281461050794
0.005556560628428353,0.05,0.0555916982700506,349.17233459041927
0.02162943955918342,0.05,0.049461510875068254,349.3551115939246
0.01729124492500299,0.05,0.04440993533191839,349.2450011187648
0.04685489570505748,0,0.0313661202469729,340.23592332681227
0.05346702799225984,0,0.032418762338710404,340.2951132007785
0.0393043220582444,0.03292084487445273,0,344.6480559655324
0.034910070512279755,0.03857783861094087,0,345.87339630265575
0.022334982784067356,0.004879671269686994,0,340.0640000712298
0.02900164945073402,0.004879671269686994,0,340.1361007731573
0.017569506424195674,0,0.03577731709850238,339.99390832042496
0.017258382797466033,0,0.04267797562239134,340.05836838556905
0.03740458501950826,0.05,0.015220938000363466,349.12155229338555
0.034045846264201665,0.05,0.019987460083994713,349.1551050057601
0.05999129062168636,0,0.01125292326810754,340.081484218526
0,0.05,0.019230769230769232,348.66213020518086
0.006178123668146286,0.05,0.022970128535406927,348.8188489788002
0,0.05,0.02564102564102564,348.74974633475915
0.037059001935907145,0.0272704501512442,0,343.48978047517954
0.03057838662968044,0.02679084321396119,0,343.33250632190857
0.05096452951392145,0.010718556413940006,0,340.99819525632995
0.05312289240765895,0.016224223467879287,0,341.7642229685879
0.023612387721672734,0.05,0.004803220431142359,348.79708537307914
0.018453675701640183,0.05,0.004277035400582372,348.7199047910391
0.01666968188528506,0.05,0.05139047942553643,349.3056026219447
0,0.006212545085618486,0.0293977972811267,340.29312351363615
0,0.034051295714147126,0.020472518163183157,344.68653878363705
0,0.03244401122469586,0.015589964516370958,344.2775141973453
0.05999999999999999,0.05,0,349.06081621421794
0,0.02784188590208239,0.020560337727938104,343.4212971973499
0.02675625501329039,0,0.00928229954775044,339.7836108740092
0.011314446171008942,0,0.06492812841070573,340.1660450285985
0.005657223085504471,0,0.06772047446176313,340.1090408430515
0,0.03565858020359838,0.025355071809995355,345.1038090774047
0.005484959038639482,0.05,0.06782148645005423,349.26927702790897
0.010969918077278965,0.05,0.06513015238728795,349.3375922052673
0,0.05,0.07051282051282051,349.19370604934807
0,0.044142157431692405,0.06614189584804557,347.56701361952446
0.02706990401389977,0.05,0.052711883021251196,349.4553945151293
0.027550610794717757,0.05,0.0578912237179023,349.50758313524415
0.03749179327737248,0.05,0.035963229701463956,349.39755735973813
0.02994491554400856,0.05,0.02533385536774646,349.1821098242343
0.04869211439321944,0.021728229344118537,0,342.59893627246333
0.0553682125299962,0.021874618191087814,0,342.67240095023254
0,0,0.07051282051282054,340.0463578036653
0.006178123668146286,0.05,0.029380384945663335,348.9028061784961
0.006178123668146286,0.05,0.03579064135591975,348.98029460608404
0.01333333333333333,0,0,339.49963394947304
0.01746219770105237,0.0037487604507432694,0,339.8933765658867
0.011298172780490926,0,0.052283191994956096,340.06954250858786
0.06666666666666664,0,0.011547005383792525,340.12070851342173
0,0,0.025641025641025647,339.65146404241943
0.005960210016975106,0,0.0224460656787173,339.69799257974057
0,0,0.06410256410256412,340.0041704996285
0.04371205052732588,0.05,0.037740592746719336,349.4790084605822
0.0407406313421297,0.05,0.04256076478305332,349.50422736319183
0.0633246239550197,0,0.017026425960003803,340.1746276683759
0.019797180485119727,0.008628431720430263,0,340.44750872906593
0.017259378186172104,0.012377192171173532,0,340.88249649538096
0.030044794173311858,0,0.00464114977387522,339.7540052172811
0.033333333333333326,0,0,339.72022161996125
0.011787009034973511,0.049999999999999996,0.004277035400582371,348.6250291437941
0.006666666666666672,0.05,0,348.47199192769085
0.022289809688443893,0,0.03419260194543433,340.03244912579333
0.04351314290949616,0.05,0.005614497138078748,349.02850877752854
0.040458863964502205,0.05,0.010417717569221108,349.07799053367955
0.01173468429657464,0.05,0.04010028834391907,349.11703568538854
0.05684647624282948,0.05,0.0056144971380787485,349.13662633440373
0,0.005519930110591957,0.004277641007404566,339.90277860383407
0,0,0,339.32066094866747
0.09333333333333332,0,0,340.03649867448974
0,0.02213013995096419,0.0750690778835221,342.90209724302184
0,0.05,0.03205128205128205,348.8308936922292
0,0.016631041221703072,0.004277641007404566,341.30043462587577
0,0.01666666666666667,0,341.2422504674044
0,0.05,0,348.3598718042931
0.005120342368306838,0.049999999999999996,0.004277035400582371,348.5204029564862
0.06333333333333332,0.05,0.005773502691896267,349.18071722089053
0.03348556365842878,0.01511862074634399,0,341.4377420407734
0.028791667490941253,0.020714928511511084,0,342.2446491473513
0.027004948352202074,0.01463901380906098,0,341.30248347434014
0.04399821822573191,0.027324537109285632,0,343.5642765680067
0,0.05,0.038461538461538464,348.9055722775913
0.005556560628428353,0.05,0.042771185449537785,349.04769137163726
0,0.05,0.04487179487179487,348.97437119022396
0.03452037409217631,0.05,0.04078340173779794,349.4206913904566
0.088820185549147,0.005527113041596334,0,340.5616707167193
0,0.011185015770784085,0.05998398960250188,341.16777412391036
0,0.005644910127636405,0.055642218215059006,340.48355101322636
0,0.016630045875772742,0.07710707421241801,342.0353814488265
0,0.006212545085618487,0.03580805369138312,340.3621180186869
0.06666666666666668,0.05,0.011547005383792535,349.29318090226644
0.040000000000000015,0.05,0,348.8980504169784
0.04881559809029405,0.005359278206970004,0,340.36241809844046
0.01690735140328035,0.05,0.008554070801164744,348.76898575367176
0.0220660634233129,0.05,0.009080255831724731,348.8473525854112
0.023527494210774318,0.019526856159871868,0,341.99380001592795
0.04037953123678685,0,0.04175593764548073,340.2894168962048
0.037334666418662156,0,0.04659294115609431,340.3075053387586
0.019377328930711795,0,0.012876607073534243,339.7490234538863
0.021377728218678494,0,0.008758878423704732,339.7176710995387
0.0159992014240666,0,0.008235457299659023,339.64752361216875
0,0.0415105764620331,0.026568673381461447,346.49985898045037
0,0.038284314863384794,0.06818122759352703,346.1304774650943
0,0.03242647229507719,0.06381030292875209,344.7911028079737
0,0.038284314863384794,0.06177097118327062,346.0822388187341
0.055455169758595955,0.03868601252702373,0,346.0792751167639
0.010240684736613676,0.04999999999999999,0.008554070801164743,348.6718535024536
0.015361027104920516,0.049999999999999996,0.012831106201747114,348.8142234421951
0.011609296407220568,0,0.03897227706081073,339.9521544775528
0.013998802136099898,0,0.012353185949488532,339.6774844973342
0.06997010543786208,0,0.03989964162930028,340.4643174000488
0,0.005540105643147679,0.06203407907975059,340.5213226087497
0,0.02323976057946893,0.025530710939505253,342.64364397568045
0.012356247336292573,0.05,0.02670948784004462,348.9657754154455
0.031548954906980134,0.05,0.04560357377413192,349.4388447352061
0.011814627458405854,0.04361664145002102,0,346.82397357597546
0.005147960791739182,0.04361664145002102,0,346.7206830370848
0.03687330311854861,0,0.024850135210698815,340.0783759863543
0,0,0.0512820512820513,339.90559205632
0.02475585572532369,0,0.01340002819757995,339.8163546975391
0.020671271568986935,0,0.018384431281909207,339.833699332675
0.043486466233589795,0,0.025688406013034872,340.1454601446582
0.040242763417855126,0,0.0303134781552354,340.17026659263723
0.05053942872848845,0.05,0.016843491414236245,349.26605375519745
0.05395142521814365,0.05,0.022704165241794118,349.3756965471325
0.04718068997318185,0.05,0.021610013497867488,349.30606885317457
0.00809817570517586,0.03435361212328617,0,344.5749950198977
0.002573980395869591,0.035697209613899404,0,344.78550094706094
0.0820557654559666,0.03875930203329261,0,346.2285245963917
0.07538423000794013,0.03873563984441646,0,346.2004911798699
0,0.0379591618383512,0.010563777902234218,345.4236096139292
0,0.03825560254123036,0.0053671230634439,345.4126910469261
0.01067215610104545,0.036717488403852236,0,345.13822874422306
0.048788503091929294,0.03868601252702373,0,346.028507533224
0.07999999999999999,0,0.023094010767585035,340.3174130291444
0.011048390618612536,0.030646138352106875,0,343.8410138715523
0.0046662673786999655,0,0.004117728649829511,339.44453404142405
0.05333333333333331,0,0,339.8832358524859
0.05664866062931626,0,0.03902421831834216,340.3844451200057
0.024669965568134715,0.009759342539373987,0,340.63825062728
0.050937434515556684,0.027378624067327065,0,343.6311399734262
0.057613532652333446,0.02752501291429634,0,343.70639509583924
0,0,0.05769230769230771,339.95726408604213
0.08333333333333331,0,0.017320508075688777,340.2554531433966
0.022635301724631962,0.05,0.025102451860930575,349.0889961598639
0.026736232444825064,0.05,0.019756056577178827,349.0673696899174
0.005147960791739182,0.03806108589446547,0,345.3635959497078
0.002573980395869591,0.04125276516945496,0,346.085270443204
0,0.01662031692944304,0.07071762185463634,341.99526587705617
0.04332462395501971,0,0.005479420576211276,339.88685397358137
0.0046662673786999655,0,0.016938241470342334,339.6136126167144
0.009332534757399931,0,0.014645713709915433,339.64745430192494
0.032029661687798125,0.05,0.05078291447078303,349.4957224295814
0.011113121256856706,0.05,0.04708083243753711,349.18103481975504
0.03762697458918737,0,0.0514790627380713,340.3531424049306
0,0.01807000029887338,0.03751473585423547,341.9335777290373
0.009332534757399931,0,0.008235457299659021,339.5634752243129
0.03140047713400627,0,0.04971061026905313,340.2783946138745
0.026680173869758045,0,0.051295325422121174,340.24314416888086
0,0.01682992589842049,0.05793390012525318,341.9343578241185
0.04624353834806916,0.032974931832494156,0,344.72242424564547
0,0.03257126842249279,0.0520995225320723,344.7241898291325
0.011041519667067836,0.05,0.059310620617540735,349.29225730674165
0.005484959038639482,0.05,0.061411230039797815,349.2203483042617
0.03527228279716796,0.021194535448794096,0,342.39091550720343
0,0.016639774822102445,0.08349652657019968,342.0706374742546
0.07098339245414165,0.011011334107878561,0,341.15050711057444
0.015292744774375039,0,0.017861010157863497,339.76340225163915
0.06431672578747497,0.011011334107878561,0,341.1187632335021
0.06647508868121248,0.016517001161817844,0,341.8879046233305
0.059798990544435715,0.016370612314848564,0,341.8293415978772
0,0.03888888888888889,0,345.47329846227933
0,0.044444444444444446,0,346.8496402112536
0,0.0413500234928374,0.0026835615317219496,346.11109925504377
0,0,0.012820512820512825,339.4955473920604
0,0.005519930110591957,0.010687897417660979,339.99054759877896
0.017880630050925318,0,0.028876658574613426,339.92386871311095
0.016947259170736386,0,0.04957863414628029,340.11724890854333
0.06671944018630813,0,0.03386127500409112,340.38732584127723
0,0.011732475196210443,0.020854925468018443,340.8479605282609
0,0.011039860221183913,0.014965538425065544,340.6849704771841
0,0,0.006410256410256413,339.410447894382
0.03776921215693353,0.05,0.0473809368193873,349.52446557983217
0.01133293404536663,0,0.004117728649829511,339.532866259501
0.011298172780490926,0,0.04587293558469969,340.0136557054539
0,0.045755288231016544,0.02289972130611534,347.54412735596117
0,0.03990329197258184,0.021686119734649248,346.0423458402399
0.050098598520792154,0,0.026741048104772378,340.2085229640157
0.011113121256856706,0.05,0.053491088847793515,349.24248238486365
0,0.044214555495400196,0.041055736418936443,347.3583980644776
0.02213216326918709,0.013508102990117257,0,341.0916231832552
0,0.03572513195743329,0.03557312774911584,345.24202320765744
0,0.03726586469304965,0.030237625456807554,345.52932507864847
0,0,0.03205128205128206,339.7221640591197
0.07307634501191018,0.03310345976662469,0,344.9202413737135
0.03415303378160574,0,0.039987485176462556,340.2152797233136
0.012386593103157118,0.011246281352229806,0,340.67510341071767
0,0.02740735445177013,0.048010101309342135,343.64712031191107
0.05321816097917032,0,0.044577032206236405,340.41564515215003
0,0.040716737145178865,0.00805068459516585,346.0420891008815
0.056710730807994505,0,0.02779369019650988,340.2651189231643
0,0.03274045192757502,0.010393309677580637,344.26554430329884
0.04723394770753046,0.05,0.03223720940905661,349.44537627962643
0.004128864367719039,0.014859871561854383,0,341.0440213578878
0.009653059677025306,0.019071829626796707,0,341.7458706784002
0,0.0271577538398658,0.0661127425707135,343.7503624199089
0.060079160279462196,0,0.03347140443044791,340.347836214536
0,0.02273867737532175,0.042762418581788794,342.7481219441394
0.05048278577228769,0.05,0.038834744490645966,349.55021933160714
0.007721941187608772,0.040424962175031526,0,345.9651315653108
0.022872565638619283,0.05,0.035500422687832184,349.221925091896
0.026698989325962468,0,0.039508545316255236,340.1350093164757
0.0046662673786999655,0,0.010527985060085922,339.53141705308735
0.05318275463789393,0.03302901879053559,0,344.78915983835117
0.002573980395869591,0.04680832072501051,0,347.51892978341215
0,0.043811158096785915,0.01177737947370031,346.8754858878215
0,0.043811158096785915,0.0053671230634439,346.77455058725974
0.018654709127759333,0.018395945340928144,0,341.7581449889393
0.05981395142923268,0.03305383244923196,0,344.83978270978304
0.062086366549934706,0.038710826185720096,0,346.1285820199676
0,0.04414215743169239,0.07255215225830197,347.6117697512482
0,0.023306312333303835,0.035748766878625736,342.7732535309358
0.06204431066677296,0.02202100703805709,0,342.73931002416566
0,0.03264366648620059,0.04624413233373241,344.68401398614236
0.043972006873998354,0.05,0.016032214707299854,349.1975601766922
0,0.02209864435363187,0.05563146048329175,342.7569921861763
0.04061326811869176,0.05,0.0207987367909311,349.2343440818681
0.013622371014482127,0.03301001463267294,0,344.3659457046
0.031108168963481043,0,0.04482448868707614,340.23154928515834
0.03389144211001212,0.05,0.00960644086228472,348.9972902056227
0,0.044148003741565287,0.01801716765930314,347.05461707678387
0,0.03266757686138696,0.07046419859959926,344.88971015216924
0,0.011039860221183913,0.008555282014809132,340.599219433009
0.08215351888248033,0.005527113041596335,0,340.5476280246279
0.008257728735438077,0.013053076457042095,0,340.8549723389922
0.013781924044744345,0.01726503452198442,0,341.5242235651615
0,0.02797498940975221,0.04099644960617907,343.68640668220417
0.08666666666666666,0,0,340.02692730628837
0,0.011075485666147515,0.004277641007404566,340.54362384161294
