% Model,3d_full_flux.mph
% Version,COMSOL 6.2.0.339
% Date,"Apr 17 2026, 16:22"
% Dimension,3
% Nodes,4286
% Expressions,1
% Description,Volume
% X,Y,Z,Temperature
0.17656132305921285,0.05,0.24539001097615984,316.98970419881664
0.17333333333333337,0.05,0.25,316.97493158960305
0.16989465639254617,0.05,0.24539001097615984,317.014040685436
0.09785108682395038,0.027726898495404904,0.25,312.1231136024019
0.1000925894728541,0.03328181003790619,0.25,313.1115418096496
0.10449794177632822,0.027733304452145127,0.25,312.1238802321296
0.2,0.03372003901035904,0.1861366274361847,313.18278300036485
0.2,0.03919779934264397,0.19030176612715233,314.32291410850746
0.19999999999999996,0.039044479335430135,0.18397741492575698,314.3013410903362
0.19577290344402273,0.04647521159494428,0.25,315.9056655663472
0.2,0.05,0.25,316.84797287387187
0.2,0.044444444444444446,0.25,315.3584050314255
0.20000000000000004,0.03970541749367719,0.20937476088977364,314.3889213157935
0.20000000000000007,0.03438097716860609,0.20512371698994492,313.26892692683305
0.20000000000000007,0.034735275312425484,0.2114621041409145,313.3215449660736
0.1,0.05,0.25,317.0993290017323
0.09333333333333335,0.05,0.25,317.0983346592873
0.09666666666666666,0.05,0.24422649730810375,317.13269166777053
0.1625600087032334,0,0.21370454342262063,309.63594603923457
0.16684695288401208,0,0.21878578569668544,309.61379288892977
0.1698248161400387,0,0.21406754981159695,309.6184869635366
0.19438707888783163,0.05,0.1822849676352139,317.1243093874533
0.18877415777566323,0.05,0.1786724993729919,317.16057936450426
0.19438707888783163,0.05,0.17587471122495751,317.1357773241973
0.2,0,0.17948717948717946,309.5955786240503
0.2,0,0.18589743589743588,309.585938007141
0.2,0.005771578769674226,0.18386806866697095,309.79049296970527
0.18868709546784304,0.05,0.19756523420086725,317.12032429624105
0.18303064320176457,0.05000000000000001,0.20019400514745475,317.1401573811618
0.18307417435567466,0.05000000000000001,0.19395276593864527,317.1557666986621
0.16981582660076117,0.006452880617861938,0.25,309.7474698701809
0.17333333333333334,0,0.25,309.5048022297892
0.16666666666666669,0,0.25,309.5206504296901
0.15015755669225445,0.05,0.2334557015909966,317.1313484352235
0.14343837112816962,0.05,0.2331969650354348,317.14693169371003
0.14694763162361918,0.05,0.22819754152879215,317.1614261074838
0.19577290344402276,0.04091965603938871,0.25,314.5252263395571
0.2,0.03888888888888889,0.25,314.04253194862696
0.15333333333333338,0.05,0.25,317.035705923672
0.15005251889741816,0.05,0.24448523386366555,317.07553619005205
0.15671918556408485,0.05,0.24448523386366555,317.0590242196477
0.2,0.005771578769674226,0.19027832507722736,309.77983598926716
0.2,0.0117461274236881,0.19464571272414175,310.15836270139766
0.2,0.011543157539348451,0.18824895784676243,310.1539196022204
0.17439879130832187,0,0.2361551209948211,309.5470183369493
0.17286300173654562,0,0.24041232833601056,309.53774009575056
0.17796729044004905,0,0.24094895682681583,309.5228122331881
0.12894486494857954,0.03893184331585173,0.25,314.26888107156134
0.12447243247428977,0.044465921657925865,0.25,315.5954490871953
0.13113909914095645,0.04446592165792587,0.25,315.5873376078273
0.17378338179202923,0.05,0.23113407692858218,317.0708891802062
0.16635177127618772,0.05,0.23064234072270126,317.09871057684336
0.1704511838905785,0.05,0.225606384722804,317.1061320535148
0.2,0.011543157539348451,0.18183870143650602,310.16447657522417
0.18906352138794558,0.0055719509085705166,0.25,309.6497354071928
0.18479370944255785,0.011143901817141033,0.25,310.00866370963035
0.1914603761092245,0.011143901817141033,0.25,309.9876309794286
0.11112876645920328,0.04443154065046221,0.25,315.596909534048
0.11779543312586994,0.04443154065046221,0.25,315.5927959311052
0.11559086625173987,0.03886308130092442,0.25,314.2660827940265
0.20000000000000004,0.02364562179344271,0.20954006726291835,311.4366555016506
0.20000000000000004,0.023291323649623313,0.20320168011194878,311.40281973521365
0.2,0.017923645962041622,0.20540985524843547,310.7254135609442
0.2,0.011949097308027748,0.20745272401177747,310.1474756957391
0.2,0.011949097308027748,0.20104246760152106,310.16170660847337
0.18833761674085844,0.049999999999999996,0.21093154387156796,317.08414710066677
0.19399406900693691,0.049999999999999996,0.2147130293352369,317.0424558429406
0.18798813801387385,0.04999999999999999,0.21788759713201225,317.06268634920724
0.2,0.017720676077701975,0.19901310037105613,310.71718551877376
0.2,0.023088353765283662,0.19680492523456944,311.3890604216527
0.2,0.017517706193362327,0.19261634549367682,310.7078582845018
0.1222678656001597,0.03889746230838808,0.25,314.2683835048208
0.16666666666666669,0.05,0.25,316.99792832949566
0.16322798972587949,0.05,0.2453900109761598,317.035508501622
0.19999999999999998,0.02273206387373019,0.18408381915579478,311.36489609713
0.2,0.01718909680365388,0.1797620180445905,310.69433070762216
0.19999999999999998,0.017314736309022676,0.18621959061629748,310.69743185812825
0.1503447691146056,0.05000000000000001,0.2122571894887252,317.21299544179607
0.14738869408490407,0.05,0.2055626676352261,317.2405067476625
0.15377522541388328,0.05,0.20619791260414663,317.2235647274804
0.06238288394882709,0.02218509910138524,0.25,311.27247584367814
0.05790990626386332,0.02777325317749974,0.25,312.0953756964958
0.06459318378107928,0.027730418415656065,0.25,312.09890657984806
0.16241957432729415,0.0402080935700942,0.25,314.4902716538438
0.15798329877630077,0.04467890330035319,0.25,315.58738265512466
0.16443627555099338,0.045529190269741004,0.25,315.7874044514449
0.2,0.027812817671170345,0.24586599720222807,311.9462163425166
0.2,0.03333333333333333,0.25,312.90035362547627
0.2,0.034124979123350746,0.24522166635949705,313.07505785696753
0.1897382458102191,0,0.24148558531762104,309.4870091865216
0.18307157914355246,0,0.24148558531762107,309.5069664208347
0.1882024562384429,0,0.24574279265881055,309.4778971763015
0.17776960888432675,0.04552919026974101,0.25,315.7409416237468
0.18000000000000002,0.05,0.25,316.94906617927717
0.19486912290510955,0,0.2393325362485541,309.4774165805496
0.18973824581021914,0,0.23507532890736466,309.50673000092604
0.2,0.05,0.1794871794871795,317.09696611688076
0.13596572080798194,0.02230999802459925,0.25,311.29147600590255
0.1407108552928532,0.016810353563536835,0.25,310.62512675851025
0.13376900970822336,0.016721875536483313,0.25,310.6251958097529
0.1819344121996306,0.05,0.24588594656694984,316.9647394456015
0.1886010788662973,0.05,0.24588594656694984,316.93403059616867
0.18666666666666668,0.05,0.25,316.91952068938895
0.2,0.02860446346118776,0.24108766356172512,312.09574474330526
0.10666666666666667,0.05,0.25,317.0983759547496
0.10333333333333333,0.05,0.24422649730810372,317.132965766412
0.1888934148492192,0,0.20291338323862482,309.5912813619179
0.19444670742460962,0,0.2008156659782868,309.5778577805263
0.18889341484921923,0,0.1965031268283684,309.60394739421986
0.2,0.04452223966771507,0.17532204079621183,315.6273544539175
0.19999999999999998,0.03899460469445523,0.17111575099836795,314.3118713322574
0.2,0.03904447933543014,0.1775671585155006,314.3129435691109
0.16619633506987896,0,0.24041232833601056,309.5535672433971
0.16976483420160615,0,0.24520616416800528,309.5297096333388
0.1753618412561346,0.018477712144294393,0.25,310.73261391930345
0.16944747980228353,0.019358641853585816,0.25,310.85124227874024
0.17408021231833157,0.022702098022697917,0.25,311.2627546093869
0.14677170446150295,0.05,0.23897046772733105,317.11216264782894
0.15343837112816963,0.05,0.23897046772733108,317.0967882317372
0.20000000000000004,0.03402667902478669,0.19878532983897534,313.2151832967265
0.2,0.03935111934985779,0.20303637373880407,314.32663396835596
0.20000000000000004,0.0393511193498578,0.19662611732854768,314.34310742098063
0.18268116447477997,0.05,0.20715005840789902,317.1222477419299
0.18868709546784304,0.05,0.20397549061112366,317.1031543809617
0.16556873426138863,0.029994307521289475,0.25,312.4182570633687
0.16040287310359488,0.0348869968704474,0.25,313.350316430894
0.1668558498782875,0.03573728383983521,0.25,313.5045342500374
0.19999999999999998,0.01896477386853147,0.22344892682258616,310.79574848578255
0.19999999999999996,0.01264318257902098,0.21947877172787794,310.1744281599562
0.19999999999999996,0.01264318257902098,0.22588902813813433,310.1566931186217
0.12454358697469088,0.027775261478198008,0.25,312.1192541806167
0.12674029807444945,0.03336338396631394,0.25,313.1126468159621
0.1312205863231107,0.027809642485661663,0.25,312.1174146153068
0.1901787471714215,0.026479398806655667,0.25,311.7577344586638
0.18590893522603374,0.020940238604115074,0.25,310.9943725630341
0.1846273062882307,0.025164624482518598,0.25,311.5786654323128
0.14005251889741815,0.05,0.23871173117176928,317.1267188676548
0.13333333333333336,0.05,0.23845299461620745,317.1390998145864
0.13671918556408483,0.05,0.232938228479873,317.1603396793022
0.20000000000000004,0.04047218046892372,0.2340330763087377,314.47607252475376
0.2,0.04523609023446186,0.23881140994924066,315.6183781666269
0.20000000000000004,0.045236090234461866,0.23240115353898425,315.64749154176445
0.17999457377218264,0.021821168313406497,0.25,311.1271687883044
0.17871294483437963,0.026045554191810018,0.25,311.7312087150412
0.14022844605953438,0.05,0.22793880497323035,317.1758859752572
0.13701852099089915,0.05,0.2226806449110259,317.20260444208196
0.14373770655498397,0.05,0.2229393814665877,317.18926796502177
0.1781706571384524,0.05000000000000001,0.19062132489791728,317.1843365768209
0.1782141882923625,0.05,0.1843800856891078,317.197430272249
0.18311770550958473,0.05,0.1877115267298358,317.169764927934
0.18460736871532868,0,0.23722837797643162,309.5157620579871
0.17008440526988264,0,0.22451769009545436,309.59107409744803
0.16281959783307734,0,0.224154683706478,309.60866200834687
0.1660570502189479,0,0.22988658810524693,309.5855870247668
0.2,0,0.22435897435897437,309.50377811503904
0.1937921892525409,0,0.22701675333769988,309.5171733326779
0.2,0,0.23076923076923075,309.48588969125643
0.18,0,0.25,309.48753180328976
0.1764315008682728,0,0.24520616416800528,309.5131608462658
0.20000000000000004,0.040265948053210154,0.22807824037986868,314.4528314896382
0.08453700732554414,0.011075105617910135,0.24999999999999994,310.1274999264608
0.08226850366277207,0.005537552808955067,0.24999999999999997,309.78034058743526
0.07788712420736903,0.01106986781737865,0.25,310.12273146434353
0.19022146256083194,0.034049326159696094,0.25,313.08167633001153
0.19577290344402273,0.035364100483833164,0.25,313.3184818724148
0.19444855911680922,0.03201855900919626,0.25,312.67876322803073
0.13815995500035885,0.011177409700006717,0.25,310.11425041708526
0.18939546618185768,0,0.18497127593894058,309.6223266479114
0.18409319927278653,0,0.18130306775456473,309.64393908001153
0.1838421736064673,0,0.18706899319927864,309.63567493881476
0.19999999999999998,0.04452223966771507,0.18814255361672463,315.6034309520461
0.2,0.044522239667715076,0.18173229720646825,315.6161632989421
0.2,0.012296139943524364,0.21346574786982772,310.16131918636023
0.19999999999999998,0.018617731233034854,0.2174359029645359,310.77303802786156
0.2,0.01827068859753824,0.21142287910648572,310.74959305291543
0.15185083117842918,0.028324083797569843,0.25,312.16748309241234
0.14710569669355794,0.03382372825863225,0.25,313.1706105845333
0.15394989632890227,0.034036709901059586,0.25,313.19756789141735
0.2,0.023992664428939325,0.21555309112096854,311.46951483943474
0.17553921776865344,0.04105838053948202,0.25,314.64466001360364
0.16887255110198676,0.04105838053948201,0.25,314.6681261014091
0.17110294221766006,0.045529190269741004,0.25,315.7656073728125
0.11666666666666667,0.05,0.23267949192431123,317.18520596835464
0.12000000000000001,0.05,0.23845299461620745,317.1547784648728
0.11333333333333334,0.05,0.2384529946162075,317.15967205579295
0.1943435477339215,0.05,0.19493646325427977,317.0971994621093
0.18873062662175313,0.05000000000000001,0.1913239949920578,317.1351793533308
0.10890329407980237,0.022184798866384067,0.25,311.2978067435181
0.11562508497736734,0.022185968928233074,0.25,311.29483565265986
0.11338358232846363,0.016631057385731784,0.25,310.6331113662515
0.14290756639261176,0.02239847605165277,0.25,311.29293205369873
0.14765270087748303,0.016898831590590357,0.25,310.6232877268894
0.2,0.005974548654013874,0.20308533636486312,309.76520300933817
0.2,0.005974548654013874,0.1966750799546067,309.7782957612481
0.16929450260481843,0,0.23561849250401584,309.5612695517439
0.2,0.040059715637496586,0.2221234044509996,314.4279141739632
0.20000000000000007,0.03529580587195845,0.2237553272207531,313.3945219077155
0.1433858522307515,0.05,0.24448523386366555,317.08975778392124
0.2,0.005771578769674226,0.17745781225671453,309.80003357918025
0.20000000000000004,0.0446755596749289,0.2008771612283764,315.6122456072165
0.2,0.05,0.19871794871794873,317.05513298250287
0.20000000000000004,0.0446755596749289,0.19446690481812,315.62830728166074
0.12333333333333335,0.05,0.24422649730810372,317.1209592571144
0.11666666666666668,0.05,0.24422649730810375,317.12687830016216
0.2,0.02229230200900736,0.24173199440445614,311.14896880688224
0.2,0.02225726211561479,0.24586599720222807,311.1284136822563
0.1683200915500978,0.05,0.19019968202527077,317.22194652731554
0.17322360876732004,0.05,0.19353112306599873,317.19689484188234
0.16854590155227267,0.05,0.19504179713196446,317.2098991278799
0.2,0,0.23717948717948717,309.46689857606174
0.19486912290510955,0,0.23292227983829772,309.49677254534913
0.16317516501584378,0.05,0.23526525581598517,317.0879106635304
0.15984296711439305,0.05,0.229737563610207,317.12252113240066
0.16271225449696736,0.05,0.19814303337375674,317.22092158880946
0.156878607441662,0.05,0.201244269615549,317.22955237297555
0.15665279743948712,0.05,0.1964021545088553,317.2427795811847
0.19333333333333333,0.05,0.25,316.8858229209206
0.18910623677735608,0.04647521159494428,0.25,315.93981853671835
0.1914603761092245,0.022255012928252143,0.25,311.1449349933327
0.18719056416383678,0.01671585272571155,0.25,310.5037259878672
0.14929993088593485,0.03935780660070639,0.25,314.32984927094367
0.1513166321096341,0.0446789033003532,0.25,315.60418880998225
0.15596659755260153,0.039357806600706396,0.25,314.31388648594543
0.12902387522335212,0.02222151999754573,0.25,311.2882499777281
0.1773492127066879,0,0.22488069648443065,309.5716548575465
0.17332185765575317,0,0.23024959449422325,309.5671128165235
0.17411176032081738,0,0.21914879208566176,309.59525994637283
0.18914444051553844,0,0.1907372013836545,309.61357497625784
0.18359114794014805,0,0.19283491864399255,309.62653488723345
0.18243957011068943,0.04647521159494428,0.25,315.96981922850927
0.18487914022137883,0.04295042318988855,0.25,315.0611976062462
0.18020917899501612,0.042004401864685285,0.25,314.85130255298077
0.17505705831805624,0.05,0.23666596851926947,317.0405045303519
0.18043014745847402,0.05,0.2371619041100595,317.0163049068022
0.17849573525884344,0.05,0.24127595754310968,317.00403187900565
0.0912323266764229,0.027721155529732377,0.24999999999999997,312.12074356170314
0.09344573452047625,0.033275404081165964,0.25,313.1092878394782
0.12666666666666668,0.05,0.23845299461620745,317.1479191076961
0.18137656775762268,0,0.2195117984746381,309.57489567481304
0.18866131215765045,0,0.22916980240676682,309.52728269379736
0.18353043506276,0,0.23132285147583376,309.53646665640093
0.16553787195926,0,0.20898630753753217,309.64044282043665
0.09000000000000001,0.05,0.24422649730810375,317.13075964232337
0.09333333333333332,0.05,0.2384529946162075,317.162513935801
0.19999999999999998,0.01750278218740674,0.23288163667865153,310.60214777036657
0.2,0.023083947799024777,0.23695366076395322,311.2733213769682
0.2,0.023814943639587142,0.23223730583592053,311.3919272843824
0.17648249326742782,0.006452880617861938,0.25,309.7304188522897
0.11782965185149741,0.011087761611104193,0.25,310.127432658044
0.1201053732260286,0.01663222744758079,0.25,310.62909986146565
0.1943435477339215,0.05,0.2077569760747926,317.0625607642983
0.2,0.05,0.21153846153846154,317.01837653117195
0.07561862054459695,0.0055323150084235825,0.25,309.77529861844107
0.14245573125059052,0.03914482495827906,0.25,314.2956276283188
0.181324404778492,0.03513407198499265,0.25,313.33273905129846
0.18467002167764118,0.032734551835559025,0.25,312.85187817512923
0.1800000604512785,0.03178853051035575,0.25,312.69344795137937
0.18386882439926122,0.05,0.24177189313389968,316.9783580595334
0.2,0.011181190897896253,0.23532173799419975,310.0107329223815
0.2,0.005590595448948126,0.23945574079197168,309.6498407114959
0.2,0.011181190897896253,0.2417319944044562,309.98975383401626
0.19526774553296394,0.05,0.24588594656694984,316.8991694681556
0.19526774553296394,0.05,0.2394756901566934,316.9332129104626
0.2,0.05,0.24358974358974358,316.88444925163253
0.2,0.05,0.22435897435897434,316.9729827736325
0.19399406900693691,0.049999999999999996,0.2275335421557497,316.99463878167694
0.19399406900693694,0.05,0.2211232857454933,317.0197362427282
0.2,0,0.25,309.42545103313245
0.19573018805461226,0.0055719509085705166,0.25,309.6282059945171
0.2,0.005555555555555555,0.25,309.61273585605244
0.11999999999999998,0,0.25,309.5889695801399
0.11555393047696622,0.005543295774627593,0.25,309.78191005106976
0.12227572137453119,0.005544465836476599,0.25,309.77766675051816
0.14255090029249434,0.005632943863530119,0.25,309.75932970222
0.14666666666666667,0,0.25,309.55902730036564
0.13999999999999999,0,0.25,309.5688586230597
0.1356090547078645,0.005544465836476598,0.25,309.76437936444313
0.2,0.033873359017572865,0.19246097863758,313.19967300139473
0.2,0.028456031452865353,0.19459675009808272,312.2134523955228
0.09781524484015874,0.04442513469372199,0.25,315.5979498703112
0.1044620997925366,0.04443154065046221,0.25,315.59909746348114
0.10227734463269533,0.0388566753441842,0.25,314.2696369312305
0.13121810941572903,0.011088931672953196,0.25,310.115924783629
0.1702223680169065,0.05,0.21512504952842812,317.1457696897576
0.16711898598912778,0.05,0.22007869251702578,317.1387434320147
0.162790757501065,0.05,0.2146333133225472,317.17158552914617
0.16000000000000003,0.05,0.25,317.018056398955
0.20000000000000004,0.03570827070338558,0.2356649990784912,313.4324620525726
0.20000000000000004,0.03550203828767201,0.22971016314962212,313.41433012042376
0.2,0.030127105091767543,0.23159297499318948,312.3916134513364
0.19526774553296394,0.05,0.233065433746437,316.9636953849198
0.2,0.05,0.23717948717948717,316.91736466154356
0.15631838347355684,0,0.22334321252971825,309.6241198632423
0.1595558358594274,0,0.22907511692848717,309.60179171105045
0.1784261463592566,0,0.23078622298502852,309.55224871135766
0.0934242711358437,0.01661840139253773,0.24999999999999994,310.6344294501282
0.08680551098831622,0.016612658426865202,0.24999999999999997,310.6314741681318
0.08901891883236956,0.02216690697829879,0.24999999999999994,311.2948056712544
0.1530546214999069,0,0.2282636457517274,309.6167246627269
0.15629207388577743,0,0.23399555015049628,309.59390085248026
0.17296498653485567,0.012905761235723876,0.25,310.1849890107731
0.17887934798870678,0.012024831526432456,0.25,310.0954315622956
0.1957301880546123,0.011127506464126071,0.25,309.9717933240987
0.2,0.01111111111111111,0.25,309.9552475741496
0.2,0.005974548654013875,0.20949559277511953,309.7510143011023
0.1943870788878316,0.05,0.18869522404547032,317.11130025878873
0.18877415777566323,0.05,0.18508275578324834,317.14842332219246
0.1378057658076231,0.044465921657925865,0.25,315.5772186099392
0.14464996544296743,0.04467890330035319,0.25,315.6187045883047
0.2,0.02792400265111908,0.1625876600893198,312.17740506633305
0.19999999999999998,0.03346696972119538,0.16690946120052408,313.1646112526398
0.19999999999999998,0.03341709508022047,0.16045805368339144,313.1626350174625
0.12682716412359357,0.016633397509429795,0.25,310.6234948806172
0.12234687587493231,0.022187138990082074,0.25,311.29027108573894
0.08679274339049997,0.03326123704347171,0.25,313.10360544423816
0.10892419958507318,0.03886308130092442,0.25,314.2695056059099
0.1133862993776098,0.03329462195138663,0.25,313.1105534290187
0.10673944442523194,0.03328821599464641,0.25,313.11196367282986
0.1782569250604138,0,0.18985627018137904,309.64685524928706
0.1726716765143603,0,0.19264354716347942,309.6566924425108
0.17800589939409456,0,0.19562219562609295,309.63722295661773
0.19486912290510955,0,0.24574279265881052,309.4569055115701
0.19333333333333333,0,0.25,309.44747712828223
0.177089623576844,0,0.2144305562005733,309.59919655883596
0.1777441417489127,0,0.20746023807192943,309.61364245965376
0.17280267939606533,0,0.20934931392650852,309.62222628259497
0.10004303128337118,0.016624144358210254,0.24999999999999997,310.6357811924091
0.09563767897989704,0.022172649943971313,0.24999999999999994,311.29746833260197
0.1707345954191824,0.02510161817213155,0.25,311.6131309356638
0.17536732793523047,0.028445074341243652,0.25,312.12481855601783
0.15319390635083796,0,0.238789385982491,309.58519688986826
0.14979085952625695,0,0.23318407897373655,309.60830890093763
0.1465272396841713,0,0.23878938598249103,309.59646723597393
0.11114479672870609,0.02773971040888535,0.25,312.1228147548661
0.20000000000000004,0.03508957345624488,0.21780049129188406,313.373037414448
0.2,0.02971464026034041,0.21968330313545142,312.36073596974876
0.12000000000000002,0.05,0.25,317.09069284025486
0.11333333333333334,0.05,0.25,317.0954972342571
0.17332575004468523,0.05,0.2101714065398305,317.1508970257335
0.17367522877166983,0.05000000000000001,0.2032153532793862,317.17013720424006
0.1780034572597326,0.05,0.20866073247386474,317.1373917901528
0.2,0,0.21153846153846154,309.536029377034
0.1944467074246096,0,0.20722592238854318,309.56445151250665
0.19379218925254088,0,0.21419624051718705,309.5505766966133
0.17306443704124716,0,0.19751127148067202,309.6465783240238
0.1681229746883998,0,0.1994003473352511,309.6549536132255
0.17345719756813405,0,0.20237899579786464,309.63580961735374
0.14993028650875231,0,0.24439469299124553,309.57276630894813
0.14326361984208566,0,0.24439469299124553,309.5833171433479
0.1845295600728648,0.05,0.23212594811016224,317.0219937437451
0.1858032365988918,0.05,0.23765783970084953,316.9899220210728
0.17850795072673303,0,0.1840903447366651,309.65561163157196
0.2,0.027777777777777773,0.25,311.92308523067163
0.19573018805461226,0.027794173130792736,0.25,311.9438108725357
0.18666666666666668,0,0.25,309.46817071833465
0.18153578957177624,0,0.24574279265881055,309.4975563359356
0.159115757486696,0.029144020551901663,0.25,312.28852611403806
0.17788279440642002,0.05,0.22609812092868492,317.07640489962296
0.1745505965049693,0.05,0.22057042872290672,317.1107009611184
0.18198220702081078,0.049999999999999996,0.2210621649287876,317.0790680499718
0.07571604458421816,0.02214750214007305,0.24999999999999994,311.2834640516107
0.0801556278701411,0.016607420626333715,0.24999999999999994,310.62697921289146
0.07350574475196599,0.016602182825802232,0.24999999999999997,310.6207933671148
0.19999999999999998,0.0335168443621703,0.1733608687176567,313.16523734469797
0.19999999999999998,0.03356671900314521,0.17981227623478935,313.16451329363707
0.2,0.029367597624843794,0.21367027927740118,312.31919678615185
0.2,0.04502985781874829,0.2264463176101152,315.6191414036821
0.0866666666666667,0.05,0.25,317.09535905747134
0.0911485781734921,0.04442513469372199,0.25,315.5964339796006
0.08448191150682546,0.04442513469372199,0.25,315.59293682951903
0.2,0.029920872676053978,0.22563813906432045,312.37701285082227
0.18758437850508178,0,0.22326427590616899,309.5468419938634
0.18245350141019134,0,0.22541732497523592,309.55617786200963
0.13000000000000003,0.05,0.24422649730810375,317.1131268703605
0.16968396917763845,0.05,0.2361700329284795,317.06252089172176
0.2,0.022885383880944014,0.1904081703571901,311.37420191599006
0.19999999999999998,0.028302711445651524,0.1882723988966874,312.201044338427
0.08236592770239329,0.022152739940604536,0.24999999999999994,311.2894816811486
0.08457933554644662,0.027706988492038124,0.24999999999999997,312.11524036903023
0.12006329872602964,0.03332900295885029,0.25,313.1125016945173
0.1630981675349395,0,0.24520616416800528,309.5448361938132
0.16,0,0.25,309.5350764029923
0.09563048968031751,0.03885026938744398,0.25,314.2679361495598
0.08896382301365086,0.03885026938744398,0.25,314.2658987105836
0.19154580688804546,0.04295042318988855,0.25,315.0307417125525
0.18233168574779537,0.049999999999999996,0.2141061116683433,317.1018846315332
0.07127646129829522,0.027687583653812388,0.25,312.10041251044595
0.06906616146604305,0.022142264339541567,0.25,311.27575553153645
0.20000000000000004,0.0450298578187483,0.2200360611998588,315.6433576878969
0.20000000000000004,0.04005971563749659,0.2157131480407432,314.45008307236503
0.17797878787934282,0.03753359213442629,0.25,313.84462882283947
0.1766544435521293,0.03418805065978939,0.25,313.16132020242765
0.2,0,0.1923076923076923,309.57518101926865
0.13666666666666671,0.05,0.24422649730810375,317.1032869650865
0.2,0,0.24358974358974356,309.44675235668717
0.2,0.005590595448948126,0.24586599720222807,309.628700505536
0.17950308001182527,0,0.23669174948562638,309.5318491723636
0.09999999999999998,0.05,0.23845299461620745,317.16370566396176
0.163019573374737,0.05,0.22511464851692306,317.1322687671564
0.1596873754732863,0.05000000000000001,0.21958695631114486,317.1631954626609
0.06685586163379087,0.016596945025270746,0.25,310.612916630802
0.15651076921294232,0.05,0.22420987140442877,317.1545001064623
0.1533008441443071,0.05000000000000001,0.21895171134222433,317.1827236246524
0.07565784075369829,0.038821935312055474,0.25,314.2497161131929
0.08231083188367457,0.038836102349749727,0.25,314.25869959292623
0.08013975226052368,0.033247070005777465,0.25,313.09613868692225
0.07792634441647034,0.027692821454343874,0.24999999999999997,312.10795281428136
0.11,0.05,0.2442264973081037,317.13088487004194
0.09666666666666665,0.05,0.23267949192431123,317.190905163504
0.19999999999999998,0.01706345729828508,0.17330444547288348,310.6901428308995
0.19999999999999996,0.011417518033979654,0.175381128864799,310.16397747155645
0.18239685472127892,0.0055719509085705166,0.25,309.66993231477124
0.17915647093244702,0.05,0.2316300125193722,317.04753309306557
0.2,0.044675559674928894,0.2072874176386328,315.5943650465044
0.2,0.05,0.20512820512820512,317.0376641999713
0.13333333333333336,0.05,0.25,317.07499436093855
0.156596953175419,0,0.2443946929912455,309.56078605721984
0.20000000000000007,0.029396109251205182,0.23630932992122222,312.2479383883013
0.20000000000000007,0.034916624913368166,0.24044333271899415,313.2524273326663
0.19999999999999996,0.018233778027969105,0.22816528175061884,310.6978602594363
0.1631491599340945,0.006452880617861938,0.25,309.7630986614734
0.17330882665298014,0.03658757080922302,0.25,313.66022134884776
0.2,0,0.20512820512820512,309.5501758807713
0.18127620270998568,0.01759678243500297,0.25,310.6167751556791
0.2,0.05,0.23076923076923075,316.9467191036047
0.19999999999999998,0.00632159128951049,0.21550861663316973,309.7545217903734
0.19434354773392154,0.05000000000000001,0.2013467196645362,317.0807895563377
0.15969512071035846,0,0.23960085715925078,309.57001793393624
0.16279328824529793,0,0.23480702132725606,309.5782210694157
0.17326713992123016,0.05,0.1872898838571893,317.21069509169496
0.15012423788396315,0.05,0.22357462643550824,317.1730350258751
0.2,0.04523609023446186,0.24522166635949705,315.58570382363945
0.14510180058498867,0.011265887727060237,0.25,310.1108060701632
0.17812712598454233,0.05000000000000001,0.19686256410672676,317.1696317931645
0.15333333333333332,0,0.25,309.5477665603432
0.2,0,0.19871794871794873,309.5632264281828
0.18926181453990087,0.05,0.22982974513295595,317.00960391712385
0.07782892037684917,0.044410967656027735,0.25,315.5842209894443
0.19469773309092886,0,0.18863948412331644,309.5994072943303
0.14000000000000004,0.05,0.25,317.06413384350043
0.13816243190774052,0.02789812051271518,0.25,312.12216574252005
0.19154580688804546,0.03739486763433299,0.25,313.75943110141867
0.0912036739922108,0.011075105617910135,0.24999999999999994,310.130390282441
0.19999999999999996,0.038944730053480314,0.16466434348123532,314.3094489522847
0.15673130044358477,0.05,0.21289243445764575,317.19476035070915
0.11786658762627106,0.027740880470734357,0.25,312.1192906018728
0.19999999999999998,0.024545939480149506,0.22752095090788782,311.5127089290731
0.19999999999999998,0.024339707064435938,0.2215661149790188,311.5016396601937
0.1598346824713635,0.05000000000000001,0.20793879146904812,317.20194920669945
0.1957301880546123,0.02223861757523718,0.25,311.126469586303
0.19573018805461226,0.016683062019681626,0.25,310.4706075488574
0.19146037610922453,0.01669945737269659,0.25,310.48752081567176
0.18889711823361846,0.03070378468505919,0.25,312.4641802181063
0.1859943660048547,0.03608009331019592,0.25,313.5074104140576
0.19999999999999998,0.02797387729209399,0.16903906760645243,312.1778665082212
0.19999999999999996,0.0280237519330689,0.17549047512358507,312.1769778069902
0.2,0.05,0.17307692307692307,317.10774594805685
0.19999999999999996,0.02260642436836139,0.17762624658408777,311.3582061375556
0.19999999999999996,0.0281493914384377,0.18194804769529205,312.1872565756329
0.16589413952884374,0.05,0.20967967033394955,317.17807667386455
0.1595821454472068,0,0.21842277930770912,309.63049450248394
0.1783529359867172,0.05000000000000001,0.20170467921342045,317.15596669902203
0.19999999999999998,0.022480784862992594,0.17116867401238078,311.35042945176457
0.2,0.01693781779291629,0.1668468729011765,310.6848682279602
0.2,0.0450298578187483,0.21362580478960239,315.665196111273
0.19444670742460962,0,0.19440540956803037,309.5901680922202
0.177653978532748,0.04999999999999999,0.21561678573430904,317.11636341011877
0.19053549106592788,0.05,0.24177189313389968,316.94648585055586
0.16851573521528665,0,0.2042680716524437,309.64398484609035
0.2,0.05,0.21794871794871795,316.99686858282155
0.18798813801387385,0.04999999999999999,0.22429785354226867,317.03875509713265
0.1832558835468378,0.049999999999999996,0.22659405651947492,317.0517090867114
0.1405277814863487,0.05,0.21768122140438323,317.2148740078374
0.1826487491057055,0.03847961345962955,0.25,314.03228881071954
0.1937921892525409,0,0.22060649692744347,309.53446261224065
0.18758437850508178,0,0.21685401949591257,309.56353212920635
0.13341729742286929,0.0333977649737776,0.25,313.11098879335333
0.14500663154308485,0.02811110215514251,0.25,312.14577561370146
0.17312264611842565,0.05,0.24078002195231965,317.02752243629817
0.1687717115544476,0.05,0.1998839122386582,317.1968065843801
0.17344941876949493,0.05000000000000001,0.19837323817269248,317.18403859509334
0.06680348361333147,0.03327573772992689,0.25,313.087155394193
0.149217566959161,0.005632943863530119,0.25,309.7486634668116
0.2,0.02243091022201768,0.16471726649524815,311.3514828031656
0.17839865992098142,0,0.20048991994328555,309.62665431041285
0.19053549106592788,0.05,0.23536163672364327,316.97809635740913
0.2,0.016701706560059235,0.2458659972022281,310.47209027078316
0.2,0.01114615100450368,0.24586599720222807,309.972781940571
0.17202171103608127,0.030844594490677286,0.25,312.54945729236624
0.2,0,0.21794871794871795,309.52049134363165
0.08000000000000006,0.05,0.25,317.0904021962844
0.07123724108919391,0.011064630016847165,0.25,310.11627211169
0.15994717528996433,0.05,0.23987524483982536,317.07478274412813
0.1566663608540491,0.05,0.23436047870349092,317.110853178031
0.12455144274906238,0.011088931672953198,0.25,310.1225085173439
0.1356115316152462,0.03893184331585173,0.25,314.2595035932234
0.09782243413973829,0.011080848583582662,0.25,310.1321365431405
0.16899752155662245,0.05,0.2047260273453519,317.1826688968161
0.10225643912742452,0.02217839290964384,0.25,311.2985274542341
0.1873187103320682,0.039425634784832825,0.25,314.223201312488
0.1266666666666667,0.05,0.25,317.0838473598567
0.20000000000000004,0.028659001337205,0.20099350497546203,312.23274298047437
0.19999999999999998,0.00632159128951049,0.22832912945368256,309.7200735204463
0.19469773309092886,0,0.17581897130280363,309.6185638801757
0.19469773309092886,0,0.18222922771306005,309.6095437727346
0.15081915038418175,0.05,0.19950339075064755,317.2496085929743
0.20000000000000004,0.0396805346789063,0.24522166635949708,314.2435334604796
0.2,0.040472180468923716,0.2404433327189941,314.44720021653967
0.13,0.05,0.2326794919243112,317.1715723920001
0.20000000000000004,0.0290132994810244,0.2073318921264316,312.27653267874615
0.0734867611305474,0.03323290296808321,0.25,313.0868875675305
0.2,0.0055905954489481255,0.23304548438171524,309.6698258132759
0.1882388966771505,0,0.20988370136726872,309.57812377059145
0.16248644449479244,0.05,0.19330091826706303,317.2335588926317
0.16293806449914222,0.05,0.20298514848045046,317.20723914092275
0.2,0.02222222222222222,0.25,311.1072960846542
0.16733745363462604,0,0.1896648987008659,309.6749273829469
0.1677302141615129,0,0.1945326230180585,309.6652677921777
0.15333416295259839,0.05,0.2288327864977127,317.1438844306499
0.2,0.05,0.1923076923076923,317.07078287876675
0.10666179143089867,0.01662988732388278,0.25,310.63552939497464
0.1033333333333333,0.05,0.2326794919243112,317.1909979306118
0.18316123666349482,0.05,0.18147028752102634,317.1821520689778
0.1402614970582136,0.033610746616204924,0.25,313.14175088517857
0.1469143128153279,0.05000000000000001,0.2183164663733038,317.19994980637796
0.1439582377856264,0.05,0.21162194451980468,317.2289285526169
0.19999999999999998,0.00632159128951049,0.2219188730434261,309.73788525300495
0.2,0.05,0.1858974358974359,317.084645093784
0.17292270218067954,0,0.18687762171876549,309.66594106588377
0.1466666666666667,0.05,0.25,317.0510650718538
0.16645597945175897,0.05,0.24078002195231962,317.050329999211
0.16629831986818902,0.012905761235723876,0.25,310.201820620056
0.1893954661818577,0,0.1785610195286842,309.63184261684745
0.15176846725165533,0.011265887727060237,0.25,310.0993049220403
0.16428161864448976,0.02425133120274374,0.25,311.50641757647895
0.1826856041017601,0,0.20557116221735033,309.60407855850815
0.07999999999999999,0,0.25,309.5899961510551
0.10666666666666666,0.05,0.23845299461620745,317.1628808015502
0.2,0.016666666666666663,0.25,310.4529861874239
0.1820310859296914,0,0.21254148034599424,309.5902041416899
0.15588423362582765,0.005632943863530119,0.25,309.7365678140746
0.2,0.016771786346844376,0.23759799160668427,310.5086110185734
0.1590333935599222,0.012085824481392057,0.25,310.14997519929034
0.11110786095393244,0.011086591549255186,0.25,310.1307633226814
0.08666666666666668,0.05,0.2384529946162075,317.15964422735175
0.0601202060961155,0.03331857249177056,0.25,313.0853982681013
0.12333333333333334,0.05,0.2326794919243112,317.17937206330555
0.15701669233622292,0.02343139444841192,0.25,311.40731606859975
0.16218255349401667,0.018538705099253996,0.25,310.7740822846075
0.15491762718574986,0.017718768344922177,0.25,310.69809743399054
0.1335092604954496,0.05,0.22768006841766855,317.18817057013615
0.1497517660279561,0.0226114576940801,0.25,311.3093897042363
0.18334567735042767,0.02938901036092212,0.25,312.2566045957029
0.2,0.011291878528610858,0.16892355629309203,310.16239164167206
0.2,0.005645939264305429,0.17100023968500755,309.8021365223508
0.08333333333333337,0.05,0.24422649730810375,317.12684635750526
0.19999999999999998,0.04447236502674015,0.1688706332790792,315.62448592914944
0.2,0,0.17307692307692307,309.6041028699965
0.10444119428726578,0.011086591549255188,0.25,310.13227926412463
0.19999999999999998,0.011912186738458615,0.230605383066167,310.0826251518634
0.08999999999999998,0.05,0.23267949192431125,317.1887958058239
0.18334012227382881,0,0.19860084408870646,309.6165189252678
0.10999999999999999,0.05,0.2326794919243112,317.1890741071473
0.09999999999999999,0,0.25,309.5964606224798
0.09560183699610539,0.005537552808955067,0.24999999999999997,309.78538576722366
0.10222059714363288,0.005543295774627594,0.25,309.7859230066264
0.2,0.016736746453451808,0.24173199440445617,310.4906318811663
0.053436928578899555,0.033361407253614236,0.25,313.0816161892553
0.10666666666666663,0.049999999999999996,0.22690598923241495,317.2152023685239
0.10999999999999997,0.049999999999999996,0.22113248654051867,317.23682958600165
0.11333333333333331,0.05,0.22690598923241492,317.21228091023386
0.050160095864764935,0,0.24420294572750884,309.5734562730698
0.04698685839619656,0,0.23840589145501767,309.586732288258
0.043493429198098274,0,0.24420294572750884,309.56144240292593
0.1780575154011003,0,0.17130883631222416,309.67435090390387
0.17771993212993958,0,0.16475660213047919,309.6826126188177
0.17235941480057482,0,0.16786683905162858,309.6933189869841
0.027416974020085777,0.024820057114777333,0.25,311.56698168082335
0.021758559067253984,0.02349469310667484,0.25,311.3595737225621
0.0232523344489236,0.029560843604865186,0.25,312.3092773294036
0.2,0.044472365026740165,0.16246037686882278,315.63273938399084
0.2,0.05,0.16025641025641027,317.1248272954627
0.2,0.044472365026740165,0.1560501204585664,315.6396333329233
0.1619964628391811,0,0.19760467010076035,309.6722251856395
0.16238922336606795,0,0.20247239441795295,309.661592798153
0.11666666666666664,0,0.24422649730810372,309.61068896679353
0.11333333333333331,0,0.25,309.59273422348843
0.11666666666666664,0,0.2211324865405187,309.67945840792856
0.11999999999999997,0,0.22690598923241495,309.66163512240473
0.12333333333333331,0,0.2211324865405187,309.67489487096543
0.15358909753708538,0.05000000000000001,0.18818219567982974,317.26993237599027
0.1580377710159389,0.05,0.19074155697344639,317.2524437827675
0.15220412396063357,0.05000000000000001,0.19384279321523865,317.2604903004603
0.2,0.04443216631252923,0.14963344232611003,315.6350377111943
0.2,0.03886433262505845,0.14542073080606624,314.30933283515594
0.2,0.03890453133926938,0.15183740893852257,314.31371818155026
0.1481250340131897,0.05,0.1885673569207943,317.2821104212233
0.05685169635469352,0,0.23255703124669,309.620579388097
0.05365352506286322,0,0.23840589145501767,309.59797618957396
0.06002493382326189,0,0.23835408551918114,309.607281855131
0.1430402710669918,0,0.21015720378042105,309.6800568027257
0.13616723533651937,0,0.2103031275929454,309.6890108209102
0.1394923067666724,0,0.21579528569614587,309.6717931711507
0.19999999999999998,0.01677007696452329,0.14760379815697994,310.68459035122095
0.19999999999999996,0.011180051309682193,0.14968458338670457,310.17148266003164
0.19999999999999998,0.016825990573987624,0.15401815640504546,310.68577273137316
0.13017592716211623,0.05,0.22190656572577228,317.21599729787465
0.1336851876575658,0.05,0.2169071422191296,317.2292118943944
0.015239198858463292,0.03956001991293895,0.25,314.26469846343315
0.018395946330727875,0.03549031973117513,0.25,313.40260690011627
0.014437172023827223,0.03230517977852652,0.25,312.7678968215471
0.09999999999999998,0,0.23845299461620745,309.6341943444133
0.1033333333333333,0,0.2326794919243112,309.6514914875074
0.09666666666666665,0,0.23267949192431123,309.6515083344915
0.18872029963953624,0,0.16545655116519423,309.6498928673896
0.18872029963953624,0,0.1590462947549378,309.65605328950335
0.18308044945930435,0,0.1616463652093298,309.6706160859331
0.18341803273046509,0,0.16819859939107476,309.6628311945618
0.055624619052599716,0.03890760483574283,0.25,314.23901589907734
0.06230789656981567,0.03886477007389915,0.25,314.2413157229647
0.12666666666666665,0,0.22690598923241495,309.6563453361143
0.12983076892222412,0,0.22127792048969316,309.6687338200841
0.1333333333333333,0,0.23845299461620745,309.61529060873085
0.12999999999999998,0,0.23267949192431123,309.6364701758757
0.12666666666666665,0,0.23845299461620748,309.6220077031203
0.06759959277014435,0.05,0.23997855071783275,317.1321438006159
0.07426625943681103,0.05000000000000001,0.23997855071783278,317.1405493973698
0.07046646305173887,0.05,0.2449892753589164,317.10918791219075
0.017530608231417902,0.05,0.24545320055089792,316.96429661095505
0.020899428563683903,0.05,0.23955370031122347,317.0103486064629
0.02336882033226602,0.05,0.24410049976032555,316.99565137344143
0.13316410225555744,0,0.2270514231815894,309.6494269081168
0.2,0,0.16666666666666666,309.6115249662947
0.19436014981976812,0,0.16926673712105866,309.6277217954107
0.03152305478486241,0.044070523873690065,0.25,315.4022720048172
0.026666666666666686,0.05,0.25,316.97380697835325
0.033333333333333354,0.05,0.25,316.9972361442321
0.13971519963683876,0,0.2046650456772206,309.69686781787453
0.13639012820668575,0,0.19917288757402016,309.7125228401624
0.13284216390636633,0,0.20481096948974495,309.70507247780887
0.12,0.05,0.22690598923241495,317.20743253582754
0.11666666666666667,0.05,0.22113248654051867,317.23295892612725
0.19999999999999996,0.022234214767616063,0.13908478931726462,311.3443584874869
0.19999999999999998,0.016680737921999242,0.13482963305818763,310.68046883311723
0.19999999999999996,0.016725407443261266,0.14121671560758378,310.6830564047059
0.16711174952568203,0,0.17720635021547396,309.69446454808593
0.17269699807173552,0,0.17441907323337358,309.6845804485278
0.16699889747121005,0,0.170977075972778,309.7027351904324
0.15147552462053035,0,0.19324559227711788,309.7010888857665
0.14752277528070318,0,0.18795326158830064,309.71709701868645
0.14618345032780344,0,0.1935887092601542,309.709344009399
0.07139938915521651,0.05000000000000001,0.23496782607674915,317.1617210298221
0.07759959277014433,0.05000000000000001,0.23420504802593653,317.172599792235
0.1329948711777816,0,0.21564985174697138,309.679939903571
0.13632820451111494,0,0.22142335443886763,309.66120123987525
0.14266097048929396,0.04999999999999999,0.18895251816175884,317.29275570349
0.13979175925004278,0.04999999999999999,0.19438124178026764,317.2856055938288
0.1357126693025989,0.04999999999999999,0.1891058054858233,317.3048142146502
0.1033333333333333,0,0.2211324865405187,309.6841855890427
0.10666666666666663,0,0.22690598923241495,309.66775773608066
0.10999999999999997,0,0.2211324865405187,309.68254575163604
0.14319390635083795,0,0.23301588329059475,309.6190552162643
0.14635800860639542,0,0.22738781454787296,309.6307150251401
0.13976105543097644,0,0.2272196188647312,309.64075057846884
0.17839509867226103,0,0.17786107049396915,309.66498174505426
0.05125614988905733,0.027713613260771548,0.25,312.07360243251827
0.0557291275740211,0.02212545918465705,0.25,311.2539654226687
0.049075371199215116,0.022065819267928857,0.25,311.2338572669318
0.044966895147619874,0.02733033471659019,0.25,311.9985144589904
0.1943512323705262,0.05000000000000001,0.16320640360348387,317.1541780768825
0.18870246474105237,0.05,0.16615639695055748,317.18026545517785
0.1887024647410524,0.05000000000000001,0.1597461405403011,317.18804039284714
0.1301673427701484,0.05,0.21100115265861547,317.2541578503655
0.1233247489413655,0.05,0.21022707347336186,317.2648311434426
0.126649497882731,0.05,0.20509516309810136,317.27674882352767
0.03637944290305813,0.03814104774738012,0.25,314.02288354975013
0.04266869764449559,0.038524326291561474,0.25,314.1243602371285
0.04085841909602465,0.03259485016525153,0.25,312.90714842623436
0.16283017521072196,0,0.1808722238690182,309.6990349794985
0.16294302726519397,0,0.18710149811171414,309.6892158086039
0.16722460158015404,0,0.1834356244581699,309.6851952789242
0.1133333333333333,0,0.23845299461620745,309.631034742193
0.10999999999999999,0,0.24422649730810375,309.61378387917006
0.048400618947185045,0.05,0.24074167490285392,317.09195267690205
0.05260092842077757,0.05,0.23611251235428093,317.12463581475043
0.05506728561385173,0.05,0.24074167490285395,317.10670186496066
0.05886708199892389,0.05000000000000001,0.23573095026177035,317.1391995318222
0.15013619966763062,0,0.1988810399489715,309.69270947590707
0.14326316393715818,0,0.1990269637614958,309.70343328484927
0.1465882353673112,0,0.20451912186469626,309.6870289043111
0.024268248895949904,0.05,0.23365420007154902,317.05242060831614
0.018430036795101787,0.05,0.23500690086212145,317.0223332031771
0.19999999999999998,0.0055900256548410965,0.1517653686164292,309.81766506314017
0.2,0.011235964919146527,0.15609894163477012,310.1709912488542
0.1837556160016258,0,0.17475083357281973,309.6539388592547
0.16331728120539135,0.05,0.1816667499289109,317.2557901216312
0.16776595468424488,0.05,0.18422611122252752,317.2364631352062
0.16387141807124428,0.05,0.1876403207316541,317.2420055883113
0.09999999999999998,0.04999999999999999,0.22690598923241495,317.21612719770906
0.10888726381029956,0.005543295774627593,0.25,309.7845503434657
0.10666666666666666,0,0.25,309.59523123760175
0.19999999999999996,0.022278884288878087,0.14547187186666077,311.3472346169961
0.19999999999999996,0.02231908300308902,0.1518885499991171,311.3484079040938
0.04666666666666669,0.05,0.25,317.035562555228
0.0511456428596332,0.04445380241787142,0.25,315.5528347481022
0.04447897619296652,0.04445380241787141,0.25,315.5368436672957
0.1370099365989313,0.05,0.2117752318438691,317.24122471972817
0.1334920917115139,0.05,0.20586924228335496,317.2652204488097
0.10666666666666663,0,0.23845299461620745,309.6334599235976
0.12333333333333334,0.05,0.22113248654051867,317.22713031610704
0.12,0.05,0.2153589838486224,317.25110815482725
0.1133333333333333,0.049999999999999996,0.2153589838486224,317.2559280162861
0.1440459440657458,0.05,0.18329192062634997,317.30174095490986
0.13858188054185008,0.049999999999999996,0.18367708186731452,317.31134487813324
0.14044039289820898,0.05,0.20571595495929051,317.25405422769643
0.030035486998932683,0.05,0.24410049976032555,317.0205415143564
0.03670215366559935,0.05,0.24410049976032555,317.0425871886279
0.048957952385933035,0.03890760483574282,0.25,314.22477544922504
0.04459639500624859,0.010945350183390776,0.25,310.0679303930951
0.04896486416979095,0.005472675091695388,0.25,309.7379386144255
0.04229819750312429,0.005472675091695388,0.25,309.7254085511184
0.12997424682409653,0.05,0.19996325272284088,317.2868611950825
0.1369225480107916,0.05,0.1998099653987764,317.27682491996694
0.07639634258366057,0,0.23252877689144844,309.6427046232322
0.07306300925032724,0,0.2383022795833447,309.6224193385488
0.07986483795849694,0,0.23837763709977608,309.62763735945424
0.2,0.038944730053480314,0.15825408707097893,314.31673543531
0.09666666666666662,0.04999999999999999,0.2211324865405187,317.23866583584817
0.0933333333333333,0.049999999999999996,0.22690598923241498,317.2150354363219
0.09033195060210442,0.049999999999999996,0.22192570468155143,317.2338935843555
0.08318189864435413,0,0.22189876785315765,309.6773780794104
0.07977284796653122,0,0.2165084058175809,309.689149885729
0.07638006993618443,0,0.22182341033672626,309.6728837238269
0.08651523197768747,0,0.2161252651612614,309.6940010717083
0.12666666666666668,0.05,0.22690598923241495,317.2006183951646
0.06319817129183027,0,0.24415113979167233,309.59268474313495
0.06639634258366056,0,0.23830227958334466,309.61536318080647
0.04689459250937289,0.016418025275086165,0.25,310.5623806924959
0.05126306167291525,0.010945350183390776,0.25,310.0802066807376
0.1585486008957619,0,0.18453809752256242,309.7026310454433
0.12666666666666665,0,0.25,309.5836834336395
0.13,0,0.24422649730810375,309.6001725507635
0.12333333333333332,0,0.24422649730810375,309.60617417120847
0.18905788291069697,0,0.1720087853469392,309.6414214640865
0.15942274459239075,0.05000000000000002,0.18508095943803748,317.26066835239436
0.06379979638507219,0.05,0.24498927535891638,317.0995857503912
0.06000000000000003,0.05,0.25,317.0640468791482
0.05753364280692588,0.05,0.24537083745142696,317.0865055530932
0.09333333333333331,0,0.23845299461620745,309.6334610310439
0.08999999999999998,0,0.23267949192431123,309.65005744729064
0.08666666666666664,0,0.23845299461620748,309.6313002392386
0.06666666666666665,0,0.25,309.57701141527775
0.06986483795849693,0,0.24415113979167236,309.6003884363914
0.09999999999999998,0,0.22690598923241495,309.6684938498955
0.1233333333333333,0,0.2326794919243112,309.6424862114933
0.19436014981976812,0,0.16285648071080222,309.6345130546167
0.2,0.03329649893758768,0.14120801928602245,313.154214082187
0.2,0.02774302209197086,0.13695286302694545,312.16622421481463
0.19999999999999998,0.027787691613232884,0.1433399455763416,312.17044252731824
0.08999999999999998,0,0.24422649730810375,309.6139705135153
0.08333333333333331,0,0.24422649730810375,309.61127980716014
0.14973688396050328,0,0.21103303498427547,309.6671634567017
0.03867764040618242,0.026947056172408838,0.25,311.9223650101808
0.17280985012620753,0,0.18064834747606953,309.6757600706134
0.020000000000000018,0.05,0.25,316.9475333458309
0.019197973165363945,0.042745159865587565,0.25,315.029376786702
0.016041225693099365,0.046814860047351387,0.25,316.0528867778625
0.12966979974762854,0,0.21015769364377093,309.6964882856172
0.07653150462516362,0,0.24415113979167236,309.60685288905995
0.04510277261278438,0.05,0.23484217466317947,317.1132891539095
0.017593919496091806,0.028235479596762692,0.25,312.06722368607376
0.016987902334762724,0.02289800877366002,0.25,311.26200522436517
0.18873831125835777,0.05,0.1724144481617747,317.17109654147464
0.19435123237052618,0.05,0.16961666001374026,317.1456803947192
0.1399302865087523,0,0.23862119029934925,309.60655853419274
0.2,0.05,0.15384615384615385,317.1313287103023
0.1943512323705262,0.05000000000000001,0.1567961471932275,317.16131625313693
0.10333333333333328,0.04999999999999999,0.2211324865405187,317.23874000094236
0.15328484826082267,0,0.2053949530685507,309.67351767856235
0.056826762531431596,0,0.24420294572750884,309.58396797755563
0.2,0,0.16025641025641024,309.61786986314473
0.2,0.00564593926430543,0.16458998327475116,309.809356791216
0.2,0.00564593926430543,0.15817972686449472,309.8154998606327
0.029712776236391465,0.038141047747380113,0.25,314.0025794846753
0.02485638811819574,0.04407052387369006,0.25,315.3789831560186
0.09999999999999995,0.049999999999999996,0.21535898384862245,317.25968700440256
0.10666666666666662,0.04999999999999999,0.21535898384862243,317.25878763281116
0.05333333333333331,0,0.25,309.5588806788512
0.04666666666666665,0,0.25,309.54759900553745
0.06899117408703162,0.038821935312055474,0.25,314.2415905940978
0.06449558704351582,0.044410967656027735,0.25,315.567310364637
0.0711622537101825,0.04441096765602774,0.25,315.5767724876072
0.16276314433953842,0.05,0.1756931791261677,317.2681983051127
0.16721181781839195,0.05,0.17825254041978433,317.2496033932584
0.03008783820957834,0.014013120126499135,0.25,310.2904481810738
0.026725225473052224,0.009342080084332755,0.25,309.91249787386374
0.025317181477087083,0.013416435793484314,0.25,310.22447238997523
0.14387084919748666,0.05,0.19965667807471196,317.264407385931
0.10666666666666665,0,0.21535898384862245,309.69834740992695
0.11333333333333331,0,0.21535898384862245,309.69595684832836
0.012082451386198713,0.04362972009470278,0.25,315.2151435686892
0.011280424551562642,0.03637487996029034,0.25,313.55692349895946
0.13666666666666666,0,0.24422649730810375,309.5927534244589
0.06020210525898488,0.016537305108542552,0.25,310.597669052761
0.03456916435458719,0.032211571621070176,0.25,312.8183223318011
0.11999999999999997,0,0.23845299461620745,309.6272731187217
0.1328434580633477,0.049999999999999996,0.19453452910433205,317.2966529869666
0.17766005142650956,0.05,0.1784065148863646,317.21093185156036
0.038189721451529074,0.044070523873690065,0.25,315.42271638697224
0.057916818047721245,0.011004990100118971,0.25,310.0955222708463
0.053548348884178885,0.01647766519181436,0.25,310.58082373999224
0.02405436128355967,0.03681568373927763,0.25,313.69843690643944
0.08733056787087555,0.049999999999999996,0.21694542013068785,317.2507681128596
0.08399723453754224,0.05,0.2227189228225841,317.2272977706971
0.040000000000000015,0.05,0.25,317.01782084346746
0.06895195387793028,0.005532315008423582,0.25,309.7688462519123
0.17212301967221885,0.05,0.16908469104048565,317.24712052991885
0.1775883583918987,0.05,0.16589041246393016,317.2304984725724
0.1776242049092041,0.05,0.17214846367514738,317.2213892936999
0.12894238804119784,0.005544465836476598,0.25,309.77173181041053
0.05563153083645761,0.005472675091695388,0.25,309.7489665120747
0.12317236415873775,0,0.21001225969459647,309.7025942209966
0.12634472831747554,0,0.2046655355405705,309.71188067480244
0.08659094932217706,0,0.22728912988873443,309.6643472665976
0.09333333333333331,0,0.22690598923241495,309.66776222952535
0.08992428265551039,0,0.22151562719683818,309.681511153864
0.021954568740560967,0.008745395751317938,0.25,309.8604444638747
0.062285287211263606,0.0055323150084235825,0.25,309.76115464479557
0.06457057442252724,0.011064630016847165,0.25,310.1092401262272
0.0508669761402592,0.05,0.24537083745142696,317.072593136384
0.09366528393543774,0.04999999999999999,0.21615220198965515,317.2561393397139
0.07298729190583765,0,0.22713841485587166,309.65539892842446
0.07978912061400736,0,0.22721377237230303,309.6606506680715
0.06322310511509219,0,0.2325052253108535,309.6292496137501
0.047147673837462094,0.03297812870943288,0.25,312.9949130453858
0.14618891966018388,0,0.2166711169000003,309.6595177048515
0.15288553255369536,0,0.21754694810385472,309.64575148196263
0.03307538897291758,0.02614542112287983,0.25,311.78270221099723
0.03158161359124796,0.020079270624689484,0.25,310.9400774940881
0.11999999999999998,0,0.21535898384862245,309.6921187804291
0.1429251576865339,0,0.2215915501220094,309.65187644854444
0.1496217705800454,0,0.22246738132586383,309.6387435341883
0.009374559026432692,0.046814860047351387,0.25,316.022625931367
0.08666666666666666,0,0.25,309.59321677196004
0.1268425938287829,0.05,0.21613306303387603,317.24128994339094
0.1495100075896415,0.05,0.1829067593853854,317.2906042687203
0.0376046168047912,0.05,0.23357183697207806,317.0983930315589
0.040902463139191866,0.05,0.2394713372117525,317.07939909755834
0.03340430733119868,0.05,0.2382009995206511,317.063296056705
0.19999999999999998,0.027827890327443816,0.14975662370879794,312.17311670639685
0.19999999999999998,0.027868089041654744,0.15617330184125428,312.17442279284097
0.10999999999999997,0,0.23267949192431123,309.65000690633855
0.1133333333333333,0,0.22690598923241495,309.6654211165651
0.18308954362888397,0.05,0.1689541850985919,317.2030663725484
0.05781230952629988,0.04445380241787142,0.25,315.5664927957083
0.14223070098797624,0,0.18829637857133696,309.7246634378731
0.13931041459733098,0,0.19373463307267855,309.7191568995707
0.0211525419059249,0.018157222283572166,0.25,310.68554307624765
0.016381885173433645,0.01756053795055735,0.25,310.6048035226463
0.13333333333333333,0,0.25,309.5769797812794
0.1831253901461894,0.05,0.17521223630980912,317.19328335239663
0.07333333333333332,0,0.25,309.5841234034604
0.02336261273652611,0.004671040042166378,0.25,309.6446965772254
0.019999999999999993,0,0.25,309.4870442911588
0.018591956004034852,0.0040743557091515595,0.25,309.60656554834594
0.07713312971840555,0.05000000000000001,0.2449892753589164,317.11677645285727
0.07333333333333339,0.05,0.25,317.0836307117054
0.03999999999999999,0,0.25,309.53481516656575
0.017183912008069707,0.008148711418303119,0.25,309.80942364493217
0.2,0.016881904183451958,0.16043251465311098,310.68586535695295
0.2,0.01129187852861086,0.16251329988283564,310.169410083104
0.04420030947359253,0.05,0.24537083745142696,317.05634768647434
0.15886860772653782,0.05000000000000002,0.17910738863529427,317.27372081114356
0.09666666666666665,0,0.24422649730810372,309.61559542277365
0.15626271151684928,0,0.2006767171834622,309.67783434142524
0.15941136011004134,0,0.20719063030304144,309.6576634538947
0.2,0.033376896366009545,0.1540413755509351,313.16119613167183
0.028910749401755396,0.030886207612967682,0.25,312.55964354464606
0.053333333333333365,0.05,0.25,317.0509712337883
0.2,0.02218954524635404,0.13269770676786846,311.340428732904
0.09333333333333332,0,0.25,309.59537159576826
0.08893517032943873,0.005537552808955067,0.25,309.7833960758778
0.08046646305173885,0.05,0.23921577266702015,317.15102373090025
0.06133343919199804,0.05,0.24036011281034336,317.1205238221456
0.010863941564751229,0.05,0.24545320055089792,316.9339173252282
0.008394549796169113,0.05,0.24090640110179584,316.9459405785475
0.015061216462835786,0.05,0.24090640110179584,316.97834723977195
0.1033333333333333,0,0.24422649730810372,309.6156111623114
0.1488621002336029,0,0.18231781391644705,309.72395849063383
0.15281484957343008,0,0.18761014460526432,309.708576758286
0.15415417452632982,0,0.1819746969334107,309.7151730934653
0.15586995098996242,0,0.1958089928662696,309.68813034926296
0.15720927594286216,0,0.190173545194416,309.69582646602316
0.09666666666666665,0,0.2211324865405187,309.6841732355034
0,0.05,0.25,316.84781962046804
0.004197274898084556,0.05,0.24545320055089792,316.89865204127636
0.006666666666666672,0.05,0.25,316.8859435271474
0.01259182469425367,0.05,0.23635960165269382,316.9896852322814
0.13659695317541895,0,0.23284768760745297,309.6284423079103
0.18305369711157857,0.05000000000000001,0.1626961338873747,317.2115011294331
0.13827795164814907,0,0.18300404788251973,309.73866776132945
0.14357002594087598,0,0.18266093089948338,309.7317900465885
0.1353576652575038,0,0.1884423023838613,309.73356540927443
0.042786116457777655,0.0216825407237475,0.25,311.1703844637457
0.02592319863841616,0.018753906616586984,0.25,310.7673152208954
0.05999999999999998,0,0.25,309.5686601865072
0.2,0.033336697651798614,0.14762469741847878,313.1583891532466
0.17271300305537723,0.05,0.18131631305444607,317.2247041852959
0.17215886618952428,0.05,0.17534274225170288,317.2373369290585
0.15643349685401475,0,0.21190886618812993,309.652779354088
0.2,0,0.15384615384615385,309.62313756054635
0.14674006043673787,0.049999999999999996,0.19422795445620317,317.27217694177045
0.19436014981976812,0,0.15644622430054583,309.6402271143744
0.16160370231229423,0,0.19273694578356773,309.68220298494293
0.11666666666666663,0,0.2326794919243112,309.646998454981
0.020546524744595823,0.012819751460469495,0.25,310.15952918992303
0.06666666666666671,0.05,0.25,317.07484560599323
0.19999999999999998,0.02237499661255335,0.15830290824718263,311.350490230916
0.06959451387549086,0,0.232453419375017,309.6366954995215
0.08079841365384328,0.05,0.22846198542426033,317.20139366640313
0.07779703092261442,0.05000000000000001,0.22348170087339678,317.2191789957079
0.013333333333333345,0.05,0.25,316.9191814356017
0.08379979638507215,0.05,0.23344226997512388,317.181624717569
0.0869986172687711,0.05,0.22769920737344768,317.2090385980252
0.02673764066453202,0.05,0.2382009995206511,317.0397894073973
0.2,0.05,0.16666666666666666,317.1169663747142
0.08319817129183027,0,0.2326041344078798,309.6471586058218
0.1549740711135372,0.05000000000000001,0.18252159814442082,317.27793481956456
0.03010646099679802,0.05,0.23230149928097665,317.0799474476989
0.12951709247621332,0,0.1993188113865445,309.71997814184664
0.0027078923597660203,0.046814860047351387,0.25,315.98747908664643
0.005415784719532041,0.043629720094702784,0.25,315.18297378592746
0.1264974355888908,0,0.21550441779779692,309.68671510666377
0.0651332355770702,0.05000000000000001,0.23534938816925977,317.1515612701795
0.1584357488412899,0,0.17830882327986647,309.71200149125553
0.13243737886685858,0,0.1938805568852029,309.7273355361134
0.16665768095253902,0.05,0.17227896961704114,317.26136730147215
0.07459821003891547,0.05000000000000001,0.22922476347507298,317.1918948977021
0.16271732315624995,0,0.17464294962632224,309.70785552357785
0.09325761598884372,0,0.21574212450494193,309.69738126487357
0.015775868012104566,0.012223067127454676,0.25,310.09561858091735
0.08099585180631336,0.05,0.21773863827172057,317.2435733238397
0.05048028759429485,0,0.2326088371825265,309.6106848225622
0.00812367707929806,0.04044458014205417,0.25,314.4343037183111
0.2,0.016636068400737218,0.1284425505087915,310.6768276364551
0.09999999999999998,0,0.21535898384862245,309.6992904652246
0.0027078923597660203,0.04125930449179584,0.25,314.59701081813967
0.008572532191796621,0.0340044643573834,0.25,313.06755982563186
0.011729279664061204,0.029934764175619577,0.25,312.3322140911018
0.005864639832030602,0.03163404875447646,0.25,312.6098697958731
0.06385588764258772,0,0.22296783549422927,309.6570529614284
0.07011797878938608,0,0.22239562291547776,309.66562774972516
0.0672486656729345,0,0.2176528309750839,309.6749033373656
0.2,0.02770329131511238,0.12416808264417088,312.1617324340192
0.2,0.0332567681607292,0.12842323890324786,313.15002526461683
0.20000000000000004,0.03323690277229996,0.12203084871186058,313.1460899399786
0.1717363740454285,0,0.16197563206349325,309.7009849709907
0.1657528159609174,0,0.15919466199650728,309.71788756316874
0.16637585671606372,0,0.16508586898464264,309.7107613882176
0.03671690593941335,0.05,0.21352217384893457,317.1740916643866
0.0360013995435753,0.05,0.22070673132810711,317.1465818286097
0.031537473788474116,0.05,0.21793238432263157,317.1422789478238
0.03899414357298374,0.010143715133861766,0.25,309.99731413927776
0.03669594606985944,0.0046710400421663785,0.25,309.6771292630677
0.033391892139718896,0.009342080084332757,0.25,309.92900693457045
0.037183865024512805,0.020880905674218492,0.25,311.0540764543619
0.03569008964284319,0.014814755176028146,0.25,310.37878330243785
0.06035379199864062,0,0.22776243337045962,309.63932953296785
0.08278170366485295,0,0.21030118577178436,309.70600820573185
0.0895240876760092,0,0.20991804511546489,309.71011603337536
0.17713748008037258,0.05,0.15979581503373133,317.23969762861515
0.04382252953983253,0,0.23235672320196077,309.59917992089885
0.040329100341734245,0,0.23815377747445193,309.57455516008827
0.1029138933948021,0,0.20940680517401664,309.71317687826206
0.10582778678960422,0,0.20345462649941082,309.72579190590704
0.09918036508196758,0,0.2035827257845396,309.72605443958753
0.12259195504561099,0,0.19871335686596467,309.7273342179201
0.12603622494081873,0,0.19354127796384396,309.7343568533527
0.11911108751021643,0,0.19293582344326413,309.7408010904701
0.14416398843975228,0,0.17064590240757146,309.7472607756468
0.1471070068355539,0,0.16446682967009735,309.7496092756391
0.1411737868800116,0,0.16605713350768447,309.75687693774796
0.02483309579399512,0.05,0.22861309873507873,317.07659926792843
0.030821967392636068,0.05,0.22511694180180414,317.1126437146819
0.15415517085719393,0.05000000000000002,0.16748329101223064,317.3049437583006
0.1502606342441933,0.05000000000000002,0.1708975005213572,317.30959478669405
0.14790391580952136,0.05000000000000001,0.16508545170982536,317.323134221384
0.08579055936317469,0,0.20409396572598784,309.7214554893787
0,0.033288858411723216,0.2448323755310262,312.91546269737825
0,0.038844413967278765,0.2448323755310262,314.0584229207233
0,0.03888888888888889,0.25,314.0427214939207
0.10899304758893519,0.05,0.19796435789359657,317.31018797509574
0.11598678066732229,0.05,0.19863065617001133,317.3046259533487
0.11266203172595678,0.05,0.20376256654527183,317.29272218880504
0.2,0.011092854153865492,0.11768084642130724,310.1720433796575
0.2,0.005545356133579073,0.11973726042600742,309.82453027157646
0.2,0.011090712267158145,0.12408990546739945,310.1726073910088
0.2,0.005545356133579074,0.12614751683626385,309.824818977167
0.18295966744382317,0.049999999999999996,0.15038589078297104,317.22418291661467
0.18860843507329697,0.04999999999999999,0.1474358974358974,317.1995948886287
0.18865544990717467,0.05,0.15359101898809924,317.194402891749
0.11249445345627089,0,0.20345462649941082,309.72361192431487
0.10958056006146877,0,0.20940680517401664,309.7116153598171
0.11239655053568856,0.05,0.19284280317605432,317.321245395496
0.1196557648043439,0.05,0.2044288648216866,317.28584229196167
0.11633101586297838,0.05,0.2095607751969471,317.2730289153821
0.2,0.011090712267158147,0.1305001618776559,310.1721652061422
0.17111333329028217,0,0.15608442507535789,309.7077509321631
0.2,0.03886433262505846,0.13901047439580985,314.31273696393123
0.20000000000000004,0.03327663354915844,0.13481562909463518,313.1527333120196
0.15974522650417833,0,0.16291578688374908,309.72755276794305
0.00541578471953204,0.03807416453914723,0.25,313.8912591021012
0.11939028361407568,0.05,0.19350910145246908,317.31476212285526
0.16036826725932465,0,0.16880699387188444,309.7199887465931
0.11566681761500866,0,0.19810790234538483,309.73305335335783
0.1121859500796141,0,0.1923303689226843,309.7456083869516
0.1096643491963117,0.049999999999999996,0.20956077519694713,317.2767824523423
0.2,0.027705433201819726,0.11775902359807866,312.16145397120334
0.011925289337368188,0.004074355709151559,0.25,309.58683529146083
0.01333333333333333,0,0.25,309.46786296045184
0.13187679772210925,0,0.1826647689611608,309.74684806652834
0.12888659616236858,0,0.1780760000612738,309.75670495812113
0.12547564379606946,0,0.18232549003980186,309.7536542516111
0.15261735267886525,0.05000000000000002,0.17670954933288902,317.29452831942086
0.011729279664061204,0.024379208620064017,0.25,311.45101359567576
0.005864639832030602,0.020522937643365345,0.25,310.9128261931958
0.005864639832030602,0.026078493198920902,0.25,311.6806619529719
0.0523219640664005,0,0.22321822678698594,309.64001373890903
0.0558240597103476,0,0.2184236289107556,309.6579869913097
0.050661544894559055,0,0.21862221426767578,309.64924762714384
0.04050169119614963,0,0.22316469816334036,309.618407803476
0.03550435231352876,0,0.2275085967020848,309.5958051778982
0.042162110367991085,0,0.22776071068265058,309.60914184815016
0.2,0.01664249406085926,0.10921537337051485,310.6740451509567
0.2,0.022173963631339492,0.11348719848429675,311.3374390415293
0.2,0.022184046121244295,0.1070849469932104,311.33615699453736
0.03016900447696929,0,0.24395083174694307,309.53338560978455
0.023502337810302625,0,0.24395083174694307,309.5167474353944
0.026666666666666658,0,0.25,309.50439865221966
0.16530504601796062,0.049999999999999996,0.15399517732644463,317.28823704497705
0.1712212630491666,0.049999999999999996,0.15689549618008797,317.2652762671298
0.16575592432948674,0.04999999999999999,0.16008977475664346,317.2805539969613
0.0715813975355156,0.05,0.2127108555369608,317.25090717013785
0.06831887730061893,0.05,0.2075146258958895,317.26295051126664
0.07447081133652003,0.05,0.20734617898957794,317.27126522749444
0.1595046692818142,0.05,0.1576919354542382,317.3022118273093
0.011123262502732123,0.019041737796961347,0.25,310.7539561835332
0,0.044444444444444446,0.25,315.35859776728074
0.2,0.04443216631252923,0.13681292950559726,315.642283083568
0.20000000000000004,0.03884446723662922,0.13261808420442256,314.3103403880813
0.01086652727529418,0,0.24528252466774425,309.476422706505
0.006666666666666665,0,0.25,309.44724353245294
0.2,0.0221696798579248,0.1263053165764812,311.3386449995113
0.2,0.016638210287444565,0.12203349146269926,310.6770122671904
0.09047464468617314,0.05,0.21084591893087612,317.2727701558793
0.0027078923597660203,0.03570374893624029,0.25,313.37988812946014
0.004197274898084556,0.05,0.23263268773038512,316.96301721279457
0.004197274898084556,0.05,0.23904294414064153,316.93261394672226
0,0.05,0.23717948717948717,316.9172128834576
0,0.02773330285616766,0.24483237553102621,311.93799079682697
0,0.03324438349011309,0.2396647510620524,312.9294257434686
0.030029279403192773,0.0046710400421663785,0.25,309.66162828810917
0,0.04439996952283433,0.23842211912076977,315.4069238142923
0,0.03879993904566865,0.23325449465179598,314.1007297262377
0,0.04439996952283433,0.23201186271051338,315.4355602653155
0.004199860608627514,0,0.24528252466774422,309.4552315883113
0,0,0.25,309.42518600716227
0.2,0.02772315670354162,0.13056047283555816,312.1645919630346
0.1020942584767697,0,0.19763054710993377,309.73808462557804
0.04564475744961573,0.05,0.2190708678598856,317.179903438342
0.047963481106669675,0.05,0.22475141602468404,317.16392099008704
0.04046532529867649,0.05,0.2234810783335826,317.14932962253937
0.09626647168716546,0,0.2095349044591454,309.71275286820475
0.17709689137479326,0,0.15886539514234382,309.68991838904566
0.033333333333333326,0,0.25,309.5203222773553
0,0.0055555555555555575,0.25,309.61293702490997
0,0.009898111565874293,0.2451228726840512,309.8847609089489
0,0.011111111111111115,0.25,309.95542884873396
0.17167214136069273,0.05,0.16299009361028682,317.2568351651006
0.1059953650592901,0.049999999999999996,0.20376256654527186,317.2954094012665
0.09980704328038041,0.049999999999999996,0.20425449213816813,317.29479733928173
0.10280472581002548,0.05,0.19845628348649283,317.3105307587157
0.2,0.02772559818162933,0.10495452061590596,312.15975626529735
0.2,0.027715515691724528,0.11135677210699232,312.1611802197335
0.2,0.03325706775210956,0.10922634572968788,313.14640882511696
0.055913968846721715,0.05,0.2301563345664057,317.15884066713465
0.05922700927266587,0.05,0.22420015677853047,317.19018330503263
0.062180122424868034,0.05,0.22977477247389513,317.1721607259576
0.07634381049980143,0,0.21107105448688593,309.69978944075774
0.13870707822729644,0.049999999999999996,0.1728788962037335,317.33030187151746
0.14168922563107383,0.049999999999999996,0.1774798718148181,317.31718632628986
0.1355997331380727,0.04999999999999999,0.17907610625622988,317.3250666801676
0,0.027688827934557535,0.23966475106205237,311.9516971327425
0,0.03319990856850297,0.2344971265930786,312.94207993865894
0.06844627600301435,0.05000000000000002,0.22939321038138455,317.18327880606597
0.1322975485286677,0,0.17382651008274574,309.7588567018477
0.13823076848421,0,0.17223620624515862,309.75368875045757
0.1352405669244693,0,0.16764743734527163,309.7628845764362
0.03683567114363595,0,0.24395083174694307,309.54859304824953
0.12895651133146402,0,0.18810302346250235,309.7411662204935
0.10299768252964502,0.04999999999999999,0.20956077519694716,317.27857574436877
0.2,0.01113538178842017,0.13688724442705202,310.174177391634
0.04278404895573044,0.05,0.22916162649838107,317.13252943469547
0.050282204763723616,0.05,0.23043196418948247,317.1454984488897
0.2,0.03882460184819997,0.12622569401303527,314.306716534996
0.047159449250611954,0,0.22341681214390613,309.6306467457084
0.10874168018440636,0,0.197502447824805,309.73713554815964
0.09042808225220611,0.05,0.19944013467228539,317.30613409453923
0.09361872150147071,0.049999999999999996,0.2047464177310644,317.29249120015817
0.08728400543690852,0.05,0.20553963587209712,317.28756150304673
0.01372151849034411,0.05,0.22627739897975319,317.0393113459906
0.018994883693147006,0.05,0.2299657995256511,317.0472436612962
0.01315667159229889,0.05,0.23131850031622353,317.01532748890736
0.1258963946026279,0,0.1734872311613868,309.76568252944503
0.188608435073297,0,0.14102564102564102,309.6683949642848
0.1829126526099455,0,0.14423076923076925,309.68430975892176
0.188608435073297,0,0.14743589743589744,309.66525513964444
0.19430421753664848,0.049999999999999996,0.15064102564102563,317.1671151063387
0.027004675620605257,0,0.23790166349388614,309.54499129589493
0.021035531752263477,0,0.23923335641468732,309.52528443587676
0,0.008685112020637473,0.24024574536810234,309.8204351763786
0,0.01424066757619303,0.24024574536810236,310.2513844057128
0.1943042175366485,0,0.14423076923076925,309.6485160004723
0.1943042175366485,0,0.15064102564102566,309.6448644068527
0.010517245341403043,0.013704266973858674,0.25,310.20491553138044
0.18302451717618473,0,0.1558411665498096,309.67595432359775
0.1829685848930651,0,0.15003596789028942,309.68051888126064
0.17704095909167364,0,0.15306019648282365,309.69478088387507
0.1263840166924628,0.05,0.19417539972888384,317.3060652786238
0.12298051374570941,0.05,0.1992969544464261,317.29685036001086
0.07120829110162337,0.05,0.2021499493485066,317.28231068422014
0.07761488815181761,0.05,0.20124667778976618,317.29215136521634
0.09253294337433093,0,0.20371082506966837,309.7248199586864
0.19999999999999996,0.011180051309682193,0.14327432697644815,310.1751359520522
0.2,0.0055900256548410965,0.1453551122061728,309.8215733904499
0,0.027777777777777787,0.25,311.92297561001135
0,0.03333333333333334,0.25,312.9001908003879
0.06254004969861003,0.05,0.21824397899065529,317.2186637284444
0.056908285615611925,0.05,0.21851960861373204,317.2073479649106
0.08087740838671428,0.05,0.2064429074308375,317.28036313738215
0.07773333157141671,0.05,0.21254240863064927,317.2583527740342
0.025548602189833167,0.05,0.22142854125590622,317.10789112269634
0.07484391777041224,0.05,0.21790708517803212,317.23699683227454
0.0716450968867133,0.05,0.22365014777970832,317.21158270410734
0.06869198373451113,0.05,0.2180755320843437,317.2286936338095
0.0966164040311158,0.05,0.1989482090793891,317.30917946519673
0.005258622670701521,0.015185466820262674,0.25,310.3239298306194
0.07351075681973286,0,0.2170806183963324,309.6826860186449
0.13528775008840838,0,0.17841527898263274,309.749201891723
0.16620680264101287,0.049999999999999996,0.1661843721868423,317.27159741579305
0.16040642590486648,0.05,0.16988113031463586,317.2843547849967
0.041180831694514544,0.05,0.21629652085441012,317.1777750947924
0.012599581825882545,0,0.2358475740032327,309.51186924893875
0.008399721217255029,0,0.24056504933548845,309.4841260022368
0.015066387883921693,0,0.24056504933548847,309.5044507133334
0.2,0.03326715024201437,0.10282409423860153,313.1448429632365
0.17105740100716255,0,0.1502792264158377,309.71213768415737
0.1651297752057711,0,0.15330345500837195,309.72411371528557
0.005258622670701521,0.009629911264707115,0.25,309.8674279809135
0.010517245341403043,0.008148711418303117,0.25,309.7891444618688
0.02453786956256611,0,0.2331841881616304,309.55293386061163
0.018568725694224325,0,0.23451588108243157,309.53296498603777
0.2,0.044432166312529234,0.14322318591585365,315.63928883491366
0.07008171935300309,0,0.21164326706563744,309.69268596869745
0,0.04439996952283432,0.2448323755310262,315.37472872389554
0.11624722672813544,0,0.20940680517401664,309.7086063350713
0.019559730591192225,0.05,0.22492469818918082,317.0704957198725
0,0.05,0.24358974358974358,316.8842955716496
0.12255535740542417,0,0.18776374454114342,309.7473929115965
0.07291477303307167,0,0.20563370315619098,309.7091511229227
0.0694857355663419,0,0.20019635182549606,309.7172349322237
0.06665268188627331,0,0.20620591573494249,309.70140804588624
0.18866436735641662,0,0.15324109609541764,309.66104105457487
0.13212243917096517,0.04999999999999999,0.18331795249186628,317.3223696719105
0.1518051186294045,0,0.1761387411789729,309.7276052968247
0.030507013430907892,0,0.23185249524082924,309.57177587266045
0.03367134228727192,0,0.23790166349388614,309.56091328361435
0.15995554759334035,0.05,0.16378653288443706,317.29392007272924
0.12279378656082907,0.05,0.18838754673492686,317.3232759107629
0.005258622670701521,0.004074355709151559,0.25,309.56566693728377
0.2,0,0.12820512820512822,309.6336129947723
0.2,0,0.13461538461538464,309.6325876398577
0.2,0.005545356133579074,0.13255777324652027,309.82408520727637
0.051276521532613833,0.05,0.21879523823680885,317.1944278682098
0.12925322793171398,0.04999999999999999,0.18874667611037507,317.3150327573675
0.15651188929186588,0.05,0.17329533982376244,317.2900958010137
0,0.05,0.23076923076923075,316.946571555892
0.004762121796129776,0.05,0.2275915863939148,316.98759269007337
0.008959396694214333,0.05,0.22945504335506917,317.0024973052101
0.017533193941960845,0,0.24528252466774425,309.4961757274067
0.04129234107610804,0.015616390225557154,0.25,310.4694274729118
0.12930734696892704,0,0.16923774118285878,309.76763219170374
0.17698502680855402,0,0.14725499782330348,309.6988696987028
0.08413992862161095,0.05,0.21163913707190884,317.26670791281356
0.2,0.044412300924099986,0.11760002649369712,315.6386804318936
0.2,0.05,0.11538461538461539,317.1427805965414
0.2,0.044422383414004785,0.11119777500261077,315.6391469605053
0.2,0.00554749802028642,0.1133282013799152,309.8232176181385
0.12914029176718778,0.05,0.17871697688078167,317.3351076132646
0.03225298018431216,0.05,0.21074782684345905,317.16885314712437
0,0.01666666666666667,0.25,310.4526614786341
0.18300668227770087,0.05,0.15654101233517287,317.21842727403487
0.2,0.03882460184819997,0.11981543760277885,314.3064502130394
0.2,0.038834684338104775,0.1134131861116925,314.30705074937134
0.1943042175366485,0,0.13782051282051283,309.6511542579301
0.2,0,0.14102564102564105,309.6304509495823
0.11941959088687322,0,0.20406008101999065,309.7185647698766
0.2,0.05,0.14102564102564105,317.1402680725639
0.2,0.05,0.13461538461538464,317.1428524410973
0.18291265260994546,0.049999999999999996,0.14423076923076922,317.22876805717215
0.020275236987030272,0.05,0.2177401407100083,317.10038316242515
0.02626410858567122,0.05,0.2142439837767337,317.136121943623
0.2,0.022171821744632145,0.11989625753038897,311.338598083471
0.12963543833051794,0.05,0.16987415503406067,317.34886233149075
0.13261758573429533,0.049999999999999996,0.17447513064514528,317.33757249795354
0.1261581443634104,0.05,0.17411600126969706,317.34662957037017
0.13572493082351908,0.05,0.1682779205926489,317.3422014324965
0.05748447888218905,0,0.22301964143006575,309.64845621852527
0.05398238323824195,0,0.22781423930629613,309.63008387874885
0,0.03879993904566864,0.23966475106205237,314.0728154966259
0.2,0,0.14743589743589747,309.62730092314524
0.11907448987002962,0,0.1819862111184429,309.7590863165778
0.0759236287313934,0,0.19942648311039446,309.72475049662853
0.07935266619812317,0,0.2048638344410894,309.7160182876121
0.15370429254566778,0.05000000000000001,0.16138869358203178,317.31384421944495
0.1447965707202976,0.05,0.17128266176232176,317.3211161073735
0.12248544223632876,0,0.17773672113991487,309.762833904403
0.03528589314773725,0.05,0.22789128880727966,317.1160109589916
0.17709046524649488,0.05,0.15364069348152953,317.24605314153933
0.009524243592259552,0.05,0.22441394201859885,317.0259477726197
0.14715328915496956,0.05000000000000001,0.17709471057385356,317.30662370433845
0.2,0.05,0.14743589743589744,317.13642682896557
0.15311459629229296,0,0.16074570478285555,309.7427152865767
0.15373763704743926,0,0.16663691177099088,309.73561344166205
0.008394549796169113,0.05,0.23449614469153945,316.97738843825766
0,0.015453667121429851,0.2451228726840512,310.348851838566
0.0454990300787705,0,0.21882079962459594,309.6395837493937
0.08879941506149643,0,0.19788674568019132,309.73549173666964
0.09544683676913307,0,0.19775864639506255,309.73753668841465
0.04881986842245341,0,0.22801282466321632,309.6210137700979
0,0.004342556010318736,0.24512287268405117,309.57541078540794
0,0.022222222222222227,0.25,311.10713250276007
0.06098657452613615,0,0.21822504355383543,309.6658018418912
0.01428636538838933,0.05,0.2212362976432829,317.06163680353103
0.1494560627324792,0,0.17030278542453514,309.7390840242161
0.14651304433667758,0,0.17648185816200926,309.73608637112443
0.053595245189667774,0.05,0.22447578640160729,317.1778543141433
0.1711742482152889,0.04999999999999999,0.15074037462788614,317.27106114837636
0.08236152189644491,0,0.1986566143952929,309.73083609811044
0.11920355642919533,0.05,0.18259969374096985,317.3384930914995
0.12566299780008025,0.049999999999999996,0.18295882311641806,317.33141907636593
0.14122097004395068,0,0.17682497514504558,309.74361360421017
0,0.020964747755375282,0.23995524821507738,310.9832532362866
0,0.022177747300612102,0.24483237553102621,311.12189097940086
0.12268085039630289,0.05,0.17835784750533346,317.3431731570397
0.19999999999999998,0.0055900256548410965,0.1389448557959164,309.82446838159774
0.188608435073297,0.049999999999999996,0.14102564102564102,317.20341770321374
0.1943042175366485,0.05,0.14423076923076925,317.1715755729629
0.1943042175366485,0.05,0.13782051282051283,317.1747791645221
0,0.01975174821013846,0.23507812089912855,310.850957700387
0.06549316285081219,0.05,0.2238185946860199,317.2022597056067
0.15608669294436456,0,0.17247286752542867,309.7242842044428
0.17704345041261718,0.04999999999999999,0.14748557192932768,317.25123815244143
0.11563021997482185,0,0.1871582900205636,309.75292530975764
0.11580005348244195,0.05,0.18772124845851207,317.3306804342972
0.2,0.016640352174151912,0.11562443241660705,310.6760847720243
0.08402148520201186,0.05,0.20034340623102576,317.3000925019893
0.09680936075073532,0.04999999999999999,0.21005270078984342,317.2770088367793
0.15912218574903203,0,0.15702457989561375,309.7342167664589
0.2,0.033246985262204765,0.11562859722077423,313.1468244840311
0.06542946349961448,0.05,0.21287930244327238,317.2417348593414
0.2,0.044412300924099986,0.13042053931420994,315.6389707020355
0.06381962820620474,0,0.21221547964438894,309.68426368244207
0.037164771485370215,0,0.232104609221395,309.5862102709316
0.14181442331652022,0.05,0.16668168615123713,317.3336253957942
0.2,0.03884476682800958,0.10701093462060615,314.306501082737
0.06672520075903929,0,0.22771062743462314,309.6473508473052
0,0.026475828389320714,0.23478762374610357,311.77823128658196
0.2,0.01109499604057284,0.11127178737521502,310.17036724240467
0.2,0,0.11538461538461539,309.632596278158
0.2,0,0.1217948717948718,309.6336158742058
0,0.01302766803095621,0.23536861805215353,310.16025918007443
0.17721687014659399,0,0.1282051282051282,309.7042906855559
0.17152108768324248,0,0.13141025641025642,309.71880920425065
0.17721687014659399,0,0.1346153846153846,309.70331133267854
0.1533008457707366,0,0.15385601881055525,309.74810122310805
0.14729325631399753,0,0.15757714369779705,309.7556783292622
0.027266831330605742,0.05,0.2013734727251811,317.1787805083687
0.032542503899573846,0.05,0.20444077994822088,317.18873534305743
0.026977307615344056,0.05,0.20768051962041928,317.159706590824
0.16559346188185103,0,0.14084474141304706,309.730280623474
0.15954027856551561,0,0.14390553712565102,309.74202352274983
0.16536161854381107,0,0.1470740982107095,309.72767515650037
0.07355205252131315,0.05,0.19646359865130927,317.3002922972886
0.06866964443296508,0.05,0.19743512255068352,317.2915339736383
0.2,0.03886837033413453,0.08773918897770863,314.29532845025454
0.2,0.044434185167067264,0.09194651756577739,315.62795015826487
0.2,0.04443418516706727,0.08553626115552099,315.6206058048538
0.1829126526099455,0,0.13141025641025642,309.6879261110444
0.1357542116468838,0,0.15639642161885398,309.7731252719655
0.13007781405254878,0,0.1523612175932323,309.7826063761035
0.12982099169134154,0,0.15798672545644113,309.7784330462878
0.024958151709243905,0,0.22789229776795844,309.56943135770143
0.030896562639615634,0,0.22460324487107408,309.5931809213636
0.021991158761637642,0.05,0.19830616550214133,317.16643649609153
0.021701635046375956,0.05,0.2046132123973795,317.14817085693505
0.2,0.005547498020286421,0.1069179449696588,309.82076056708996
0.2,0.005547498020286421,0.10050768855940238,309.8172513477657
0.2,0,0.10256410256410256,309.62729019761724
0.01940928998757992,0,0.22393210029508764,309.56552265952075
0.01898900784090212,0,0.2292239906887596,309.54967122674145
0.188608435073297,0,0.11538461538461539,309.6701434051483
0.188608435073297,0,0.10897435897435898,309.6680965173089
0.1829126526099455,0,0.11217948717948718,309.68631723988256
0.12995881384955973,0.05,0.16432402076512234,317.35607723561867
0.13604830634256088,0.05000000000000001,0.16272778632371057,317.3489960210158
0.188608435073297,0.05,0.08974358974358976,317.1879081386165
0.1829126526099455,0.05,0.09294871794871795,317.21836069600647
0.18291265260994552,0.05000000000000001,0.08653846153846156,317.211231453989
0.2,0.05,0.08333333333333334,317.1169538650231
0.2,0.04443418516706727,0.0791260047452646,315.61188328071967
0.10846516419716569,0,0.18612678880086353,309.7575494881341
0.15348709524918022,0,0.14696633283825494,309.75227277645473
0.15930843522747568,0,0.15013489392331344,309.73891958589843
0,0.008685112020637473,0.23383548895784595,309.84070648084264
0,0.004342556010318736,0.23871261627379475,309.5962206571837
0,0.004342556010318736,0.23230235986353837,309.6159118368956
0.188608435073297,0,0.1282051282051282,309.67115706480007
0.1829126526099455,0,0.125,309.68837456012255
0,0.04454547129639714,0.2193393142581054,315.5221473290807
0,0.03909094259279427,0.21431965415723647,314.23518246698745
0,0.04454547129639714,0.21292905784784902,315.54375608067716
0.12364361233167714,0,0.16716727193747502,309.775144611221
0.12023265996537802,0,0.17141676191600308,309.7727644000175
0.11823670005563452,0,0.15947129482888245,309.7867515265087
0.11231614305717741,0,0.16302633344670753,309.7865143005575
0.11797987769442728,0,0.1650968026920913,309.7814386475056
0.13637168186160264,0.05,0.15717765205477222,317.3547125022365
0.142137798835562,0.05,0.16113155188229877,317.33999966870505
0.020988436016703114,0.05,0.2111766765536939,317.12534580753334
0.014999564418062172,0.05,0.21467283348696853,317.0879774465464
0.177216870146594,0.05,0.13461538461538464,317.25697195784505
0.17721687014659404,0.05000000000000001,0.12820512820512822,317.2582554480104
0.1829126526099455,0.05,0.1314102564102564,317.2338152447392
0.09757932253706111,0,0.1788917074593427,309.7696895056924
0.09108919650885107,0,0.1809590039525471,309.76544056849343
0.09465268671187288,0,0.18522338686629225,309.75970168565743
0.013860428265915936,0,0.21997190282221687,309.5600497781182
0.019798839196287665,0,0.2166828499253325,309.58534509612235
0,0.0336364138891914,0.21571025046662393,313.0924867118916
0,0.03349091211562859,0.22197254250877546,313.04400750600615
0,0.0276422569473553,0.21716315406720677,312.02164536872067
0.01571276344773501,0.05,0.20810936933065413,317.1121804938553
0.010237442621932394,0.05,0.21144022145202807,317.07539466629356
0.15970777167232236,0.04999999999999999,0.1508460588885132,317.3079868057469
0,0.03334541034206578,0.22823483455092702,312.9938719149286
0,0.027351253400229678,0.2296877381515099,311.93407840663275
0.2,0.005555146845306129,0.08124706883631977,309.8004326790195
0.2,0,0.08333333333333334,309.6114636917756
0.2,0.005555146845306129,0.08765732524657618,309.8072167163298
0.2,0.044371788298881075,0.07274765741320223,315.5858092258302
0.2,0.04437178829888107,0.06633740100294581,315.57422113210987
0.2,0.03874357659776215,0.0685722379033275,314.23899561439373
0.1829126526099455,0.05,0.13782051282051283,317.23190865306225
0.18291265260994552,0.05000000000000001,0.125,317.23448783220323
0.20000000000000004,0.04441230092409999,0.12401028290395354,315.6394319375348
0.07995864957150739,0.05,0.19556032709256888,317.3092091224969
0.08230241099119717,0.05,0.18987397639537154,317.3246175216091
0.08636524662170164,0.05,0.19465705553382845,317.3162264034821
0.05481523018260212,0,0.19700049799833133,309.7044358574725
0.05697327298236645,0,0.20110755745418415,309.6995570654017
0.06107146147458984,0,0.19654489518398727,309.7143762644303
0.10502089430195793,0,0.19129886770298424,309.7495423702067
0.0888020922794523,0.05,0.18788359524681558,317.33313866562753
0.2,0.05,0.12820512820512822,317.1440412340526
0.188608435073297,0.05,0.13461538461538464,317.20593582787063
0.07879803169342309,0,0.19439223148154774,309.736685933214
0.036283450730944244,0,0.21301009596257447,309.6351845504107
0.031286111848323375,0,0.2173539945013189,309.6130815069062
0.035893901522236496,0,0.22025934633232963,309.6162470957349
0.005475320825802617,0.05,0.2082076094170876,317.06017822617275
0.010950641651605234,0.05,0.20487675729571367,317.09885769033855
0.09773861922545807,0.05,0.17911975381124673,317.35316244134134
0.1014900953466171,0.05,0.18540128850536333,317.3410704089233
0.09530177356770742,0.05,0.1858932140982596,317.33963758388916
0.2,0.05,0.10256410256410257,317.13636921885967
0.1943042175366485,0.05,0.10576923076923075,317.171441141279
0.1943042175366485,0.05,0.09935897435897437,317.1670573916144
0.1597721219035556,0,0.13767618032798856,309.74417148536014
0.1537189385872202,0,0.1407369760405925,309.75491920894285
0.04089124040485737,0,0.21591544779358518,309.63788659044593
0.09905324968886645,0.05,0.19217474879237623,317.3262005661342
0.10864507441452952,0.05,0.18656126848193771,317.3370395345754
0.10489359829337049,0.05,0.18027973378782108,317.3506008839911
0.1120485773612829,0.05,0.18143971376439547,317.3457111007105
0.2,0.05,0.12179487179487182,317.14401728586733
0.19430421753664853,0.05000000000000001,0.125,317.17723014430396
0.19430421753664853,0.05000000000000001,0.11858974358974361,317.1765727295214
0.17128924434520254,0,0.14404986961817529,309.7151963029862
0.10976203922974928,0.05,0.17496761331974084,317.35835165476567
0.2,0.011094996040572841,0.10486153096495862,310.16758009644013
0,0.05,0.21153846153846154,317.0182075529605
0.004762121796129777,0.05,0.214771073573402,317.03531762968515
0,0.05,0.21794871794871795,316.99665324064364
0.188608435073297,0,0.1346153846153846,309.6702292568702
0.1943042175366485,0,0.13141025641025642,309.6525614247118
0.004199860608627514,0,0.2388722682574878,309.4757607022353
0.004199860608627514,0,0.23246201184723142,309.4951711240954
0,0,0.23717948717948717,309.46676419327355
0.1598811914062992,0.04999999999999999,0.14438612798482656,317.31208322801353
0.16565188548591422,0.049999999999999996,0.1410753155190713,317.29625354985734
0.16547846575193742,0.04999999999999999,0.14753524642275795,317.29291284066494
0.10130010841950952,0,0.18509528758116348,309.76039368938416
0.009524243592259554,0.05,0.21800368560834246,317.049794046542
0.004762121796129776,0.05,0.22118132998365841,317.01261733656565
0.1943042175366485,0,0.09935897435897437,309.6446512771908
0.1943042175366485,0,0.10576923076923078,309.64837914935976
0.1715210876832425,0.049999999999999996,0.13782051282051283,317.277618168594
0.1713476679492657,0.04999999999999999,0.1442804437241995,317.27500720173293
0.188608435073297,0,0.08333333333333334,309.6490668998294
0.1829126526099455,0,0.08653846153846154,309.66941275653966
0.188608435073297,0,0.08974358974358974,309.65540637912324
0.1943042175366485,0.05,0.13141025641025644,317.17667481794587
0.18860843507329703,0.05000000000000002,0.12820512820512822,317.2072199483144
0.17152108768324248,0,0.13782051282051283,309.7172989475739
0.165825305219891,0,0.13461538461538464,309.73193011620634
0.07523454149040129,0,0.19012784856780257,309.7415853448439
0.08167243465545279,0,0.189357979852701,309.74763184048544
0.07810894445243098,0,0.18509359693895586,309.7522762571829
0,0.05,0.22435897435897434,316.9727745749542
0,0.04454547129639713,0.2257495706683618,315.4982142241115
0.05855024020176863,0.05,0.21276026417394875,317.2303107411596
0.1943042175366485,0,0.08653846153846155,309.6341431785113
0.1943042175366485,0,0.09294871794871795,309.6399550952545
0.04723836728263991,0,0.21306825317257336,309.6570079265036
0.04263057760872678,0,0.21016290134156262,309.65510369748085
0.2,0.022191694946264003,0.1006448400906406,311.33325850884336
0.2,0.027733247006649038,0.09851441371333616,312.1564830299376
0.05414021930229787,0,0.2071171213636306,309.68236271490355
0.05071704169037873,0,0.20156316026852822,309.6886786200648
0.06322950427435417,0,0.2006519546398401,309.70907583612143
0.16582530521989103,0.05,0.13461538461538464,317.2982591725541
0.08473925664894782,0.05,0.18310051610835865,317.3406146721507
0.09123893793720295,0.05,0.1811101349598027,317.3478996696245
0.025347700917951646,0,0.22064304739820328,309.59004510035396
0.2,0.0444223834140048,0.10478751859235436,315.635698138435
0.2,0.03884476682800958,0.10060067821034974,314.3021903497965
0.2,0,0.07692307692307694,309.60412632803815
0.2,0.005554183934070786,0.07489619351663704,309.7925126017006
0.06732769276657756,0,0.1960892923696432,309.7229569967709
0.17721687014659399,0,0.14102564102564102,309.7014254951457
0.13594046112532743,0,0.14950673564655367,309.7778689202007
0,0.013903093041865171,0.23026873245755983,310.2531950655343
0,0.009560537031546435,0.22873560336325224,309.9138229679089
0.038358860525570054,0.05,0.20776282940915128,317.1972860363412
0.044464740866827945,0.05,0.2047778319748435,317.2232245454268
0.04282278628067124,0.05,0.2105371764146268,317.20140499178103
0,0.02749675517379249,0.22342544610935833,311.9786900802728
0,0.0216481000055192,0.2186160576677896,311.14043397152386
0.2,0.011109330779376914,0.07922018542987987,310.14607021864975
0.2,0.011108367868141572,0.07286931011019715,310.1376161340493
0.07236013852837159,0,0.1951621001966493,309.72990490319097
0.2,0.05,0.09615384615384616,317.1313071970965
0.2,0.04442238341400479,0.09837726218209794,315.6310117610831
0.188608435073297,0.05,0.09615384615384615,317.19436809560625
0.188608435073297,0.05,0.10256410256410255,317.19952762928926
0.1829126526099455,0.05,0.09935897435897435,317.2241895147172
0.048977704486509316,0,0.20731570672055077,309.67337288339394
0.052400882098428456,0,0.2128696678156532,309.66633478113346
0.1295641693301343,0,0.16361223331964997,309.7734416514879
0.13549738928567656,0,0.16202192948206282,309.768413956693
0.2,0.03885656858107205,0.09416993359402918,314.2994567347766
0.06516964996681324,0,0.19198223291379038,309.72803777578474
0.05756339691421702,0,0.21267108245873304,309.67473712217907
0.013440146119238138,0,0.2252637932158888,309.5448444096495
0.11691701829766171,0.05,0.17612759329631522,317.35215157939444
0.17152108768324253,0.05000000000000001,0.13141025641025644,317.2795125614607
0.032832027614835536,0.05,0.1981337330529827,317.2067781177161
0.2,0.005555146845306129,0.09406758165683259,309.8129742488676
0.2,0,0.08974358974358976,309.61777455074065
0.2,0,0.09615384615384616,309.6230589049332
0.03864838424083174,0.05,0.2014557825139131,317.2162178969151
0.08459907048064103,0,0.18302630044575147,309.7596361523237
0.2,0.027693490733352456,0.07292370182894997,312.12035970858096
0.2,0.02214682283368931,0.06869389060032242,311.29023670551186
0.2,0.022209219701875504,0.07507223793238478,311.3084785007681
0.03802278793481365,0,0.20725754951055186,309.65219458737073
0.03167566105703112,0,0.2101047441315637,309.631477629288
0.188608435073297,0,0.10256410256410257,309.66487206565506
0,0.03894544081923146,0.22699220260964442,314.15795269377065
0.188608435073297,0,0.09615384615384616,309.66067100927773
0.10740386955047199,0,0.16831479145091927,309.7824580468157
0.1096566518214227,0,0.17463475067483106,309.77405749250886
0.11456892532812814,0,0.16934629267061932,309.77862788735723
0.057449844505931685,0.05,0.20191187280985934,317.26088554007873
0.05057062120808585,0.05,0.20179283454053576,317.24666867438106
0.0549111978372734,0.05,0.19719704601203628,317.2683006789651
0.19430421753664853,0.05000000000000001,0.08653846153846155,317.1541000713836
0.19430421753664853,0.05000000000000001,0.08012820512820515,317.14555525239166
0.2,0.022199343771283714,0.0942047331880708,311.3292582059516
0.2,0.027745048759711517,0.09208366909701562,312.1529347618288
0.06039645059428559,0,0.20666151854928655,309.69256521770353
0.2,0.03880597346594834,0.07495058523538987,314.26375735277674
0.2,0.03886837033413453,0.08132893256745224,314.2871273241075
0.02573725012665939,0,0.2133937970284481,309.6091543798456
0.12419498175091857,0.05,0.1620937665561041,317.3658381055374
0.11810777413323563,0.05,0.1654136466160242,317.3674052173627
0.11843114965227741,0.05,0.15986351234708585,317.3739117030479
0.1943042175366485,0,0.11217948717948718,309.651054853253
0.1943042175366485,0,0.1185897435897436,309.6525526593749
0.1943042175366485,0.05,0.09294871794871795,317.1612667196523
0.027556355045867433,0.05,0.19506642582994294,317.1960150046391
0.188608435073297,0.05,0.11538461538461539,317.20580487328886
0.18291265260994552,0.05000000000000001,0.11858974358974358,317.23379935648967
0.18291265260994552,0.05000000000000001,0.11217948717948717,317.231876049129
0.12390043469288439,0,0.1615417640742662,309.78070578061465
0,0.014778518052774133,0.22516884686296612,310.3493928456099
0,0.010435962042455397,0.22363571776865854,309.99020134959073
0.054560430704927235,0.05,0.20727654935724224,317.23964572313844
0.061439654002773084,0.05,0.20739558762656587,317.25246621507813
0.01642596247740785,0.05,0.20154590517433973,317.13424594545774
0.08523592485847462,0,0.19362236276644618,309.7420370003144
0.10524157146777613,0.05,0.19168282319947993,317.3267455868414
0.2,0.016650142885878967,0.10277526646794503,310.6715214149284
0.1306055648876433,0.05,0.15322375222724566,317.3672727219783
0.13657478425211084,0.05,0.15033177548904725,317.3606590325855
0.15411049732668414,0.049999999999999996,0.14769694045058182,317.3256812030626
0.15428391706066094,0.05,0.14123700954689516,317.3291982519079
0.008399721217255029,0,0.23415479292523206,309.50383579099713
0.14831012059053772,0.05,0.1513936985783754,317.33682041997173
0.14254400361657837,0.05,0.14743979875084884,317.3520082042339
0.1485132229810459,0.05,0.14454782201265043,317.3413202369238
0.2,0,0.10897435897435898,309.6304693220256
0.14234090122607018,0.05,0.1542856753165738,317.34678503058336
0,0,0.24358974358974358,309.4465344462498
0.2,0.011102644865592549,0.0984214240623888,310.164179678977
0.2,0.0333025555012018,0.08353186038963989,313.13344207306545
0.2,0.027755887601538652,0.07930204916101233,312.1398135500951
0.2,0.027756850512773996,0.08565292448069507,312.1479918242179
0.09286492790995676,0.05,0.19266667438527246,317.32396146828836
0.11234394203459447,0.05,0.16318339240700597,317.3741457516863
0.1943042175366485,0,0.08012820512820513,309.62730475699556
0.188608435073297,0.05,0.10897435897435898,317.2032331068552
0.2,0.01665779171089868,0.09633515956537522,310.6678958617023
0.07020209572860725,0,0.1910550407407965,309.73524630601116
0.2,0.02221018261311085,0.08142311325206751,311.3170616837705
0.2,0.0166635147134477,0.07719330202343996,310.6484250169663
0.2,0.016664477624683045,0.0835441773431227,310.656335539031
0.15390739493617595,0.05,0.1545428170163068,317.32054380536766
0.12387160623187679,0.05,0.16764390082504244,317.3589774106309
0.009240285510610624,0,0.22357101213788816,309.5364380515703
0.06613099776430678,0.05,0.19272029575286043,317.2994528746013
0.059251774466460946,0.05,0.19260125748353682,317.2881002498744
0.0635923510956485,0.05,0.18800546895503734,317.30606738710884
0.14747950579244115,0,0.15068745772549674,309.7605329997007
0.008820003363932826,0,0.2288629025315601,309.52056432524597
0.004620142755305312,0,0.22717012145355947,309.51171320827535
0.06847475918399656,0.05,0.18703394505566312,317.31562982016345
0.2,0.011110293690612259,0.091981317159819,310.159677444316
0.12451835726996036,0.05,0.15654363228716575,317.37162069314525
0.13028218936860153,0.05,0.158773886496184,317.3622140324478
0.188608435073297,0,0.1217948717948718,309.67114542002975
0.1829126526099455,0,0.1185897435897436,309.68786833648136
0.2,0.03327895199507684,0.096393349622281,313.14243733601495
0.2,0.03329075374813932,0.08996260500596044,313.1386370392912
0.07335716727234465,0.05,0.18606242115628888,317.3240431741005
0.07101340585265487,0.05,0.1917487718534862,317.3086132529537
0.2,0.022211145524346193,0.08777398857175026,311.32456729695565
0.1168217075990789,0,0.1756662518945311,309.7694852260306
0.05891341867482552,0,0.19243783572813444,309.719035407206
0.14810701820002953,0.05,0.15823957514410036,317.3307584147918
0.11463048016612809,0.05,0.1696554928516606,317.3640357994567
0.10747550109821566,0.05,0.1684955128750862,317.36921794098816
0.09837347259432129,0,0.191426966988113,309.74967090705246
0.04892866662192914,0.05,0.20755217898031902,317.2262239390443
0.07589581394100293,0.05,0.19077724795411194,317.3166245521886
0.05291847611877053,0.05,0.21303589379702556,317.21794196734555
0.047286712035772435,0.05,0.21331152342010234,317.2039688603646
0.2,0.05,0.07692307692307694,317.10770994290175
0.11190943409237344,0,0.18095470989874285,309.76440069007566
0.07307649869063695,0,0.18602078911194975,309.74654608593727
0.044754264582089635,0.05,0.19847078507960533,317.2412060706415
0,0.020627173221047426,0.22997823530453487,310.97534920314246
0.10474437831471728,0,0.17992320867904277,309.76793508644715
0.14161685871966248,0,0.15354193967217536,309.76753258940647
0.1829126526099455,0.05,0.10576923076923075,317.22871791012125
0.1829126526099455,0,0.13782051282051283,309.6865711773109
0.2,0.01666544053591839,0.08989505266280542,310.66316849127855
0.18860843507329703,0.05000000000000001,0.1217948717948718,317.2071418080752
0,0.021502598231956386,0.22487834970994114,311.1030026005135
0,0,0.23076923076923075,309.4858752482334
0.2,0.05,0.10897435897435898,317.14019368534133
0.2,0.03317776176482941,0.07077516572551515,313.0907185304691
0.2,0.033240158633015604,0.07715351305757752,313.11277618529334
0.044369914812596195,0,0.20441035488954004,309.67126158429636
0.06432906780377753,0.05,0.20203091107918297,317.272766210025
0.14143060924121886,0,0.16043162564447566,309.7621262384774
0.06179042113511924,0.05,0.1973160842813599,317.2810854241774
0.01301986397256034,0,0.23055568360956075,309.5287842332563
0.08816256068366285,0,0.18729068335949667,309.75444450255696
0.07823957536069272,0.05,0.18509089725691463,317.3313074489201
0.2,0.05,0.08974358974358974,317.1248196164213
0.1829126526099455,0,0.10576923076923078,309.68372127032586
0.1943042175366485,0,0.125,309.65306827978395
0.12415725705409164,0,0.15591625621105737,309.785448885024
0.2,0.03874357659776215,0.0621619814930711,314.226623418134
0.2,0.03311536489664322,0.06439681839345279,313.0672691085925
0.18860843507329703,0.05000000000000001,0.08333333333333336,317.18006242275413
0.2,0.044371788298881075,0.0599271445926894,315.56109630867905
0.2,0.05,0.06410256410256412,317.08456523082947
0,0.03909094259279426,0.22072991056749286,314.2135192761114
0.2,0.027631093865166267,0.06654535449688762,312.0995141000146
0.2,0.011110293690612259,0.0855710607495626,310.15344673343293
0.033121551330097226,0.05,0.19182668615774456,317.22298147110064
0.038937907956093434,0.05,0.19514873561867493,317.23331033621474
0.1943042175366485,0.05,0.11217948717948718,317.17458733566207
0.12039431226476925,0.05,0.17188574706067883,317.3561763211176
0,0.015653943063683097,0.22006896126837242,310.4488525203013
0.2,0.05,0.07051282051282053,317.0969059517209
0.1829126526099455,0,0.09294871794871795,309.67524583491206
0.1829126526099455,0,0.09935897435897437,309.6800153395076
0.17721687014659399,0.049999999999999996,0.14102564102564102,317.2544544634667
0,0.005217981021227698,0.22720247426894466,309.6692089255682
0.10260706016183686,0.05,0.17380763334316646,317.36222350420655
0.16005461114027597,0.05,0.1379261970811399,317.31484456378456
0.06804405292884294,0,0.18694798128494367,309.7399464232981
0.09172605088668466,0,0.19155506627324181,309.7483024293165
0.1476657552708848,0,0.14379777175319644,309.76417328695464
0.1418031081981061,0,0.14665225369987506,309.77172455715106
0.0630116071670489,0,0.18787517345793753,309.7324772692654
0.10249159604376656,0,0.173603249455131,309.7768497818606
0.2,0.016662551802212357,0.07084242670375723,310.63943692508434
0.2,0.05,0.05769230769230771,317.0706877802276
0,0.05,0.1987179487179487,317.05447980314403
0,0.05,0.1923076923076923,317.0697081540334
0.005475320825802618,0.05,0.19538709659657477,317.09464574843724
0.028229529424978854,0.05,0.1823650221497186,317.22623534186346
0.02782837321422416,0.05,0.18869145990243347,317.2117575385874
0.022535195098351092,0.05,0.18555623364712243,317.1981910438341
0.2,0.03466550781010187,0.04060840144243962,313.31421717371603
0.2,0.038747330654621034,0.04344443915038403,314.18176206093676
0.2,0.04029184248279136,0.03811695109801684,314.5157484659253
0.18282701345071714,0,0.08023851813479553,309.66291837662015
0.18852279591406865,0,0.07703338992966732,309.64206016822004
0.177216870146594,0,0.1217948717948718,309.70423731552705
0.2,0.05,0.051282051282051294,317.0550862154756
0.1947627570153012,0.05000000000000001,0.048416402366831736,317.07805169332596
0.2,0.05,0.044871794871794886,317.0375491735185
0.16012952275653952,0.05,0.125,317.3172539404505
0.16012952275653952,0.05,0.1185897435897436,317.3166397494729
0.16582530521989103,0.05,0.1217948717948718,317.2996011024887
0.07911560225457351,0.05,0.17911460126472398,317.34364403240215
0,0.033782811097852375,0.20968751999520724,313.13875292884205
0,0.039237339801455245,0.20829692368581978,314.2862991314234
0.2,0.0362100196382722,0.03528091339007244,313.6128420339527
0.2,0.031396569125891984,0.030241051710534587,312.6587538862655
0.2,0.029852057297721658,0.03556853976290178,312.40046427596786
0.054893029955468214,0.05000000000000002,0.17914748720410384,317.3073990038601
0.05437827092065181,0.05000000000000002,0.18411217353465156,317.296876401415
0.04977123083315346,0.05000000000000001,0.18216552582445866,317.2904445128957
0.2,0.0331191189535021,0.05208953246102214,313.04170174609476
0.2,0.038747330654621034,0.04985469556064044,314.19909496801495
0.2,0.03312099598193155,0.045935889494806814,313.02684330235485
0.2,0.04437366532731052,0.04095298880596125,315.51217317827053
0.2,0.05,0.03846153846153847,317.0180766543563
0.2,0.04591817715548084,0.03562550075359406,315.8927721168866
0.2,0.016839829326822302,0.05818552245328966,310.63651436213974
0.2,0.011285645392751517,0.05380214944947315,310.1191086526518
0.2,0.011197006630446545,0.06013060157470694,310.1241666466477
0.06921028222556017,0,0.1768682279331848,309.7564462514068
0.06476095111212476,0,0.17275554343029925,309.7568066600093
0.06417783646376614,0,0.1777954201061787,309.74939771376853
0.2,0.0211892272588518,0.020934365862633975,311.04940036952104
0.2,0.024346072053271623,0.016837319794807605,311.46474461104634
0.2,0.020540965278492876,0.015149473336901049,310.9483721570679
0,0,0.22435897435897434,309.50374588422704
0,0.005217981021227698,0.22079221785868824,309.68660951353047
0.18892531065263585,0.05,0.06453064245491803,317.14680746950995
0.1833879659789538,0.05,0.0679498098362232,317.17990326824935
0.18368806766793705,0.05,0.06166499353969848,317.1657885286051
0.16012952275653952,0.05,0.13141025641025644,317.31658132557277
0.16582530521989103,0.05,0.12820512820512822,317.2995735404491
0.17721687014659399,0.05,0.10256410256410256,317.2505550516885
0.2,0,0.05769230769230771,309.575120820162
0.2,0.005554183934070785,0.062075680696124215,309.77327883344134
0.2,0.005642822696375759,0.05574722857089043,309.7663847852641
0.034325019962361314,0.05,0.17284737289959984,317.26373412102936
0.033923863751606616,0.05,0.17917381065231475,317.2517295206255
0.028630685635733552,0.05,0.17603858439700368,317.23913352890054
0.08561528354282863,0.05,0.17712422011616802,317.35224872605994
0.19446265532631793,0.05,0.06111147507361287,317.110402306836
0.19476275701530119,0.05,0.054826658777088144,317.09436858846357
0.058985311008150146,0.05,0.18605882124484444,317.3020840261527
0.0546447343789626,0.05,0.19065460977334392,317.2834873998861
0.04395883332415594,0,0.1914451851450381,309.69587758044594
0.044743429347571306,0,0.19817358171351085,309.68472968898874
0.049932445666963365,0,0.19483476370005548,309.7006343818286
0.14866304621357296,0.05,0.13151594067088346,317.34632004462804
0.15443374029318802,0.05,0.1282051282051282,317.33276668843297
0.15435882867692446,0.05,0.13472106887601168,317.33165069928555
0.10666754487813773,0.05,0.16239044821850154,317.37749067688605
0.10867131882615767,0.05,0.15879344324950548,317.38094589454835
0.17721687014659399,0.05,0.09615384615384616,317.24538210542715
0.1362946762392121,0,0.14330675800789977,309.78086766142314
0.14858813459730943,0.05,0.13803188134176694,317.34448836989105
0.17711618239823854,0,0.08350587109194446,309.6824563278114
0.17703054323901019,0,0.07720592768827846,309.67543059621335
0.2,0.027719732627471235,0.06021690237165381,312.1020212158837
0.2,0.03311724192507266,0.05824317542723746,313.05517701484064
0.048363253620132635,0,0.18137797056311,309.72098179834035
0.049147849643548,0,0.18810636713158274,309.7114021079206
0.05324603813577139,0,0.18354370486138583,309.7256982524939
0.18952551403060236,0.05000000000000002,0.05196100986186859,317.11500255767294
0.1839881693569203,0.05000000000000002,0.055380177243173755,317.1500173351405
0.18428827104590353,0.05000000000000001,0.04909536094664903,317.1325896878556
0.2,0.017512526874348483,0.04484348170410167,310.68054251420585
0.2,0.0223259773867287,0.04988334338363952,311.2777111129044
0.2,0.022910036171949904,0.04286975475968532,311.34026828299386
0.17142039993488706,0,0.08671099929707266,309.70055494682396
0.17721687014659399,0,0.08974358974358973,309.6884264372235
0.18876687286296645,0.05000000000000001,0.0771371160992539,317.1703301099504
0.18307109039961494,0.05000000000000001,0.08034224430438211,317.2021682293147
0.1832295281892844,0.05000000000000001,0.07414602707030266,317.19172550073483
0.2,0.02830754546955133,0.040896027815268965,312.15342565454586
0.1715210876832425,0,0.125,309.7192529465204
0.2,0,0.07051282051282054,309.5955149596304
0.19421857837742015,0,0.07382826172453913,309.61978567369624
0.1311404593942027,0,0.13376128467727064,309.79025699652396
0.1366488913530967,0,0.1371067803692459,309.78289811814307
0.13700629220608063,0,0.13084085645151378,309.78385770659474
0.12042775606436694,0,0.1463752654814029,309.7947730981698
0.12525278505845786,0,0.1493682415373176,309.78921114918325
0.1256070001723425,0,0.14316826389866372,309.79232237869786
0.03947375691929203,0.05,0.17595342387455276,317.2745085672183
0.03907260070853733,0.05,0.18227986162726767,317.2618574162647
0.17721687014659399,0,0.11538461538461538,309.7032096765896
0.17152108768324248,0,0.11217948717948718,309.71713874462625
0.17152108768324248,0,0.11858974358974358,309.7186877988602
0.0804438152286954,0,0.17292027472020144,309.77132178196763
0.07927637984056318,0,0.17900693582957866,309.76232524637516
0.08576650586877324,0,0.17693963933637427,309.7690813403724
0.09211496483108374,0.05,0.17513383896761203,317.3588311939609
0.177216870146594,0.05,0.12179487179487179,317.2582862068965
0.177216870146594,0.05,0.11538461538461536,317.2569717812958
0.11933222806000074,0,0.15292328015514267,309.7913350353632
0.11925371698824502,0.05,0.15352838515734443,317.3796617344829
0.12534092460592797,0.05,0.15020850509742434,317.376441799582
0.17721687014659399,0,0.10897435897435898,309.7011371646944
0,0.010435962042455397,0.21722546135840215,310.00713188952153
0,0.005217981021227698,0.21438196144843186,309.7029361374617
0.0646218691652813,0.05,0.1780760962939419,317.32722487140865
0.06898951821881297,0.05,0.18206925872511537,317.32638324624503
0.0641071101304649,0.05,0.1830407826244896,317.31712602268743
0.08568335421663148,0.05,0.16504285946739272,317.3706302195854
0.09130700861100581,0.05,0.1690287743110274,317.36801695400226
0.0864913104367094,0.05,0.17114792412397736,317.3625215173041
0,0.044691868505058116,0.1940858145559195,315.63359343991704
0,0.044691868505058116,0.20049607096617592,315.61762757432524
0,0.011074501839288122,0.20591747501324292,310.08227614294265
0,0.016292482860515822,0.20876097492321322,310.54304395643913
0,0.01075523194087176,0.21157146818582254,310.04495619184377
0,0.03392920830651336,0.2036647895237906,313.1836860534183
0,0.02810792405443264,0.2054864304232105,312.13000214701225
0.016969998814121305,0.05,0.18879597331932085,317.1679105283828
0.01122265981996196,0.05,0.1920915349579478,317.13301751704677
0.011494677988318687,0.05,0.18571656903043837,317.1482361331783
0.2,0.011157239002476088,0.015384674329586073,310.01104674937704
0.2,0.017384120484073052,0.019246519404727415,310.5961513327525
0.2,0.016735858503714132,0.013461626878994493,310.50814662673935
0.07387192630716105,0.05,0.18109773482574112,317.33449139068523
0.07474795320104183,0.05,0.17512143883355047,317.34610504548453
0.1662895751512548,0.05,0.07799973499896713,317.2630529933194
0.17183060097081837,0.05,0.0808459771787986,317.2481223285448
0.16613481850746686,0.049999999999999996,0.0840511053839268,317.272180068943
0.11398907670652966,0.05,0.15051313802752309,317.38614420274325
0.11316650937056207,0.05,0.15684826521726453,317.3808247081197
0.10949388616212527,0.05,0.15245831605976404,317.38683072293327
0.2,0.011869704177972722,0.040378304415262536,310.136047186549
0.2,0.006226881481596965,0.0359131271264234,309.75309236061395
0.2,0.005642822696375758,0.0429267157503776,309.74019598360564
0.13732725979642374,0.05,0.13134415788562975,317.36887962155953
0.14295769719686657,0.05,0.13468801961369836,317.3576447846853
0.1372523481801602,0.05,0.13786009855651324,317.36704416928325
0.18843715675484027,0,0.0643231901157449,309.6243490443081
0.1826557351322604,0,0.0676386313274635,309.6468448186852
0.1884371567548403,0,0.07073344652600132,309.6340251705787
0.004620142755305312,0,0.22075986504330308,309.52899011585924
0.03876981700476389,0,0.1947840031584935,309.67918911916786
0.03798522098134852,0,0.18805560659002077,309.6895291403184
0.032796204661956464,0,0.19139442460347614,309.67205691060195
0.2,0.01110836786814157,0.06645905369994072,310.1280508684155
0.043174237300740576,0,0.18471678857656537,309.7058374362313
0.2,0.011805500982835008,0.021169566855318997,310.0794708707849
0.2,0.01245376296319393,0.026954459381051923,310.1490475015284
0.2,0.01803238246443197,0.02503141193046034,310.6853085481011
0.005475320825802618,0.05,0.2017973530068312,317.0783812453725
0.1487379578298365,0,0.125,309.76687738712184
0.15443374029318802,0,0.1282051282051282,309.7566185687532
0.15443374029318802,0,0.12179487179487179,309.7565697052132
0.2,0.018680644444790895,0.030816304456193266,310.77561827278527
0.1428721250179586,0,0.1279204282257569,309.7760645034607
0.1483805569768526,0,0.13126592391773215,309.7669817922681
0.032049175592006235,0,0.2038679709555345,309.6461064051616
0.03839630246978877,0,0.2010207763345227,309.66624302765376
0.032422690126981346,0,0.19763119777950533,309.6596328322663
0.06001482907778295,0.05,0.176129448583749,317.32270547731906
0.059500070042966556,0.05,0.1810941349142967,317.3128746451645
0.2,0,0.019230769230769235,309.48612985156416
0.2,0.006226881481596965,0.02309261430591058,309.7192180277881
0.2,0.005578619501238044,0.017307721780177653,309.67037449098524
0.026398349909312724,0,0.20708159887741434,309.62530510521265
0.050037694291464256,0.05,0.18870796206315102,317.2776502861162
0.044221337665468055,0.05000000000000002,0.18538591260222065,317.27011432967043
0,0.02196736990393556,0.21296206449521,311.19821636397813
0,0.02796152684577166,0.21150916089462712,312.0898622599485
0.1601295227565395,0,0.13141025641025642,309.74496947844807
0.1540763394402041,0,0.13447105212286037,309.75627177478236
0.004620142755305312,0,0.21434960863304667,309.54519305941204
0,0,0.21794871794871795,309.5205425561898
0.11031645349809287,0.05,0.1461231888700226,317.39135608950824
0.10582126295368847,0.05000000000000002,0.14806836690226355,317.3915930342339
0.2,0.016928468089127274,0.051857070328055865,310.63329242232527
0.058128822651410145,0,0.18570943915966168,309.72953007613546
0.1656239297231801,0,0.08367840885055558,309.71124509921276
0.17131971218653158,0,0.08047328064542739,309.69406154187163
0.2,0.01245376296319393,0.033364715791308334,310.16631227926604
0.2,0.01809658565956969,0.03782989308014746,310.72798446435917
0.1947627570153012,0.05000000000000001,0.04200614595657533,317.0597993209832
0.1719890387604878,0.05,0.07464975994471915,317.23792586731173
0.17753006458005138,0.05,0.07749600212455063,317.22121863914765
0.2,0.011285645392751516,0.04739189303921673,310.10597395210436
0.100991147721681,0.05,0.16159750402999712,317.37939812455954
0.10299492166970094,0.05,0.15800049906100105,317.38325450301113
0,0.01597321296209946,0.21441496809579286,310.49620041398185
0.009901385293263962,0,0.21084855757659804,309.57029325435406
0.009240285510610626,0,0.21716075572763177,309.5531212307443
0.014521528048569276,0,0.21365970467118314,309.5776720427122
0.17152108768324248,0.04999999999999999,0.09935897435897434,317.26986779025316
0.165825305219891,0.04999999999999999,0.10256410256410256,317.2918686101983
0.165825305219891,0.049999999999999996,0.09615384615384615,317.28665612581517
0,0.05,0.20512820512820512,317.0373129361198
0.2,0.02503860678534144,0.030528678083363927,311.6097206828388
0.07365961333899557,0,0.1809809124360703,309.75493611713125
0.06862716757720155,0,0.1819081046090642,309.7485467626894
0.17152108768324248,0,0.09294871794871794,309.70602304912785
0.17721687014659399,0,0.09615384615384615,309.69373320786025
0.2,0.04437366532731052,0.04736324521621767,315.5305758913907
0.2,0.04437366532731052,0.053773501626474075,315.5470431273058
0.08693394125690544,0,0.17085297822699708,309.7774740748214
0.09225663189698327,0,0.17487234284316988,309.7742819553986
0.054030634159186755,0,0.19027210142985856,309.7156610728191
0.03867144449778264,0.05,0.18860629937998258,317.24762664907206
0.04448780112377885,0.05,0.19192834884091298,317.25655905985207
0.165825305219891,0,0.12820512820512822,309.7328709707748
0.2,0.02183748923921072,0.026719258388366897,311.15158109130954
0.19446265532631796,0.05,0.06752173148386928,317.12354644400256
0.18892531065263587,0.05,0.07094089886517446,317.15921829324105
0.14215732331199077,0,0.14045227606122118,309.77420354828666
0.14251472416497468,0,0.13418635214348903,309.775636911808
0.177216870146594,0.05,0.08974358974358976,317.23890873585907
0.010950641651605236,0.05,0.19846650088545728,317.1161583455787
0.2,0.04183635431096168,0.032789463045649656,314.8609858597894
0.17152108768324253,0.05,0.11858974358974358,317.2795708823865
0.1715210876832425,0.05,0.11217948717948717,317.2776305068985
0.17152108768324253,0.05,0.125,317.28018512485124
0.14288278558060305,0.05,0.14120396028458182,317.3551429920637
0.08086765604233509,0.05,0.1671620092803427,317.36423341137106
0.0799916291484543,0.05,0.17313830527253332,317.3546193532191
0.020459938978941,0,0.21037065177429873,309.60223159110285
0.021121038761594338,0,0.20405845362326502,309.6179347800393
0.026771864444287842,0,0.20084482570138515,309.63943800636383
0.13043202916643343,0,0.14616123995457841,309.7861248674128
0.059295051948127384,0,0.17562968580790284,309.7459706187992
0.05382915278413001,0,0.17850382818550642,309.73402899824293
0.058711937299768764,0,0.18066956248378224,309.7381007728043
0.021494553296569456,0,0.1978216804472358,309.63157180646795
0.17721687014659399,0.05,0.10897435897435896,317.25442252404787
0.17123407302730326,0,0.07417333724176138,309.6865044585948
0.044622493876222746,0.05,0.1790594748495057,317.2834120311738
0.03352270754085192,0.05,0.18550024840502963,317.23814530398255
0.1207819711782516,0,0.14017528784274902,309.7974770658896
0.14802315612386868,0,0.1375318478354643,309.7660804255457
0.2,0,0.04487179487179488,309.55017001174946
0.2,0,0.051282051282051294,309.5632241128606
0.2,0.005642822696375759,0.04933697216063401,309.75386908133964
0.10179910394175894,0.05,0.16770256868658182,317.37149128105614
0.09932229846126414,0.05000000000000002,0.15361054990350057,317.3877746256232
0.10499869561772088,0.05000000000000002,0.154403494092005,317.3865023338975
0.06950427725362937,0.05,0.17710457239456762,317.3361768854694
0.07038030414751016,0.05,0.171128276402377,317.34706761158617
0.07037771761369238,0,0.17078156682380757,309.76547583433234
0.1369135662161355,0.05,0.14409593702278023,317.3644776847793
0.19421857837742015,0,0.06741800531428271,309.6106419263571
0.2,0.005554183934070785,0.06848593710638062,309.7834242846798
0.16598006186367892,0.04999999999999999,0.09010247576888647,317.280047779775
0.1715210876832425,0.049999999999999996,0.09294871794871795,317.26405029313446
0.17152108768324248,0.04999999999999999,0.10576923076923075,317.2744077686244
0.16582530521989103,0.049999999999999996,0.10897435897435898,317.29576385448433
0.1892254123416191,0.05,0.05824582615839331,317.1317332405016
0,0.044691868505058116,0.20690632737643233,315.59972319259845
0,0.03938373701011623,0.20227419321440315,314.336082703485
0.19446265532631793,0.05,0.0739319878941257,317.13515385145854
0.2,0.024994334033630543,0.02262221232054053,311.57879632993934
0.05030415774977505,0.05,0.19525039830184338,317.2630583399447
0.2,0.023494094957171113,0.035856166135731116,311.4030173113558
0.07482704872712778,0,0.17489425132669312,309.76447540319015
0.15443374029318802,0.05,0.1217948717948718,317.33279755029344
0.1487379578298365,0.05,0.125,317.34681526113485
0.2,0.037754531466442524,0.029953425337705245,313.922717883065
0.09531475056522426,0.05,0.16080455984149272,317.37986809470664
0.0973185245132442,0.05,0.15720755487249663,317.38412563394746
0.2,0.02772160965590068,0.05406325940543849,312.0894828985627
0.2,0.022324100358299254,0.056036986349854837,311.29069565379467
0.17768850236972078,0.05,0.07129978489047117,317.2102092922883
0.1827413742914888,0,0.07393857473112952,309.6553957306688
0.010562485075917298,0,0.20453635942556428,309.5862819719198
0.005281242537958649,0,0.2080374104820129,309.56191484203765
0,0.005537250919644061,0.20872796827585222,309.73123684842545
0.02226317692999437,0.05,0.1919311995746319,317.18313404763103
0.17152108768324248,0,0.10576923076923077,309.7144838204597
0.17152108768324248,0,0.09935897435897435,309.7108035120288
0.165825305219891,0,0.10256410256410256,309.72640244913987
0.1601295227565395,0,0.125,309.7454154739622
0.165825305219891,0,0.1217948717948718,309.7328029354132
0.13094434685166798,0.05,0.14698791376097864,317.37177523853643
0.17721687014659399,0,0.10256410256410256,309.69797640471995
0.2,0.02223546159599428,0.06236543847508862,311.29105306576736
0.2,0.016751190564517328,0.06451397457852344,310.63856252972613
0.18952551403060236,0.05000000000000001,0.04555075345161217,317.0979703321496
0.005747338994159344,0.05,0.18901213066906533,317.1107115222425
0.01724201698247803,0.05,0.18242100739181139,317.1822819868407
0.14303260881313012,0.05,0.12817207894281488,317.35881011907685
0.13078624428031804,0,0.1399612623159245,309.78867507421955
0,0.02825432126309362,0.19946369995179383,312.16880894170157
0,0.022433037011012902,0.20128534085121375,311.289507962386
0.13128312881569265,0.05,0.14075207529471165,317.3750255874046
0.12007628432421262,0.05,0.147193257967603,317.38405230410825
0.16572461747153555,0,0.08991612750220086,309.71723649705694
0.12567970656995264,0.05,0.14397266663115732,317.3804232057759
0.2,0.027723486684330126,0.04790961643922317,312.0755614062477
0.17737162679038193,0.05,0.08369221935863008,317.23084848210135
0,0.034075605515174336,0.19764205905237392,313.22728608562005
0.12596121528622717,0,0.13696828626000984,309.79446532370997
0.09612270678530221,0.05,0.1669096244980774,317.37232714359783
0.09049905239092788,0.05,0.16292370965444272,317.37584178069733
0.07599448411526,0,0.16880759021731592,309.77296223564935
0.12601848853397732,0.05,0.1377368281648903,317.38315244428
0.17167584432703042,0.05,0.08689734756375828,317.2567159932355
0.13162191077971735,0.05,0.13451623682844466,317.377023768583
0.1601295227565395,0,0.11858974358974358,309.74485257954643
0.165825305219891,0,0.11538461538461539,309.7317260101217
0.16552324197482465,0,0.07744069019891031,309.7042283987202
0.11450719906590981,0,0.14993030409922797,309.7961783616092
0.19421857837742013,0,0.061007748904026306,309.6004410448003
0,0,0.21153846153846154,309.5362652641216
0.2,0,0.06410256410256412,309.585846457005
0.01669798064576458,0.05,0.1951709392468303,317.1518985145885
0.11560272707027602,0,0.1433822894254882,309.7992922230629
0.06359472181540751,0,0.1828352967820581,309.7412879168539
0.0651366282000977,0.05,0.17311140996339414,317.3363639332728
0.11341167106154361,0,0.15647831877296775,309.7919190541073
0.2,0.038745453626191584,0.056008338526855765,314.2135507805715
0.12041506628823728,0.05,0.14095741950133597,317.38751259993796
0,0.022286639802351925,0.2073080713226304,311.255494405209
0,0.016611752758932185,0.20310698175063363,310.58938314767323
0.165825305219891,0,0.09615384615384616,309.7222025922525
0,0.03938373701011623,0.19586393680414674,314.3527860837793
0.02714537897926296,0,0.19460805252535598,309.65246855874597
0.09693066300538014,0.05,0.17301468915466206,317.36342525914273
0.07562398009492263,0.05,0.16914514284135984,317.3563574376189
0.10132607240928407,0.05000000000000001,0.15001354493450447,317.39081506973383
0.165825305219891,0,0.10897435897435898,309.72957692176294
0.11481164404249727,0.05,0.14417801083778164,317.3901042355569
0.02293635130910579,0.05,0.17922979589440752,317.21198281750424
0.2,0,0.03846153846153847,309.5359585168287
0.17694490407978183,0,0.07090598428461245,309.6673765985831
0.01584372761387595,0,0.20103530836911565,309.60936665376806
0.16582530521989103,0.05,0.11538461538461539,317.29834185867315
0.015182627831222612,0,0.20734750652014938,309.5941110012621
0.08161125061682761,0,0.16683361361082427,309.77926586396046
0.2,0.02815117882805037,0.018525166252714165,312.05726398867455
0.1549380622052844,0.04999999999999999,0.09014076601660459,317.31237029521657
0.1546859012492362,0.04999999999999999,0.09635243429035356,317.3193430150653
0.14924227974193288,0.04999999999999999,0.09334589422173278,317.3297902656763
0.09387467923107008,0.05,0.15291922518782103,317.3875856461962
0.0992511032714228,0,0.15342406285163218,309.79740411307444
0.10293913609955094,0,0.1578395288481418,309.7937455260696
0.10494007740092112,0,0.1541954014536882,309.79643374679677
0.050613296574929204,0.05,0.17010137590757626,317.3128440845715
0.055314062826356085,0.05,0.17311541224566263,317.31849378211024
0.05019226370404134,0.05000000000000002,0.17613345086601748,317.3023060902465
0.04504352674711062,0.05,0.17302739989106453,317.29469959724764
0.08223950893445736,0.05,0.16075452978271706,317.37344179770525
0,0.028182205435824052,0.1871372515017048,312.18298497716154
0,0.022488265937624423,0.18290524259493515,311.3337941528789
0,0.0279827448546734,0.18086445285780534,312.1614374330861
0.16581537755843687,0,0.07113627890069787,309.6951764222727
0.16020768344277828,0,0.07447267006673382,309.7120149949736
0.2,0.027800841723460264,0.004487208959664831,311.9458803863177
0.2,0.03333333333333333,0,312.9000273411459
0.2,0.027777777777777776,0,311.92298661308075
0.16610751314204908,0,0.06483186760248544,309.68501887944495
0.17152620861091544,0,0.06786892594354894,309.67683637242334
0.17181834419452768,0,0.06156451464533651,309.66606271987183
0.1262001913265134,0.05,0.13124829795804824,317.3848451324307
0.1260632022436271,0.05,0.12464564042842936,317.38561060641473
0.13148492169683107,0.05,0.12791357929882577,317.3784978673948
0.15441073148742268,0,0.09616678258287933,309.7460371718048
0.1601295227565395,0,0.09935897435897435,309.73693497953934
0.1601065139507742,0,0.09296165437775113,309.7322019421796
0.09989697749308549,0.05000000000000001,0.13994312503681677,317.3972204542806
0.0991824300349862,0.05000000000000001,0.13490791508797295,317.3991713850441
0.10439216803748988,0.05000000000000001,0.13799794700457585,317.39765531183093
0.2,0.016689730612349154,0.004487208959664831,310.471834486201
0.2,0.02222222222222222,0,311.1071949120988
0.2,0.016666666666666663,0,310.4526522382002
0.2,0.03160594849823901,0.006175055417571388,312.6063068865512
0.2,0.03535903982594984,0.004980320531011902,313.32053714030985
0.10510671549558917,0.05000000000000001,0.1430331569534197,317.39504142686917
0.10960190603999359,0.05000000000000001,0.14108797892117875,317.3946329286686
0.19523271442437912,0,0.02241475744500802,309.51122233745434
0.2,0,0.025641025641025647,309.5038973065522
0.1668298030505706,0.05,0.06534188589341472,317.23878417896526
0.1722591527101457,0.05,0.06832083539194295,317.22566765562107
0.1665596891009127,0.05,0.07167081044619092,317.251685106389
0.07165671673387303,0.05,0.15954687648885663,317.3639313093141
0.0730285696259953,0.05,0.153139396991231,317.37205526895303
0.07763403928022633,0.05,0.15694696338697403,317.37348790241094
0.16120224554478782,0.05,0.06871318443565905,317.2629381538097
0.19580272510191543,0,0.017367312269614882,309.49469674072134
0.1910354395262946,0,0.020551300483853667,309.5192950951106
0.2,0.022245286167904707,0.004487208959664831,311.1282329227177
0.0790058921723486,0.05,0.1505394838893484,317.38069013162425
0.0849832147187019,0.05,0.14793957078746584,317.38746673905376
0.08361136182657963,0.05,0.15434705028509144,317.3811862402662
0.2,0.011157239002476088,0.008974417919329661,309.99038172086756
0.2,0.016712794558031645,0.008974417919329661,310.490332615714
0.2,0.011134175056793599,0.004487208959664831,309.9731521751113
0.19454356051953797,0,0.04822615455784076,309.57550886619765
0.09516390572099073,0.05000000000000001,0.1442870102699811,317.3943606868073
0.09043083394889596,0.05,0.14863089550314537,317.3899105302482
0.08971628649079666,0.05,0.14359568555430152,317.39295867680295
0.12059676908077335,0.05,0.1344688892944939,317.38991421525753
0.1099653116250657,0.05,0.1281109185074946,317.3982931263545
0.11535675242010546,0.05,0.12471242021725543,317.3953350989213
0.11517504962756939,0.05,0.1312009504240975,317.3949583991667
0.12077847187330942,0.05,0.12798035908765182,317.3909489092102
0.16053644035637563,0.04999999999999999,0.08709593570026569,317.2933195979776
0.15509281884907233,0.04999999999999999,0.08408939563164491,317.3046137057951
0.16069119700016354,0.049999999999999996,0.08104456531530602,317.284877765455
0.15533375344403866,0.04999999999999999,0.07808693930477414,317.295376994628
0,0.028381666016974706,0.19341005014560428,312.2035935641707
0,0.03387614493402368,0.19136926040847443,313.20186649331055
0.2,0.03135229637418109,0.02233458594771119,312.6239945219689
0.2,0.0319042701557612,0.01733043136615468,312.7059687035278
0.011391564926703013,0.05,0.16666666666666669,317.1799112564093
0.01708734739005452,0.05,0.1634615384615385,317.2108499926457
0.017138903920862356,0.05,0.1697813614382961,317.2028544320551
0.14289561973024384,0.05,0.11515916500293957,317.35771799825477
0.14289561973024384,0.05,0.121569421413196,317.3590609008744
0.13705328163065117,0.05,0.118138842826392,317.3692423691453
0.1603816837125877,0.04999999999999999,0.09314730608522537,317.3005020657085
0.2,0.026073456888365945,0.010662264377236219,311.6989128301298
0.2,0.022268350113587198,0.008974417919329661,311.14858681484884
0.09524922066868244,0,0.1607123176405394,309.79093272888065
0.10093819479818075,0,0.16148365624259542,309.79058012221714
0.09725016197005262,0,0.15706819024608576,309.79440701254015
0,0.039184276428965575,0.18959113816024725,314.32177450846103
0.1601295227565395,0,0.10576923076923077,309.74062750705815
0.2,0,0.03205128205128206,309.5205068616404
0.19523271442437912,0,0.028825013855264436,309.5284361234344
0.1953848793226117,0.05,0.029270600631469648,317.01379489172103
0.1953848793226117,0.05,0.022860344221213236,316.9888658232824
0.2,0.05,0.025641025641025647,316.9730494343137
0.027327189041510117,0,0.18832267516030782,309.66407128656846
0,0.022687726518775077,0.18917804123883464,311.3495917345879
0,0.022560381764893986,0.19523169104502416,311.3200743716735
0.0398947897901799,0.05,0.16992134891611158,317.2852221220153
0.18876213889695806,0,0.05795185217981577,309.6124595125766
0.2,0,0.012820512820512824,309.4670122755788
0.005281242537958649,0,0.20162715407175652,309.57543307581614
0.16093213159512992,0.05,0.07504210898843525,317.27493993410485
0.15443374029318802,0,0.10256410256410256,309.7502494350228
0.15443374029318802,0,0.10897435897435898,309.75343463317296
0.07626218638810406,0.05,0.16335444288459966,317.3648217294244
0.010926105200411618,0,0.1855553482852116,309.6223125204225
0.010744295138164458,0,0.19184072565025972,309.61131502435404
0.016207347738370268,0,0.1884645536390194,309.6335288625969
0.06641304078646057,0.05,0.16153001004987377,317.3543432853862
0.0710185104406916,0.05,0.1653375764456168,317.3560897305844
0.19579993187426453,0.05,0.011127816268776835,316.9332955423796
0.19159986374852905,0.05,0.015845376127297257,316.9788325886872
0.19159986374852905,0.05,0.009435119717040844,316.9471875764531
0.18683816462821,0,0.01868784352269931,309.52670222214084
0.19160545020383085,0,0.015503855308460525,309.50259799925266
0.18740817530574627,0,0.013640398347306168,309.50983362715806
0.1486919402183059,0,0.09297459080678432,309.7537281848207
0.1543877226816574,0,0.08976946260165611,309.74079011285704
0.10662716892767908,0,0.16225499484465147,309.78910731277614
0.10862811022904925,0,0.15861086745019787,309.7919638368214
0.10171489542097366,0,0.1675434528488632,309.7842209192023
0.09602592129147533,0,0.16677211424680716,309.7848635888113
0.09680262191426824,0,0.17283191085307495,309.77778251441515
0.12592621316074082,0.05,0.11804298289881049,317.38501394737506
0.13134793261394478,0.05,0.1213109217692069,317.3786098331831
0.01144312145751085,0.05,0.1729864896434243,317.1711767390183
0.017190460451670192,0.05,0.17610118441505374,317.19333176345344
0.12545465870373995,0,0.11724657012155754,309.79599464582867
0.1310759010987626,0,0.12071455137770677,309.79103550893376
0.13104362195104255,0,0.11419118472792485,309.7897831345885
0.13694173391064052,0,0.1177941231519499,309.7837077540299
0.005747338994159343,0.05,0.18260187425880892,317.1242816354182
0.2,0.04647015093706095,0.004980320531011902,315.90829916756275
0.2,0.04294030187412191,0.009960641062023804,315.0358539164195
0.2,0.04647015093706096,0.011390576941268315,315.9412453901239
0.1558448019886629,0.05,0.06575555842512715,317.27221718342923
0.1614723594944457,0.05,0.06238425988288283,317.2494033330211
0,0,0.1923076923076923,309.57536414837494
0,0.005537250919644061,0.19590745545533939,309.75810608439514
0,0,0.19871794871794873,309.56333089913716
0.005281242537958649,0,0.19521689766150008,309.58795159741453
0.19160545020383085,0,0.009093598898204113,309.4827697474115
0.19580272510191543,0,0.010957055859358468,309.47522382680813
0.061074068241852256,0.05,0.1643066736685476,317.3421440449611
0.06171227453503369,0.05,0.1585159737117874,317.3500740931851
0.1487379578298365,0.05,0.11217948717948714,317.34422611618714
0.1487379578298365,0.05,0.11858974358974357,317.3461663039932
0.18491039335321405,0.05,0.04277007203179976,317.11195599047113
0.1795845638100807,0.05,0.03973131216302285,317.1258250977393
0.1855325156605246,0.05,0.0364447831169505,317.0892617018802
0.1487379578298365,0.05,0.10576923076923074,317.3409946977163
0.15443374029318802,0.05,0.10897435897435895,317.32891869313767
0.15443374029318802,0.05,0.10256410256410255,317.3250309113695
0.2,0,0.006410256410256412,309.4467529515415
0.19046542884875828,0,0.025598745659246806,309.53524620397883
0.1856981432731374,0,0.028782733873485594,309.5582014511376
0.19046542884875828,0,0.03200900206950322,309.55190632095093
0.2,0.03738474631856635,0.009960641062023804,313.7638144208835
0.2,0.040914595381505395,0.004980320531011902,314.52807857587277
0.10972363823341547,0,0.1520628527764581,309.79675898890576
0.11081916623778168,0,0.1455148381027183,309.80040869494206
0.2,0.005555555555555555,0,309.6128050579513
0.2,0.01111111111111111,0,309.9552385108672
0.2,0.05,0,316.8471949362965
0.2,0.044444444444444446,0,315.3587932484524
0.2,0.006226881481596965,0.02950287071616699,309.7367341441509
0.09587845317909002,0.05000000000000002,0.14932222021882494,317.39102664047493
0.06536506983459829,0,0.16676561336471815,309.7645525452993
0.17795861631937868,0.05,0.06497086033769497,317.1970607558374
0.2,0.03941045281118286,0.014940961593035706,314.22985918286673
0.2,0.042940301874121914,0.016370897472280217,315.0647489107979
0.1198979746041574,0,0.12682532216497217,309.8011958775209
0.12551921699918006,0,0.13029330342112141,309.79640598734136
0.12548693785145998,0,0.12376993677133949,309.7967475267684
0.2,0.038306505248022635,0.02494927075614873,314.02486483508204
0.2,0.034553413920311804,0.026144005642708218,313.24581248676566
0.05573509569724395,0.05,0.1670833372872214,317.3282649773345
0.05637330199042538,0.05,0.16129263733046123,317.3369062081286
0.1890871210390759,0,0.045170257833630226,309.5865000861905
0.18431983546345504,0,0.0419439896376126,309.593874545593
0.18363068155861384,0,0.0485246175196761,309.6098527672048
0,0.005537250919644061,0.20231771186559583,309.7451713225003
0.14289561973024384,0.05,0.10874890859268316,317.3550838649707
0.2,0.05,0.03205128205128206,316.99681525904435
0.16012952275653952,0.049999999999999996,0.09935897435897434,317.306918054069
0.16012952275653952,0.05,0.10576923076923075,317.31146818714467
0.2,0.04183635431096168,0.02637920663539324,314.83809069434284
0.2,0.0423883280925418,0.02137505205383673,314.95130306194534
0.1862681539506737,0,0.023735288698092452,309.542824830134
0,0,0.20512820512820515,309.55029793771945
0.10125204457279297,0,0.14977993545717855,309.7999240304834
0,0.03367668435287303,0.18509646176457495,313.1755079439348
0.13705328163065117,0.05,0.11172858641613559,317.3672055210477
0.10061152495118478,0.05000000000000001,0.14497833498566062,317.39443501584384
0.15557468803900504,0.05,0.07208448297790337,317.28485285708916
0.1907697586452234,0.05,0.026489919211657238,317.02810837058865
0,0.011074501839288122,0.1995072186029865,310.09611241749457
0.19118481119687625,0.05,0.02116764766947725,317.00439185206886
0.08842706000087602,0.05,0.15222790047214146,317.3860689858013
0.06043586194867082,0.05,0.17009737362530777,317.3330334564686
0.06577483449327913,0.05,0.16732071000663395,317.3459438794638
0.07098183633616592,0,0.1647916367582265,309.7727829550338
0.07158595505863946,0,0.1588017066926454,309.77912349948764
0.06596918855707183,0,0.16077568329913705,309.7713318543415
0.09187090528305014,0.05,0.1565162301568171,317.3835361043523
0.1953848793226117,0.05,0.03568085704172606,317.03621953074094
0.19579993187426453,0.05,0.017538072679033248,316.9638140710806
0,0.016993787020575447,0.184946032332065,310.66528059687147
0.1487149490240712,0,0.09937191078800754,309.7584544696267
0,0.05,0.1794871794871795,317.0968925635584
0.005747338994159343,0.05,0.17619161784855253,317.136113666292
0.19454356051953794,0,0.04181589814758435,309.56186866939845
0.19523271442437912,0,0.03523527026552084,309.5444920095146
0.18977627494391708,0,0.03858962995156672,309.5698226454426
0.1428398458702385,0,0.11498680516571855,309.77494517538867
0.1428398458702385,0,0.12139706157597493,309.7760725048743
0.1487379578298365,0,0.11858974358974358,309.7663388746108
0.19014763633791287,0.05,0.03922546453676291,317.07586358833623
0.10978360883252963,0.05,0.13459944871433666,317.397146488195
0.11499334683503332,0.05,0.13768948063093955,317.3932147780453
0.021858173421063772,0,0.18525092571713955,309.6547397575016
0.021676363358816612,0,0.19153630308218766,309.64367166318806
0.05103432944581708,0.05,0.16406930094913508,317.32205849587075
0.2,0.03363165499085552,0.01115537594858329,313.00685325336667
0.2,0.03565736148347203,0.01613569647959519,313.43016710159185
0.16012952275653952,0.05,0.11217948717948717,317.31470108012314
0.011494677988318686,0.05,0.17930631262018193,317.16091511361606
0,0.016739097512813272,0.19705333194444408,310.6157313437792
0.10457387083002595,0.05,0.13150941679773376,317.3995718883954
0,0.04449240792390746,0.18781301591202001,315.59698988159
0.022884794778297954,0.05,0.1729099729176499,317.22231767082826
0.1604998190263905,0,0.06816825876852138,309.7024950421198
0.16079195461000273,0,0.061863847470308944,309.69186952288584
0.15518426049434414,0,0.06520023863634489,309.7085689883563
0.022833238247490117,0.05,0.16659014994089227,317.23112541614114
0.2,0.05,0.012820512820512825,316.91738713499626
0.2,0.04647015093706096,0.017800833351524728,315.97038890989705
0.2,0.05,0.019230769230769235,316.9467791801642
0,0.016866442266694356,0.19099968213825452,310.64103049351195
0.2,0.028195451579761263,0.026431632015537557,312.09123139235123
0.14997630988791377,0.049999999999999996,0.07512931329424226,317.3039022059997
0.14973537529294745,0.04999999999999999,0.08113176962111304,317.31372522335545
0.1599051384540633,0,0.08048621707446058,309.720108500313
0.15458957992201694,0,0.07751819694228407,309.727104312566
0.15428703493330193,0,0.08353174395001083,309.7346880688346
0.19454356051953794,0,0.05463641096809717,309.58799166918726
0.1548921249107319,0,0.07150464993455732,309.71855691761635
0.2,0.03885847902960275,0.019945116174592218,314.1272452683493
0.2,0.03510538770189192,0.021139851061151703,313.3378730535537
0.17252926665980356,0.05,0.06199191083916673,317.211876403437
0.10603560540528731,0,0.14764738677994843,309.8006192974155
0.1601295227565395,0,0.11217948717948718,309.7432946503126
0.13719027071353745,0.05,0.12474150035601089,317.36974206186426
0.16000582620241874,0,0.08672393572610584,309.72666787257054
0.010562485075917298,0,0.19812610301530786,309.5992857658789
0.01602553767612311,0,0.1947499310040675,309.62196363938574
0.18908712103907588,0,0.05158051424388663,309.5995689848682
0.2,0.05,0.006410256410256413,316.8841923870403
0.1369740130583606,0,0.12431748980173182,309.7843299404957
0.1907697586452234,0.05,0.03290017562191365,317.0516962533165
0.16709991700022847,0.05,0.059012961340638506,317.22435021104815
0.17282936834878682,0.05,0.055707094542642006,317.1964733736465
0.18656969051948794,0.05,0.02479722265992125,317.0421255372451
0.18698474307114077,0.05,0.01947495111774126,317.0179015075455
0.1829807172743782,0,0.06126729339153437,309.6355151308354
0.18330569941649602,0,0.05489595545560523,309.6231844470086
0.19579993187426453,0.05,0.004717559858520422,316.89897431089054
0,0.01120184659316921,0.19345356879679698,310.1178726119586
0.18739979562279357,0.05,0.014152679575561267,316.99183473298393
0.11471873049618184,0,0.13003232374771137,309.8039156907493
0.1203399728912045,0,0.1335003050038606,309.79987005754856
0.1428398458702385,0,0.10857654875546213,309.77277921560767
0.1487379578298365,0,0.11217948717948717,309.76476173180447
0.2,0,0,309.4253518794522
0.2,0.005578619501238044,0.004487208959664831,309.62945013843853
0.2,0.02987856366314469,0.012350110835142775,312.3253857690607
0.17756202180551184,0,0.05823023505047087,309.6453568733215
0.17723703966339405,0,0.06460157298640001,309.6570924026878
0.2,0.005578619501238044,0.010897465369921241,309.65048318873784
0.2,0.04591817715548084,0.02921524434333765,315.87069383650726
0.04546455961799849,0.05,0.1669953249326233,317.3046635802957
0.13110818024648263,0,0.1272379180274887,309.79119346291225
0.17214332633664547,0,0.05519317670940737,309.6539213489889
0.17788700394762966,0,0.05185889711454173,309.6326203479782
0.1494944406979811,0.049999999999999996,0.08713422594798381,317.32226081433924
0.15443374029318802,0.05,0.11538461538461536,317.33150373704785
0.1486689314125406,0,0.08657727082556109,309.7479671042851
0.2,0.04591817715548084,0.02280498793308124,315.8461111267093
0,0.05,0.1858974358974359,317.0841693999468
0.08705520710875375,0.05,0.15863537996976707,317.37908157458
0.154433740293188,0,0.11538461538461539,309.75552148434076
0,0.03898481584781492,0.18331833951634774,314.2898239760766
0,0.04449240792390746,0.18140275950176363,315.6096024076717
0.07659860283773354,0,0.16281766015173485,309.77983059176245
0.14957656637868555,0,0.06853662980238083,309.72385416664844
0.0907032306513975,0,0.16275274963063435,309.78786042829483
0.15021724448288015,0.05,0.06912685696737149,317.2927917622722
0.09147993127419039,0,0.16881254623690212,309.7815771590102
0.08615724063411256,0,0.1647931816207293,309.7839714733215
0.1802066861173912,0.05,0.03340602324817359,317.10240283262715
0.17825871800836193,0.05,0.05868604404117024,317.18230187112005
0.1850089893682962,0,0.03536336175554909,309.5766574402372
0,0.011329191347050297,0.18739991899060743,310.1385837600494
0.06657330727954537,0,0.15478575323355595,309.7771445871362
0.005463052600205809,0,0.18893152029645194,309.59941312874696
0.11516072878322894,0,0.1367073065865998,309.8021375427494
0.1487379578298365,0,0.10576923076923078,309.762145958703
0.16639964872566132,0,0.058527456304273015,309.67375577023716
0.067051247079642,0.05,0.1557393100931136,317.36156215104023
0.14897147640125558,0,0.08056372381783433,309.7408930970873
0.1736366119596368,0.05,0.04301784120909521,317.15934659311455
0.1683107824165035,0.05,0.0399790813403183,317.16906915226406
0.17425873426694735,0.05,0.03669255229424595,317.1372569426875
0.13694173391064052,0,0.11138386674169348,309.7819916075696
0,0.04449240792390746,0.1749925030915072,315.6204768514514
0.1789624415027702,0.05,0.046056601077872114,317.14718677164507
0.2,0.03888888888888889,0,314.0430707167356
0,0.05,0.17307692307692307,317.1078776448681
0.11986569545643734,0,0.12030195551519024,309.80094248998677
0.12064148279042314,0.05,0.12137770155803296,317.3910057583662
0,0.0056645956735251485,0.18985380564914986,309.7752782772173
0.09444935826289143,0.05,0.13925180032113724,317.39686022546636
0.19580272510191543,0,0.0045467994491020566,309.45460916484285
0,0.03347722377172238,0.1788236631206755,313.1482104374931
0.1489901187858847,0.049999999999999996,0.09955756249548176,317.3360348934687
0.028579129104925716,0.05,0.16971876142024606,317.2487534589357
0.11427673220913476,0,0.12335734090882296,309.80462666706256
0.13121094353105853,0.05000000000000001,0.11470826423958803,317.3773596659476
0.14927402138997056,0,0.07455017681010759,309.7328554512085
0,0.03898481584781492,0.17690808310609135,314.3005877823264
0.1861546379678351,0.05,0.030119494202101242,317.06450682208293
0.17855881969734516,0.05,0.052401227744645514,317.1658865325823
0.016389157800617428,0,0.1821791762739713,309.64406232340156
0.005695782463351506,0.05,0.16987179487179488,317.14558714048354
0.09153987358041504,0,0.1563138559233339,309.7939173189067
0.08699388356313009,0,0.15835428791342884,309.79050908743886
0.1432699790921824,0.05,0.1024601473801737,317.35049126903203
0.14352214004823058,0.05,0.09624847910642473,317.344932555732
0.06215673707205201,0.05,0.14544758415555076,317.36206137768585
0.06741980537521149,0.05,0.14928376444299887,317.36775344766255
0.061788178776482516,0.05,0.15190312980566545,317.3565807338723
0.06092336550118714,0,0.1576012348837183,309.76784515748204
0.10385814090464623,0,0.12488926266103384,309.80764069885754
0.10917127398153792,0,0.12712917958598557,309.80648432215736
0.10896359913224307,0,0.12111742398387124,309.80646066936055
0.1040658157539411,0,0.13090101826314818,309.80714808443787
0.10961327226858501,0,0.13380416242487397,309.8052728713248
0.05111023368726591,0.05,0.15745645704301314,317.3298389615788
0.08244789354584514,0,0.16039471990352377,309.78628420158344
0.03417469478010904,0.05,0.15384615384615385,317.28667483593557
0.03422480317419313,0.05,0.16017989353063583,317.2804264101306
0.028478912316757532,0.05,0.15705128205128205,317.26397920350826
0.18926207606266154,0.025978509711246704,0,311.68447623713945
0.1954231524771158,0.02767413980269262,0,311.9257888344197
0.19383892358554572,0.031637703241887416,0,312.6119032918763
0.022032778965321527,0,0.1789456746324644,309.66459325661776
0.02226550882846722,0,0.17270646202832016,309.6735141135639
0.016621887663763123,0,0.175939963669827,309.65355863493556
0.19542315247711584,0.016563028691581515,0,310.4589557923008
0.19542315247711584,0.022118584247137064,0,311.11174779981866
0.0990128866228642,0.05000000000000001,0.12889668417393005,317.40047120847424
0.10440432741790395,0.05000000000000001,0.12549818588369088,317.400280219584
0.15907773314948248,0.05,0.034144554763873465,317.1784426654415
0.15732480753487707,0.05,0.03992240564561294,317.20236084143085
0.15270828290136657,0.05,0.037005142357390525,317.2048710460501
0.0284789123167575,0,0.15705128205128205,309.70615683705046
0.022783129853406005,0,0.16025641025641024,309.68848200558244
0.02819402115496441,0,0.16326212121904768,309.69960534621663
0.13824930564041127,0,0.08645916190675042,309.76342279232585
0.14374772248983028,0,0.08351571948827452,309.75258488185233
0.13882651356711997,0,0.08045416815098794,309.75611228939187
0.15947910060655618,0.05,0.026848785883557786,317.15060552672406
0.16449699269714035,0.05,0.02247028029146453,317.1181241794668
0.16409562524006668,0.05,0.029766049171780207,317.1478817040485
0.03979457300201172,0.05,0.1572538695471476,317.30065162275565
0.045414451223914395,0.05,0.16066158524814134,317.3124461760674
0.03984468139609581,0.05,0.16358760923162957,317.29363611196743
0.17254889167995913,0,0.048810300755156626,309.6405172486814
0.17295445702327272,0,0.04242742480090589,309.6259879805263
0.16721077941228857,0,0.04576170439577153,309.6471365147497
0.11005527055563212,0,0.1404791452637624,309.8029942488057
0.10527170972313775,0,0.14261169394099252,309.8033679495949
0.08469576078229651,0.05,0.14122380366759246,317.39142924755157
0.08942883255439127,0.05,0.13687991843442818,317.3960538079875
0.08412085290948573,0.05,0.12779226942784577,317.39504165024397
0.08897183520586388,0.05,0.12415292040051193,317.3980371483653
0.08914137861798588,0.05,0.13016415131455483,317.39771140107104
0.1432165321746522,0,0.10231535320648344,309.7690798028229
0.1373184202150542,0,0.1051226711927148,309.7788114881516
0.07339712792156479,0.05,0.14668385134111628,317.37759830408595
0.06778836367078098,0.05,0.14282821879288415,317.3725957770317
0.07376568621713428,0.05,0.1402283056910016,317.3817923719656
0.08440830684589112,0.05,0.13450803654771915,317.39395421794836
0.0790869965315127,0.05,0.13736817111936034,317.388649226791
0.07879954259510732,0.05,0.13065240399948702,317.3902760102133
0.17506146918109472,0.05,0.022101014533614592,317.0800665712936
0.16951488478772453,0.05,0.018091774699371267,317.0830689626983
0.17547652173274755,0.05,0.0167787429914346,317.055382020873
0.016854617526908817,0,0.16970075106568275,309.662007896612
0.011391564926703006,0,0.16666666666666666,309.6490462169357
0.011158835063557313,0,0.17290587927081094,309.64106985061323
0.16750353880565347,0.05,0.0526683346738651,317.2077810469319
0.16113408855753755,0.05,0.05552892226738215,317.23479098827136
0.16153771036296255,0.05,0.04918429560060876,317.2173776010941
0.17300992319181635,0.05,0.012061183132914178,317.04216152660547
0.19084630495423163,0.022014946272051916,0,311.1154693496854
0.05652511047332304,0.05,0.14806694951821733,317.34973839170834
0.14987897354597202,0.05,0.06227151935187081,317.2798676788854
0.14954070260906388,0.05,0.05541618173637014,317.26496238344544
0.15550653105175477,0.05,0.05890022080962649,317.25844896936087
0.0727305029443944,0,0.14586090468463542,309.7894532716168
0.06688121223628278,0,0.14828384493284646,309.7820034322139
0.07242259798765699,0,0.15236281298534493,309.78507744279585
0.10907760639697134,0.05,0.11513856553847177,317.39736366150925
0.1146385906041331,0.05,0.11775129816227549,317.3950770131644
0.10979576821294369,0.05,0.1220996875934517,317.39840996530137
0.027501794585767868,0,0.1820174240756327,309.6744540787941
0.027676400130025623,0,0.1757121729909576,309.6837491637476
0.1679071606110785,0.05,0.04632370800709171,317.18935402733723
0.17323299015421184,0.05,0.04936246787586861,317.1788389111198
0.09896035752634427,0,0.13467285694031078,309.8066179539042
0.09972425320849383,0,0.1397085497792667,309.80506708878534
0.10450781404098819,0,0.1375760011020366,309.8054361590861
0.16680521406897494,0,0.052144580350022264,309.66100872641726
0.07303840790113181,0,0.13935899638392596,309.79274897399637
0.07857979365250602,0,0.1434379644364244,309.795569798305
0.13217368086428358,0,0.09540759808098881,309.77878611008924
0.1258625040779789,0,0.09812802254910126,309.7870419881445
0.13179699455986987,0,0.10166879362996747,309.78345663370436
0.09416190432648604,0.05,0.1325360332012639,317.39908797933765
0.19333333333333336,0.05,0,316.8854716539004
0.13871344682467746,0.05,0.08671976342490384,317.34378414652264
0.13365259264507615,0.05,0.08340271601713192,317.3478012585074
0.13937273233877845,0.049999999999999996,0.08050013113243999,317.33423550677844
0.07937445046791809,0.05,0.1440839382392337,317.38558490526765
0.04878332972824532,0,0.17532937977008767,309.7300032429607
0.049203405836358,0,0.1692807889770653,309.7381361279822
0.04376891895311101,0,0.1723629466988679,309.72420402379254
0.11358567773995794,0,0.11016502795982511,309.80192053015975
0.11393120497454634,0,0.11676118443432403,309.80382596609803
0.11952016822184894,0,0.11370579904069132,309.7997152990816
0.19084630495423166,0.01645939071649636,0,310.46442800854834
0.13969223762258057,0,0.06947140441946487,309.7404165973899
0.14435281246726026,0,0.071488625472821,309.7365637356464
0.14491599153400586,0,0.06651940874902469,309.72839632326645
0.027909129993171317,0,0.1694729603868133,309.6920945661058
0.1314203082554562,0,0.10792998917894617,309.7871223085374
0.09382281750224203,0.05,0.12051357137317809,317.399581202184
0.09867379979862018,0.05,0.11687422234584427,317.3996738117001
0.09884334321074217,0.05,0.12288545325988715,317.40063868402626
0.10423478400578196,0.05,0.119486954969648,317.3998562028943
0.17829256929094328,0,0.04547602116029099,309.6185591911831
0.09354081488178521,0,0.15266972852888028,309.797212792674
0.1323340216168742,0.05,0.09584198060205962,317.36395425775805
0.13780200035452828,0.05,0.09915106399111664,317.35814445571253
0.1319596622549356,0.05,0.10213074181456908,317.36970443648806
0.12510913146915154,0,0.11065041364705862,309.79434096498284
0.03875450817797671,0,0.16939651362764813,309.717402761081
0.03360491245652281,0,0.16626783218168512,309.7094575200826
0.03332002129472972,0,0.17247867134945072,309.7015300447911
0.188016671123505,0.04636078620794362,0,315.9148092105621
0.1866666666666667,0.05,0,316.919389654133
0.18913326520759788,0.05,0.004717559858520422,316.93452731549644
0.13742764099258975,0.05,0.10543982520362612,317.3633158430469
0.13158530289299708,0.05,0.10841950302707855,317.3741729058847
0.12520805134476848,0.05000000000000002,0.11108186084383057,317.38358127179356
0.09399236091436403,0.05,0.126524802287221,317.39990076469996
0.1446745211133461,0.05,0.07781472221334113,317.31990181183414
0.1444335865183798,0.05,0.08381717854021191,317.32908716838415
0.032970810206214216,0,0.185089173518801,309.68296899593713
0.13767209771370256,0,0.0924641556625129,309.7698054793009
0.13275088879099228,0,0.08940260432522633,309.7729683316531
0.12558241070670706,0.05,0.1047930996313211,317.3797629267685
0.12595677006864558,0.05,0.09850433841881161,317.37466287240983
0.14405026747854527,0,0.07750217248054776,309.74505612808986
0.15557188192027166,0.05,0.04570025652735241,317.22444193300106
0.16194133216838758,0.05,0.042839668933835354,317.1981063584383
0.11324015050536954,0,0.10356887148532617,309.7989103592476
0.10827254466306627,0,0.10792511103487339,309.8029019352547
0.1437743010042788,0.049999999999999996,0.09003681083267576,317.3380890188874
0.18143815867777058,0.05,0.015465711283497934,317.02497061096824
0.1849331970818624,0.05,0.009435119717040846,316.9800168680608
0.10365046605535139,0,0.1188775070589195,309.80722433295483
0.16096764491312257,0,0.04880366973684823,309.66725535054695
0.05636579720662413,0,0.14774909723169816,309.7683421661137
0.050715855428265906,0,0.15056457888186048,309.75756351229006
0.05581961046472653,0,0.1540829068827894,309.763313796055
0,0.011329191347050297,0.180989662580351,310.1489739964832
0.06146955224308475,0,0.15126742523262704,309.7733528377938
0.06177745719982215,0,0.14476551693191755,309.77767896648356
0.10861807189765467,0,0.1145212675093723,309.8052336697945
0.034174694780109,0,0.15384615384615385,309.72243460283477
0.03388980361831591,0,0.16005699301391946,309.7164257060972
0.17897156013683937,0.05,0.010748151424977512,317.0124514313729
0.1401489883000347,0.05,0.06974671716649425,317.31503368978923
0.134847199525467,0.05,0.07243212608559313,317.3289598454306
0.1353825208917569,0.05,0.06768116844651817,317.3193321996464
0.13961366693374477,0.05,0.07449767480556921,317.3244003846625
0.14491545570831246,0.05,0.07181226588647036,317.3094290289124
0.09875268267704942,0,0.12866110133819644,309.8076268355403
0.09854500782775456,0,0.12264934573608212,309.8077267368541
0.1431935233688869,0,0.09591803322526021,309.7648235379594
0.14317051456312158,0,0.089520713244037,309.7595324773662
0.08412117940388023,0,0.14751693248892286,309.7969432159712
0.08783052649214762,0,0.15191539420612837,309.7959208146035
0.0898314677935178,0,0.14827126681167474,309.79903747847857
0.13503166277790088,0,0.06745418336610873,309.7434062482147
0.14025541668932617,0,0.06450218769566855,309.7320752689655
0.13559484184464649,0,0.06248496664231243,309.7348910037459
0.14034603872941642,0.05,0.058140421911918636,317.2905349865259
0.14068430966632456,0.05,0.0649957595274193,317.3047853332236
0.13591784225804676,0.05,0.06293021080744321,317.30882289216987
0.18626945743134746,0.01635575274141121,0,310.4690688869428
0.05126204217016356,0.05,0.14423076923076922,317.3410351245482
0.05118613792871474,0.05,0.15084361313689118,317.33616450447124
0.04556625970681205,0.05,0.1474358974358974,317.32505528574325
0.050169668686368296,0,0.1568983885329517,309.75198613939324
0.022498238691612913,0,0.1664672494241759,309.6813879206524
0.05424922889224269,0,0.17245523739248408,309.7426145732075
0.13769510651946787,0,0.09886147564373612,309.77462651995165
0.04549035546536323,0.05,0.1540487413420194,317.31947819231317
0.038334432069864026,0,0.1754451044206705,309.7090160061841
0.14545077707460236,0.05,0.0670613082473954,317.29944162325774
0.04962348194447069,0,0.16323219818404297,309.7453804534052
0.054669305000355384,0,0.16640664659946172,309.7503115885735
0.05527342372282891,0,0.16041671653388062,309.7572571129051
0.07743524576675107,0,0.15637876644443435,309.786316732228
0.038159826525606275,0,0.18175035550534563,309.6998164268873
0.03314541575047197,0,0.17878392243412586,309.6927933740002
0.059715128056240074,0,0.1695810950148805,309.7541203241082
0.1380541613105765,0.05,0.09293939571736769,317.3519868333603
0.13299330713097518,0.05,0.08962234830959578,317.3565507345859
0.15516826011484663,0.05,0.05204488319412581,317.2426995432395
0.0603192467787136,0,0.16359116494929937,309.76146602891896
0.03427491156827722,0.05,0.16651363321511783,317.27277950516196
0.16056207956980895,0,0.05518654569109897,309.68051905914115
0.10048814889064339,0,0.1447442426182226,309.80283578097834
0.13332809671770096,0,0.08339761056946385,309.76622273725786
0.1254858177735652,0,0.10438921809807994,309.7911939009546
0.005695782463351503,0,0.16987179487179488,309.62730312475605
0.00546305260020581,0,0.17611100747593916,309.6187526039299
0.01092610520041162,0,0.17914509187495523,309.63204643443316
0.00546305260020581,0,0.18252126388619555,309.609623897053
0.16911351733065086,0.05,0.025387543579686946,317.11474687314427
0.14477423520078608,0.05,0.05335063301639405,317.27028598112014
0.14511250613769422,0.05,0.06020597063189472,317.28585440821547
0.039870477243460545,0.05,0.15064102564102563,317.3069351895391
0.19542315247711584,0.011007473136025958,0,309.9638436773248
0.13912905855583496,0,0.07444062114326118,309.7481287890648
0.06718911719302019,0,0.14178193663213698,309.78578215085025
0.06208536215655957,0,0.13826360863120807,309.7809249687319
0.17650496159590817,0.05,0.006030591566457089,316.9974548513707
0.18246659854093122,0.05,0.004717559858520423,316.9657216027308
0.09477786050100581,0,0.14398990829547073,309.80269956076546
0.09554175618315537,0,0.14902560113442664,309.80003108331596
0.15095535728676115,0.05,0.04278299323913,317.2273920032108
0.01708734739005451,0,0.16346153846153846,309.6694101084309
0.0674970221497576,0,0.1352800283314275,309.7884807430451
0.108359444580999,0.05,0.10817744348349183,317.39471951080276
0.10351662218980959,0.05,0.11252583291466804,317.3980216810669
0.09401396481885625,0,0.13895421545651482,309.80468759552696
0.0625252953676215,0.05,0.13899203850543604,317.36619305424614
0.18270000891367663,0.04272157241588724,0,315.01442508873055
0.18135000445683833,0.04636078620794362,0,315.9441502189277
0,0.0056645956735251485,0.18344354923889347,309.78581720673475
0.06815692196635047,0.05,0.13637267314276946,317.3760891391475
0,0,0.1858974358974359,309.58605177097616
0.08328453647486268,0,0.15395582619622333,309.79217665225366
0.15472451041395657,0,0.05184563507792492,309.6857867946821
0.1551300757572702,0,0.045462759123674173,309.67200642131365
0.07827188869576861,0,0.14993987273713388,309.7916769857409
0,0.0056645956735251485,0.17703329282863706,309.7952740748234
0,0,0.1794871794871795,309.59565733214845
0.18000000000000002,0.05,0,316.948948936994
0.09833733297845972,0,0.1166375901339678,309.80691765784553
0.043348842844998334,0,0.17841153749189026,309.7154999240339
0.05667370216336154,0,0.14124718893098864,309.7721355784154
0.19468333779017166,0.04080523065238806,0,314.5041815334148
0.1343118781591771,0.05,0.07718308372466809,317.33770582952235
0.1806080535744649,0.05,0.026110254367857914,317.0738791910885
0.18102310612611774,0.05,0.020787982825677925,317.05034627345935
0.11955132729167421,0,0.10084844701721371,309.7937500711973
0.11917464098726054,0,0.1071096425661924,309.79738337320254
0.14920243167215574,0.05,0.04856084412086947,317.24807587595245
0.18936667558034329,0.04272157241588724,0,314.9853023548603
0.0390393993397698,0,0.16318567445988252,309.7248328732323
0.0441889950612237,0,0.16631435590584553,309.73201956395235
0.04447388622301679,0,0.16010351673807993,309.7389523129633
0.056449206231874216,0.05,0.1546797934243393,317.3440497613263
0.18320559916588902,0.03547038676888577,0,313.39369962455413
0.18936667558034329,0.03716601686033168,0,313.719848139884
0.18405001337051494,0.03908235862383086,0,314.1597735464026
0.19084630495423163,0.010903835160940806,0,309.97161750592915
0.1954231524771158,0.005451917580470403,0,309.6237118367656
0.18767784717109146,0.0299420731504415,0,312.33581727667513
0.18852226137571737,0.03355404500538659,0,312.99279645583204
0.17466010172402105,0.05,0.02939678341393027,317.11016734728594
0.1199233209744508,0.05,0.11441657950305302,317.3901603776971
0.1488869412581042,0,0.048504724464750876,309.68955897686004
0.028529020710841624,0.05,0.16338502173576405,317.2570655708039
0.022783129853406026,0.05,0.16025641025641027,317.23870425574495
0.18468522853977737,0.020319316180606,0,310.92096820439457
0.18310099964820728,0.024282879619800794,0,311.45520167392783
0.17967087710062565,0,0.032314765396163986,309.58443992705025
0.19468333779017163,0.03524967509683251,0,313.29993273813176
0.154461208515972,0.05,0.03122729147565105,317.1805130044701
0.1687121498735772,0.05,0.032683312460002625,317.14341360299954
0.1823611849612631,0.031858414913940675,0,312.6976982076008
0.163694257782993,0.05,0.037061818052095886,317.1746280480395
0.05689366876889253,0.05,0.14161140386810261,317.354508382713
0.08906757211136823,0,0.14323557397271883,309.80146268288263
0.19468333779017163,0.04636078620794362,0,315.88110948482495
0.11920515915847846,0.05,0.10745545744807308,317.38771715011353
0.11392042878816075,0.05,0.11079017610729555,317.3932210804932
0.119579518520417,0.05,0.10116669623556361,317.3832672201263
0.1613732102564362,0,0.04242079378259748,309.65286647410517
0.1815167707566372,0.028246443058995586,0,312.07176929554265
0.17898172319578448,0,0.03889539327822749,309.6021190009886
0.17364361092811392,0,0.035846796918842384,309.6090858217492
0.1676163447556022,0,0.03937882844152078,309.6321391352346
0.13446848371115527,0,0.07242340008990505,309.75129235593397
0.051262042170163516,0,0.14423076923076925,309.76211257209565
0.07347823228072889,0.05,0.13351253857112821,317.3839585065145
0,0,0.17307692307692307,309.6041808318918
0.03932429050156289,0,0.15697483529211687,309.73130369610664
0.11320226697218842,0.05,0.10382905405231563,317.38976730090775
0.103304938820763,0,0.1122813505844206,309.80557103478725
0.13390530464440967,0,0.07739261681370137,309.75854932690385
0.0871090055595147,0.05,0.10551610175845594,317.3910799580351
0.09254197214397761,0.05,0.10863034857873367,317.3952884279841
0.08780786662969432,0.05,0.11064572870528878,317.3942178031979
0.17248369934019003,0.021251191909749237,0,311.07580609819104
0.1785844639399837,0.02078525404517762,0,310.9984880920476
0.1770002350484136,0.024748817484372413,0,311.5425812690805
0.09709396469769513,0,0.10623111229656229,309.80318473948427
0.09192412552834842,0,0.1028988794961726,309.80044456004066
0.09254580966873072,0,0.10810211841487535,309.80321054085863
0.17312968336878015,0.0278473372316806,0,312.03372342845813
0.16666666666666669,0.05,0,316.997823093753
0.16000000000000003,0.05000000000000001,0,317.01794981657343
0.16330170523924564,0.045847334100306725,0,315.8736681895389
0.022783129853406026,0.05,0.15384615384615385,317.2453344258675
0.01708734739005452,0.05,0.15705128205128205,317.2181865439341
0.12799347382875512,0.05,0.08576684605928721,317.35875866423703
0.12733418831465412,0.05,0.09198647835175104,317.36683433533887
0.06166759400277475,0,0.11901386945818171,309.78209307363664
0.06187647807966715,0,0.12543361083956667,309.7828584582133
0.06707925399597278,0,0.12244054556865754,309.78911858213564
0.1814916169682861,0,0.015024783469166216,309.5312882296091
0.18092160629074983,0,0.020072228644559355,309.5478823648496
0.09797493872844056,0.05,0.11174459539901141,317.3978819916174
0.091843111073798,0.05,0.10350072163190083,317.3919568239244
0.15689042682974438,0,0.03957281296004482,309.65560520944166
0.1801686928315538,0.016821690605982827,0,310.53672906709625
0.07834618654242881,0,0.13657259070417158,309.79816015566604
0.0728048007910546,0,0.13249362265167314,309.794609226474
0.04502007296491441,0,0.15376970708698867,309.745096095167
0.0883898509177791,0.05,0.11739932455290036,317.39685209028477
0,0.016747320644974972,0.1728701582539115,310.6572162378747
0,0.011082724971449824,0.16891378850219751,310.1462269107859
0,0.016624087457174735,0.1668322212148347,310.65168202928913
0.1458135835234432,0.05,0.042978374464300986,317.2395060417731
0.14756650913804864,0.05,0.03720052358256151,317.21747416224406
0.09771564883807743,0,0.11143435121526504,309.8054056172891
0.1026832546803807,0,0.10707811166571785,309.80358739085983
0.17663503857257895,0.04584733410030672,0,315.8282659468914
0.17432432944070178,0,0.028651705342630895,309.58920833765313
0.1803515956132135,0,0.025119673819952497,309.56373051310044
0.17500504795328964,0,0.021456613766419406,309.5678174117768
0.18246939176858207,0,0.004546799449102056,309.49544066228344
0.1765528334311219,0,0.005931184570962103,309.5160831897258
0.179022225199704,0,0.010477984020064158,309.5240732160132
0.18913605843524878,0,0.0045467994491020566,309.47577359490884
0.19333333333333333,0,0,309.44742583592904
0.04556625970681204,0.05,0.13461538461538458,317.3315173590895
0.05126204217016356,0.05000000000000001,0.13782051282051283,317.34426943914286
0.04556625970681205,0.05,0.14102564102564102,317.32893998694794
0.034174694780109025,0.05,0.1474358974358974,317.2918450881591
0.03417469478010902,0.05,0.141025641025641,317.29572142438303
0.03987047724346053,0.05,0.14423076923076922,317.31146266625314
0.10281776111962995,0.05,0.1073962059678352,317.3956548192998
0.005695782463351503,0,0.15064102564102563,309.64473078657664
0,0,0.15384615384615385,309.62311058365555
0.005695782463351504,0,0.15705128205128205,309.639955582056
0.17849063328162967,0.03495693466124887,0,313.30779450850537
0.17933504748625556,0.03856890651619396,0,314.0646063055528
0.1259616082363708,0.05,0.06471411026342803,317.3264503777778
0.1304044038809189,0.05,0.06857311817451058,317.32844461257287
0.1254262868700809,0.05,0.06946506790250298,317.3363588931677
0.08295688433331617,0.05,0.11428507773262261,317.39250807206986
0.0823749000452314,0.05,0.10753148188501106,317.38906743947337
0.09316749380911299,0,0.1133053573335781,309.80526768442803
0.005695782463351504,0,0.16346153846153846,309.63416419082273
0,0,0.16666666666666666,309.6115604239799
0,0.01687055383277521,0.17890809529298823,310.6617490937355
0,0.01120595815925006,0.17495172554127425,310.14810112999703
0.07259591671416218,0,0.12607388127028812,309.79502072922384
0.06728813807286518,0,0.1288602869500425,309.7893097346235
0,0.022365032749824185,0.1768673055558584,311.32672679583925
0.12928116207080026,0.05,0.04963448262438069,317.28653800956357
0.1359215852712521,0.05,0.04927660312321028,317.2759180469769
0.13149338879988243,0.05,0.054066392018734866,317.29505596269695
0.14417766098933613,0.05,0.03161805392599304,317.2052927615024
0.14242473537473072,0.05,0.03739590480773251,317.228672647819
0.13903588722601817,0.05,0.03181343515116403,317.2155756940901
0.0836539651837258,0,0.1337861850244172,309.8023985989499
0.08342035807364859,0,0.12692081129216437,309.80334797817426
0.07811257943235159,0,0.12970721697191875,309.79956497151704
0.09336500801018933,0,0.12006533052003332,309.8068486338137
0.0935726828594842,0,0.12607708612214766,309.8071723581545
0.09378035770877906,0,0.132088841724262,309.80658710217295
0.13253273712253955,0.05,0.0436941334666418,317.2652263856096
0.13578431217427886,0.05,0.037753784308902916,317.24157228045175
0.13917316032299137,0.05,0.043336253965471395,317.2534665879999
0.15300334759006384,0.05,0.011578260047412248,317.10057427472844
0.15650167379503194,0.05,0.005789130023706124,317.06103706167687
0.15967330205760677,0.05,0.011819721590163212,317.084101515805
0.03987047724346052,0.05,0.1314102564102564,317.3166166566561
0.03987047724346053,0.05,0.1378205128205128,317.31469622696767
0.17310566686224382,0,0.011862369141924206,309.54387668517836
0.15280914613901325,0.05,0.026607324340806822,317.1673496753185
0.15782703822959743,0.05,0.02222881874871356,317.13665663223253
0.1041245288673103,0.05,0.09865740539127625,317.38936878661957
0.09858284540594126,0.05,0.09787616787561962,317.3890365071631
0.10058847422380125,0.05,0.09426699424589355,317.3857595584502
0.16381427984149824,0,0.029335756042756633,309.61600758168726
0.1644949983540861,0,0.02214066446654514,309.5948528194387
0.15933149641480643,0,0.026487775220203975,309.6179598751115
0.16829706326819005,0,0.032183736865309294,309.6130935809922
0.1689777817807779,0,0.0249886452890978,309.5925345849696
0.16965850029336574,0,0.01779355371288631,309.57046214716644
0.18,0,0,309.48708166080866
0.1337056155289646,0.05,0.05849830141308904,317.3024842568991
0.10765086052268397,0,0.10272187211617063,309.80044668795614
0.04556625970681202,0.05,0.12820512820512817,317.3327920766905
0.11733452171021402,0.05,0.08427547385113393,317.3675952062376
0.11595710346420549,0.05,0.0907933339181945,317.37650692388326
0.11242104882069642,0.05,0.08640292277281178,317.37357164375675
0.10211890004945032,0.05,0.10226657902100234,317.3924211860957
0.10766058351081936,0.05,0.10304781653665898,317.3917776073512
0.16313356132891038,0,0.036530847618968125,309.6356489021555
0.12986908251462903,0.05,0.07332407581358553,317.33777186231373
0.12420996369830799,0.05,0.07568820585574082,317.3485825959394
0.11976716805375989,0.05,0.07182919794465828,317.3463491497127
0.12098349122553281,0.05,0.06560605999142044,317.33346692208437
0,0.011082724971449824,0.1625035320919411,310.1533033143554
0.0972760776582609,0.05,0.10661496845217855,317.3952234000978
0.12865275934285608,0.05,0.07954721376682337,317.34933704022876
0.11457968521819695,0.05,0.09731119398525505,317.3838976221067
0.011391564926703008,0,0.16025641025641027,309.6553887569811
0.011391564926703006,0,0.15384615384615385,309.66068142895074
0.17764621907700373,0.03134496280630378,0,312.621055216353
0.03417469478010901,0.05,0.13461538461538458,317.29830384460735
0.05126204217016353,0.05000000000000001,0.12499999999999999,317.3468301047105
0.05689366876889251,0.05,0.12879089104758978,317.3586018859444
0.05126204217016354,0.05,0.1314102564102564,317.34620109919695
0.05126204217016351,0,0.13782051282051283,309.76477718390873
0.14468611649381208,0,0.05984210696981471,309.7178072211836
0.1400255416491324,0,0.05782488591645858,309.7210653347049
0.056893668768892514,0.05,0.13520114745784623,317.357206461599
0.06252529536762148,0.05,0.13258178209517962,317.3683548974234
0.06208536215655956,0,0.13185335222095165,309.7826036987238
0.1755750586308259,0,0.01640916859102626,309.5514977362786
0.0398704772434605,0,0.14423076923076925,309.7406310098324
0.0398704772434605,0,0.15064102564102563,309.7369855745259
0.04556625970681201,0,0.14743589743589744,309.7502115642794
0.13813381200033426,0.05,0.05370851251756445,317.2837713462171
0.09324083321415724,0.05,0.11375997552556652,317.39775326060675
0.04556625970681201,0,0.14102564102564102,309.75339449244984
0,0.04448128413779783,0.16870220219933024,315.627160049701
0.05667370216336154,0,0.13483693252073226,309.77430724931787
0.056673702163361525,0,0.1284266761104758,309.7754229024897
0.0512620421701635,0,0.13141025641025642,309.7663857779911
0.1849387835371642,0,0.009093598898204113,309.50302465106654
0.17807887368777128,0.011369773025512423,0,310.04605515997423
0.1759890545439888,0.00591785544504202,0,309.7045534994721
0.18208981914378247,0.005451917580470403,0,309.6652384895669
0.18666666666666665,0,0,309.46800242971455
0.034174694780109004,0,0.13461538461538464,309.731726688666
0.034174694780109,0,0.14102564102564102,309.72963990722127
0.0398704772434605,0,0.13782051282051283,309.74326586464
0.022783129853406026,0.05,0.1474358974358974,317.2505797163852
0.01708734739005452,0.05,0.15064102564102563,317.2241382156178
0,0.005541362485724912,0.1709953557895603,309.7970598449868
0.16317162826257486,0.05,0.006030591566457089,317.0434324489128
0.18875648581044915,0.005451917580470404,0,309.6452238445119
0.0784620053138076,0.05,0.12398379676488364,317.3904476934415
0.07314069499942917,0.05,0.12684393133652486,317.3846395537967
0.17377566739737027,0.03444348255361197,0,313.2217986443725
0.1692591316891467,0.030945856978988794,0,312.5763230950448
0,0.022241799562023948,0.17082936851678163,311.3186580860747
0,0.022230675775914324,0.16453906762460468,311.32483076814793
0.083887572293803,0,0.14065155875667001,309.8002636782156
0.1746200816019962,0.038055454408557066,0,313.9693483166189
0.056464818086469123,0,0.12200693472909085,309.77510342989046
0,0.03346609998561276,0.17253336222849852,313.1561583120853
0.087375970499384,0,0.10476988561448566,309.7998408782381
0.08799765463976628,0,0.10997312453318842,309.8024431248207
0,0.05,0.16025641025641024,317.1249020896052
0,0.04448128413779784,0.1558816893788174,315.64221244856844
0,0.05,0.15384615384615383,317.13135182372685
0.09657721658808127,0.05,0.1014853415053457,317.3916980371413
0.17798504302941726,0.042208120308250344,0,314.90889933228755
0.06218775808632177,0.05,0.12591317486057624,317.3686595497413
0.056556131487592795,0.05,0.12212228381298643,317.3580207792442
0.06185022080502206,0.05,0.11924456762597287,317.3675648247076
0,0.027848387880763537,0.1685362149265516,312.15789450047544
0,0.02783726409465391,0.16224591403437463,312.16355411498347
0.07788002102572282,0.05,0.11723020091727204,317.38894461248935
0.07729803673763803,0.05,0.11047660506966048,317.38599230253084
0,0.027859511666873164,0.17482651581872855,312.15083422214275
0.08883396500129104,0,0.136370200240466,309.80407266732783
0.08282781547041958,0,0.10664089173279873,309.7984439790234
0.15240764340305257,0,0.03672483213749216,309.6573822375073
0.1506472923305784,0,0.04261477830112152,309.6739741250657
0.1511570837620545,0.05,0.0219873572059626,317.1526991590711
0.14766737237569533,0.05,0.026802705565977816,317.180050713596
0.14252559861237735,0.05,0.026998086791148807,317.19134712125447
0.1061301576851703,0.05,0.09504823176155018,317.3857009684085
0.12299364052653505,0.05,0.08191134380897865,317.3593001658004
0.17333333333333334,0.05,0,316.97482280055993
0.1699683719059123,0.045847334100306725,0,315.85240385340154
0.034174694780109,0,0.14743589743589744,309.7265425452775
0.08353886862140095,0.05,0.1210386735802342,317.3944994756601
0.06714431012245133,0.05,0.11636685143895932,317.3754622411007
0.07222117343004468,0.05,0.11342172825430989,317.3814572364066
0.07280315771812947,0.05,0.12017532410192147,317.3839212237271
0.022783129853406005,0,0.15384615384615385,309.6937649963708
0.022783129853406005,0,0.14743589743589744,309.6980005015716
0.01708734739005451,0,0.15064102564102566,309.6799829016805
0.07238703263726978,0,0.11965413988890317,309.7944120879074
0.06687036991908038,0,0.11602080418727256,309.78790728558164
0,0.005541362485724912,0.15817484296904746,309.81044616581084
0,0.005541362485724912,0.16458509937930388,309.8042878428156
0,0,0.16025641025641024,309.6178703412345
0.14256200847170392,0.05,0.048918723622039875,317.2630973357732
0.1740679282317601,0.017287628470554442,0,310.60418736574
0.011391564926703013,0.05,0.16025641025641027,317.1877933026939
0,0.03345497619950313,0.16624306133632155,313.1627055228528
0.10750757593117884,0.05,0.08853037169448962,317.37832897201173
0.10259410304166122,0.05,0.09065782061616745,317.38186719100247
0.1287274985181266,0.05,0.05939025114108145,317.31152804614385
0.011391564926703013,0.05,0.15384615384615385,317.19446314685047
0.045566259706812,0,0.1346153846153846,309.75552830271624
0.01708734739005451,0,0.15705128205128205,309.67522024784955
0,0.05,0.16666666666666666,317.1170773633189
0,0.04448128413779784,0.16229194578907383,315.635373745217
0.10206157053999841,0,0.1018748727470151,309.80089490968385
0.14911681629829798,0,0.05518202624396086,309.702254166814
0.1444562414536183,0,0.05316480519060472,309.70595465907627
0.14934669133849177,0,0.061859328023170845,309.7136858967435
0.15495438545415036,0,0.0585229368571349,309.69780962153146
0.022783129853406005,0,0.14102564102564102,309.70113996950454
0.01708734739005451,0,0.14423076923076925,309.683698069924
0.08860035789121382,0,0.12950482650821318,309.805497110263
0.15865077790221857,0,0.03368286679641547,309.6381969618056
0.1628449303201816,0.05,0.017850313156620303,317.1033897196353
0.005695782463351507,0.05,0.15064102564102563,317.1672970500789
0.005695782463351506,0.05,0.15705128205128205,317.16129391305435
0,0.03897369206170529,0.17061778221391438,314.30790331874726
0.10966621232867935,0.05,0.0994386429069329,317.38833433837686
0.17197810908797762,0.01183571089008404,0,310.09934087349404
0.005695782463351506,0.05,0.16346153846153846,317.15412802285124
0.16983829492924152,0.05,0.006030591566457089,317.02188043532817
0.16796716363196643,0.01775356633512606,0,310.6714437828744
0.02847891231675751,0.05,0.1378205128205128,317.2776808436103
0.02847891231675752,0.05,0.14423076923076922,317.2744388760373
0,0.03896256827559566,0.1643274813217374,314.31381819134356
0.15416799447552676,0,0.030834885973862802,309.63978331418497
0.011391564926703015,0.05,0.14743589743589744,317.19974811140224
0,0.033443852413393496,0.15995276044414458,313.1678520697955
0,0.03896256827559567,0.157917224911481,314.32104586392467
0.06748184740375104,0.05,0.12303545867356269,317.377070584468
0.15617497585263868,0.05,0.01760885161386934,317.12122055064526
0.14950502138509575,0.05,0.01736739007111837,317.136561455728
0.1309397252472088,0.05,0.06382216053543563,317.3182357011396
0.028478912316757504,0,0.14423076923076925,309.71453638439635
0.028478912316757504,0,0.13782051282051283,309.71714950908523
0.06781938468505075,0.05,0.12970406590816608,317.37727955048365
0.1663432565251497,0.05,0.012061183132914178,317.06513883095454
0.12374938150728862,0.05,0.060282200869073856,317.31937370305695
0.12651527178904443,0.05,0.05495834174672727,317.3037307322167
0.07790369535545918,0,0.12328747559053377,309.79955898543835
0.08302532967149591,0,0.11340086491925394,309.8012188080098
0.12233435501243407,0.05,0.08813097610144249,317.36804798483195
0.14601530999873655,0.05,0.022182738431133588,317.16500904180054
0.08819516884084264,0,0.11673309771964363,309.8046210140067
0.01708734739005452,0.05,0.14423076923076922,317.22870500769665
0.028478912316757532,0.05,0.15064102564102563,317.2699029924648
0.18417963828756498,0.010903835160940808,0,309.9925675649449
0.17327007714515788,0.04169466820061344,0,314.8032828277603
0.16990511571773684,0.03754200230092016,0,313.87399957960093
0.08839268304191897,0,0.12349307090609885,309.80565874058993
0.14931943475265408,0.05,0.03142267270082204,317.19360519829576
0.12095693676642554,0.05,0.09464883616850304,317.3764181121904
0.09647228055731283,0,0.10102787337785954,309.80025502443084
0.16660341047849125,0.04169466820061345,0,314.82568477721475
0.02278312985340602,0.05,0.14102564102564102,317.2544812313067
0.11104363057468788,0.05,0.09292078283987233,317.38171350077806
0.045566259706811996,0,0.1282051282051282,309.75660609525204
0.08322284387257226,0,0.12016083810570916,309.8028534743935
0.0398704772434605,0,0.13141025641025642,309.7448688733598
0.028478912316757504,0,0.15064102564102566,309.71091267920855
0.011391564926703006,0,0.14743589743589744,309.6649266153327
0.11855084488198696,0.05,0.0780523358978961,317.35772524443036
0.0512620421701635,0,0.125,309.7669383543429
0.16861314766055657,0.024349711657057425,0,311.50880449613595
0.11024151208222177,0.05,0.06317047448865253,317.3358369427052
0.11712891737604497,0.05,0.06111878395801401,317.32725004543227
0.11409608593170963,0.05,0.06765775052205895,317.3428633385848
0.16988616676445523,0,0.005931184570962103,309.53285935071364
0,0.02784139730806673,0.15581681452174806,312.17047158277546
0.0674691732175722,0.05,0.10994230878675687,317.37355225459066
0.06187193184652469,0.05,0.11292282177052745,317.3658448587779
0.15546510028791827,0.0385656670395086,0,314.13822797402963
0.15319765043187739,0.032848500559262896,0,312.969943931641
0.15876680552716388,0.03441300113981532,0,313.26000192949203
0.045566259706811996,0,0.12179487179487179,309.75658206707357
0.005695782463351503,0,0.13782051282051283,309.6511033498766
0.011391564926703006,0,0.13461538461538464,309.6701895239049
0.005695782463351504,0,0.13141025641025644,309.6526562798143
0.061502369336147195,0,0.11240338148691986,309.78029208285375
0.056299593419841566,0,0.11539644675782901,309.77379145251217
0,0.03881624881002446,0.13882306162011648,314.30237402861167
0,0.03881624881002446,0.1452333180303729,314.29861921710403
0,0.033224373215036684,0.14092690012248243,313.1400644770558
0.15701699193710228,0,0.02083768099162704,309.6068069794484
0.15470248745939816,0,0.015187586763050112,309.5946395765907
0.1495389855201185,0,0.019534697516708943,309.616830533257
0.09133897626136901,0.05,0.0889723373317824,317.3784292571142
0.09058136702883636,0.05,0.08267344098750526,317.37013876779577
0.09620893041898246,0.05,0.08351618262969777,317.3729315507753
0.13034421260343204,0.05,0.017654309153148133,317.17248684822783
0.133562808402288,0.049999999999999996,0.011769539435432089,317.13990696680753
0.1367311488639866,0.05,0.017558669459138213,317.162549703626
0.06716676507100623,0,0.10965634025102036,309.786267536318
0,0,0.13461538461538464,309.63267541231176
0.09063460191646208,0,0.08235746510117062,309.7826556507714
0.09611722862334518,0,0.08318661553361924,309.784909057881
0.09526330551589368,0,0.07676026562079677,309.7770420661037
0.12937993341565585,0.04999999999999999,0.038687124273289256,317.2540848591356
0.12612835836391653,0.049999999999999996,0.044627473431028145,317.2764241483728
0.12297555465703283,0.04999999999999999,0.039620464237675596,317.26460208171284
0.1118155439090189,0,0.07943483916727198,309.7783876837343
0.11777731130586572,0,0.0835707256806965,309.7801048780738
0.1187788433227584,0,0.07745858590701532,309.7722863530893
0.14680376835552103,0,0.036961132632393645,309.66724098473577
0.14856411942799522,0,0.03107118646876429,309.649903429049
0.14296024438046367,0,0.031307486963665775,309.6590598479923
0.06811889940781396,0.05,0.097093223482352,317.3657694084304
0.07287089962028644,0.05,0.100572642949905,317.37496493386266
0.06779403631269308,0.05,0.10351776613455443,317.3703213103673
0.10674996669864617,0.05,0.08223147535021245,317.37047132869066
0.10107888457659593,0.05,0.07806002792761314,317.3653137707789
0.10599235746611353,0.05,0.07593257900593531,317.3611720798364
0,0.0333706926806079,0.15361080700359053,313.1599741925388
0,0.027768237575281123,0.149474861081194,312.16367853515266
0,0.03329753294782229,0.14726885356303648,313.15071166162556
0.13050682557951865,0,0.05284322684273301,309.72324057503323
0.12811318888271497,0,0.058580543314969556,309.73627650146375
0.13305083371208257,0,0.057664096742522715,309.7295027553052
0.0739830705622836,0.05,0.09410534755143128,317.3705882033668
0.14311808512454116,0.05,0.017463029765128292,317.15057457279266
0.0894946923971246,0,0.09231240084698283,309.79211598560454
0.0884353314482543,0,0.09854114323073423,309.79650465280605
0.09298348647721871,0,0.09667013711242119,309.79662830901896
0.011391564926703006,0,0.14102564102564102,309.668110902414
0.01708734739005451,0,0.13782051282051283,309.68630238296805
0,0.05,0.1474358974358974,317.13635041347686
0.005695782463351507,0.05,0.14423076923076922,317.17162580176125
0.1558511849298861,0.0224357495535495,0,311.27309890180885
0.15092801386318974,0.027467394294928442,0,312.02933092298724
0.1486583772945021,0.022086288030593988,0,311.24095796290817
0.05130546425316879,0.05,0.11235650828910915,317.3444115083234
0.051327175294671415,0.05,0.10603476243366373,317.3413189973657
0.05659955357059805,0.05,0.1094787921020956,317.35446377753294
0.05109681750353594,0,0.11838951202873815,309.76611539036935
0.16,0,0,309.53484225164925
0.16321950009778857,0,0.005931184570962103,309.5481118932683
0.16666666666666666,0,0,309.5204456731356
0.022783129853406008,0,0.13461538461538464,309.7032287772944
0.16103425538320476,0.040130167620061025,0,314.47630943322105
0.16433596062245037,0.03597750172036774,0,313.5613538121453
0.14504341728304684,0,0.042851078796023,309.68357150465835
0.13806870934599702,0,0.042690289622087145,309.69314833475664
0.14191223332105438,0,0.048343935290815016,309.70010733472924
0,0.01108685818486264,0.15607443257931453,310.1595056516125
0,0.01663235388400037,0.1539740221895816,310.66511642388843
0,0.01662822067058755,0.16040312170220816,310.65893104668453
0,0.02223480898932714,0.1581099681119781,311.33191401074174
0.01708734739005452,0.05,0.125,317.2342722028762
0.022783129853406015,0.05,0.1282051282051282,317.25812942422436
0.01708734739005452,0.05,0.1314102564102564,317.23372320933464
0.10405540316678738,0,0.09834628691402535,309.7984628526213
0,0.05,0.141025641025641,317.1400581652616
0.005695782463351507,0.05,0.1378205128205128,317.1746637154783
0.09697115173079665,0,0.08961296544644169,309.7917354679574
0.09148852502391355,0,0.08878381501399307,309.78970632119336
0.0949773191040077,0,0.09314155127943144,309.7943817142186
0.08822117650151187,0.05,0.09904880635998223,317.3870261806888
0.10604923579357636,0,0.0948177010810356,309.79563114409785
0.10756162272707509,0,0.08815165247949239,309.7895116585627
0.10245377843767976,0,0.09044211587889031,309.79280549448
0.028478912316757504,0,0.125,309.719255456449
0.034174694780109004,0,0.12820512820512822,309.7327797470251
0.034174694780109004,0,0.1217948717948718,309.73279942431196
0.12317554405334738,0,0.05949698988741639,309.7422015811001
0.12078190735654373,0,0.06523430635965294,309.75356605025996
0.1257195521859113,0,0.0643178597872061,309.74818970127745
0.07254603652516556,0.05,0.10699718560210746,317.37887156399125
0.11475253743886826,0,0.09690282288378295,309.79388943841286
0.11626492437236699,0,0.09023677428223972,309.7876209446883
0.11115708008297168,0,0.09252723768163766,309.7920958958355
0.08348707098722857,0.05,0.10106418648653734,317.38567886784256
0.08388717641928986,0,0.1004121493490473,309.7955877791808
0.07886442305410266,0,0.0971743228976197,309.79017209220495
0.07780506210523236,0,0.10340306528137111,309.7933728457036
0.07750866695330651,0,0.10976752921762334,309.79614700460064
0.1310940014089472,0,0.04252950044815129,309.7010253023424
0.13422518537093966,0,0.037036643953359275,309.68474133837066
0,0,0.14743589743589747,309.62728170150825
0.03987047724346052,0.05,0.12499999999999997,317.31729485438143
0,0.03888940854281006,0.15157527147092695,314.3105248673426
0,0.044408124405012225,0.14953973593826336,315.629048332661
0.1126694670164704,0,0.08586118908009444,309.7852781197607
0.15773255014395915,0.0442828335197543,0,315.4875632690071
0.028478912316757504,0,0.13141025641025644,309.7187228116208
0.07770618115438285,0,0.11652750240407855,309.79842307632094
0.10964469314947295,0,0.09919328628318089,309.7976660990204
0.16304399256527008,0.022785211076505003,0,311.30381633483216
0.16077435599658244,0.017404104812170553,0,310.65066104492814
0.09696653965151511,0.05,0.08981507897397492,317.38085474910713
0.06219679494164557,0.05,0.10649827911832502,317.36331564159264
0.12795209893818632,0,0.08545698019179555,309.77409354648887
0.13678140420114399,0.04999999999999999,0.005884769717716044,317.1037728175483
0.1399497446628426,0.04999999999999999,0.011673899741422168,317.12898873683974
0.10074593222277678,0,0.07758941605324539,309.7785606133174
0.10159985533022828,0,0.08401576596606786,309.78620334474914
0.10670769961962359,0,0.08172530256666992,309.78276536568416
0.05128375321166616,0.05,0.11867825414455456,317.34624854410504
0.1462496149502911,0,0.02542109224018736,309.6385825465822
0.14064573990275955,0,0.025657392735088845,309.6473872199253
0.07873507077475608,0.05,0.0975847670189843,317.378848293147
0,0.00554549569913773,0.1453354870461645,309.8194876478784
0,0.00554549569913773,0.15174574345642092,309.8156018229297
0.11989480765780079,0.05,0.05579492483566743,317.3126435497165
0.15358154836119847,0.017054643289215046,0,310.6284548011047
0.15092582715054298,0.011136787844173025,0,310.0910033364741
0.15811863478592697,0.011486249367128533,0,310.10410746833577
0.05692441666571893,0.05,0.10305424944989316,317.35131532967233
0.0398704772434605,0,0.11858974358974358,309.74486452246816
0.039870477243460496,0,0.125,309.7453833884501
0.08494653736816016,0,0.09418340696529588,309.7916791375689
0.07992378400297295,0,0.09094558051386828,309.78591889693706
0.12415484110227304,0,0.0753992162846836,309.76569966596713
0.11978037533965107,0,0.07134644613333413,309.7634400771514
0.05657784252909542,0.05,0.115800537957541,317.3568700159766
0.16932238787732212,0.00591785544504202,0,309.72149901757524
0.17333333333333334,0,0,309.5045254761887
0.1636899765938602,0.02938135639843637,0,312.31750613066504
0.12737489101147761,0,0.09146197394755803,309.78041877664384
0.16531144242131096,0.01183571089008404,0,310.1157880943202
0.14638874072581448,0.016705181766259538,0,310.604825051404
0.10183649380912857,0.05,0.08435892427189029,317.3743112836572
0.1128797627599367,0.05,0.07388088847529678,317.3548908679776
0.1195078942326729,0.05,0.0454640565199683,317.2856087223529
0.1226606979395566,0.05,0.05047106571332084,317.2964873021877
0.11604023380831295,0.05,0.051307648802261005,317.3044153776555
0.15546291357527148,0.005568393922086513,0,309.7343424032225
0.1306571970152789,0,0.06340141321475927,309.7419646857727
0.005695782463351506,0.05,0.1314102564102564,317.1761888994374
0.011391564926703013,0.05,0.1282051282051282,317.2067879407024
0.011391564926703013,0.05,0.1346153846153846,317.2057508519521
0.11166343958816377,0.05,0.08010402642853462,317.36541226445974
0.14633668092339716,0.049999999999999996,0.011578260047412248,317.1160325206405
0.09295528201579514,0.05,0.09703342623342709,317.38723784086255
0.1518534899978226,0,0.025184791745285873,309.62881417731825
0.07762289983275891,0.05,0.10405206241745803,317.38273094421027
0,0.05,0.1346153846153846,317.1424750790812
0,0.044408124405012225,0.13671922311775053,315.6365108959535
0.09496091083365513,0.05,0.093424252603701,317.3843540043523
0.07278230874004513,0,0.10016523882994352,309.7871677093739
0.06775955537485792,0,0.09692741237851592,309.7798285700342
0.06746316022293207,0,0.10329187631476813,309.78357463113554
0.0954513211864498,0.05,0.07721728628542061,317.36356674691035
0.10032127534406327,0.05,0.07176113158333598,317.35487465236747
0,0.044408124405012225,0.14312947952800695,315.6334250332899
0.15106588347729247,0.0442828335197543,0,315.5041386396674
0.14439921681062579,0.04428283351975429,0,315.5184566812371
0.1487984336212516,0.038565667039508596,0,314.15374319163413
0.01708734739005452,0.05,0.13782051282051283,317.23186747760815
0.011391564926703015,0.05,0.14102564102564102,317.2034070250168
0.14666666666666667,0.049999999999999996,0,317.050963534915
0.15333333333333335,0.05,0,317.0355853402895
0.14983500712836526,0.05,0.005789130023706125,317.077583946491
0.06179876448807304,0,0.10603891755066766,309.77813325113783
0,0.01109099139827546,0.14964533306668798,310.16464434867805
0,0.01663648709741319,0.14754492267695504,310.67023816090085
0.1361386623518228,0.05,0.027093726485158728,317.20314066927057
0.1411998933079895,0,0.037197433127295135,309.6761360360433
0.09846611318410181,0,0.0974992875448698,309.7981714992413
0.15812082149857373,0.02781685581788395,0,312.0699830510878
0.08600589831703047,0,0.08795466458154447,309.7867180541876
0.022783129853406005,0,0.12820512820512822,309.70429366855166
0.03417469478010901,0.05,0.12820512820512817,317.2996315456064
0.03417469478010902,0.05,0.12179487179487175,317.29965830861266
0.062095159639998884,0,0.09967445361441543,309.77492126350296
0.14316834046169857,0.049999999999999996,0.005789130023706125,317.0918735022145
0.028478912316757518,0.05,0.12499999999999997,317.2801382298709
0.12953083888178768,0,0.07333984666235188,309.758006989097
0.128529306864895,0,0.07945198643603307,309.766840500375
0.1557414936808048,0,0.0046282010960440045,309.5590368761878
0.15896099377859338,0,0.010559385667006108,309.57197469214015
0.13999999999999999,0.049999999999999996,0,317.0640844004501
0.02847891231675751,0.05,0.1314102564102564,317.27947330480146
0.10941976967706929,0.05,0.05214423189120116,317.3103222359669
0.11327434352655713,0.05,0.05663150792460758,317.31953515005983
0.11281707592591159,0,0.07332269939359079,309.770100021478
0.03970525257683294,0,0.11197925561848175,309.74294580718646
0.034174694780109004,0,0.11538461538461539,309.73178572052666
0.13493752538400455,0,0.048183146116879155,309.7089558300859
0.10638693823273394,0.05,0.0586831984552461,317.3273125281053
0.1514829873616096,0,0.009256402192088009,309.58203358630504
0.13263150846739516,0.049999999999999996,0.03274677511555037,317.22940308869454
0.12973428359319977,0.049999999999999996,0.028027066449545068,317.2162520935984
0.13748153351656847,0,0.05300401601666886,309.715447548311
0.028478912316757504,0,0.1185897435897436,309.718754720205
0.1251563731191657,0,0.06928707651100241,309.7563458968825
0.1300940179485333,0,0.06837062993855557,309.75030040580964
0,0.022165782469954355,0.1453389151587975,311.33222539515504
0,0.027695077842495523,0.14313290764063996,312.1555008338734
0.12315330908538036,0,0.08151135605836479,309.7740256840983
0.1332414374776274,0.05,0.02237401781915343,317.1887777206499
0.16218049387638195,0,0.01649057023796821,309.58351616497913
0.08933334744350903,0.05,0.09258151096150849,317.3815354001567
0.1058537765121721,0,0.07529895265384745,309.7749784911047
0.08571141287122291,0.05,0.08812959568958989,317.37459071502366
0.08459924192922574,0.05,0.09459689108806361,317.38085329302595
0.16643900019557717,0,0.011862369141924206,309.5599851917741
0.06252165803676644,0.05,0.10007373646612258,317.35946546669396
0.022783129853406005,0,0.1217948717948718,309.7043058998491
0.11982275095014913,0.049999999999999996,0.034613455044323053,317.2510718095837
0.12332990483457676,0.04999999999999999,0.02896040641393141,317.2273681618196
0.12622712970877215,0.04999999999999999,0.03368011507993671,317.2412351271925
0.017087347390054512,0,0.13141025641025644,309.68788277947965
0.02847891231675752,0.05,0.11858974358974357,317.2795022169478
0.10720868063788647,0.05,0.06970944105269747,317.34999924867907
0.12796281744695473,0,0.04802235694294331,309.71610446293016
0.12556918075015105,0,0.05375967341517984,309.7297143853235
0.12257610115867167,0,0.08751634981412726,309.780858365972
0.16265572121065547,0.00591785544504202,0,309.7369209172452
0.039870477243460524,0.05,0.11858974358974356,317.3166721141141
0.034174694780109025,0.05,0.11538461538461536,317.29838413362637
0.139628373738182,0.05,0.022278378125143508,317.1779123743409
0.11635509052578918,0.049999999999999996,0.04045704732661576,317.2730219370488
0,0.00554549569913773,0.13892523063590811,309.82239063119323
0,0.01109099139827546,0.14323507665643156,310.16824488072297
0,0,0.14102564102564105,309.63046997772693
0.005695782463351503,0,0.14423076923076925,309.6484084890436
0.11381860794280427,0,0.0672105596199096,309.76078460826824
0.13735636933293213,0,0.03154378745856726,309.66725257101484
0.11288743010142924,0.05,0.046300639608908456,317.2927720791766
0.04560968178981728,0.05,0.10915138008398094,317.3291566180452
0.04556625970681202,0.05,0.12179487179487176,317.33282077114217
0.14393511047258695,0,0.01977099801161043,309.6262471569207
0.07248591358811929,0,0.10652970276619572,309.79042781937306
0.07218951843619345,0,0.11289416670244795,309.7926347734534
0.1268370587190044,0.049999999999999996,0.023307357783539772,317.201173174701
0.022783129853406022,0.05,0.12179487179487179,317.25813157336444
0.07984724171675325,0.05,0.09111747162051059,317.3735286388979
0.12106371422517294,0,0.0941823984156705,309.7879280050295
0.10685530852906477,0,0.06918681288016626,309.76622169157656
0.022783129853406015,0.05,0.13461538461538458,317.256958696858
0,0.022238942202739958,0.15168086859935154,311.33793361314383
0.056430763905139854,0,0.10242149485031496,309.7687292790537
0.05613436875321401,0,0.10878595878656717,309.771407193222
0.07384166968891542,0,0.09393649644619209,309.78362240221924
0.04558797074831465,0.05,0.11547312593942635,317.33161643218176
0.03989218828496315,0.05,0.11226799773429814,317.31484499679885
0.011391564926703008,0,0.12820512820512825,309.6712442288633
0.14722448104241437,0,0.013884603288132014,309.60383238200114
0.1004599458108908,0,0.09397070171188006,309.79568832259105
0.05093159283690838,0,0.1117790240574763,309.7642201444837
0.1033541067883986,0.05,0.06522216501929104,317.3421633335721
0.01708734739005451,0,0.12500000000000003,309.6884392594588
0.05076636817028082,0,0.10516853608621449,309.76125261668625
0.09989200911532531,0,0.07116306614042293,309.7698773001848
0.04540103504018444,0,0.11518438382360995,309.7552112274459
0.04523581037355688,0,0.10857389585234811,309.7527681059064
0,0.011082870209064092,0.130305176251151,310.1715380039172
0,0.011082870209064092,0.12389491984089458,310.17197378754986
0,0.016624305313596138,0.12815007206903417,310.675489690907
0.08346448102565135,0.05,0.06355780615903008,317.332859909611
0.0867501860806536,0.05,0.06994856982906687,317.3476234304764
0.07996464144894877,0.05,0.06904228895193232,317.3408477526678
0.09025002565735618,0.05,0.06446408703616463,317.33874243444814
0.06852125632411055,0.05,0.09182958797486873,317.3612209265751
0.14879624690860482,0.005568393922086513,0,309.74632930373406
0.1464975770066641,0.0330314976921693,0,313.018957223534
0,0.016632426502807503,0.14107997247431475,310.6731178763739
0,0.02216172187534867,0.13887396495615723,311.3348469634222
0.011391564926703013,0.05,0.12179487179487178,317.20709366598925
0.005695782463351506,0.05,0.11858974358974358,317.1766184815324
0.01139156492670301,0.05,0.11538461538461536,317.2058829273463
0,0.016652855413169868,0.11534098398671525,310.6772379895368
0,0.011097145258850957,0.1174903757997351,310.1723182632612
0,0.011111420308637822,0.11108583175857566,310.17158897903647
0.023104346373060275,0.05,0.08997635915311021,317.2404317617089
0.01708734739005452,0.05,0.08653846153846155,317.2112172071515
0.022728133430646752,0.05,0.0840579630034401,317.23171994151437
0.03438591845424474,0.05000000000000001,0.08501536208306733,317.2750924658258
0.028368919471238988,0.05,0.08157746446841865,317.2498659211105
0.03400970551183122,0.05,0.07909696593339721,317.26565514593966
0.03986555562458848,0,0.10549355941973812,309.74054127004985
0.10909843019804077,0,0.03939970621382436,309.70906086747215
0.1057690600065814,0,0.04527238217294888,309.72311346988175
0.11198296020133147,0,0.04471538922461003,309.7200874956336
0.011391564926703002,0.05,0.10256410256410253,317.199562603392
0.005695782463351501,0.05,0.10576923076923075,317.1715545657608
0.005695782463351501,0.05,0.09935897435897435,317.16708602532
0.12011473753447735,0.05,0.011658272409612314,317.155448683761
0.11333333333333334,0.05,0.011547005383792538,317.1597602098702
0.11666666666666668,0.05,0.005773502691896269,317.12688415515277
0.01708734739005451,0,0.1185897435897436,309.6878580224182
0.022783129853406008,0,0.11538461538461539,309.7031997109025
0,0.038833442876169515,0.13248175803992954,314.3081105305583
0,0.033258761347326804,0.12824429296210854,313.14978830577076
0,0.038850636942314574,0.1261404544597426,314.31285658156486
0.011391564926703008,0,0.12179487179487182,309.6712185271216
0.005695782463351504,0,0.12500000000000003,309.6531441120308
0.02912134535606603,0.05000000000000001,0.09341425676775889,317.26678559986874
0.029121345356066024,0.05,0.09982451317801527,317.2724986094506
0.023104346373060268,0.05,0.09638661556336661,317.2468633532139
0.13333333333333333,0.04999999999999999,0,317.0749505699447
0.12666666666666668,0.049999999999999996,0,317.08376003750914
0.13103247671874585,0.0444658306526607,0,315.5873237288142
0.11531233039279085,0,0.038842713265485516,309.70527377312817
0.11864170058425022,0,0.032970037306361,309.6891514393729
0.11242780038950015,0,0.033527030254699844,309.6936996538128
0.017087347390054516,0.05,0.09294871794871795,317.21836738057937
0.01139156492670301,0.05,0.09615384615384615,317.19437886876517
0.011391564926703015,0.05,0.08974358974358976,317.1878965018968
0,0,0.11538461538461539,309.6325934717319
0,0,0.1217948717948718,309.63364946495994
0.005695782463351504,0,0.11858974358974361,309.652603264546
0,0.005555710154318911,0.11323522357159552,309.8236196366313
0.03476213139665826,0.05000000000000001,0.09093375823273744,317.28330032438953
0.04083794543925657,0.05000000000000001,0.08703041681373193,317.2971770572711
0.041214158381670085,0.05,0.09294881296340203,317.3048351476284
0.07287219392078541,0.05,0.07721564095724558,317.3476895894512
0.07833400815895847,0.05,0.07949140053380814,317.35709720152767
0.0747877843948768,0.05,0.08357807653646476,317.3592403920507
0.0629051003152018,0,0.08756691559566725,309.76599738443423
0.05716606118706423,0,0.08892401292937421,309.7593717488408
0.062462808280961075,0,0.09292571265394507,309.7702799330866
0,0,0.12820512820512822,309.6336767784866
0,0.027568895777805302,0.10460634648529862,312.13396970353796
0,0.033105170761310344,0.10892852963075389,313.1170748097023
0,0.02765428810388606,0.11109357636088246,312.15110212351516
0.13111814641670483,0,0.03201920407449851,309.675823339039
0.13752786701276315,0.027833388560741263,0,312.11272537263676
0.14422794043797646,0.027650391427834854,0,312.07191188750977
0.1397975035814508,0.03321449482507571,0,313.06620303603154
0.13550183585368064,0.005533202114776835,0,309.7640253792636
0.13100367170736132,0.01106640422955367,0,310.1144576996408
0.128835169187014,0.005533202114776835,0,309.7713436444015
0.028800128836411774,0.05000000000000001,0.10600200017875122,317.27571969574103
0.02278312985340601,0.05,0.10897435897435895,317.25448314669336
0.023104346373060265,0.05,0.102796871973623,317.25199631247716
0.09996130995204193,0.05,0.04645802953860144,317.29682588256793
0.10310123317773169,0.05,0.052292434785209306,317.31245493473455
0.0967826966783941,0.05,0.05244063767921746,317.3128340707706
0.08036607603721367,0,0.08558678345559047,309.78103708680146
0.07828523278146102,0,0.07914276093121705,309.7723852879326
0.07472625375739687,0,0.08321890232963647,309.77415451207963
0.1448163206949429,0,0.009256402192088009,309.59300071797475
0.1490748270141381,0,0.0046282010960440045,309.5709352292828
0.14240816034747145,0,0.0046282010960440045,309.5813574395734
0.13860968821454359,0,0.009646563369564331,309.60294702202026
0.08696432060235393,0.05,0.05807332336612784,317.3230638734135
0.09374986523405876,0.05,0.058979604243262394,317.32805324527914
0.04002585867234403,0,0.0990078632209945,309.73703442817396
0.045763762062274616,0,0.09533945869313411,309.7457770409585
0.040393507313306216,0,0.09225912226052413,309.7326784711508
0.06320119509416487,0.05,0.09310952569669832,317.3542877976942
0.017087347390054516,0.05,0.11858974358974358,317.2337032203422
0.12528362259556103,0,0.021026736982494316,309.6519059704101
0.12240305573414428,0,0.015810227238936908,309.6387460990421
0.11908209472848888,0,0.02178187740087025,309.65868892768714
0,0.05,0.12179487179487179,317.143977054409
0,0.04442531847115729,0.12396766312730718,315.6429491635134
0,0.04442531847115729,0.11755740671705078,315.64201730529606
0.11841936934702568,0,0.043860153144346284,309.71481496691763
0.09318246226014104,0,0.07031624309642337,309.76788978420217
0.10666666666666665,0,0.02309401076758503,309.66774165616425
0.11288056686141673,0,0.022537017819246184,309.6641703147334
0.10999999999999997,0,0.017320508075688773,309.65005737511075
0.11620152786707214,0,0.01656536765731284,309.64505252219186
0.046610435366869964,0.05,0.09600968231382076,317.32234789793523
0.04728997242426839,0.05,0.08904547154439652,317.3167781137797
0.05268624940946827,0.05,0.09210634089481526,317.3328365908332
0.0797633685497725,0,0.06862259700842424,309.7593391649704
0.08184421180552515,0,0.07506661953279764,309.7697522090287
0.08647291540495677,0,0.0694694200524238,309.76437707246396
0,0.022118013120381017,0.10677139321542721,311.32711332700296
0.08024959863304984,0.05,0.08585383611302733,317.3676835128589
0.15333333333333332,0,0,309.5476718261694
0.01708734739005451,0,0.11217948717948718,309.6862595590298
0.022783129853406005,0,0.10897435897435898,309.70107629560806
0.05200671235206984,0.05,0.09907055166423949,317.33790704992674
0.05760395372311736,0.05,0.0960900386804689,317.34702052145303
0.045930898309471536,0.05,0.102973893083245,317.3262591704362
0.03481712781941753,0.05,0.10302964138314348,317.2942340599955
0.035138344339071786,0.05000000000000001,0.09685215438240756,317.29027872163084
0.04053462132427166,0.05,0.09991302373282628,317.30924574519133
0.011391564926703006,0,0.10897435897435898,309.66802258713244
0.01708734739005451,0,0.10576923076923078,309.68364386929346
0,0.027708211314034892,0.13032665385781272,312.16213782677954
0,0.022174855346888046,0.12606771117332996,311.3395293300809
0,0.02772540538017995,0.12398535027762578,312.1654209476846
0.06820184740909864,0,0.0915686153202381,309.77600561455716
0.10621390019475008,0,0.03408402320303869,309.6969606625365
0,0.005541435104532046,0.119639767612755,309.8243417144914
0,0.005541435104532046,0.1260500240230114,309.82465181928916
0.0896067512477705,0,0.051774668585897105,309.73517819613113
0.09595569750180437,0,0.051379134118509584,309.73597229575023
0.09307116749851366,0,0.04606345110772391,309.72442579819796
0.01708734739005451,0.05,0.09935897435897434,317.2242189217657
0.07428396172315616,0,0.08857769938791428,309.77927001941293
0.034495911299763274,0.05,0.10920712838387941,317.29693586399395
0.04021340480461741,0.05,0.10609051073356221,317.3126721381781
0.13481121608161573,0,0.014664925643084654,309.6233312982309
0.12860458360121643,0,0.015055086820560976,309.6311381056616
0.13152184551178833,0,0.02055132036656307,309.64434089463145
0.1248557784927199,0,0.043004917064082535,309.70815263390347
0.12152640830126052,0,0.04887759302320705,309.72332364854805
0.1097758354939137,0,0.06232847922793681,309.7546020649217
0.11673913490765318,0,0.06035222596768014,309.7480649314801
0.11269636245876265,0,0.05547014557570734,309.7414071170231
0.11913277160445684,0,0.0546149094954436,309.7362556533224
0.1324030557341443,0,0.01003672454704065,309.61159822560967
0,0.02218913039667491,0.11966316713217051,311.3409885379123
0.1028845300032907,0,0.03995669916216321,309.71156075609997
0.005695782463351502,0.05,0.11217948717948717,317.1747659867806
0.011391564926703004,0.05,0.10897435897435895,317.2034077138489
0.13772847799218765,0,0.02016115918908675,309.6359415760042
0.028478912316757518,0.05,0.11217948717948716,317.2776872476653
0.11327425031671637,0.05,0.023084823731900222,317.21228786176573
0.12005565451786039,0.049999999999999996,0.023196090757719997,317.20774847064683
0.11654850063343275,0.049999999999999996,0.028849139388111636,317.23293147586156
0.05113401681124301,0,0.0984197951257441,309.75770204124206
0.05150166545220519,0,0.09167105416527373,309.7529858414456
0,0.022157661280742987,0.1324090147535169,311.33633932621836
0,0.03301977843522959,0.10244129975517005,313.09707062855256
0,0.038679852290153055,0.1067557382983185,314.26953846000674
0.10281253608017424,0,0.06430473248819346,309.75935772366347
0.10573306304502317,0,0.05744639883596401,309.74726282589825
0.11321516730009941,0.04999999999999999,0.034622642080007884,317.25587007122175
0.10974750687573948,0.05,0.04046623436230058,317.2767987669894
0.10313992322568975,0.05,0.04047542139798542,317.27864999510643
0.10660758365004969,0.049999999999999996,0.03463182911569271,317.2587427310364
0.09942011375254753,0,0.0456679166403364,309.724430948723
0.10230464375583824,0,0.050983599651122063,309.7354437660029
0.14209836019603828,0.038748664172415,0,314.20764702994086
0.135398286770825,0.03893166130532141,0,314.25978338885204
0,0.0331905630873911,0.11541575950633773,313.13577278142407
0.017087347390054512,0.05,0.11217948717948717,317.2318697629535
0.07264541050164422,0,0.07677487980526305,309.76469046309506
0.13313325194929948,0.016634798151640182,0,310.61667226057705
0.13763141609561882,0.011101596036863347,0,310.1091014170538
0.139760996337557,0.01666998995894986,0,310.6115474417354
0.13533055948103134,0.022234093356190723,0,311.28214941195023
0,0.05,0.1282051282051282,317.14385319760083
0.12953486120040547,0,0.005018362273520325,309.5981778086279
0.1333333333333333,0,0,309.5770305402149
0.12666666666666665,0,0,309.58373744041955
0.10627984645137953,0.05,0.046309826644593294,317.29552747741945
0,0.016667130462956734,0.1089364399455558,310.67650149894774
0.12433700504069464,0.01106640422955367,0,310.1209662364989
0.005695782463351506,0.05,0.125,317.1770308213407
0,0.005541435104532046,0.13246028043326782,309.8239332443854
0.12356280840228802,0.05,0.017543042127328358,317.18007412607756
0.14101784856201505,0,0.014274764465608334,309.61422939034406
0.05679841254610204,0,0.09567275388984457,309.7646333261234
0.1376991433854125,0.0444658306526607,0,315.57725106595757
0.12798696245471236,0,0.03751206056929052,309.6925903881633
0,0.027691017247889832,0.13666795743799967,312.1578642549346
0.11999999999999995,0,0,309.58902324741115
0.11666666666666661,0,0.005773502691896257,309.61072705413113
0.12286819453373878,0,0.0050183622735203255,309.60408148472106
0.12174873953848506,0,0.03798747718522177,309.6991682927178
0.09303517053695542,0,0.05823746777073904,309.7483212252282
0.08632562368177116,0,0.05739064472673948,309.7444787403579
0.13620152786707213,0,0.005018362273520325,309.5908530393215
0.028745132413652508,0.05,0.08749586061808877,317.25894049115084
0.10865359000987213,0,0.05058806518373456,309.7335926068891
0.12689614173562136,0.05,0.011769539435432089,317.1491012528249
0.045396113421312424,0,0.10208819965360448,309.74973030719224
0.05760835322130494,0,0.08356521587109639,309.75462960701304
0.03433499782786455,0,0.10889891918587176,309.73001444496754
0.03449530087562009,0,0.10241322298712813,309.7271408646691
0.0897540429709561,0,0.06385344391158143,309.75697259281964
0.028639215364513047,0,0.10569379098074357,309.71486548646527
0.0993841167909893,0,0.05784193330335153,309.7484533402464
0.08866577655474497,0.05,0.07631100540828606,317.3596940161638
0,0.016638580363383,0.1217455280278747,310.6769007201899
0.09653558374925682,0,0.04035223362955072,309.71234455466885
0.14666666666666667,0,0,309.5590252578854
0.14212958024193817,0.005568393922086513,0,309.75684006144127
0.13999999999999999,0,0,309.56890254679723
0,0.044425318471157285,0.13037791953756359,315.6426267600191
0.11576113372283348,0,0.027753527562803592,309.67720166948743
0,0.03327595541347186,0.12190298938192157,313.1531645437181
0,0.038850636942314574,0.11973019804948618,314.31212327003357
0,0.05,0.11538461538461538,317.14284664950577
0.06864413944333936,0,0.08620981826196028,309.77141953455316
0.06908643147758008,0,0.08085102120368245,309.76607033002216
0.0633473923494425,0,0.08220811853738942,309.76095171125485
0.14195830386928882,0.0222692851635004,0,311.2771066000602
0.09646358982614037,0,0.06470026695558098,309.75988759324616
0.028478912316757504,0,0.11217948717948718,309.71712357935246
0,0.011086930803669775,0.13677012645379127,310.17045604505563
0.12487992350047752,0,0.03249462069042976,309.68312296182506
0.08304449611577183,0,0.06300662086758185,309.75253239663766
0.12870281509277384,0.022198901548881045,0,311.28559465235026
0.0461314107032368,0,0.08859071773266375,309.74065815037255
0.02294343290116155,0,0.10248866277561536,309.6983313853929
0,0.01662836590820182,0.13461502227167443,310.6748683863761
0.08392505506127781,0,0.08151064205717105,309.7788785054345
0.08855375866070943,0,0.0759134425767972,309.77415973544396
0,0.03876524461623382,0.11324296817390234,314.29148396973403
0,0.04433992614507653,0.11107017684146693,315.61813046699103
0.053365786466866696,0.05,0.08514213012539101,317.3261076200851
0.058283490780515784,0.05,0.08912582791104467,317.34106720157916
0.13011473753447733,0.049999999999999996,0.005884769717716044,317.1138030453042
0.12436581005207918,0.04446583065266071,0,315.59533968974074
0.12873162010415834,0.03893166130532141,0,314.2690625450707
0.02278312985340602,0.05,0.11538461538461536,317.25693959745615
0.10954723352808339,0,0.028310520511142436,309.6812614474228
0.11678140420114401,0.05,0.017431775101508583,317.1856254991003
0.11000000000000001,0.05000000000000001,0.017320508075688808,317.18914096729617
0.12196266158990562,0,0.026998387144427656,309.6712437483138
0.017087347390054505,0.05,0.10576923076923074,317.2287718307106
0.04691375948185487,0.05,0.08312707539472641,317.30844033030655
0,0.027739680429966815,0.1175808062364663,312.1669283340647
0.1257363890674776,0,0.010036724547040651,309.6181197708045
0.05868584769681237,0.05,0.08386219240356141,317.3352850177362
0.06360355201046146,0.05,0.08784589018921507,317.3491224648451
0.011391564926703006,0,0.11538461538461539,309.670129170301
0.040461732496843046,0.05,0.08111202066406181,317.2882895055915
0.0764184176848671,0.05,0.07312896495458895,317.3448850561408
0,0.05,0.10256410256410256,317.136434066919
0.11333333333333329,0,0.011547005383792514,309.63107176336433
0.09353573071235843,0.05,0.07085485070620143,317.3522990637096
0.1330974301562375,0.033397491957982126,0,313.11168136913335
0.11508999915556634,0,0.04973282910347081,309.7291530298678
0,0.05,0.10897435897435898,317.1402689179228
0,0.044339926145076536,0.10465992043121053,315.61472003398654
0.08188023192304014,0.05,0.0754047245311515,317.35372124084194
0.10994091698338304,0.05,0.028858326423796467,317.2367773827113
0.08379582239713153,0.05,0.08176716011037069,317.36496889496055
0.03465560392337563,0,0.09592752678838451,309.72316497963135
0,0.022203405446461773,0.11325862309101105,311.34137398580776
0.02879951841226859,0,0.09920809478199993,309.7115050888388
0.09364277345270433,0.05,0.046606232432609584,317.2963707249848
0.09046416017905651,0.05,0.052588840573225604,317.3114596440751
0.1033333333333333,0,0.02886751345948128,309.68403401964207
0.12820088450613293,0,0.026522970528496413,309.66444697165065
0,0.03867985229015306,0.10034548188806208,314.2652953255806
0.005695782463351503,0,0.11217948717948718,309.6510057879453
0.06892361324040713,0.05,0.08656595246738547,317.3557182412979
0.06400590892675805,0.05,0.0825822546817318,317.34300292857415
0.06932597015670372,0.05,0.0813023169599022,317.3492613525989
0.13443910742236023,0,0.026047553912565163,309.6563790497492
0.10333333333333332,0.05,0.028867513459481298,317.2386976877377
0.10006840173339634,0.05,0.05883140134925424,317.32855966805795
0,0.044339926145076536,0.09824966402095413,315.6100524815611
0.09999999999999998,0,0.03464101615137753,309.69893446554397
0,0.033241567281181744,0.1345855965422955,313.14542161688325
0.09703557028906101,0.05,0.06537036791329918,317.34252491470994
0.10666666666666666,0.05,0.023094010767585053,317.21518141382717
0.14425916048387633,0.011136787844173025,0,310.1021475629769
0.005695782463351507,0.05,0.09294871794871795,317.16127146501094
0.126505507561042,0.016599606344330504,0,310.62019950792893
0.12344807086781069,0.05,0.005884769717716044,317.12177657113
0.11953486120040545,0,0.010791864965416582,309.6252465521999
0.09682138672635215,0.05,0.040623624291993565,317.27911410663563
0.07620438952570836,0,0.07269873840684364,309.7624467414111
0.13090012262450568,0.027798196753431585,0,312.11608860608516
0.12000000000000002,0.05,0,317.09051280314344
0,0.05,0.09615384615384615,317.1313420964943
0.09999999999999998,0.05,0.034641016151377546,317.2596897890278
0.0743854274785802,0.05,0.08884171204394803,317.3653913994197
0.1221685025203473,0.005533202114776835,0,309.7772408163263
0.051869314093167376,0,0.08492231320480335,309.74710401729686
0.03776880940963978,0.05,0.06967571847470894,317.2616906210351
0.04186745672824738,0.05,0.066239594372458,317.26701422320815
0.04220700014904642,0.05,0.07222471772889531,317.27908363292823
0.10644707417106275,0.03323358551473454,0,313.10181211397366
0.1020720289781963,0.03881253381290946,0,314.2598029708525
0.09976901276352616,0.033204015923993836,0,313.0968039836406
0.03259430026239444,0,0.06547570127013244,309.683055874541
0.03320350704973218,0,0.07146854910725778,309.6934032878691
0.03698363278985108,0,0.0682198480306757,309.6972091832096
0,0.05,0.08974358974358974,317.1248266541042
0,0.04438326199800216,0.09202656074966196,315.6151987876629
0,0.044383261998002174,0.08561630433940556,315.6078793654268
0.05725352101724949,0.05,0.039928896234572596,317.2363820096108
0.06077541819745408,0.05,0.03442551289690987,317.2247746575776
0.06400044411725138,0.05,0.04011333302947481,317.24897767127896
0.10666666666666666,0.05,0.011547005383792538,317.16269487992895
0.06090428537822819,0.05,0.06742971419345495,317.3126461109295
0.0573394324710989,0.05,0.06193169709893598,317.2947010316662
0.06408635557110079,0.05,0.06211613389383819,317.30715833808
0.07679325961824784,0.05,0.0631911837328231,317.3262332491407
0.07043980759467432,0.05,0.06265365881333065,317.3176578127809
0.07362187778754692,0.05,0.0573400785137139,317.309678596706
0.02251731000593473,0.05,0.07816150073554562,317.2224866145082
0.028158096046526963,0.05,0.07568100220052418,317.2402260182061
0,0.05,0.08333333333333334,317.1169466452379
0,0.044383261998002174,0.07920604792914916,315.5991953767143
0,0.05,0.07692307692307693,317.10770206989514
0.005695782463351506,0.05,0.08012820512820513,317.1455234005671
0.011391564926703006,0,0.08333333333333334,309.64901220260913
0.005695782463351503,0,0.08653846153846154,309.63412985595
0.011391564926703006,0,0.08974358974358973,309.6553813870761
0.08029309919495042,0.05,0.05770670093992086,317.3173809234846
0.09666666666666668,0.05,0.017320508075688766,317.19100979348383
0.09333333333333332,0.05,0.02309401076758501,317.21513420566924
0.09000000000000001,0.05,0.017320508075688745,317.18897831220244
0.06725773740180171,0.05,0.0679672391129474,317.3239706965167
0.011391564926703008,0,0.10256410256410257,309.6648685388969
0.005695782463351504,0,0.10576923076923078,309.64837430166693
0.06057785361604297,0,0.07753589505070607,309.75178148229156
0.057808314882643416,0,0.07286367156402271,309.74174458148127
0.0548388144879054,0,0.07889299238441304,309.7450617391555
0.09666666666666664,0,0.017320508075688773,309.65151940385465
0.09333333333333331,0,0.011547005383792514,309.6333111754371
0.08999999999999998,0,0.017320508075688773,309.6500469998313
0.09000000000000001,0.05,0.005773502691896248,317.1304788166701
0.08666666666666668,0.05,0,317.0953552957503
0.09333333333333335,0.05,0,317.0983582625384
0.03759283957718882,0,0.07421269586780103,309.7070410988461
0.041372965317307726,0,0.07096399479121895,309.7104827805753
0.09666666666666665,0,0.02886751345948128,309.68401181866307
0.08333333333333334,0.05,0.005773502691896248,317.126459418041
0.08666666666666667,0.05,0.011547005383792497,317.1592888957457
0.08000000000000002,0.05,0.011547005383792516,317.1545148382253
0.0771217173642495,0.05,0.05185559572081165,317.29996178845056
0.07363366397123068,0.05,0.04587298758019563,317.279825986749
0.08030488537863419,0.05,0.04623961000640261,317.2877157828077
0.02823759168806478,0,0.08048708514240925,309.6930336759173
0.03381271383706992,0,0.07746139694438312,309.7027919576105
0.02819903231021775,0,0.07448961088622366,309.68549020176897
0,0,0.08974358974358974,309.61784523069383
0,0,0.09615384615384616,309.6231165015668
0.005695782463351503,0,0.09294871794871794,309.63995008362
0.011391564926703013,0.05,0.08333333333333334,317.1800284463192
0.01118074150199099,0.05,0.07743687106543884,317.1704565270176
0.04585044734113489,0,0.08243534111799661,309.7337755714294
0.04963057308125379,0,0.07918664004141453,309.7368131422492
0.09015472005968551,0.05,0.040623624291993565,317.27725393786113
0.09333333333333334,0.05,0.034641016151377546,317.25875397444673
0.005695782463351503,0,0.08012820512820513,309.6272295080846
0.011353005548855974,0,0.07733585907714774,309.64193730285467
0.10333333333333333,0.05,0.017320508075688787,317.19106401184837
0.0866666666666667,0.05,0.02309401076758501,317.21223284262396
0.06354735401078099,0,0.07150657423031574,309.7476584780372
0.06077781527738144,0,0.06683435074363239,309.7371525442741
0.05377457956396961,0.05,0.056433680004417015,317.2748942757674
0.0605215026639715,0.05,0.056618116799319225,317.28857696167955
0.09548685221581366,0.005527113041596334,0,309.78509209878666
0.09999999999999999,0,0,309.59574452432565
0.10215081948531732,0.0055375592533634015,0,309.78582089760226
0.016876523965342494,0.05,0.08064199927056706,317.2023904560435
0.11982115785934534,0.016603963482917074,0,310.6262610739507
0,0.011111420308637824,0.10467557534831926,310.16876367458616
0,0.005555710154318912,0.10682496716133912,309.82115252224554
0.0319850934750567,0,0.059482853433007105,309.671749717626
0.036374426002513345,0,0.06222700019355036,309.68641852398645
0.046697947814625884,0,0.061853477841134805,309.70664241682846
0.050361332464078236,0,0.06742164605763538,309.7220865796894
0.05190618922127748,0,0.06155983018413331,309.71528228196047
0.12424269109862628,0.027753417802595957,0,312.11601050454334
0.03437464056127373,0,0.08977215017371737,309.717336284009
0.04011254395120431,0,0.08610374564585699,309.726322833868
0.06987587176824467,0,0.07210265631857969,309.75571773678996
0.06631689274418053,0,0.07617879771699909,309.7572977399531
0,0.033063114288155226,0.09621819648387792,313.10069672447656
0,0.02760635606588941,0.09203308954148168,312.13027379190027
0,0.033106450141080865,0.08999509321258577,313.10302031761626
0.0668133757818765,0,0.056669119785261055,309.72752972372086
0.06379559552962896,0,0.06175173526444672,309.7328667691179
0.07012411328709267,0,0.062347817352710666,309.74103353609155
0.10422284846351364,0.027683426399606192,0,312.11580565667265
0.10199862275596452,0.022133267284477842,0,311.2922592727272
0.10867668416350111,0.02216283687521855,0,311.2948386278031
0.01708734739005451,0,0.09294871794871795,309.6752068565609
0.022943432901161548,0,0.08966814995510253,309.6887993512322
0.01708734739005451,0,0.08653846153846154,309.6694104119351
0.02266246953905965,0,0.0835127733404354,309.6819064940255
0.11536103386519778,0.022158479736631986,0,311.2912028735538
0.11313680815764866,0.016608320621503636,0,310.63070654102467
0.11765265533899799,0.011070761368140235,0,310.12626231122084
0.005695782463351506,0.05,0.08653846153846154,317.15407971602724
0.07361118942537524,0.05,0.06850476403243985,317.33337124376277
0.11333333333333334,0.05,0,317.09540676490883
0.09999999999999999,0.05,0.023094010767585032,317.21614644120655
0.09666666666666665,0.05,0.028867513459481277,317.2387046979443
0.08000000000000003,0.05,0.023094010767585032,317.20741468856244
0.08333333333333338,0.05,0.02886751345948128,317.23291905938373
0,0.016661254898115204,0.10258628627303099,310.67250859269205
0,0.011105544743796294,0.09832542167579443,310.16431691120073
0.07343485079230881,0,0.06802651492016029,309.7532738788699
0.07025847273248473,0.05,0.028795679041325403,317.2192919524585
0.07333333333333336,0.05,0.02309401076758505,317.20064159647484
0.07666666666666672,0.05,0.028867513459481298,317.2271254137622
0.08348805339301887,0.05,0.040623624291993565,317.27344530815236
0.0866666666666667,0.05,0.034641016151377546,317.2558696989315
0,0.016649503768432147,0.08988597892798136,310.66142053895095
0,0.02210626199069796,0.09407108587037759,311.31671284313967
0,0.016655379333273677,0.09623613260050617,310.6674816060264
0.005695782463351504,0,0.09935897435897437,309.64469274965467
0,0,0.10256410256410256,309.6273255573558
0.1264399986303581,0.0333527130071465,0,313.11116879804365
0,0.011099669178954764,0.09197526800326962,310.1588360674052
0.11000000000000001,0.05,0.005773502691896269,317.13079847106474
0.06718361213163607,0.05,0.03449734731506576,317.2354696321781
0.06385027879830271,0.05,0.02872384462316951,317.209517618189
0.11758525957274689,0.027708638851760333,0,312.11415927943847
0.12204538356689444,0.022154122598045417,0,311.2859510203565
0.10999999999999996,0,0.005773502691896257,309.61368151859887
0.07981263576063151,0,0.04600072968111668,309.7182558410973
0.07661038534470802,0,0.040289512202943495,309.7033070317545
0.07322077068941601,0,0.045938008254509444,309.7128609008082
0.07666666666666669,0.05,0.0057735026918962675,317.1207539655014
0.07333333333333336,0.05,0.011547005383792535,317.1477858426786
0.07645263104455635,0,0.06294389944097462,309.7478700489335
0.07973375861055568,0,0.05732792330013225,309.7405369214034
0.0731418935393402,0,0.05726520187352501,309.73513746330445
0.09666666666666666,0.05,0.005773502691896248,317.1326357654253
0.10333333333333333,0.05,0.005773502691896269,317.1328141506478
0.1,0.05,0.011547005383792518,317.16356720959385
0.011391564926703006,0,0.09615384615384615,309.6606509424064
0.11090090987105022,0.0277129959903469,0,312.11860141981106
0.11312513557859934,0.03326315510547525,0,313.10482428517474
0.07040863805143338,0.05,0.0401851674476307,317.25868112668326
0.10666666666666663,0,0.011547005383792514,309.6333132423135
0.0604785469370468,0.05,0.04561671636713753,317.2596176017021
0.06722547003704869,0.05,0.045801153162039754,317.27111405054103
0.05260007347599181,0,0.0731573192210242,309.734093224315
0.05556957387072983,0,0.06712799840063388,309.7300984268479
0.048908366927111556,0.05,0.05688663981548016,317.2649405918577
0.052473219834240845,0.05,0.06238465690999912,317.2855135835293
0.04760700719738279,0.05,0.06283761672106225,317.2750967325224
0.09097370443162733,0.011054226083192668,0,310.1289999462991
0.09763767170113101,0.011064672294959735,0,310.1311478671464
0.08986891708259015,0,0.040352233629550725,309.71088039045003
0.086404500831847,0,0.04606345110772392,309.7221931422419
0.022306486581222702,0.05,0.07226503846765112,317.2120472685763
0.027818552625727924,0.05,0.06969587884408684,317.2286471716874
0.016665700540630473,0.05,0.07474553700267257,317.19235768600976
0.07681683198561537,0.05,0.04025700186578659,317.26644370912175
0.07359180606581807,0.05,0.034569181733221654,317.2442237338129
0.08000000000000007,0.05,0.034641016151377546,317.2510369624819
0.11104171185953313,0.04442105170182509,0,315.5941938054637
0.11770837852619981,0.04442105170182509,0,315.59011270550997
0.022623910161212613,0,0.0775152990842498,309.67483520573876
0.02258535078336558,0,0.07151782482806421,309.6668327312662
0,0.011099669178954765,0.08556501159301323,310.1526320419663
0,0.005549834589477383,0.08765430066830149,309.80699707345457
0.06119868066726619,0.05,0.07795805375958272,317.3314608981075
0.05839145240777435,0.05,0.07333385283743363,317.3187607109912
0.06371151363772003,0.05,0.07205391511560402,317.32600934813547
0.03810835283043882,0.05,0.07566084183114626,317.2730705931657
0.04230861528716924,0,0.05910933108059155,309.69354519265863
0.04076375852996999,0,0.06497114695409362,309.70020761904385
0.048659027134058244,0.05,0.07423977245955991,317.29923482056
0.04456037981545065,0.05,0.07767589656181086,317.2944633668075
0.070450495956846,0.05,0.05148897329460468,317.2911837953638
0.028518555050166684,0,0.08664246175707638,309.70035676404973
0,0.03876652399600433,0.08148901893522138,314.2646418227398
0.017048788012207477,0,0.08054098728227593,309.66281130951
0.017010228634360445,0,0.07454351302609034,309.6552810208991
0.08666666666666664,0,0.02309401076758503,309.66553753900104
0.09333333333333331,0,0.023094010767585025,309.66771599675883
0,0.02764969191881505,0.08580998627018954,312.1306488746759
0.04824280457182513,0,0.05599166196763272,309.6991341161596
0.08000000000000002,0.05,0,317.0904898790884
0.01708734739005451,0,0.09935897435897435,309.67995134234707
0.06651874189721188,0.05,0.07667811603775311,317.3382144286919
0.11548415281865063,0.005537559253363401,0,309.7817713997483
0.07666666666666667,0.05,0.01732050807568878,317.1793380491736
0.0379192827597126,0,0.056365184320048285,309.6795682571859
0,0.005555710154318912,0.1004147107510827,309.81763534212587
0.106452458455952,0.016612677760090202,0,310.63353590915045
0.11096830563730131,0.011075118506726801,0,310.12994228699483
0.08,0,0.034641016151377546,309.69247980092183
0.0832022504159235,0,0.04035223362955073,309.7079603438388
0.08666666666666666,0,0.03464101615137754,309.6960872381883
0.09000000000000001,0.05,0.028867513459481277,317.2367861091311
0.08436365045199654,0.044391482111084374,0,315.5845006046484
0.0910303171186632,0.04439148211108438,0,315.5878606139293
0.06370357285684411,0.05,0.05130453649970248,317.2807865593538
0.0672684257639734,0.05,0.05680255359422144,317.30000423289135
0.08333333333333334,0.05,0.017320508075688766,317.1851356497012
0.10430163897063466,0.011075118506726801,0,310.13175135921057
0,0,0.10897435897435898,309.6304845474108
0.09754478705597705,0.027653856808865486,0,312.11101393440225
0.09533465548646086,0.022122821072710776,0,311.29054368684297
0.09333333333333335,0.05,0.011547005383792497,317.162462276342
0.06710633303484512,0,0.06743043283189634,309.7458783386378
0,0.03872318814307869,0.09412237861676995,314.2696815265935
0.06013221088017662,0,0.056183567047946144,309.71826674966997
0.057114430627929084,0,0.061266182527131806,309.7229644173602
0.12207418857827895,0.03888688235448579,0,314.2661927674104
0.04739183206934021,0,0.0734509668780257,309.7254841374164
0.09539396757065971,0.03878296422216875,0,314.252791878244
0.07642302110533952,0,0.05164922573268263,309.72727797657683
0.03409367719917183,0,0.08361677355905026,309.71054527666865
0.08872730090399306,0.03878296422216875,0,314.2509372763442
0.02879951841226859,0,0.0927978383717435,309.7067175404644
0.09769698378532986,0.044391482111084374,0,315.58935817333634
0.05345104597847673,0,0.055698014310631226,309.70744426953286
0.04978766132902438,0,0.05012984609413065,309.690592100792
0.04515309105742663,0,0.06771529371463687,309.71311700279847
0.10875009038573288,0.038842103403650165,0,314.2648181043291
0.09978849118644835,0.01660223154832314,0,310.63305772383774
0,0.03876652399600433,0.08789927534547778,314.272765224822
0.09312452391694469,0.016591785336556072,0,310.6310351097418
0.005657223085504472,0,0.07413073087201955,309.6196788110008
0.055878619437320524,0.05,0.07923799148141232,317.32324788070986
0.083792938771653,0.05,0.05222221814701863,317.3067204046877
0.016454877115918448,0.05,0.06884907473477808,317.18111889705057
0.021966943160423667,0.05,0.0662799151112138,317.1995801100802
0.09999999999999998,0,0.023094010767585025,309.66846329926
0.07000000000000002,0.05,0.0173205080756888,317.17158551062
0.03742926598884075,0.05,0.06369059511827162,317.24895255558255
0.10666666666666667,0.05,0,317.0984020903452
0.016971669256513413,0,0.06854603876990475,309.6468195461025
0.021976143996027844,0,0.06552497699093887,309.6562922269124
0.08999999999999998,0,0.028867513459481284,309.68257475354335
0.010969918077278967,0.05,0.07154040879754436,317.1596785887905
0.083014886176555,0,0.05171194715928987,309.73195690592627
0,0.005549834589477383,0.08124404425804509,309.80017930510326
0,0.005549834589477383,0.09406455707855789,309.81273472161047
0.044470176187704914,0.05,0.05433764056129378,317.24767909334366
0.05020972665684033,0.05,0.05093566290989805,317.253225843233
0.02294343290116155,0,0.09607840636535893,309.6940913477324
0.039831580589102404,0,0.07994836903118986,309.7190048848674
0,0.033149785994006496,0.08377198994129362,313.1040414079717
0.04316881645797615,0.05,0.06028861746687589,317.25812596225586
0.027589825522880012,0,0.06849676304909832,309.6755256147213
0.10333333333333332,0,0.005773502691896257,309.6152089587185
0.005484959038639483,0.05,0.07423174286031065,317.135206313072
0,0,0.08333333333333334,309.6114938396255
0,0,0.07692307692307694,309.60406232836164
0.05603807274137014,0.05,0.06788267400451808,317.30422489856534
0.05101240680046247,0.05,0.07969095129247546,317.3133726055127
0.053525239770916305,0.05,0.07378681264849676,317.3096124672106
0.08333333333333331,0,0.028867513459481284,309.6796818060313
0.09333333333333332,0,0.03464101615137753,309.69823879306233
0.06314999113242414,0,0.051100951568760475,309.7125178117391
0.06983115603412404,0,0.05158650430607539,309.72114140808304
0.09309095135598958,0.03317444633325313,0,313.08979989417554
0,0.022149597843623595,0.08784798259908544,311.31644191833567
0.10437504519286644,0.04442105170182509,0,315.5963762690883
0.10666666666666665,0,0,309.59493112303556
0.10881748615198397,0.005537559253363401,0,309.7845096608494
0.03367016209103218,0.05,0.07311184257695988,317.2549646113984
0.03333061867023314,0.05,0.06712671922052256,317.24291598353534
0.027479009204928885,0.05,0.06371075548764951,317.2157102318469
0.07006496566129355,0.05,0.07259144003509649,317.33640922130866
0.05117186010451208,0.05,0.06833563381558122,317.2945742833312
0.05695664975684221,0.05,0.05112009970480026,317.2681339086437
0.1033333333333333,0,0.017320508075688773,309.6515228622811
0.0436117063292213,0,0.07669966795460778,309.72264824089496
0.056468826230724266,0,0.05061539883144556,309.70233470930873
0.038730625718569514,0.05,0.05773961821268951,317.2397735663827
0.11541675705239957,0.038842103403650165,0,314.26154986618695
0,0.027563020212963772,0.09825619281277381,312.12859620634026
0,0.02211213755553949,0.10042123954290241,311.3224301252763
0.11978256710447872,0.03330793405631087,0,313.1088831033907
0.09666666666666665,0,0.005773502691896257,309.6152103502685
0.08697610678603769,0.05,0.046606232432609584,317.2935862020168
0.1,0.05,0,317.09949877945246
0.09999999999999998,0,0.011547005383792514,309.63404668167374
0.06692513939915137,0.05,0.023022176349429158,317.1917879025365
0.04630564746765402,0.05,0.06878859362664436,317.2836942652271
0.03299107524943411,0.05,0.06114159586408524,317.2295092623504
0.011314446171008944,0,0.07133838482096216,309.63393121691445
0.11333333333333329,0,0,309.5926906973974
0.08646055664744103,0.016581339124789003,0,310.62746806686295
0.026980618735542274,0,0.06250391521197299,309.66460228408704
0.043853472044368486,0,0.053247515207089466,309.6858490515745
0.053731623837044905,0.05,0.04543227957223532,317.2458657381627
0.09088081978647339,0.02764341059709842,0,312.10806094794657
0.08867068821695721,0.022112374860943713,0,311.28728367217565
0.05106091821263131,0.04434300626351187,0,315.52477089345075
0.046666666666666676,0.05,0,317.0351166388909
0.04439425154596466,0.04434300626351186,0,315.50881095220547
0.07666666666666666,0,0.02886751345948129,309.6751662145705
0.07335972009315406,0,0.03425114557773433,309.68605147688675
0.07,0.05,0.005773502691896267,317.1128764561347
0.06669305342648738,0,0.022704140193941826,309.6485743997416
0.0600176773815071,0,0.022410058078256842,309.6394011557749
0.06338610685297479,0,0.028087772312194868,309.65936517556213
0.0253142133495135,0.025602770862321975,0,311.6771584891912
0.027100932488252683,0.03167868556477208,0,312.69715010450057
0.021836759208085747,0.030490613213132865,0,312.466312996562
0.05736342170779886,0.05,0.02856483906935199,317.19738482086615
0.06043828230864751,0.05,0.022863170795611638,317.18056454252354
0.010795531034385705,0.0037487604507432694,0,309.5704704949825
0.014924395402104745,0.007497520901486539,0,309.7641418128878
0.008257728735438079,0.007497520901486539,0,309.7432832179991
0,0.005540105643147679,0.068444335490007,309.78271635629886
0,0.011080211286295358,0.06637585046719346,310.1256997368084
0,0.011080211286295358,0.07278610687744988,310.1353481628422
0.07974788045993664,0.033127121955500834,0,313.07290900849716
0.08420928433844692,0.027619748408222275,0,312.10086857353133
0.0864194159079631,0.033150784144376985,0,313.08221330889137
0.06435878167063672,0.04436781992220823,0,315.55619905423805
0.06871756334127345,0.038735639844416456,0,314.2221504337976
0.0710254483373034,0.044367819922208236,0,315.56559541335616
0.005524195309306268,0.03198973584272011,0,312.67358383752975
0,0.03333333333333334,0,312.900457260499
0,0.027777777777777783,0,311.92306957853697
0.026387865699232824,0,0.04640920384014419,309.6328563556484
0.02197868606171425,0,0.04109326046932329,309.6096706874783
0.021667562434984605,0,0.047993918993212245,309.6237174929859
0.055482264756960706,0.005359278206970003,0,309.74349193877947
0.06215836289373747,0.005505667053939281,0,309.75986338547744
0.05764062765069821,0.010864945260909285,0,310.0845063670548
0,0.011289820255272809,0.04718187232755388,310.1057734451556
0,0.005644910127636404,0.042821705394546175,309.7400630148852
0,0.011857455213254892,0.04016822062439082,310.13456476752657
0.029419258662905345,0,0.024371195350491495,309.58698235834726
0.025334674506568587,0,0.02935559843482075,309.59004267357983
0.03278871896221186,0,0.029834538295028072,309.6095893214925
0,0.024847045068920187,0.030413264586317452,311.5815868592991
0,0.029449170391533656,0.025442891374750302,312.2989800398775
0,0.03105645488098492,0.030325445021562505,312.59768700057737
0.005960210016975106,0,0.02885632208897371,309.5323223476457
0.011920420033950212,0,0.032071618536921774,309.55932535660224
0.011920420033950212,0,0.025661362126665362,309.54249959298625
0.06666666666666665,0,0,309.57694224932254
0.06882502956040415,0.005505667053939281,0,309.76774454594516
0.06666666666666667,0.05,0,317.0748497121429
0.07333333333333335,0.05,0,317.083668720401
0.07002638675982073,0,0.028477642885838077,309.66798180439014
0.005120342368306838,0.04999999999999999,0.010687291810838781,316.9365354248263
0.010240684736613676,0.04999999999999999,0.014964327211421153,316.98339756908115
0.005120342368306838,0.049999999999999996,0.01709754822109519,316.9660229547128
0.04003608479499824,0,0.010120570350086497,309.5685030187734
0.036711460839978526,0,0.004641149773875221,309.5437110083006
0.03342292167995706,0,0.009282299547750441,309.5515381926134
0.07769211500397008,0.044367819922208236,0,315.57299392290344
0.04429786284725479,0.010718556413940006,0,310.05029298467315
0.04644679427088219,0.01607783462091001,0,310.5262893516852
0.039966178964655485,0.015598227683627,0,310.4645471651385
0.037254529363385164,0.05,0.025565258874562343,317.136099009076
0.04382195121787526,0.05,0.02637653558149873,317.15796015213897
0.04046321246256866,0.05,0.03114305766512998,317.16660347085275
0.043424396054911545,0,0.036918934134867146,309.64995427059176
0.04660602869196796,0,0.04352439011449889,309.6710521799838
0.0500365283421139,0,0.037971576226604645,309.66444812606176
0.01652647870570732,0.05,0.06302954296503085,317.1698411988355
0.059899325880870206,0,0.045062584943551316,309.69568442841876
0.06658049078257008,0,0.04554813768086623,309.70514994262174
0.06332982553101615,0,0.039509771055657075,309.6877355308852
0.01771505728527921,0.03620169390766243,0,313.5463130431567
0.022979230565446148,0.03738976625930165,0,313.8166023788236
0.026972482040283262,0,0.05618144700409816,309.6535889710496
0,0.03290868142769673,0.07711809427044644,313.048861797838
0,0.027639962972485346,0.07942053391240786,312.12115724796956
0,0.027398858406175574,0.07276663824156068,312.07237155224766
0.0733333333333333,0,0.011547005383792525,309.6220678553339
0.07666666666666665,0,0.005773502691896262,309.60623839694506
0.06999999999999998,0,0.005773502691896262,309.60018890746835
0.03674754563497677,0,0.014761720123961715,309.57598483495445
0.03013438251993559,0,0.013923449321625661,309.5583701340574
0.0335038428192421,0,0.019386792266162238,309.5825522654992
0.053315914576706085,0,0.010958841152422554,309.59521341314314
0.046649247910039424,0,0.010958841152422554,309.5839226989788
0.04997387186505914,0,0.01643826172863383,309.6065787988851
0,0.016934730382909213,0.051542039260561584,310.6331536529697
0,0.017502365340891293,0.04452838755739852,310.6786708465834
0,0.02217104241733967,0.04977607028495186,311.25684209751887
0.02604979836359883,0,0.018907852405954915,309.5631693432797
0.005657223085504471,0,0.06131021805150672,309.600534930192
0.011306309475749933,0,0.05860566020283092,309.6138668214577
0.005649086390245463,0,0.0549877498436319,309.5893745952163
0.05772758487929797,0.04434300626351186,0,315.53834696621544
0.05333333333333333,0.05,0,317.0507666808428
0.03694572105500607,0.05,0.004803220431142359,317.0364309382783
0.0302790543883394,0.05,0.004803220431142359,317.01504638395755
0.033333333333333354,0.05,0,316.99711050955364
0.07533733011352123,0.022067266684410513,0,311.2721828012235
0.07753774889042046,0.027596086219346127,0,312.0919584840061
0.07087592623501095,0.027574640231689075,0,312.0817294429017
0.005649086390245462,0,0.04216723702311907,309.5633968446774
0,0,0.044871794871794886,309.55014841724244
0.005649086390245462,0,0.04857749343337549,309.5769231061387
0,0.022547145604442397,0.019641323896552352,311.22335106844514
0,0.02185453062941587,0.01375193685359945,311.1109065645543
0,0.027149270927055866,0.014670950684985206,311.88144011315165
0.039999999999999994,0,0,309.53488858111865
0.04214893142362739,0.005359278206970003,0,309.71982606115097
0.035668316117400685,0.004879671269686994,0,309.6841669069058
0,0.027742152332814185,0.004277641007404566,311.93542118585094
0,0.022150971332295027,0.008555282014809132,311.13118036635603
0,0.02218659677725863,0.004277641007404566,311.1194680663991
0.07333333333333332,0,0.023094010767585042,309.65651489606716
0.07666666666666665,0,0.017320508075688783,309.6425397844071
0.06999999999999998,0,0.017320508075688787,309.636525845412
0,0.022139868897293892,0.08145853024130377,311.30780768873035
0.06644514822057143,0.03307864610792832,0,313.04876561985236
0.0642447294436722,0.02754982657299271,0,312.06917159176254
0,0.027445711629935025,0.009474295846194886,311.908929072533
0.05017980957616282,0.05,0.0056144971380787485,317.07643051512065
0.05369295248565897,0.05,0.011228994276157497,317.1142213549056
0.047026285818992306,0.05,0.011228994276157497,317.0988390656305
0.029743854144087162,0,0.03467154180564165,309.61450554991825
0.03719789859973043,0,0.03515048166584898,309.6328930190547
0.02005004006934656,0.02441469851068276,0,311.48486386565065
0.016572585927918805,0.029302540861493642,0,312.24202911275967
0.016963532561254407,0,0.06222357056202994,309.6368814397142
0.04666666666666665,0,0,309.5476928745968
0.015177254986331575,0.02328378769173903,0,311.30878897787346
0,0.03549802723440269,0.007880216370512269,313.36196425302074
0,0.03303689263045418,0.005196654838790319,312.8677468356648
0,0.035794467937281846,0.00268356153172195,313.3985496541663
0.04356116387384327,0,0.04836139362511248,309.67552342138197
0.04336070875001795,0,0.015599990926297772,309.5920543898971
0.04011700593428328,0,0.020225063068498295,309.5992909274688
0.032365105768419625,0.0328667579164113,0,312.93454043657545
0.028243403845613087,0.038577838610940864,0,314.0934449386268
0.07999999999999997,0,0.011547005383792521,309.6273239629776
0.011048390618612536,0.025090582796551318,0,311.5522512254604
0.005524195309306268,0.02643418028716455,0,311.7339617151373
0.005524195309306268,0.020878624731608994,0,310.95578054305014
0.08199915276893074,0.022088712672067565,0,311.2804855086294
0.07979873399203151,0.01655989313713195,0,310.62109169315534
0,0.0055555555555555575,0,309.6128780342406
0.004128864367719039,0.009304316006298826,0,309.8415777512149
0,0.011111111111111115,0,309.9553300940476
0,0.029515722145368566,0.03566094731387079,312.3426182027797
0.027224775443345447,0.05,0.009606440862284718,317.0303452112664
0.030837163165018167,0.05,0.014409661293427078,317.06721621663297
0.025678451144985615,0.05,0.013883476262867091,317.04603216384135
0,0.005644910127636404,0.04923196180480259,309.7537388548494
0,0.011289820255272809,0.053592128737810295,310.1189990700002
0.005960210016975106,0,0.03526657849923012,309.5484466676958
0,0,0.03846153846153847,309.5360223621587
0.020000000000000018,0.05,0,316.9478836998049
0.024121701922806552,0.04428891930547043,0,315.43122602637
0.026666666666666686,0.05,0,316.9740441666691
0.03781724754102808,0.010238949476656996,0,310.00159231427716
0.073136911336622,0.016538447149474896,0,310.61311724259883
0.06867550745811171,0.02204582069675346,0,311.2622820169685
0.08666666666666664,0,0.011547005383792514,309.63107318309915
0.08999999999999998,0,0.005773502691896257,309.61368953996066
0.08333333333333331,0,0.005773502691896257,309.6107366732372
0.05059268646283706,0.05,0.02747068732542536,317.1789423928649
0.054004682952492264,0.05,0.03333136115298324,317.2079240747273
0,0.022222222222222227,0,311.1071228468803
0.032510368468616116,0.05,0.05596225516743414,317.21603636000987
0.03824991893775152,0.05,0.05256027751603841,317.22570713654596
0.04184928680210452,0.038631925568982296,0,314.14630404576786
0.037455035256139885,0.04428891930547044,0,315.47592895549684
0.023378127506645197,0,0.00464114977387522,309.5119504650273
0.026666666666666665,0,0,309.50455435956593
0.019999999999999997,0,0,309.4872781857946
0.017999600712033298,0,0.004117728649829512,309.4956098235673
0.030788368589473217,0.04428891930547044,0,315.4551245529233
0,0.02726255832435453,0.05972088170602192,312.02719291649413
0,0.02733495638806233,0.05386549150768202,312.026499243988
0,0.03249887035878499,0.05795491273041219,312.936678951889
0,0.006212545085618486,0.02298754087087029,309.71821320687593
0,0,0.019230769230769235,309.48618992195856
0,0.005519930110591957,0.01709815382791739,309.66702168640023
0.031336632234801376,0.009759342539373987,0,309.952615148403
0.017912807964720927,0.05,0.03742939123830036,317.10797116148154
0.012356247336292574,0.05,0.033119744250301036,317.0676825694957
0.01853437100443886,0.05,0.030448847144682323,317.0866843802815
0,0.0383567129270926,0.05591558098493073,314.127293425174
0,0.044214555495400196,0.05387624923944926,315.50740705221017
0,0.0441421574316924,0.059731639437789155,315.5027122263174
0.031692785304531484,0,0.05459673185103012,309.66221876991364
0,0.01863763525685546,0.030501084151072402,310.76938845957187
0,0.012425090171236972,0.033154568921227756,310.1632504984846
0,0.012425090171236972,0.026744312510971344,310.14594605274704
0.0469608885920831,0.05,0.04433812782830869,317.22707267345396
0.04398946940688692,0.05,0.04915829986464267,317.2330191360107
0,0.03829600748313057,0.01680356608783705,313.9905519707274
0,0.03520158653152353,0.013076871209302588,313.32438200581174
0,0.04105358278995824,0.014290472780768679,314.6046669437075
0.006666666666666665,0,0,309.44728327910076
0.0041288643677190396,0.0037487604507432694,0,309.5490300010418
0.05664924791003941,0,0.016732343844318813,309.6181000365153
0.053342301336526815,0,0.022115975962571855,309.62868902302034
0.02721076027279971,0.05,0.04055199823098206,317.155216504597
0.026589197233081778,0.05,0.047532542324600094,317.1733608374669
0.02225100259890135,0.05,0.04248096678145022,317.1419633723157
0.021965214207262072,0,0.02389225549028417,309.56659877488664
0,0.016559790331775872,0.0128329230222137,310.4877348020145
0,0.01659541577673947,0.008555282014809132,310.4766618094143
0.08430703776496068,0.01105422608319267,0,310.12611625142637
0.07764521510955116,0.011032780095535617,0,310.1200185211619
0,0.03842911099080039,0.04364993437633442,314.11192454005607
0,0.0442145554954002,0.04746599282919285,315.4909323782872
0,0.038429110990800396,0.05006019078659084,314.1291758454582
0,0.045755288231016544,0.029309977716371748,315.8291202350901
0,0.04575528823101655,0.035720234126628156,315.8511504714641
0,0.0415105764620331,0.03297892979171786,314.7842785306317
0,0.03852541942969456,0.07483512326437422,314.2012684022882
0,0.011089940232625061,0.07917555923523154,310.14456659936025
0,0.005540105643147679,0.0748545919002634,309.79182525239537
0.015907313729202937,0.04680832072501051,0,316.0509359602321
0.013333333333333345,0.05,0,316.91941090245643
0.009240647062536264,0.04680832072501051,0,316.0202300616271
0.021577520424792513,0.05,0.019229871546618836,317.0542503160052
0.020519739124953064,0.049999999999999996,0.013357291232307103,317.02297403576694
0,0.05,0.00641025641025641,316.88510239364575
0,0.04690557904839296,0.00909381794197836,316.0457178946712
0,0.04690557904839296,0.00268356153172195,316.01137072081207
0,0.034184399221816944,0.04090863004142413,313.21863181710296
0,0.03996984372641675,0.03831443208402614,314.4424275451127
0,0.05,0.01282051282051282,316.9175779561496
0,0.04690557904839296,0.01550407435223477,316.0759295391816
0.018857528642639614,0.043100846953831214,0,315.1149312388384
0.014764842371842533,0.03990916767884173,0,314.3418038476806
0.022038544750212538,0.05,0.060460383341466584,317.1876786502285
0.01659808029549619,0.05,0.05721001119528365,317.1572465480825
0.02211014634000141,0.05,0.05464085157171937,317.1744602378388
0.0570262858189923,0.05,0.01700249696805376,317.1488873108934
0.06351314290949615,0.05,0.01716150252187128,317.1612715879169
0.06017980957616282,0.05,0.011387999829975015,317.1275718459292
0.02584398482381546,0.05,0.030680250651498205,317.1167865685381
0.03315359864319206,0.05,0.03091165415831409,317.14342626539514
0.030182179457995884,0.05,0.03573182619464807,317.15019430524507
0.05665795728835303,0,0.005479420576211277,309.5825826561282
0.04999129062168637,0,0.005479420576211277,309.5720734635446
0.01747658970459941,0.05,0.024576266830370584,317.0594294130323
0.011298466036453125,0.05,0.02083690752573289,317.0148499854549
0.016418808404759965,0.05,0.018703686516058853,317.0298818970752
0,0.017945020281828927,0.024611697108119498,310.6739649680939
0,0.0172524053068024,0.0187223100651666,310.5800804155747
0.07999999999999999,0,0,309.5890374702454
0.07549169622707082,0.005505667053939281,0,309.7741536323991
0.07333333333333332,0,0,309.5837258967909
0.010626477395675071,0,0.020153537918290398,309.52333172509833
0.016586687412650177,0,0.02336883436623846,309.550210803713
0.016955395865995395,0,0.055901102354155116,309.62584077191445
0.021968007300768835,0,0.059202508783064045,309.6458165171996
0.021959870605509822,0,0.052880040575189226,309.63423824607526
0,0.02188903538465442,0.06841518221267492,311.25562868390296
0,0.016725121413931763,0.06432576098994475,310.6353467430609
0,0.021993839869143147,0.06202332134798333,311.2583744200941
0.0633333333333333,0,0.005773502691896262,309.5926673439778
0.05999999999999998,0,0,309.5686865278403
0,0.05,0.0641025641025641,317.0846391378972
0,0.05,0.05769230769230769,317.0708188749006
0.04673016904932446,0,0.021063333870834353,309.61448444348383
0.041752898103394664,0.021674142386077105,0,311.1669766914942
0,0.05,0.05128205128205128,317.0551208324568
0.005556560628428353,0.05,0.04918144185979419,317.0816854268779
0.005556560628428353,0.05,0.0555916982700506,317.09797557093214
0.02162943955918342,0.05,0.049461510875068254,317.15927566965394
0.01729124492500299,0.05,0.04440993533191839,317.12685468298486
0.04685489570505748,0,0.0313661202469729,309.64267885541034
0.05346702799225984,0,0.032418762338710404,309.65654545549614
0.0393043220582444,0.03292084487445273,0,312.9641034816641
0.034910070512279755,0.03857783861094087,0,314.11508152486925
0.022334982784067356,0.004879671269686994,0,309.65113574904143
0.02900164945073402,0.004879671269686994,0,309.6683543489719
0.017569506424195674,0,0.03577731709850238,309.58501486479776
0.017258382797466033,0,0.04267797562239134,309.6000279027395
0.03740458501950826,0.05,0.015220938000363466,317.0921156626472
0.034045846264201665,0.05,0.019987460083994713,317.1029699243361
0.05999129062168636,0,0.01125292326810754,309.606016375883
0,0.05,0.019230769230769232,316.94591798930486
0.006178123668146286,0.05,0.022970128535406927,316.997087722795
0,0.05,0.02564102564102564,316.972723428419
0.037059001935907145,0.0272704501512442,0,311.96972705312425
0.03057838662968044,0.02679084321396119,0,311.8760063368681
0.05096452951392145,0.010718556413940006,0,310.06269288006115
0.05312289240765895,0.016224223467879287,0,310.55354487897466
0.023612387721672734,0.05,0.004803220431142359,316.990567705657
0.018453675701640183,0.05,0.004277035400582372,316.96645048079927
0.01666968188528506,0.05,0.05139047942553643,317.14333494479155
0,0.006212545085618486,0.0293977972811267,309.73576480490266
0,0.034051295714147126,0.020472518163183157,313.12507616481105
0,0.03244401122469586,0.015589964516370958,312.7993354478063
0.05999999999999999,0.05,0,317.0640328543141
0,0.02784188590208239,0.020560337727938104,312.01398350737287
0.02675625501329039,0,0.00928229954775044,309.53564778111485
0.011314446171008942,0,0.06492812841070573,309.62441604213967
0.005657223085504471,0,0.06772047446176313,309.610636540534
0,0.03565858020359838,0.025355071809995355,313.4645273100112
0.005484959038639482,0.05,0.06782148645005423,317.12378208024165
0.010969918077278965,0.05,0.06513015238728795,317.14759865679616
0,0.05,0.07051282051282051,317.09693353622873
0,0.044142157431692405,0.06614189584804557,315.5159331184636
0.02706990401389977,0.05,0.052711883021251196,317.18885627509576
0.027550610794717757,0.05,0.0578912237179023,317.2031850103585
0.03749179327737248,0.05,0.035963229701463956,317.1746783038099
0.02994491554400856,0.05,0.02533385536774646,317.11139777400547
0.04869211439321944,0.021728229344118537,0,311.1886488037435
0.0553682125299962,0.021874618191087814,0,311.2202201155137
0,0,0.07051282051282054,309.5954929622027
0.006178123668146286,0.05,0.029380384945663335,317.0223268005396
0.006178123668146286,0.05,0.03579064135591975,317.04488934470317
0.01333333333333333,0,0,309.46795571232957
0.01746219770105237,0.0037487604507432694,0,309.59056102915923
0.011298172780490926,0,0.052283191994956096,309.6022150393642
0.06666666666666664,0,0.011547005383792525,309.6152804498349
0,0,0.025641025641025647,309.5039886722744
0.005960210016975106,0,0.0224460656787173,309.51501009067977
0,0,0.06410256410256412,309.58586425616863
0.04371205052732588,0.05,0.037740592746719336,317.1981985493272
0.0407406313421297,0.05,0.04256076478305332,317.2052091970841
0.0633246239550197,0,0.017026425960003803,309.6280823853576
0.019797180485119727,0.008628431720430263,0,309.84686749868143
0.017259378186172104,0.012377192171173532,0,310.1128971886851
0.030044794173311858,0,0.00464114977387522,309.5285337576623
0.033333333333333326,0,0,309.5204244913406
0.011787009034973511,0.049999999999999996,0.004277035400582371,316.93701042418957
0.006666666666666672,0.05,0,316.8862801031192
0.022289809688443893,0,0.03419260194543433,309.5942804839927
0.04351314290949616,0.05,0.005614497138078748,317.0597224152668
0.040458863964502205,0.05,0.010417717569221108,317.0772375625046
0.01173468429657464,0.05,0.04010028834391907,317.08767558887837
0.05684647624282948,0.05,0.0056144971380787485,317.0907547464938
0,0.005519930110591957,0.004277641007404566,309.62594703878017
0,0,0,309.4252608861081
0.09333333333333332,0,0,309.59494089604783
0,0.02213013995096419,0.0750690778835221,311.2980204652131
0,0.05,0.03205128205128205,316.996852333952
0,0.016631041221703072,0.004277641007404566,310.4649558972526
0,0.01666666666666667,0,310.45261706552907
0,0.05,0,316.8484913017931
0.005120342368306838,0.049999999999999996,0.004277035400582371,316.9029123655911
0.06333333333333332,0.05,0.005773502691896267,317.1030010971972
0.03348556365842878,0.01511862074634399,0,310.4025284831136
0.028791667490941253,0.020714928511511084,0,311.01123729321307
0.027004948352202074,0.01463901380906098,0,310.3402333056106
0.04399821822573191,0.027324537109285632,0,311.9953446317932
0,0.05,0.038461538461538464,317.01830470590403
0.005556560628428353,0.05,0.042771185449537785,317.06358860226857
0,0.05,0.04487179487179487,317.0376161094579
0.03452037409217631,0.05,0.04078340173779794,317.18100729626906
0.088820185549147,0.005527113041596334,0,309.78324843721145
0,0.011185015770784085,0.05998398960250188,310.122953479539
0,0.005644910127636405,0.055642218215059006,309.7663399224301
0,0.016630045875772742,0.07710707421241801,310.6447138800304
0,0.006212545085618487,0.03580805369138312,309.7521284660136
0.06666666666666668,0.05,0.011547005383792535,317.1388519826324
0.040000000000000015,0.05,0,317.0170827284583
0.04881559809029405,0.005359278206970004,0,309.73242815558405
0.01690735140328035,0.05,0.008554070801164744,316.9831698583343
0.0220660634233129,0.05,0.009080255831724731,317.00769457244166
0.023527494210774318,0.019526856159871868,0,310.85093192993423
0.04037953123678685,0,0.04175593764548073,309.6549872145102
0.037334666418662156,0,0.04659294115609431,309.6590307646815
0.019377328930711795,0,0.012876607073534243,309.5273675968315
0.021377728218678494,0,0.008758878423704732,309.51997800013226
0.0159992014240666,0,0.008235457299659023,309.5033035229343
0,0.0415105764620331,0.026568673381461447,314.76167042983565
0,0.038284314863384794,0.06818122759352703,314.1367262527811
0,0.03242647229507719,0.06381030292875209,312.93499639040425
0,0.038284314863384794,0.06177097118327062,314.12410473148526
0.055455169758595955,0.03868601252702373,0,314.1893176755082
0.010240684736613676,0.04999999999999999,0.008554070801164743,316.95276254246335
0.015361027104920516,0.049999999999999996,0.012831106201747114,316.99804183240997
0.011609296407220568,0,0.03897227706081073,309.574978663053
0.013998802136099898,0,0.012353185949488532,309.51035928389547
0.06997010543786208,0,0.03989964162930028,309.69623739064366
0,0.005540105643147679,0.06203407907975059,309.77254812032743
0,0.02323976057946893,0.025530710939505253,311.3373345112947
0.012356247336292573,0.05,0.02670948784004462,317.04400985312054
0.031548954906980134,0.05,0.04560357377413192,317.18559044823024
0.011814627458405854,0.04361664145002102,0,315.2109780826531
0.005147960791739182,0.04361664145002102,0,315.1780390827916
0.03687330311854861,0,0.024850135210698815,309.60552834501874
0,0,0.0512820512820513,309.5631996999427
0.02475585572532369,0,0.01340002819757995,309.54337121355206
0.020671271568986935,0,0.018384431281909207,309.5474758974403
0.043486466233589795,0,0.025688406013034872,309.6213909680608
0.040242763417855126,0,0.0303134781552354,309.6272983726158
0.05053942872848845,0.05,0.016843491414236245,317.13443267954966
0.05395142521814365,0.05,0.022704165241794118,317.16727082819017
0.04718068997318185,0.05,0.021610013497867488,317.147236555038
0.00809817570517586,0.03435361212328617,0,313.13391790248807
0.002573980395869591,0.035697209613899404,0,313.37822717828504
0.0820557654559666,0.03875930203329261,0,314.24139064282963
0.07538423000794013,0.03873563984441646,0,314.2301262942049
0,0.0379591618383512,0.010563777902234218,313.8903159886833
0,0.03825560254123036,0.0053671230634439,313.93077636614026
0.01067215610104545,0.036717488403852236,0,313.62566631851655
0.048788503091929294,0.03868601252702373,0,314.17543170345016
0.07999999999999999,0,0.023094010767585035,309.66177966129516
0.011048390618612536,0.030646138352106875,0,312.4541077882834
0.0046662673786999655,0,0.004117728649829511,309.45482915599024
0.05333333333333331,0,0,309.5589588568374
0.05664866062931626,0,0.03902421831834216,309.67742809882327
0.024669965568134715,0.009759342539373987,0,309.93545412231344
0.050937434515556684,0.027378624067327065,0,312.01886734724593
0.057613532652333446,0.02752501291429634,0,312.054754443497
0,0,0.05769230769230771,309.57517621025954
0.08333333333333331,0,0.017320508075688777,309.6470468358802
0.022635301724631962,0.05,0.025102451860930575,317.0832340475353
0.026736232444825064,0.05,0.019756056577178827,317.0767446596525
0.005147960791739182,0.03806108589446547,0,313.8874114471414
0.002573980395869591,0.04125276516945496,0,314.5944801336396
0,0.01662031692944304,0.07071762185463634,310.63463105970214
0.04332462395501971,0,0.005479420576211276,309.56002595972336
0.0046662673786999655,0,0.016938241470342334,309.49512198006886
0.009332534757399931,0,0.014645713709915433,309.5031784340478
0.032029661687798125,0.05,0.05078291447078303,317.2013967553031
0.011113121256856706,0.05,0.04708083243753711,317.10526534856444
0.03762697458918737,0,0.0514790627380713,309.66963996823335
0,0.01807000029887338,0.03751473585423547,310.72408244878415
0.009332534757399931,0,0.008235457299659021,309.48319528858605
0.03140047713400627,0,0.04971061026905313,309.65200690760184
0.026680173869758045,0,0.051295325422121174,309.6435631206486
0,0.01682992589842049,0.05793390012525318,310.63485427415003
0.04624353834806916,0.032974931832494156,0,312.99157166353643
0,0.03257126842249279,0.0520995225320723,312.93705523996914
0.011041519667067836,0.05,0.059310620617540735,317.1355316017817
0.005484959038639482,0.05,0.061411230039797815,317.1108319827462
0.03527228279716796,0.021194535448794096,0,311.08924524009274
0,0.016639774822102445,0.08349652657019968,310.65364370644664
0.07098339245414165,0.011011334107878561,0,310.1123227140483
0.015292744774375039,0,0.017861010157863497,309.5307777553855
0.06431672578747497,0.011011334107878561,0,310.104816114595
0.06647508868121248,0.016517001161817844,0,310.6035447151933
0.059798990544435715,0.016370612314848564,0,310.57929666681065
0,0.03888888888888889,0,314.04233553555787
0,0.044444444444444446,0,315.35834688265584
0,0.0413500234928374,0.0026835615317219496,314.61789365146956
0,0,0.012820512820512825,309.46695391842087
0,0.005519930110591957,0.010687897417660979,309.6470212001298
0.017880630050925318,0,0.028876658574613426,309.5686584288779
0.016947259170736386,0,0.04957863414628029,309.61369754270305
0.06671944018630813,0,0.03386127500409112,309.67819093420394
0,0.011732475196210443,0.020854925468018443,310.0726385467702
0,0.011039860221183913,0.014965538425065544,310.00086997975217
0,0,0.006410256410256413,309.4466442398041
0.03776921215693353,0.05,0.0473809368193873,317.21047400434304
0.01133293404536663,0,0.004117728649829511,309.4758944696607
0.011298172780490926,0,0.04587293558469969,309.5892885715256
0,0.045755288231016544,0.02289972130611534,315.804413465135
0,0.03990329197258184,0.021686119734649248,314.3692559861839
0.050098598520792154,0,0.026741048104772378,309.6361834992262
0.011113121256856706,0.05,0.053491088847793515,317.1221475942291
0,0.044214555495400196,0.041055736418936443,315.4726510238092
0.02213216326918709,0.013508102990117257,0,310.22363477822864
0,0.03572513195743329,0.03557312774911584,313.5124863600237
0,0.03726586469304965,0.030237625456807554,313.8176888834068
0,0,0.03205128205128206,309.5205994856745
0.07307634501191018,0.03310345976662469,0,313.0618869929927
0.03415303378160574,0,0.039987485176462556,309.6374982717464
0.012386593103157118,0.011246281352229806,0,310.0080205369799
0,0.02740735445177013,0.048010101309342135,312.0244992980772
0.05321816097917032,0,0.044577032206236405,309.6846594081294
0,0.040716737145178865,0.00805068459516585,314.497137396421
0.056710730807994505,0,0.02779369019650988,309.64946214768315
0,0.03274045192757502,0.010393309677580637,312.8340395647672
0.04723394770753046,0.05,0.03223720940905661,317.18853367915233
0.004128864367719039,0.014859871561854383,0,310.28896041306234
0.009653059677025306,0.019071829626796707,0,310.7522210930233
0,0.0271577538398658,0.0661127425707135,312.02241712747025
0.060079160279462196,0,0.03347140443044791,309.6688981728735
0,0.02273867737532175,0.042762418581788794,311.3167997380093
0.05048278577228769,0.05,0.038834744490645966,317.21856018583134
0.007721941187608772,0.040424962175031526,0,314.42801006706804
0.022872565638619283,0.05,0.035500422687832184,317.12224781528073
0.026698989325962468,0,0.039508545316255236,309.61843238459693
0.0046662673786999655,0,0.010527985060085922,309.47551240556913
0.05318275463789393,0.03302901879053559,0,313.01694498219246
0.002573980395869591,0.04680832072501051,0,315.98486616103327
0,0.043811158096785915,0.01177737947370031,315.25966934155366
0,0.043811158096785915,0.0053671230634439,315.227586085688
0.018654709127759333,0.018395945340928144,0,310.70459522235467
0.05981395142923268,0.03305383244923196,0,313.03378494958565
0.062086366549934706,0.038710826185720096,0,314.2066637032162
0,0.04414215743169239,0.07255215225830197,315.5276281459447
0,0.023306312333303835,0.035748766878625736,311.37665178708676
0.06204431066677296,0.02202100703805709,0,311.25028768783056
0,0.03264366648620059,0.04624413233373241,312.93612525464465
0.043972006873998354,0.05,0.016032214707299854,317.114521150286
0,0.02209864435363187,0.05563146048329175,311.259912004016
0.04061326811869176,0.05,0.0207987367909311,317.12635021887473
0.013622371014482127,0.03301001463267294,0,312.89700600041385
0.031108168963481043,0,0.04482448868707614,309.6411141306908
0.03389144211001212,0.05,0.00960644086228472,317.0531421010032
0,0.044148003741565287,0.01801716765930314,315.3727461512269
0,0.03266757686138696,0.07046419859959926,312.9925134586489
0,0.011039860221183913,0.008555282014809132,309.98010501074896
0.08215351888248033,0.005527113041596335,0,309.77997271922055
0.008257728735438077,0.013053076457042095,0,310.14076157021265
0.013781924044744345,0.01726503452198442,0,310.56411945261334
0,0.02797498940975221,0.04099644960617907,312.0988973854444
0.08666666666666666,0,0,309.5927052113544
0,0.011075485666147515,0.004277641007404566,309.9680340121792
