% Model,3d_full_flux.mph
% Version,COMSOL 6.2.0.339
% Date,"Apr 17 2026, 16:29"
% Dimension,3
% Nodes,4286
% Expressions,1
% Description,Volume
% X,Y,Z,Temperature
0.17656132305921285,0.05,0.24539001097615984,353.68935942279074
0.17333333333333337,0.05,0.25,353.6461685107134
0.16989465639254617,0.05,0.24539001097615984,353.7789159717543
0.09785108682395038,0.027726898495404904,0.25,348.7738140475826
0.1000925894728541,0.03328181003790619,0.25,349.92812065586503
0.10449794177632822,0.027733304452145127,0.25,348.7737965497582
0.2,0.03372003901035904,0.1861366274361847,349.97778089705207
0.2,0.03919779934264397,0.19030176612715233,351.2032991745523
0.19999999999999996,0.039044479335430135,0.18397741492575698,351.2211216865829
0.19577290344402273,0.04647521159494428,0.25,352.31473467204023
0.2,0.05,0.25,353.21127307111277
0.2,0.044444444444444446,0.25,351.6985507640254
0.20000000000000004,0.03970541749367719,0.20937476088977364,351.1251789079483
0.20000000000000007,0.03438097716860609,0.20512371698994492,349.93730800719453
0.20000000000000007,0.034735275312425484,0.2114621041409145,349.9420980270602
0.1,0.05,0.25,354.1298813484916
0.09333333333333335,0.05,0.25,354.1259071910817
0.09666666666666666,0.05,0.24422649730810375,354.2389508481545
0.1625600087032334,0,0.21370454342262063,344.9162073396889
0.16684695288401208,0,0.21878578569668544,344.8110774914191
0.1698248161400387,0,0.21406754981159695,344.8338699341347
0.19438707888783163,0.05,0.1822849676352139,354.22038153849564
0.18877415777566323,0.05,0.1786724993729919,354.34791670536873
0.19438707888783163,0.05,0.17587471122495751,354.2690447947311
0.2,0,0.17948717948717946,344.7351350171196
0.2,0,0.18589743589743588,344.68793140431325
0.2,0.005771578769674226,0.18386806866697095,345.3149910572701
0.18868709546784304,0.05,0.19756523420086725,354.1805898155007
0.18303064320176457,0.05000000000000001,0.20019400514745475,354.2452706514029
0.18307417435567466,0.05000000000000001,0.19395276593864527,354.3087606808963
0.16981582660076117,0.006452880617861938,0.25,345.02171975798973
0.17333333333333334,0,0.25,344.2955054994698
0.16666666666666669,0,0.25,344.3704590690153
0.15015755669225445,0.05,0.2334557015909966,354.20225667938945
0.14343837112816962,0.05,0.2331969650354348,354.26314035640706
0.14694763162361918,0.05,0.22819754152879215,354.3134827542019
0.19577290344402276,0.04091965603938871,0.25,350.8815394651713
0.2,0.03888888888888889,0.25,350.31307574187775
0.15333333333333338,0.05,0.25,353.8760312230304
0.15005251889741816,0.05,0.24448523386366555,354.0113017295878
0.15671918556408485,0.05,0.24448523386366555,353.94714718322234
0.2,0.005771578769674226,0.19027832507722736,345.2634752665128
0.2,0.0117461274236881,0.19464571272414175,345.98374500887746
0.2,0.011543157539348451,0.18824895784676243,346.0116049956103
0.17439879130832187,0,0.2361551209948211,344.49441498330845
0.17286300173654562,0,0.24041232833601056,344.45029289034636
0.17796729044004905,0,0.24094895682681583,344.3801766194839
0.12894486494857954,0.03893184331585173,0.25,351.1497557347543
0.12447243247428977,0.044465921657925865,0.25,352.5625043836135
0.13113909914095645,0.04446592165792587,0.25,352.52962171210294
0.17378338179202923,0.05,0.23113407692858218,353.9719603063928
0.16635177127618772,0.05,0.23064234072270126,354.0753295907245
0.1704511838905785,0.05,0.225606384722804,354.1010055695861
0.2,0.011543157539348451,0.18183870143650602,346.06210795411437
0.18906352138794558,0.0055719509085705166,0.25,344.6703261556256
0.18479370944255785,0.011143901817141033,0.25,345.42326036922924
0.1914603761092245,0.011143901817141033,0.25,345.3263204528871
0.11112876645920328,0.04443154065046221,0.25,352.59543363576773
0.11779543312586994,0.04443154065046221,0.25,352.5784240383137
0.11559086625173987,0.03886308130092442,0.25,351.1854488967374
0.20000000000000004,0.02364562179344271,0.20954006726291835,347.7242838367964
0.20000000000000004,0.023291323649623313,0.20320168011194878,347.73051719522573
0.2,0.017923645962041622,0.20540985524843547,346.795438613402
0.2,0.011949097308027748,0.20745272401177747,345.8835118318141
0.2,0.011949097308027748,0.20104246760152106,345.9504308116595
0.18833761674085844,0.049999999999999996,0.21093154387156796,354.0348874286385
0.19399406900693691,0.049999999999999996,0.2147130293352369,353.88810520142346
0.18798813801387385,0.04999999999999999,0.21788759713201225,353.95086715178985
0.2,0.017720676077701975,0.19901310037105613,346.8290106089514
0.2,0.023088353765283662,0.19680492523456944,347.7590207619626
0.2,0.017517706193362327,0.19261634549367682,346.8571283940159
0.1222678656001597,0.03889746230838808,0.25,351.1714712134729
0.16666666666666669,0.05,0.25,353.731425155804
0.16322798972587949,0.05,0.2453900109761598,353.8597041458011
0.19999999999999998,0.02273206387373019,0.18408381915579478,347.8079127041671
0.2,0.01718909680365388,0.1797620180445905,346.9096493351266
0.19999999999999998,0.017314736309022676,0.18621959061629748,346.8797919685953
0.1503447691146056,0.05000000000000001,0.2122571894887252,354.5070723246739
0.14738869408490407,0.05,0.2055626676352261,354.61500133879844
0.15377522541388328,0.05,0.20619791260414663,354.5487462641598
0.06238288394882709,0.02218509910138524,0.25,347.61868090669964
0.05790990626386332,0.02777325317749974,0.25,348.63071602878216
0.06459318378107928,0.027730418415656065,0.25,348.66705858099436
0.16241957432729415,0.0402080935700942,0.25,351.1875078938492
0.15798329877630077,0.04467890330035319,0.25,352.3716401718507
0.16443627555099338,0.045529190269741004,0.25,352.5252465159365
0.2,0.027812817671170345,0.24586599720222807,347.9933196624792
0.2,0.03333333333333333,0.25,349.0548480046696
0.2,0.034124979123350746,0.24522166635949705,349.31097854455794
0.1897382458102191,0,0.24148558531762104,344.2128543355582
0.18307157914355246,0,0.24148558531762107,344.30580818756295
0.1882024562384429,0,0.24574279265881055,344.16981107226974
0.17776960888432675,0.04552919026974101,0.25,352.3523541952552
0.18000000000000002,0.05,0.25,353.552143490706
0.19486912290510955,0,0.2393325362485541,344.16844624533377
0.18973824581021914,0,0.23507532890736466,344.30631228514665
0.2,0.05,0.1794871794871795,354.13583330425365
0.13596572080798194,0.02230999802459925,0.25,347.65095460689247
0.1407108552928532,0.016810353563536835,0.25,346.70640672216166
0.13376900970822336,0.016721875536483313,0.25,346.7358143490965
0.1819344121996306,0.05,0.24588594656694984,353.6011229197329
0.1886010788662973,0.05,0.24588594656694984,353.4945424345445
0.18666666666666668,0.05,0.25,353.44854685406756
0.2,0.02860446346118776,0.24108766356172512,348.2284910059452
0.10666666666666667,0.05,0.25,354.125949295791
0.10333333333333333,0.05,0.24422649730810372,354.2392209025839
0.1888934148492192,0,0.20291338323862482,344.7078008327046
0.19444670742460962,0,0.2008156659782868,344.6455525650861
0.18889341484921923,0,0.1965031268283684,344.76925661707105
0.2,0.04452223966771507,0.17532204079621183,352.6666360107459
0.19999999999999998,0.03899460469445523,0.17111575099836795,351.3030171394315
0.2,0.03904447933543014,0.1775671585155006,351.27093263484977
0.16619633506987896,0,0.24041232833601056,344.5250193517142
0.16976483420160615,0,0.24520616416800528,344.41271782557305
0.1753618412561346,0.018477712144294393,0.25,346.6326522581514
0.16944747980228353,0.019358641853585816,0.25,346.8485779878892
0.17408021231833157,0.022702098022697917,0.25,347.3627730625205
0.14677170446150295,0.05,0.23897046772733105,354.13878623003785
0.15343837112816963,0.05,0.23897046772733108,354.07859493435944
0.20000000000000004,0.03402667902478669,0.19878532983897534,349.9269233502403
0.2,0.03935111934985779,0.20303637373880407,351.11211744140155
0.20000000000000004,0.0393511193498578,0.19662611732854768,351.179804216629
0.18268116447477997,0.05,0.20715005840789902,354.1724064560107
0.18868709546784304,0.05,0.20397549061112366,354.1112735179607
0.16556873426138863,0.029994307521289475,0.25,348.8575725447743
0.16040287310359488,0.0348869968704474,0.25,349.96319816890235
0.1668558498782875,0.03573728383983521,0.25,350.08182368485177
0.19999999999999998,0.01896477386853147,0.22344892682258616,346.74666299496135
0.19999999999999996,0.01264318257902098,0.21947877172787794,345.8395859598809
0.19999999999999996,0.01264318257902098,0.22588902813813433,345.75685500011025
0.12454358697469088,0.027775261478198008,0.25,348.7320441003801
0.12674029807444945,0.03336338396631394,0.25,349.8837019021397
0.1312205863231107,0.027809642485661663,0.25,348.7067120211055
0.1901787471714215,0.026479398806655667,0.25,347.82848240619325
0.18590893522603374,0.020940238604115074,0.25,346.8955311062779
0.1846273062882307,0.025164624482518598,0.25,347.6654221691221
0.14005251889741815,0.05,0.23871173117176928,354.19568207695323
0.13333333333333336,0.05,0.23845299461620745,354.24435492722495
0.13671918556408483,0.05,0.232938228479873,354.315801036781
0.20000000000000004,0.04047218046892372,0.2340330763087377,350.96985782191837
0.2,0.04523609023446186,0.23881140994924066,352.10689244491823
0.20000000000000004,0.045236090234461866,0.23240115353898425,352.21152717802966
0.17999457377218264,0.021821168313406497,0.25,347.13051672780307
0.17871294483437963,0.026045554191810018,0.25,347.91400910881947
0.14022844605953438,0.05,0.22793880497323035,354.37026513478656
0.13701852099089915,0.05,0.2226806449110259,354.47086661021496
0.14373770655498397,0.05,0.2229393814665877,354.4181855260634
0.1781706571384524,0.05000000000000001,0.19062132489791728,354.4150122214186
0.1782141882923625,0.05,0.1843800856891078,354.46969909142337
0.18311770550958473,0.05,0.1877115267298358,354.3664794175022
0.18460736871532868,0,0.23722837797643162,344.34778073982835
0.17008440526988264,0,0.22451769009545436,344.70339232294526
0.16281959783307734,0,0.224154683706478,344.7862989683056
0.1660570502189479,0,0.22988658810524693,344.67675094773654
0.2,0,0.22435897435897437,344.29330030439576
0.1937921892525409,0,0.22701675333769988,344.3561925182461
0.2,0,0.23076923076923075,344.20884547571
0.18,0,0.25,344.213438544231
0.1764315008682728,0,0.24520616416800528,344.3343211172698
0.20000000000000004,0.040265948053210154,0.22807824037986868,351.0108218104763
0.08453700732554414,0.011075105617910135,0.24999999999999994,345.98773815625873
0.08226850366277207,0.005537552808955067,0.24999999999999997,345.28648842684333
0.07788712420736903,0.01106986781737865,0.25,345.96649184519873
0.19022146256083194,0.034049326159696094,0.25,349.37691851324024
0.19577290344402273,0.035364100483833164,0.25,349.57559154324184
0.19444855911680922,0.03201855900919626,0.25,348.87042689225484
0.13815995500035885,0.011177409700006717,0.25,345.9015816251033
0.18939546618185768,0,0.18497127593894058,344.8591446963012
0.18409319927278653,0,0.18130306775456473,344.9616896634852
0.1838421736064673,0,0.18706899319927864,344.92132027952994
0.19999999999999998,0.04452223966771507,0.18814255361672463,352.564909980423
0.2,0.044522239667715076,0.18173229720646825,352.6187416240856
0.2,0.012296139943524364,0.21346574786982772,345.863901045956
0.19999999999999998,0.018617731233034854,0.2174359029645359,346.7676258346587
0.2,0.01827068859753824,0.21142287910648572,346.78388437413884
0.15185083117842918,0.028324083797569843,0.25,348.66055373775663
0.14710569669355794,0.03382372825863225,0.25,349.85318696007795
0.15394989632890227,0.034036709901059586,0.25,349.83938035501745
0.2,0.023992664428939325,0.21555309112096854,347.7154574819202
0.17553921776865344,0.04105838053948202,0.25,351.23339199930825
0.16887255110198676,0.04105838053948201,0.25,351.3210276748991
0.17110294221766006,0.045529190269741004,0.25,352.4431845430542
0.11666666666666667,0.05,0.23267949192431123,354.4157071696077
0.12000000000000001,0.05,0.23845299461620745,354.30778990944464
0.11333333333333334,0.05,0.2384529946162075,354.3276022427413
0.1943435477339215,0.05,0.19493646325427977,354.1075215594129
0.18873062662175313,0.05000000000000001,0.1913239949920578,354.24146456317
0.10890329407980237,0.022184798866384067,0.25,347.73193556615587
0.11562508497736734,0.022185968928233074,0.25,347.7181505279202
0.11338358232846363,0.016631057385731784,0.25,346.8019772779787
0.14290756639261176,0.02239847605165277,0.25,347.6201333493403
0.14765270087748303,0.016898831590590357,0.25,346.6689190185325
0.2,0.005974548654013874,0.20308533636486312,345.16807140777206
0.2,0.005974548654013874,0.1966750799546067,345.2304188676264
0.16929450260481843,0,0.23561849250401584,344.5613538634611
0.2,0.040059715637496586,0.2221234044509996,351.0462944068258
0.20000000000000007,0.03529580587195845,0.2237553272207531,349.9068239946353
0.1433858522307515,0.05,0.24448523386366555,354.06723929594244
0.2,0.005771578769674226,0.17745781225671453,345.36118183782315
0.20000000000000004,0.0446755596749289,0.2008771612283764,352.48034499501813
0.2,0.05,0.19871794871794873,353.9620725265456
0.20000000000000004,0.0446755596749289,0.19446690481812,352.54618506092874
0.12333333333333335,0.05,0.24422649730810372,354.1914406536021
0.11666666666666668,0.05,0.24422649730810375,354.21523539220055
0.2,0.02229230200900736,0.24173199440445614,347.0409235476447
0.2,0.02225726211561479,0.24586599720222807,346.9674520331928
0.1683200915500978,0.05,0.19019968202527077,354.55343702436136
0.17322360876732004,0.05,0.19353112306599873,354.4572761828456
0.16854590155227267,0.05,0.19504179713196446,354.5039268238061
0.2,0,0.23717948717948717,344.11919485508497
0.19486912290510955,0,0.23292227983829772,344.26000053044055
0.16317516501584378,0.05,0.23526525581598517,354.03836183289013
0.15984296711439305,0.05,0.229737563610207,354.16460527234045
0.16271225449696736,0.05,0.19814303337375674,354.54285321594824
0.156878607441662,0.05,0.201244269615549,354.57369871664037
0.15665279743948712,0.05,0.1964021545088553,354.6273630157241
0.19333333333333333,0.05,0.25,353.33492338086984
0.18910623677735608,0.04647521159494428,0.25,352.4309245060053
0.1914603761092245,0.022255012928252143,0.25,347.03769810757905
0.18719056416383678,0.01671585272571155,0.25,346.19261293825326
0.14929993088593485,0.03935780660070639,0.25,351.1115685073135
0.1513166321096341,0.0446789033003532,0.25,352.43708541660175
0.15596659755260153,0.039357806600706396,0.25,351.04879581486375
0.12902387522335212,0.02222151999754573,0.25,347.67369578775015
0.1773492127066879,0,0.22488069648443065,344.61190816984646
0.17332185765575317,0,0.23024959449422325,344.5898580907648
0.17411176032081738,0,0.21914879208566176,344.7235795499317
0.18914444051553844,0,0.1907372013836545,344.8163530168039
0.18359114794014805,0,0.19283491864399255,344.87664617533915
0.18243957011068943,0.04647521159494428,0.25,352.53708750341104
0.18487914022137883,0.04295042318988855,0.25,351.5731144887339
0.18020917899501612,0.042004401864685285,0.25,351.4037686210884
0.17505705831805624,0.05,0.23666596851926947,353.86410994008503
0.18043014745847402,0.05,0.2371619041100595,353.77802074332743
0.17849573525884344,0.05,0.24127595754310968,353.7358855809504
0.0912323266764229,0.027721155529732377,0.24999999999999997,348.76647827859006
0.09344573452047625,0.033275404081165964,0.25,349.9228559060726
0.12666666666666668,0.05,0.23845299461620745,354.28004137844573
0.18137656775762268,0,0.2195117984746381,344.6275041007057
0.18866131215765045,0,0.22916980240676682,344.40335458432
0.18353043506276,0,0.23132285147583376,344.44567335036953
0.16553787195926,0,0.20898630753753217,344.93798658236807
0.09000000000000001,0.05,0.24422649730810375,354.2310508093453
0.09333333333333332,0.05,0.2384529946162075,354.3394123626933
0.19999999999999998,0.01750278218740674,0.23288163667865153,346.38147770316783
0.2,0.023083947799024777,0.23695366076395322,347.2551356946883
0.2,0.023814943639587142,0.23223730583592053,347.4572216030918
0.17648249326742782,0.006452880617861938,0.25,344.9421600292894
0.11782965185149741,0.011087761611104193,0.25,345.9832544838633
0.1201053732260286,0.01663222744758079,0.25,346.7833180117188
0.1943435477339215,0.05,0.2077569760747926,353.9680131846756
0.2,0.05,0.21153846153846154,353.8154896515476
0.07561862054459695,0.0055323150084235825,0.25,345.2631150494043
0.14245573125059052,0.03914482495827906,0.25,351.1157091602706
0.181324404778492,0.03513407198499265,0.25,349.7543731536206
0.18467002167764118,0.032734551835559025,0.25,349.1784793030253
0.1800000604512785,0.03178853051035575,0.25,349.0455998847586
0.18386882439926122,0.05,0.24177189313389968,353.6457113529771
0.2,0.011181190897896253,0.23532173799419975,345.4244146496558
0.2,0.005590595448948126,0.23945574079197168,344.66858724389175
0.2,0.011181190897896253,0.2417319944044562,345.32828658172343
0.19526774553296394,0.05,0.24588594656694984,353.37793511279665
0.19526774553296394,0.05,0.2394756901566934,353.4924697150453
0.2,0.05,0.24358974358974358,353.3308943760754
0.2,0.05,0.22435897435897434,353.6428544205121
0.19399406900693691,0.049999999999999996,0.2275335421557497,353.70844743512134
0.19399406900693694,0.05,0.2211232857454933,353.8016489012907
0.2,0,0.25,343.92392868964356
0.19573018805461226,0.0055719509085705166,0.25,344.5700923700172
0.2,0.005555555555555555,0.25,344.5001781172552
0.11999999999999998,0,0.25,344.6951871139093
0.11555393047696622,0.005543295774627593,0.25,345.29310477414816
0.12227572137453119,0.005544465836476599,0.25,345.272591557578
0.14255090029249434,0.005632943863530119,0.25,345.1758532996387
0.14666666666666667,0,0.25,344.5524955261712
0.13999999999999999,0,0.25,344.5988933418666
0.1356090547078645,0.005544465836476598,0.25,345.20980512916145
0.2,0.033873359017572865,0.19246097863758,349.9551883465925
0.2,0.028456031452865353,0.19459675009808272,348.79778057876257
0.09781524484015874,0.04442513469372199,0.25,352.60437327504195
0.1044620997925366,0.04443154065046221,0.25,352.604560351752
0.10227734463269533,0.0388566753441842,0.25,351.20475737415353
0.13121810941572903,0.011088931672953196,0.25,345.9292213149849
0.1702223680169065,0.05,0.21512504952842812,354.2505126759184
0.16711898598912778,0.05,0.22007869251702578,354.22277437796544
0.162790757501065,0.05,0.2146333133225472,354.3478180076315
0.16000000000000003,0.05,0.25,353.80791342597803
0.20000000000000004,0.03570827070338558,0.2356649990784912,349.8214109876058
0.20000000000000004,0.03550203828767201,0.22971016314962212,349.86686318722474
0.2,0.030127105091767543,0.23159297499318948,348.68340657764
0.19526774553296394,0.05,0.233065433746437,353.5990983406068
0.2,0.05,0.23717948717948717,353.442609704351
0.15631838347355684,0,0.22334321252971825,344.8594650850057
0.1595558358594274,0,0.22907511692848717,344.75374781497305
0.1784261463592566,0,0.23078622298502852,344.51989180109643
0.0934242711358437,0.01661840139253773,0.24999999999999994,346.81151060240995
0.08680551098831622,0.016612658426865202,0.24999999999999997,346.79970229295094
0.08901891883236956,0.02216690697829879,0.24999999999999994,347.72542707421616
0.1530546214999069,0,0.2282636457517274,344.823992596344
0.15629207388577743,0,0.23399555015049628,344.71625701314105
0.17296498653485567,0.012905761235723876,0.25,345.820539843842
0.17887934798870678,0.012024831526432456,0.25,345.6232647499395
0.1957301880546123,0.011127506464126071,0.25,345.2580249908976
0.2,0.01111111111111111,0.25,345.18666234539523
0.2,0.005974548654013875,0.20949559277511953,345.1004143783138
0.1943870788878316,0.05,0.18869522404547032,354.1657810252579
0.18877415777566323,0.05,0.18508275578324834,354.2965680179516
0.1378057658076231,0.044465921657925865,0.25,352.48878838219565
0.14464996544296743,0.04467890330035319,0.25,352.494313681342
0.2,0.02792400265111908,0.1625876600893198,348.9258585240499
0.19999999999999998,0.03346696972119538,0.16690946120052408,350.05873335947035
0.19999999999999998,0.03341709508022047,0.16045805368339144,350.0820516070012
0.12682716412359357,0.016633397509429795,0.25,346.75714189933666
0.12234687587493231,0.022187138990082074,0.25,347.69684864356236
0.08679274339049997,0.03326123704347171,0.25,349.9080741393541
0.10892419958507318,0.03886308130092442,0.25,351.1997702760052
0.1133862993776098,0.03329462195138663,0.25,349.9155111212513
0.10673944442523194,0.03328821599464641,0.25,349.925672394258
0.1782569250604138,0,0.18985627018137904,344.9726587756801
0.1726716765143603,0,0.19264354716347942,345.01778895394733
0.17800589939409456,0,0.19562219562609295,344.92560110729164
0.19486912290510955,0,0.24574279265881052,344.07157031882997
0.19333333333333333,0,0.25,344.0274563445182
0.177089623576844,0,0.2144305562005733,344.7429550208421
0.1777441417489127,0,0.20746023807192943,344.8120846973136
0.17280267939606533,0,0.20934931392650852,344.8522322050087
0.10004303128337118,0.016624144358210254,0.24999999999999997,346.81598307079855
0.09563767897989704,0.022172649943971313,0.24999999999999994,347.73499911344203
0.1707345954191824,0.02510161817213155,0.25,347.83968092513214
0.17536732793523047,0.028445074341243652,0.25,348.4241199191116
0.15319390635083796,0,0.238789385982491,344.674391068467
0.14979085952625695,0,0.23318407897373655,344.7835804591828
0.1465272396841713,0,0.23878938598249103,344.7279774054534
0.11114479672870609,0.02773971040888535,0.25,348.7660660405341
0.20000000000000004,0.03508957345624488,0.21780049129188406,349.94129340983733
0.2,0.02971464026034041,0.21968330313545142,348.76680363178565
0.12000000000000002,0.05,0.25,354.09443654598044
0.11333333333333334,0.05,0.25,354.1141343616206
0.17332575004468523,0.05,0.2101714065398305,354.2723687531551
0.17367522877166983,0.05000000000000001,0.2032153532793862,354.34939884441263
0.1780034572597326,0.05,0.20866073247386474,354.22481056217936
0.2,0,0.21153846153846154,344.44614625290137
0.1944467074246096,0,0.20722592238854318,344.5806271333674
0.19379218925254088,0,0.21419624051718705,344.5139303636253
0.17306443704124716,0,0.19751127148067202,344.9690975120402
0.1681229746883998,0,0.1994003473352511,345.0080742269144
0.17345719756813405,0,0.20237899579786464,344.9172992423158
0.14993028650875231,0,0.24439469299124553,344.6164229566738
0.14326361984208566,0,0.24439469299124553,344.6664150330146
0.1845295600728648,0.05,0.23212594811016224,353.797617549987
0.1858032365988918,0.05,0.23765783970084953,353.68590879043865
0.17850795072673303,0,0.1840903447366651,345.01541172383304
0.2,0.027777777777777773,0.25,347.9154795376812
0.19573018805461226,0.027794173130792736,0.25,347.9917764630511
0.18666666666666668,0,0.25,344.12395962938075
0.18153578957177624,0,0.24574279265881055,344.26102745569716
0.159115757486696,0.029144020551901663,0.25,348.7547122281555
0.17788279440642002,0.05,0.22609812092868492,353.9918266803712
0.1745505965049693,0.05,0.22057042872290672,354.11876399674475
0.18198220702081078,0.049999999999999996,0.2210621649287876,354.0037755026469
0.07571604458421816,0.02214750214007305,0.24999999999999994,347.68233292881547
0.0801556278701411,0.016607420626333715,0.24999999999999994,346.78058304826993
0.07350574475196599,0.016602182825802232,0.24999999999999997,346.7539993914586
0.19999999999999998,0.0335168443621703,0.1733608687176567,350.0296164910096
0.19999999999999998,0.03356671900314521,0.17981227623478935,349.99470100161875
0.2,0.029367597624843794,0.21367027927740118,348.77290210227494
0.2,0.04502985781874829,0.2264463176101152,352.2480029555265
0.0866666666666667,0.05,0.25,354.1139974812003
0.0911485781734921,0.04442513469372199,0.25,352.5979403181311
0.08448191150682546,0.04442513469372199,0.25,352.58357180874873
0.2,0.029920872676053978,0.22563813906432045,348.72785080081707
0.18758437850508178,0,0.22326427590616899,344.49574539324465
0.18245350141019134,0,0.22541732497523592,344.53891447066206
0.13000000000000003,0.05,0.24422649730810375,354.1597693123772
0.16968396917763845,0.05,0.2361700329284795,353.9441763807113
0.2,0.022885383880944014,0.1904081703571901,347.78207011821434
0.19999999999999998,0.028302711445651524,0.1882723988966874,348.8248343699152
0.08236592770239329,0.022152739940604536,0.24999999999999994,347.7069459594599
0.08457933554644662,0.027706988492038124,0.24999999999999997,348.74984683785266
0.12006329872602964,0.03332900295885029,0.25,349.9034754094225
0.1630981675349395,0,0.24520616416800528,344.4840011481831
0.16,0,0.25,344.4382992528676
0.09563048968031751,0.03885026938744398,0.25,351.2020314609022
0.08896382301365086,0.03885026938744398,0.25,351.19313970449053
0.19154580688804546,0.04295042318988855,0.25,351.46438513056074
0.18233168574779537,0.049999999999999996,0.2141061116683433,354.09190807309204
0.07127646129829522,0.027687583653812388,0.25,348.69544284867413
0.06906616146604305,0.022142264339541567,0.25,347.6502554860407
0.20000000000000004,0.0450298578187483,0.2200360611998588,352.3393963031031
0.20000000000000004,0.04005971563749659,0.2157131480407432,351.13264573740645
0.17797878787934282,0.03753359213442629,0.25,350.3512768382697
0.1766544435521293,0.03418805065978939,0.25,349.6099234767851
0.2,0,0.1923076923076923,344.6354027813026
0.13666666666666671,0.05,0.24422649730810375,354.1201473127555
0.2,0,0.24358974358974356,344.02422259306286
0.2,0.005590595448948126,0.24586599720222807,344.5703762582159
0.17950308001182527,0,0.23669174948562638,344.4232239420976
0.09999999999999998,0.05,0.23845299461620745,354.34358779351203
0.163019573374737,0.05,0.22511464851692306,354.1992063459236
0.1596873754732863,0.05000000000000001,0.21958695631114486,354.31580664630866
0.06685586163379087,0.016596945025270746,0.25,346.7199513225168
0.15651076921294232,0.05,0.22420987140442877,354.28357225697687
0.1533008441443071,0.05000000000000001,0.21895171134222433,354.390469044646
0.07565784075369829,0.038821935312055474,0.25,351.1450802879249
0.08231083188367457,0.038836102349749727,0.25,351.1729428621244
0.08013975226052368,0.033247070005777465,0.25,349.8856266408022
0.07792634441647034,0.027692821454343874,0.24999999999999997,348.7255496652819
0.11,0.05,0.2442264973081037,354.2311695881271
0.09666666666666665,0.05,0.23267949192431123,354.43934669931605
0.19999999999999998,0.01706345729828508,0.17330444547288348,346.93401646013655
0.19999999999999996,0.011417518033979654,0.175381128864799,346.090228096921
0.18239685472127892,0.0055719509085705166,0.25,344.76353557122184
0.17915647093244702,0.05,0.2316300125193722,353.8878003062555
0.2,0.044675559674928894,0.2072874176386328,352.408306208504
0.2,0.05,0.20512820512820512,353.8918804493484
0.13333333333333336,0.05,0.25,354.0311734251255
0.156596953175419,0,0.2443946929912455,344.55929733302855
0.20000000000000007,0.029396109251205182,0.23630932992122222,348.4630528038349
0.20000000000000007,0.034916624913368166,0.24044333271899415,349.56649953887
0.19999999999999996,0.018233778027969105,0.22816528175061884,346.56447881476635
0.1631491599340945,0.006452880617861938,0.25,345.0941661009967
0.17330882665298014,0.03658757080922302,0.25,350.1952569028654
0.2,0,0.20512820512820512,344.5145413319723
0.18127620270998568,0.01759678243500297,0.25,346.41399724160607
0.2,0.05,0.23076923076923075,353.5464190559397
0.19999999999999998,0.00632159128951049,0.21550861663316973,345.0727470458608
0.19434354773392154,0.05000000000000001,0.2013467196645362,354.04086673234605
0.15969512071035846,0,0.23960085715925078,344.6030812530234
0.16279328824529793,0,0.23480702132725606,344.6421814812337
0.17326713992123016,0.05,0.1872898838571893,354.51470247913704
0.15012423788396315,0.05,0.22357462643550824,354.35478369924465
0.2,0.04523609023446186,0.24522166635949705,351.99435173511966
0.14510180058498867,0.011265887727060237,0.25,345.86586185852724
0.17812712598454233,0.05000000000000001,0.19686256410672676,354.354554058526
0.15333333333333332,0,0.25,344.4989641631715
0.2,0,0.19871794871794873,344.57762684143944
0.18926181453990087,0.05,0.22982974513295595,353.7561238458046
0.07782892037684917,0.044410967656027735,0.25,352.557959890735
0.19469773309092886,0,0.18863948412331644,344.75038240224035
0.14000000000000004,0.05,0.25,353.987615877103
0.13816243190774052,0.02789812051271518,0.25,348.68255720963043
0.19154580688804546,0.03739486763433299,0.25,350.1107170239102
0.0912036739922108,0.011075105617910135,0.24999999999999994,346.0010951072549
0.19999999999999996,0.038944730053480314,0.16466434348123532,351.32930302308324
0.15673130044358477,0.05,0.21289243445764575,354.436613588186
0.11786658762627106,0.027740880470734357,0.25,348.7496383842006
0.19999999999999998,0.024545939480149506,0.22752095090788782,347.6584905800919
0.19999999999999998,0.024339707064435938,0.2215661149790188,347.701926826827
0.1598346824713635,0.05000000000000001,0.20793879146904812,354.46509549508755
0.1957301880546123,0.02223861757523718,0.25,346.9662113092856
0.19573018805461226,0.016683062019681626,0.25,346.0561924123064
0.19146037610922453,0.01669945737269659,0.25,346.1259362670362
0.18889711823361846,0.03070378468505919,0.25,348.68623959962696
0.1859943660048547,0.03608009331019592,0.25,349.89779207632154
0.19999999999999998,0.02797387729209399,0.16903906760645243,348.90009992084083
0.19999999999999996,0.0280237519330689,0.17549047512358507,348.86854269670175
0.2,0.05,0.17307692307692307,354.1818111293074
0.19999999999999996,0.02260642436836139,0.17762624658408777,347.83400487819614
0.19999999999999996,0.0281493914384377,0.18194804769529205,348.846215715175
0.16589413952884374,0.05,0.20967967033394955,354.37394714823796
0.1595821454472068,0,0.21842277930770912,344.8899979251681
0.1783529359867172,0.05000000000000001,0.20170467921342045,354.2997577055041
0.19999999999999998,0.022480784862992594,0.17116867401238078,347.8546068107038
0.2,0.01693781779291629,0.1668468729011765,346.952893343625
0.2,0.0450298578187483,0.21362580478960239,352.4240444846432
0.19444670742460962,0,0.19440540956803037,344.705168427201
0.177653978532748,0.04999999999999999,0.21561678573430904,354.1422292313279
0.19053549106592788,0.05,0.24177189313389968,353.5361470192386
0.16851573521528665,0,0.2042680716524437,344.95533565320585
0.2,0.05,0.21794871794871795,353.7325446190481
0.18798813801387385,0.04999999999999999,0.22429785354226867,353.8608995840237
0.1832558835468378,0.049999999999999996,0.22659405651947492,353.903573120723
0.1405277814863487,0.05,0.21768122140438323,354.5163649949737
0.1826487491057055,0.03847961345962955,0.25,350.5062660195393
0.1937921892525409,0,0.22060649692744347,344.43773872574667
0.18758437850508178,0,0.21685401949591257,344.57438297956014
0.13341729742286929,0.0333977649737776,0.25,349.85619059940285
0.14500663154308485,0.02811110215514251,0.25,348.6756570688263
0.17312264611842565,0.05,0.24078002195231965,353.8200370527925
0.1687717115544476,0.05,0.1998839122386582,354.450845838395
0.17344941876949493,0.05000000000000001,0.19837323817269248,354.405122906057
0.06680348361333147,0.03327573772992689,0.25,349.8303194543985
0.149217566959161,0.005632943863530119,0.25,345.12598326830624
0.2,0.02243091022201768,0.16471726649524815,347.8828057695912
0.17839865992098142,0,0.20048991994328555,344.8747431415515
0.19053549106592788,0.05,0.23536163672364327,353.64559491877316
0.2,0.016701706560059235,0.2458659972022281,346.05713066069274
0.2,0.01114615100450368,0.24586599720222807,345.25863605919017
0.17202171103608127,0.030844594490677286,0.25,348.9552405634576
0.2,0,0.21794871794871795,344.3724005634595
0.08000000000000006,0.05,0.25,354.09415221884734
0.07123724108919391,0.011064630016847165,0.25,345.9377811220083
0.15994717528996433,0.05,0.23987524483982536,353.99593937551225
0.1566663608540491,0.05,0.23436047870349092,354.124388599116
0.12455144274906238,0.011088931672953198,0.25,345.9599098193871
0.1356115316152462,0.03893184331585173,0.25,351.1116466229623
0.09782243413973829,0.011080848583582662,0.25,346.00791916057506
0.16899752155662245,0.05,0.2047260273453519,354.39419406812834
0.10225643912742452,0.02217839290964384,0.25,347.7372353115974
0.1873187103320682,0.039425634784832825,0.25,350.6602244466745
0.1266666666666667,0.05,0.25,354.06678031475127
0.20000000000000004,0.028659001337205,0.20099350497546203,348.77434544083854
0.19999999999999998,0.00632159128951049,0.22832912945368256,344.9109158270264
0.19469773309092886,0,0.17581897130280363,344.84420267030964
0.19469773309092886,0,0.18222922771306005,344.79995504137713
0.15081915038418175,0.05,0.19950339075064755,354.6522046742303
0.20000000000000004,0.0396805346789063,0.24522166635949708,350.58904149736907
0.2,0.040472180468923716,0.2404433327189941,350.86439770728407
0.13,0.05,0.2326794919243112,354.36023872051106
0.20000000000000004,0.0290132994810244,0.2073318921264316,348.776421090101
0.0734867611305474,0.03323290296808321,0.25,349.8555134104168
0.2,0.0055905954489481255,0.23304548438171524,344.76147658817047
0.1882388966771505,0,0.20988370136726872,344.6443275222491
0.16248644449479244,0.05,0.19330091826706303,354.5944404657678
0.16293806449914222,0.05,0.20298514848045046,354.4876951812729
0.2,0.02222222222222222,0.25,346.89165732747927
0.16733745363462604,0,0.1896648987008659,345.10423089088005
0.1677302141615129,0,0.1945326230180585,345.05770597280576
0.15333416295259839,0.05,0.2288327864977127,354.2457222680037
0.2,0.05,0.1923076923076923,354.0260658831394
0.10666179143089867,0.01662988732388278,0.25,346.8131196981166
0.1033333333333333,0.05,0.2326794919243112,354.4394371011477
0.18316123666349482,0.05,0.18147028752102634,354.4184268612203
0.1402614970582136,0.033610746616204924,0.25,349.85879037487314
0.1469143128153279,0.05000000000000001,0.2183164663733038,354.4573218275344
0.1439582377856264,0.05,0.21162194451980468,354.56972144571296
0.19999999999999998,0.00632159128951049,0.2219188730434261,344.9945087212546
0.2,0.05,0.1858974358974359,354.0839182221976
0.17292270218067954,0,0.18687762171876549,345.062925466298
0.1466666666666667,0.05,0.25,353.93593204007203
0.16645597945175897,0.05,0.24078002195231962,353.90512513071235
0.16629831986818902,0.012905761235723876,0.25,345.8975923460038
0.1893954661818577,0,0.1785610195286842,344.9057613515641
0.15176846725165533,0.011265887727060237,0.25,345.8125196115578
0.16428161864448976,0.02425133120274374,0.25,347.7577781057793
0.1826856041017601,0,0.20557116221735033,344.7674174997441
0.07999999999999999,0,0.25,344.6959531047046
0.10666666666666666,0.05,0.23845299461620745,354.33977281895426
0.2,0.016666666666666663,0.25,345.98338137406364
0.1820310859296914,0,0.21254148034599424,344.7006964163417
0.15588423362582765,0.005632943863530119,0.25,345.0689796896695
0.2,0.016771786346844376,0.23759799160668427,346.19765966016627
0.1590333935599222,0.012085824481392057,0.25,345.8584667341734
0.11110786095393244,0.011086591549255186,0.25,345.99908230221735
0.08666666666666668,0.05,0.2384529946162075,354.3275864424847
0.0601202060961155,0.03331857249177056,0.25,349.7971672138476
0.12333333333333334,0.05,0.2326794919243112,354.3919410439105
0.15701669233622292,0.02343139444841192,0.25,347.6841664544131
0.16218255349401667,0.018538705099253996,0.25,346.7955131755554
0.15491762718574986,0.017718768344922177,0.25,346.7356268524365
0.1335092604954496,0.05,0.22768006841766855,354.41882451872743
0.1497517660279561,0.0226114576940801,0.25,347.6037332922617
0.18334567735042767,0.02938901036092212,0.25,348.5022861267859
0.2,0.011291878528610858,0.16892355629309203,346.11285799820627
0.2,0.005645939264305429,0.17100023968500755,345.3875647569051
0.08333333333333337,0.05,0.24422649730810375,354.2152152180645
0.19999999999999998,0.04447236502674015,0.1688706332790792,352.6958895305186
0.2,0,0.17307692307692307,344.7770136197218
0.10444119428726578,0.011086591549255188,0.25,346.0074073728247
0.19999999999999998,0.011912186738458615,0.230605383066167,345.59104329058465
0.08999999999999998,0.05,0.23267949192431125,354.431265892108
0.18334012227382881,0,0.19860084408870646,344.82766735091303
0.10999999999999999,0.05,0.2326794919243112,354.4315370976028
0.09999999999999999,0,0.25,344.7278517860655
0.09560183699610539,0.005537552808955067,0.24999999999999997,345.3104782716265
0.10222059714363288,0.005543295774627594,0.25,345.3123180688077
0.2,0.016736746453451808,0.24173199440445617,346.1285567560603
0.053436928578899555,0.033361407253614236,0.25,349.7560566887642
0.10666666666666663,0.049999999999999996,0.22690598923241495,354.52710965958886
0.10999999999999997,0.049999999999999996,0.22113248654051867,354.6071125928986
0.11333333333333331,0.05,0.22690598923241492,354.51520313961333
0.050160095864764935,0,0.24420294572750884,344.62004714713186
0.04698685839619656,0,0.23840589145501767,344.6815999659232
0.043493429198098274,0,0.24420294572750884,344.56297538475764
0.1780575154011003,0,0.17130883631222416,345.1076495901936
0.17771993212993958,0,0.16475660213047919,345.148154660279
0.17235941480057482,0,0.16786683905162858,345.19763577258954
0.027416974020085777,0.024820057114777333,0.25,347.76535377374404
0.021758559067253984,0.02349469310667484,0.25,347.45011080521346
0.0232523344489236,0.029560843604865186,0.25,348.630085218469
0.2,0.044472365026740165,0.16246037686882278,352.732054154901
0.2,0.05,0.16025641025641027,354.25613394697933
0.2,0.044472365026740165,0.1560501204585664,352.7624535348729
0.1619964628391811,0,0.19760467010076035,345.0901433768648
0.16238922336606795,0,0.20247239441795295,345.0388915998337
0.11666666666666664,0,0.24422649730810372,344.7972185565093
0.11333333333333331,0,0.25,344.71309896804104
0.11666666666666664,0,0.2211324865405187,345.12209136665706
0.11999999999999997,0,0.22690598923241495,345.03755152209123
0.12333333333333331,0,0.2211324865405187,345.1004526943309
0.15358909753708538,0.05000000000000001,0.18818219567982974,354.7373919842119
0.1580377710159389,0.05,0.19074155697344639,354.6682886848153
0.15220412396063357,0.05000000000000001,0.19384279321523865,354.6973854899175
0.2,0.04443216631252923,0.14963344232611003,352.7766609472498
0.2,0.03886433262505845,0.14542073080606624,351.3896309261277
0.2,0.03890453133926938,0.15183740893852257,351.3784933800444
0.1481250340131897,0.05,0.1885673569207943,354.7846847434429
0.05685169635469352,0,0.23255703124669,344.84221009948226
0.05365352506286322,0,0.23840589145501767,344.735017987163
0.06002493382326189,0,0.23835408551918114,344.7800085984755
0.1430402710669918,0,0.21015720378042105,345.12409609994535
0.13616723533651937,0,0.2103031275929454,345.16672712519374
0.1394923067666724,0,0.21579528569614587,345.0835003237781
0.19999999999999998,0.01677007696452329,0.14760379815697994,347.00899383615825
0.19999999999999996,0.011180051309682193,0.14968458338670457,346.1838636168593
0.19999999999999998,0.016825990573987624,0.15401815640504546,346.9957182573798
0.13017592716211623,0.05,0.22190656572577228,354.52344966310767
0.1336851876575658,0.05,0.2169071422191296,354.5727520766963
0.015239198858463292,0.03956001991293895,0.25,350.73313466744816
0.018395946330727875,0.03549031973117513,0.25,349.82921465825933
0.014437172023827223,0.03230517977852652,0.25,349.07310412410993
0.09999999999999998,0,0.23845299461620745,344.90754233533676
0.1033333333333333,0,0.2326794919243112,344.9899160524656
0.09666666666666665,0,0.23267949192431123,344.989932978843
0.18872029963953624,0,0.16545655116519423,344.99441401066923
0.18872029963953624,0,0.1590462947549378,345.02494847932616
0.18308044945930435,0,0.1616463652093298,345.0926426940727
0.18341803273046509,0,0.16819859939107476,345.05452196745955
0.055624619052599716,0.03890760483574283,0.25,351.04401557986756
0.06230789656981567,0.03886477007389915,0.25,351.08214731830765
0.12666666666666665,0,0.22690598923241495,345.01235855436096
0.12983076892222412,0,0.22127792048969316,345.0707206168571
0.1333333333333333,0,0.23845299461620745,344.81784877463616
0.12999999999999998,0,0.23267949192431123,344.91811390002573
0.12666666666666665,0,0.23845299461620748,344.85006053088705
0.06759959277014435,0.05,0.23997855071783275,354.2226776511377
0.07426625943681103,0.05000000000000001,0.23997855071783278,354.25709922972345
0.07046646305173887,0.05,0.2449892753589164,354.1478272026082
0.017530608231417902,0.05,0.24545320055089792,353.60038538258004
0.020899428563683903,0.05,0.23955370031122347,353.75714395582327
0.02336882033226602,0.05,0.24410049976032555,353.711162648144
0.13316410225555744,0,0.2270514231815894,344.97902660397943
0.2,0,0.16666666666666666,344.81372135504955
0.19436014981976812,0,0.16926673712105866,344.8892043192189
0.03152305478486241,0.044070523873690065,0.25,352.09277319780756
0.026666666666666686,0.05,0.25,353.6450503696093
0.033333333333333354,0.05,0.25,353.73075494803106
0.13971519963683876,0,0.2046650456772206,345.20522978616407
0.13639012820668575,0,0.19917288757402016,345.28068707785565
0.13284216390636633,0,0.20481096948974495,345.24427753208215
0.12,0.05,0.22690598923241495,354.49537144005296
0.11666666666666667,0.05,0.22113248654051867,354.59123663863556
0.19999999999999996,0.022234214767616063,0.13908478931726462,347.94010270365925
0.19999999999999998,0.016680737921999242,0.13482963305818763,347.0221127024866
0.19999999999999996,0.016725407443261266,0.14121671560758378,347.018226065806
0.16711174952568203,0,0.17720635021547396,345.20047642179003
0.17269699807173552,0,0.17441907323337358,345.15474635903183
0.16699889747121005,0,0.170977075972778,345.2410860310043
0.15147552462053035,0,0.19324559227711788,345.22734698026653
0.14752277528070318,0,0.18795326158830064,345.3043229305919
0.14618345032780344,0,0.1935887092601542,345.26648891205804
0.07139938915521651,0.05000000000000001,0.23496782607674915,354.3289573262257
0.07759959277014433,0.05000000000000001,0.23420504802593653,354.3701218358818
0.1329948711777816,0,0.21564985174697138,345.12329878331707
0.13632820451111494,0,0.22142335443886763,345.03415541189696
0.14266097048929396,0.04999999999999999,0.18895251816175884,354.82637538749395
0.13979175925004278,0.04999999999999999,0.19438124178026764,354.79598555298384
0.1357126693025989,0.04999999999999999,0.1891058054858233,354.8743919894635
0.1033333333333333,0,0.2211324865405187,345.14384800578574
0.10666666666666663,0,0.22690598923241495,345.066372929603
0.10999999999999997,0,0.2211324865405187,345.1365716700636
0.14319390635083795,0,0.23301588329059475,344.83538431114766
0.14635800860639542,0,0.22738781454787296,344.88971307803223
0.13976105543097644,0,0.2272196188647312,344.93784952684786
0.17839509867226103,0,0.17786107049396915,345.0616142365255
0.05125614988905733,0.027713613260771548,0.25,348.56690862096394
0.0557291275740211,0.02212545918465705,0.25,347.5617971326002
0.049075371199215116,0.022065819267928857,0.25,347.49753717462136
0.044966895147619874,0.02733033471659019,0.25,348.4356095834722
0.1943512323705262,0.05000000000000001,0.16320640360348387,354.34847115911884
0.18870246474105237,0.05,0.16615639695055748,354.4322711202551
0.1887024647410524,0.05000000000000001,0.1597461405403011,354.4662193008755
0.1301673427701484,0.05,0.21100115265861547,354.66992417770865
0.1233247489413655,0.05,0.21022707347336186,354.7125845385786
0.126649497882731,0.05,0.20509516309810136,354.75936039912386
0.03637944290305813,0.03814104774738012,0.25,350.676026339083
0.04266869764449559,0.038524326291561474,0.25,350.8349275074561
0.04085841909602465,0.03259485016525153,0.25,349.47346044534464
0.16283017521072196,0,0.1808722238690182,345.22058120523434
0.16294302726519397,0,0.18710149811171414,345.17207543805296
0.16722460158015404,0,0.1834356244581699,345.15485804174864
0.1133333333333333,0,0.23845299461620745,344.89305882380563
0.10999999999999999,0,0.24422649730810375,344.81161797289013
0.048400618947185045,0.05,0.24074167490285392,354.06476723625883
0.05260092842077757,0.05,0.23611251235428093,354.18211264652786
0.05506728561385173,0.05,0.24074167490285395,354.12265609718753
0.05886708199892389,0.05000000000000001,0.23573095026177035,354.2385033736595
0.15013619966763062,0,0.1988810399489715,345.1865061244756
0.14326316393715818,0,0.1990269637614958,345.23747193786636
0.1465882353673112,0,0.20451912186469626,345.1584313668445
0.024268248895949904,0.05,0.23365420007154902,353.90485520010117
0.018430036795101787,0.05,0.23500690086212145,353.79733156423606
0.19999999999999998,0.0055900256548410965,0.1517653686164292,345.4712867573665
0.2,0.011235964919146527,0.15609894163477012,346.16813408986184
0.1837556160016258,0,0.17475083357281973,345.0108709572637
0.16331728120539135,0.05,0.1816667499289109,354.68825274974455
0.16776595468424488,0.05,0.18422611122252752,354.61325242113617
0.16387141807124428,0.05,0.1876403207316541,354.63111098826306
0.09999999999999998,0.04999999999999999,0.22690598923241495,354.53102571161423
0.10888726381029956,0.005543295774627593,0.25,345.3062232365178
0.10666666666666666,0,0.25,344.72398719209315
0.19999999999999996,0.022278884288878087,0.14547187186666077,347.93325125128126
0.19999999999999996,0.02231908300308902,0.1518885499991171,347.92008829725637
0.04666666666666669,0.05,0.25,353.8759000622815
0.0511456428596332,0.04445380241787142,0.25,352.40032131866946
0.04447897619296652,0.04445380241787141,0.25,352.3378849972278
0.1370099365989313,0.05,0.2117752318438691,354.61863426834833
0.1334920917115139,0.05,0.20586924228335496,354.7131676621254
0.10666666666666663,0,0.23845299461620745,344.9039458024355
0.12333333333333334,0.05,0.22113248654051867,354.56740316750984
0.12,0.05,0.2153589838486224,354.6596375946696
0.1133333333333333,0.049999999999999996,0.2153589838486224,354.67948298322
0.1440459440657458,0.05,0.18329192062634997,354.8647833709654
0.13858188054185008,0.049999999999999996,0.18367708186731452,354.90265980512146
0.14044039289820898,0.05,0.20571595495929051,354.66854465825156
0.030035486998932683,0.05,0.24410049976032555,353.80137907238657
0.03670215366559935,0.05,0.24410049976032555,353.88284462885116
0.048957952385933035,0.03890760483574282,0.25,350.98733434059085
0.04459639500624859,0.010945350183390776,0.25,345.7371269002994
0.04896486416979095,0.005472675091695388,0.25,345.0928215917354
0.04229819750312429,0.005472675091695388,0.25,345.0338502443272
0.12997424682409653,0.05,0.19996325272284088,354.7999651763054
0.1369225480107916,0.05,0.1998099653987764,354.759631991193
0.07639634258366057,0,0.23252877689144844,344.94794507747537
0.07306300925032724,0,0.2383022795833447,344.85126732361914
0.07986483795849694,0,0.23837763709977608,344.8760224560632
0.2,0.038944730053480314,0.15825408707097893,351.3615882408067
0.09666666666666662,0.04999999999999999,0.2211324865405187,354.61495186747635
0.0933333333333333,0.049999999999999996,0.22690598923241498,354.52695135826315
0.09033195060210442,0.049999999999999996,0.22192570468155143,354.59629728481366
0.08318189864435413,0,0.22189876785315765,345.1120520209934
0.07977284796653122,0,0.2165084058175809,345.1680526240726
0.07638006993618443,0,0.22182341033672626,345.0906968357239
0.08651523197768747,0,0.2161252651612614,345.1911176613801
0.12666666666666668,0.05,0.22690598923241495,354.4676035427904
0.06319817129183027,0,0.24415113979167233,344.7117016366199
0.06639634258366056,0,0.23830227958334466,344.8185406245484
0.04689459250937289,0.016418025275086165,0.25,346.5479423497364
0.05126306167291525,0.010945350183390776,0.25,345.7943440916071
0.1585486008957619,0,0.18453809752256242,345.23590884884766
0.12666666666666665,0,0.25,344.67021835017573
0.13,0,0.24422649730810375,344.7471613421893
0.12333333333333332,0,0.24422649730810375,344.7757516021815
0.18905788291069697,0,0.1720087853469392,344.9528528229081
0.15942274459239075,0.05000000000000002,0.18508095943803748,354.70404003251383
0.06379979638507219,0.05,0.24498927535891638,354.1088658185491
0.06000000000000003,0.05,0.25,353.9875218284598
0.05753364280692588,0.05,0.24537083745142696,354.05779249116495
0.09333333333333331,0,0.23845299461620745,344.903947657948
0.08999999999999998,0,0.23267949192431123,344.9827586949304
0.08666666666666664,0,0.23845299461620748,344.8932736040718
0.06666666666666665,0,0.25,344.6381522569458
0.06986483795849693,0,0.24415113979167236,344.74775845047355
0.09999999999999998,0,0.22690598923241495,345.06997254205663
0.1233333333333333,0,0.2326794919243112,344.94686116316024
0.19436014981976812,0,0.16285648071080222,344.9228254212113
0.2,0.03329649893758768,0.14120801928602245,350.1235574258335
0.2,0.02774302209197086,0.13695286302694545,348.97590978961466
0.19999999999999998,0.027787691613232884,0.1433399455763416,348.97143911450627
0.08999999999999998,0,0.24422649730810375,344.8117625570304
0.08333333333333331,0,0.24422649730810375,344.79767174066325
0.14973688396050328,0,0.21103303498427547,345.0636802728746
0.03867764040618242,0.026947056172408838,0.25,348.2978162107422
0.17280985012620753,0,0.18064834747606953,345.11134029807846
0.020000000000000018,0.05,0.25,353.55059492340973
0.019197973165363945,0.042745159865587565,0.25,351.5839811566175
0.016041225693099365,0.046814860047351387,0.25,352.6050124792205
0.12966979974762854,0,0.21015769364377093,345.20300418435136
0.07653150462516362,0,0.24415113979167236,344.7768242611557
0.04510277261278438,0.05,0.23484217466317947,354.13438807446806
0.017593919496091806,0.028235479596762692,0.25,348.28629542833545
0.016987902334762724,0.02289800877366002,0.25,347.2778576586845
0.18873831125835777,0.05,0.1724144481617747,354.3928626829375
0.19435123237052618,0.05,0.16961666001374026,354.311475053288
0.1399302865087523,0,0.23862119029934925,344.77639277588673
0.2,0.05,0.15384615384615385,354.2846474891997
0.1943512323705262,0.05000000000000001,0.1567961471932275,354.37970202053924
0.10333333333333328,0.04999999999999999,0.2211324865405187,354.6150197669706
0.15328484826082267,0,0.2053949530685507,345.09477589129386
0.056826762531431596,0,0.24420294572750884,344.6699443881605
0.2,0,0.16025641025641024,344.84513790103574
0.2,0.00564593926430543,0.16458998327475116,345.4229796141985
0.2,0.00564593926430543,0.15817972686449472,345.45310328215015
0.029712776236391465,0.038141047747380113,0.25,350.5962818752443
0.02485638811819574,0.04407052387369006,0.25,352.0056732427884
0.09999999999999995,0.049999999999999996,0.21535898384862245,354.69526741974795
0.10666666666666662,0.04999999999999999,0.21535898384862243,354.69135959157956
0.05333333333333331,0,0.25,344.55238886749163
0.04666666666666665,0,0.25,344.49883788532844
0.06899117408703162,0.038821935312055474,0.25,351.1123207722151
0.06449558704351582,0.044410967656027735,0.25,352.4896569115628
0.0711622537101825,0.04441096765602774,0.25,352.52778726418387
0.16276314433953842,0.05,0.1756931791261677,354.74014091660774
0.16721181781839195,0.05,0.17825254041978433,354.66781422329245
0.03008783820957834,0.014013120126499135,0.25,346.0151880151515
0.026725225473052224,0.009342080084332755,0.25,345.33715191448135
0.025317181477087083,0.013416435793484314,0.25,345.87187694482304
0.14387084919748666,0.05,0.19965667807471196,354.7103784905014
0.10666666666666665,0,0.21535898384862245,345.2114248372272
0.11333333333333331,0,0.21535898384862245,345.2005125624236
0.012082451386198713,0.04362972009470278,0.25,351.698992092453
0.011280424551562642,0.03637487996029034,0.25,349.9218502357005
0.13666666666666666,0,0.24422649730810375,344.71144192191645
0.06020210525898488,0.016537305108542552,0.25,346.6699911821361
0.03456916435458719,0.032211571621070176,0.25,349.3224208207775
0.11999999999999997,0,0.23845299461620745,344.8751676396181
0.1328434580633477,0.049999999999999996,0.19453452910433205,354.8401604465248
0.17766005142650956,0.05,0.1784065148863646,354.5253986947144
0.038189721451529074,0.044070523873690065,0.25,352.17112228504885
0.057916818047721245,0.011004990100118971,0.25,345.85231590543145
0.053548348884178885,0.01647766519181436,0.25,346.6126548578759
0.02405436128355967,0.03681568373927763,0.25,350.21195559641166
0.08733056787087555,0.049999999999999996,0.21694542013068785,354.6597624024052
0.08399723453754224,0.05,0.2227189228225841,354.57033003794714
0.040000000000000015,0.05,0.25,353.807708658675
0.06895195387793028,0.005532315008423582,0.25,345.23297779494146
0.17212301967221885,0.05,0.16908469104048565,354.6670262704247
0.1775883583918987,0.05,0.16589041246393016,354.609385236884
0.1776242049092041,0.05,0.17214846367514738,354.5701607359248
0.12894238804119784,0.005544465836476598,0.25,345.2447629235101
0.05563153083645761,0.005472675091695388,0.25,345.144618417798
0.12317236415873775,0,0.21001225969459647,345.23244811602245
0.12634472831747554,0,0.2046655355405705,345.2770331908584
0.08659094932217706,0,0.22728912988873443,345.050287377946
0.09333333333333331,0,0.22690598923241495,345.06638094422027
0.08992428265551039,0,0.22151562719683818,345.1316313227843
0.021954568740560967,0.008745395751317938,0.25,345.2020326095649
0.062285287211263606,0.0055323150084235825,0.25,345.1958495373072
0.06457057442252724,0.011064630016847165,0.25,345.9029115353764
0.0508669761402592,0.05,0.24537083745142696,354.0030060392423
0.09366528393543774,0.04999999999999999,0.21615220198965515,354.68117124317837
0.07298729190583765,0,0.22713841485587166,345.0077733917313
0.07978912061400736,0,0.22721377237230303,345.0327823770563
0.06322310511509219,0,0.2325052253108535,344.8839754884083
0.047147673837462094,0.03297812870943288,0.25,349.61800573467355
0.14618891966018388,0,0.2166711169000003,345.0263241451873
0.15288553255369536,0,0.21754694810385472,344.96182334565054
0.03307538897291758,0.02614542112287983,0.25,348.08218208295506
0.03158161359124796,0.020079270624689484,0.25,346.97977114774636
0.11999999999999998,0,0.21535898384862245,345.1823963199358
0.1429251576865339,0,0.2215915501220094,344.9896863662307
0.1496217705800454,0,0.22246738132586383,344.92823803609116
0.009374559026432692,0.046814860047351387,0.25,352.49726536226297
0.08666666666666666,0,0.25,344.7134606835627
0.1268425938287829,0.05,0.21613306303387603,354.62050960992815
0.1495100075896415,0.05,0.1829067593853854,354.82130482162955
0.0376046168047912,0.05,0.23357183697207806,354.07540256253117
0.040902463139191866,0.05,0.2394713372117525,354.0123443111673
0.03340430733119868,0.05,0.2382009995206511,353.9486604461986
0.19999999999999998,0.027827890327443816,0.14975662370879794,348.9608237975989
0.19999999999999998,0.027868089041654744,0.15617330184125428,348.9444408875372
0.10999999999999997,0,0.23267949192431123,344.98270791579824
0.1133333333333333,0,0.22690598923241495,345.05552856527794
0.18308954362888397,0.05,0.1689541850985919,354.50781271413035
0.05781230952629988,0.04445380241787142,0.25,352.4545039597661
0.14223070098797624,0,0.18829637857133696,345.3402845293206
0.13931041459733098,0,0.19373463307267855,345.3131463616068
0.0211525419059249,0.018157222283572166,0.25,346.53529289239015
0.016381885173433645,0.01756053795055735,0.25,346.3751896576507
0.13333333333333333,0,0.25,344.63812042616144
0.1831253901461894,0.05,0.17521223630980912,354.46588855780095
0.07333333333333332,0,0.25,344.67054818241087
0.02336261273652611,0.004671040042166378,0.25,344.7364525294158
0.019999999999999993,0,0.25,344.21308985995506
0.018591956004034852,0.0040743557091515595,0.25,344.60952498991134
0.07713312971840555,0.05000000000000001,0.2449892753589164,354.1788308605974
0.07333333333333339,0.05,0.25,354.06656648145474
0.03999999999999999,0,0.25,344.43811238181974
0.017183912008069707,0.008148711418303119,0.25,345.0645921783377
0.2,0.016881904183451958,0.16043251465311098,346.97701809320193
0.2,0.01129187852861086,0.16251329988283564,346.1469799774651
0.04420030947359253,0.05,0.24537083745142696,353.9399659069745
0.15886860772653782,0.05000000000000002,0.17910738863529427,354.75850815870217
0.09666666666666665,0,0.24422649730810372,344.8189786883263
0.15626271151684928,0,0.2006767171834622,345.1159484235902
0.15941136011004134,0,0.20719063030304144,345.01963079826663
0.2,0.033376896366009545,0.1540413755509351,350.10165447309953
0.028910749401755396,0.030886207612967682,0.25,348.9754603492831
0.053333333333333365,0.05,0.25,353.93583778554313
0.2,0.02218954524635404,0.13269770676786846,347.94160856307025
0.09333333333333332,0,0.25,344.72409357734966
0.08893517032943873,0.005537552808955067,0.25,345.3019206917705
0.08046646305173885,0.05,0.23921577266702015,354.29587366328514
0.06133343919199804,0.05,0.24036011281034336,354.1763881244456
0.010863941564751229,0.05,0.24545320055089792,353.49365395665137
0.008394549796169113,0.05,0.24090640110179584,353.53331318441104
0.015061216462835786,0.05,0.24090640110179584,353.6443821424842
0.1033333333333333,0,0.24422649730810372,344.81899375919124
0.1488621002336029,0,0.18231781391644705,345.3377244262644
0.15281484957343008,0,0.18761014460526432,345.263755313196
0.15415417452632982,0,0.1819746969334107,345.295731123264
0.15586995098996242,0,0.1958089928662696,345.165713403944
0.15720927594286216,0,0.190173545194416,345.2030273878265
0.09666666666666665,0,0.2211324865405187,345.1438390940255
0,0.05,0.25,353.2111057877084
0.004197274898084556,0.05,0.24545320055089792,353.37615337927326
0.006666666666666672,0.05,0.25,353.3350379843917
0.01259182469425367,0.05,0.23635960165269382,353.6825852031219
0.13659695317541895,0,0.23284768760745297,344.88022879142864
0.18305369711157857,0.05000000000000001,0.1626961338873747,354.5441993302084
0.13827795164814907,0,0.18300404788251973,345.40789297626355
0.14357002594087598,0,0.18266093089948338,345.3751117105976
0.1353576652575038,0,0.1884423023838613,345.3826336150276
0.042786116457777655,0.0216825407237475,0.25,347.37299005372853
0.02592319863841616,0.018753906616586984,0.25,346.6930750008188
0.05999999999999998,0,0.25,344.5987653283092
0.2,0.033336697651798614,0.14762469741847878,350.11548974604364
0.17271300305537723,0.05,0.18131631305444607,354.5724599791699
0.17215886618952428,0.05,0.17534274225170288,354.62496388458436
0.15643349685401475,0,0.21190886618812993,344.99593982485794
0.2,0,0.15384615384615385,344.87126325768025
0.14674006043673787,0.049999999999999996,0.19422795445620317,354.74289034386356
0.19436014981976812,0,0.15644622430054583,344.951155333862
0.16160370231229423,0,0.19273694578356773,345.13828832607874
0.11666666666666663,0,0.2326794919243112,344.9683925017511
0.020546524744595823,0.012819751460469495,0.25,345.72624474818394
0.06666666666666671,0.05,0.25,354.03102301799225
0.19999999999999998,0.02237499661255335,0.15830290824718263,347.90415932612336
0.06959451387549086,0,0.232453419375017,344.9192822920948
0.08079841365384328,0.05,0.22846198542426033,354.47409988506354
0.07779703092261442,0.05000000000000001,0.22348170087339678,354.53809426999226
0.013333333333333345,0.05,0.25,353.4482010296254
0.08379979638507215,0.05,0.23344226997512388,354.40422469117584
0.0869986172687711,0.05,0.22769920737344768,354.50373836950706
0.02673764066453202,0.05,0.2382009995206511,353.8626830439132
0.2,0.05,0.16666666666666666,354.2218551603486
0.08319817129183027,0,0.2326041344078798,344.9691038784205
0.1549740711135372,0.05000000000000001,0.18252159814442082,354.7722241571137
0.03010646099679802,0.05,0.23230149928097665,354.0051561107171
0.12951709247621332,0,0.1993188113865445,345.3161515444435
0.0027078923597660203,0.046814860047351387,0.25,352.3787490938559
0.005415784719532041,0.043629720094702784,0.25,351.58589175232214
0.1264974355888908,0,0.21550441779779692,345.1562641153696
0.0651332355770702,0.05000000000000001,0.23534938816925977,354.2874516002255
0.1584357488412899,0,0.17830882327986647,345.28229323234183
0.13243737886685858,0,0.1938805568852029,345.3520531377542
0.16665768095253902,0.05,0.17227896961704114,354.71712243083044
0.07459821003891547,0.05000000000000001,0.22922476347507298,354.43739974625805
0.16271732315624995,0,0.17464294962632224,345.2640782015887
0.09325761598884372,0,0.21574212450494193,345.206811168138
0.015775868012104566,0.012223067127454676,0.25,345.57829142523406
0.08099585180631336,0.05,0.21773863827172057,354.6310408974285
0.05048028759429485,0,0.2326088371825265,344.7939861253166
0.00812367707929806,0.04044458014205417,0.25,350.8325337631073
0.2,0.016636068400737218,0.1284425505087915,347.0206537462
0.09999999999999998,0,0.21535898384862245,345.21513314434645
0.0027078923597660203,0.04125930449179584,0.25,350.93840750165333
0.008572532191796621,0.0340044643573834,0.25,349.34721126650265
0.011729279664061204,0.029934764175619577,0.25,348.53878520801663
0.005864639832030602,0.03163404875447646,0.25,348.79491396700905
0.06385588764258772,0,0.22296783549422927,345.01547985573006
0.07011797878938608,0,0.22239562291547776,345.05628721974045
0.0672486656729345,0,0.2176528309750839,345.1004473799541
0.2,0.02770329131511238,0.12416808264417088,348.97760173098334
0.2,0.0332567681607292,0.12842323890324786,350.1317552131145
0.20000000000000004,0.03323690277229996,0.12203084871186058,350.12744940405213
0.1717363740454285,0,0.16197563206349325,345.2352336785867
0.1657528159609174,0,0.15919466199650728,345.3154551463862
0.16637585671606372,0,0.16508586898464264,345.28053488641655
0.03671690593941335,0.05,0.21352217384893457,354.3568225624744
0.0360013995435753,0.05,0.22070673132810711,354.25170550081003
0.031537473788474116,0.05,0.21793238432263157,354.2357887507993
0.03899414357298374,0.010143715133861766,0.25,345.57676404468634
0.03669594606985944,0.0046710400421663785,0.25,344.8880975294981
0.033391892139718896,0.009342080084332757,0.25,345.4137894072753
0.037183865024512805,0.020880905674218492,0.25,347.1776864916364
0.03569008964284319,0.014814755176028146,0.25,346.19538457514426
0.06035379199864062,0,0.22776243337045962,344.93130109805503
0.08278170366485295,0,0.21030118577178436,345.24878368027703
0.0895240876760092,0,0.20991804511546489,345.268255182851
0.17713748008037258,0.05,0.15979581503373133,354.64823206974694
0.04382252953983253,0,0.23235672320196077,344.7404772879354
0.040329100341734245,0,0.23815377747445193,344.6246751632777
0.1029138933948021,0,0.20940680517401664,345.28223294495393
0.10582778678960422,0,0.20345462649941082,345.3432841922706
0.09918036508196758,0,0.2035827257845396,345.34468316231903
0.12259195504561099,0,0.19871335686596467,345.35141795286194
0.12603622494081873,0,0.19354127796384396,345.3856235784071
0.11911108751021643,0,0.19293582344326413,345.4165103422013
0.14416398843975228,0,0.17064590240757146,345.4512011288023
0.1471070068355539,0,0.16446682967009735,345.4632192986598
0.1411737868800116,0,0.16605713350768447,345.4978466069858
0.02483309579399512,0.05,0.22861309873507873,353.9922900323811
0.030821967392636068,0.05,0.22511694180180414,354.1247744420026
0.15415517085719393,0.05000000000000002,0.16748329101223064,354.8868721637009
0.1502606342441933,0.05000000000000002,0.1708975005213572,354.9028594618044
0.14790391580952136,0.05000000000000001,0.16508545170982536,354.9593103538578
0.08579055936317469,0,0.20409396572598784,345.32297424106787
0,0.033288858411723216,0.2448323755310262,349.13580942978274
0,0.038844413967278765,0.2448323755310262,350.39538044110213
0,0.03888888888888889,0.25,350.31326492068865
0.10899304758893519,0.05,0.19796435789359657,354.8948804965948
0.11598678066732229,0.05,0.19863065617001133,354.8721337627929
0.11266203172595678,0.05,0.20376256654527183,354.8241270662883
0.2,0.011092854153865492,0.11768084642130724,346.20818347636646
0.2,0.005545356133579073,0.11973726042600742,345.510548806622
0.2,0.011090712267158145,0.12408990546739945,346.21132653408995
0.2,0.005545356133579074,0.12614751683626385,345.5121972905966
0.18295966744382317,0.049999999999999996,0.15038589078297104,354.5997823278068
0.18860843507329697,0.04999999999999999,0.1474358974358974,354.51678621570096
0.18865544990717467,0.05,0.15359101898809924,354.4941179138852
0.11249445345627089,0,0.20345462649941082,345.33326894505353
0.10958056006146877,0,0.20940680517401664,345.2753711677858
0.11239655053568856,0.05,0.19284280317605432,354.94026445453324
0.1196557648043439,0.05,0.2044288648216866,354.7961895858534
0.11633101586297838,0.05,0.2095607751969471,354.7457127656466
0.2,0.011090712267158147,0.1305001618776559,346.20937596138043
0.17111333329028217,0,0.15608442507535789,345.2683029891414
0.2,0.03886433262505846,0.13901047439580985,351.40484976007446
0.20000000000000004,0.03327663354915844,0.13481562909463518,350.13045788704176
0.15974522650417833,0,0.16291578688374908,345.3600957915935
0.00541578471953204,0.03807416453914723,0.25,350.2175747408047
0.11939028361407568,0.05,0.19350910145246908,354.913717833218
0.16036826725932465,0,0.16880699387188444,345.3229312943699
0.11566681761500866,0,0.19810790234538483,345.3787964001461
0.1121859500796141,0,0.1923303689226843,345.4395091448614
0.1096643491963117,0.049999999999999996,0.20956077519694713,354.7612002873657
0.2,0.027705433201819726,0.11775902359807866,348.97464067344487
0.011925289337368188,0.004074355709151559,0.25,344.51779931655676
0.01333333333333333,0,0.25,344.123737063748
0.13187679772210925,0,0.1826647689611608,345.44714814870736
0.12888659616236858,0,0.1780760000612738,345.4949884167357
0.12547564379606946,0,0.18232549003980186,345.4796847990867
0.15261735267886525,0.05000000000000002,0.17670954933288902,354.8404973962231
0.011729279664061204,0.024379208620064017,0.25,347.466494804556
0.005864639832030602,0.020522937643365345,0.25,346.6987772694183
0.005864639832030602,0.026078493198920902,0.25,347.6891039642333
0.0523219640664005,0,0.22321822678698594,344.93404500966716
0.0558240597103476,0,0.2184236289107556,345.01982697738185
0.050661544894559055,0,0.21862221426767578,344.97825180127194
0.04050169119614963,0,0.22316469816334036,344.83198361801277
0.03550435231352876,0,0.2275085967020848,344.725201974555
0.042162110367991085,0,0.22776071068265058,344.7878567104751
0.2,0.01664249406085926,0.10921537337051485,347.0057870737966
0.2,0.022173963631339492,0.11348719848429675,347.9340865633597
0.2,0.022184046121244295,0.1070849469932104,347.9232894895393
0.03016900447696929,0,0.24395083174694307,344.4311959181853
0.023502337810302625,0,0.24395083174694307,344.35265436266246
0.026666666666666658,0,0.25,344.29520022410384
0.16530504601796062,0.049999999999999996,0.15399517732644463,354.83164494470174
0.1712212630491666,0.049999999999999996,0.15689549618008797,354.74404727457795
0.16575592432948674,0.04999999999999999,0.16008977475664346,354.79877557450624
0.0715813975355156,0.05,0.2127108555369608,354.6574737076645
0.06831887730061893,0.05,0.2075146258958895,354.7042947006561
0.07447081133652003,0.05,0.20734617898957794,354.73796490390777
0.1595046692818142,0.05,0.1576919354542382,354.88262412244575
0.011123262502732123,0.019041737796961347,0.25,346.5356593176075
0,0.044444444444444446,0.25,351.6987396148206
0.2,0.04443216631252923,0.13681292950559726,352.8089339199387
0.20000000000000004,0.03884446723662922,0.13261808420442256,351.409509906799
0.01086652727529418,0,0.24528252466774425,344.1635576342914
0.006666666666666665,0,0.25,344.02730377338537
0.2,0.0221696798579248,0.1263053165764812,347.942003178366
0.2,0.016638210287444565,0.12203349146269926,347.02112309238856
0.09047464468617314,0.05,0.21084591893087612,354.7454541271845
0.0027078923597660203,0.03570374893624029,0.25,349.62495738820655
0.004197274898084556,0.05,0.23263268773038512,353.59654140744476
0.004197274898084556,0.05,0.23904294414064153,353.49029693874246
0,0.05,0.23717948717948717,353.44244183163926
0,0.02773330285616766,0.24483237553102621,347.99551230426124
0,0.03324438349011309,0.2396647510620524,349.21282035712375
0.030029279403192773,0.0046710400421663785,0.25,344.8158264578873
0,0.04439996952283433,0.23842211912076977,351.893631834853
0,0.03879993904566865,0.23325449465179598,350.57733940438874
0,0.04439996952283433,0.23201186271051338,351.99752164776163
0.004199860608627514,0,0.24528252466774422,344.0643351371852
0,0,0.25,343.92378998886716
0.2,0.02772315670354162,0.13056047283555816,348.97955732786664
0.1020942584767697,0,0.19763054710993377,345.40296261647154
0.04564475744961573,0.05,0.2190708678598856,354.37876068068
0.047963481106669675,0.05,0.22475141602468404,354.3198712520607
0.04046532529867649,0.05,0.2234810783335826,354.26251927331117
0.09626647168716546,0,0.2095349044591454,345.2803551548756
0.17709689137479326,0,0.15886539514234382,345.1839016168612
0.033333333333333326,0,0.25,344.37020773139204
0,0.0055555555555555575,0.25,344.50035079379035
0,0.009898111565874293,0.2451228726840512,345.10637051081653
0,0.011111111111111115,0.25,345.1868017384754
0.17167214136069273,0.05,0.16299009361028682,354.70818917304877
0.1059953650592901,0.049999999999999996,0.20376256654527186,354.83525672117594
0.09980704328038041,0.049999999999999996,0.20425449213816813,354.8328550664517
0.10280472581002548,0.05,0.19845628348649283,354.8962631870563
0.2,0.02772559818162933,0.10495452061590596,348.9551009795162
0.2,0.027715515691724528,0.11135677210699232,348.9676416414388
0.2,0.03325706775210956,0.10922634572968788,350.1155057937521
0.055913968846721715,0.05,0.2301563345664057,354.30635188530283
0.05922700927266587,0.05,0.22420015677853047,354.4225297516102
0.062180122424868034,0.05,0.22977477247389513,354.3585474136145
0.07634381049980143,0,0.21107105448688593,345.2188347505805
0.13870707822729644,0.049999999999999996,0.1728788962037335,354.9835274820814
0.14168922563107383,0.049999999999999996,0.1774798718148181,354.9289657657256
0.1355997331380727,0.04999999999999999,0.17907610625622988,354.9596580103842
0,0.027688827934557535,0.23966475106205237,348.07155570817173
0,0.03319990856850297,0.2344971265930786,349.28571448733595
0.06844627600301435,0.05000000000000002,0.22939321038138455,354.4033004413604
0.1322975485286677,0,0.17382651008274574,345.50599065327407
0.13823076848421,0,0.17223620624515862,345.4816582243471
0.1352405669244693,0,0.16764743734527163,345.5263492486942
0.03683567114363595,0,0.24395083174694307,344.5026346168476
0.12895651133146402,0,0.18810302346250235,345.4190464215759
0.10299768252964502,0.04999999999999999,0.20956077519694716,354.7687190288937
0.2,0.01113538178842017,0.13688724442705202,346.20827021720055
0.04278404895573044,0.05,0.22916162649838107,354.20178363193867
0.050282204763723616,0.05,0.23043196418948247,354.25432190734324
0.2,0.03882460184819997,0.12622569401303527,351.4085669183882
0.047159449250611954,0,0.22341681214390613,344.8894629617907
0.10874168018440636,0,0.197502447824805,345.3982868862959
0.09042808225220611,0.05,0.19944013467228539,354.8782646809313
0.09361872150147071,0.049999999999999996,0.2047464177310644,354.8235321160446
0.08728400543690852,0.05,0.20553963587209712,354.803470489016
0.01372151849034411,0.05,0.22627739897975319,353.8602242051922
0.018994883693147006,0.05,0.2299657995256511,353.8865511338821
0.01315667159229889,0.05,0.23131850031622353,353.77358951013383
0.1258963946026279,0,0.1734872311613868,345.5386205061009
0.188608435073297,0,0.14102564102564102,345.0845342535258
0.1829126526099455,0,0.14423076923076925,345.1577316528444
0.188608435073297,0,0.14743589743589744,345.06880194405244
0.19430421753664848,0.049999999999999996,0.15064102564102563,354.4050925921625
0.027004675620605257,0,0.23790166349388614,344.4856169683947
0.021035531752263477,0,0.23923335641468732,344.3928856161415
0,0.008685112020637473,0.24024574536810234,345.0274535284236
0,0.01424066757619303,0.24024574536810236,345.7782749311593
0.1943042175366485,0,0.14423076923076925,344.99163905916464
0.1943042175366485,0,0.15064102564102566,344.97331247899774
0.010517245341403043,0.013704266973858674,0.25,345.7105935992761
0.18302451717618473,0,0.1558411665498096,345.1186045421043
0.1829685848930651,0,0.15003596789028942,345.14030086169487
0.17704095909167364,0,0.15306019648282365,345.20772491089065
0.1263840166924628,0.05,0.19417539972888384,354.87827950560813
0.12298051374570941,0.05,0.1992969544464261,354.84049532269654
0.07120829110162337,0.05,0.2021499493485066,354.78205839895276
0.07761488815181761,0.05,0.20124667778976618,354.82167047417283
0.09253294337433093,0,0.20371082506966837,345.33885220890846
0.19999999999999996,0.011180051309682193,0.14327432697644815,346.20181888005374
0.2,0.0055900256548410965,0.1453551122061728,345.4907248143939
0,0.027777777777777787,0.25,347.91535210322166
0,0.03333333333333334,0.25,349.0546817053126
0.06254004969861003,0.05,0.21824397899065529,354.53064624545
0.056908285615611925,0.05,0.21851960861373204,354.4858877829001
0.08087740838671428,0.05,0.2064429074308375,354.7744893537421
0.07773333157141671,0.05,0.21254240863064927,354.68762573673297
0.025548602189833167,0.05,0.22142854125590622,354.1080855390177
0.07484391777041224,0.05,0.21790708517803212,354.6044070425431
0.0716450968867133,0.05,0.22365014777970832,354.5077276901008
0.06869198373451113,0.05,0.2180755320843437,354.5709421585503
0.0966164040311158,0.05,0.1989482090793891,354.8907245818352
0.005258622670701521,0.015185466820262674,0.25,345.84554406517213
0.07351075681973286,0,0.2170806183963324,345.1374488760269
0.13528775008840838,0,0.17841527898263274,345.4590459041003
0.16620680264101287,0.049999999999999996,0.1661843721868423,354.76060140321584
0.16040642590486648,0.05,0.16988113031463586,354.8061428560251
0.041180831694514544,0.05,0.21629652085441012,354.370343110332
0.012599581825882545,0,0.2358475740032327,344.3289927715487
0.008399721217255029,0,0.24056504933548845,344.19940273141236
0.015066387883921693,0,0.24056504933548847,344.2943339411066
0.2,0.03326715024201437,0.10282409423860153,350.1012215437275
0.17105740100716255,0,0.1502792264158377,345.2899877291686
0.1651297752057711,0,0.15330345500837195,345.3458468109134
0.005258622670701521,0.009629911264707115,0.25,345.07732353722844
0.010517245341403043,0.008148711418303117,0.25,344.97049362783554
0.02453786956256611,0,0.2331841881616304,344.52346969806564
0.018568725694224325,0,0.23451588108243157,344.429141396198
0.2,0.044432166312529234,0.14322318591585365,352.7956322852803
0.07008171935300309,0,0.21164326706563744,345.1851111057863
0,0.04439996952283432,0.2448323755310262,351.78184293117755
0.11624722672813544,0,0.20940680517401664,345.26130542293333
0.019559730591192225,0.05,0.22492469818918082,353.97140109157425
0,0.05,0.24358974358974358,353.3307233550572
0.12255535740542417,0,0.18776374454114342,345.44874070605965
0.07291477303307167,0,0.20563370315619098,345.2637406357591
0.0694857355663419,0,0.20019635182549606,345.3027702796083
0.06665268188627331,0,0.20620591573494249,345.22689709421655
0.18866436735641662,0,0.15324109609541764,345.04900797590994
0.13212243917096517,0.04999999999999999,0.18331795249186628,354.9470543533836
0.1518051186294045,0,0.1761387411789729,345.35676639582687
0.030507013430907892,0,0.23185249524082924,344.6119776771517
0.03367134228727192,0,0.23790166349388614,344.5605897152916
0.15995554759334035,0.05,0.16378653288443706,354.84703588978294
0.12279378656082907,0.05,0.18838754673492686,354.94924805724264
0.005258622670701521,0.004074355709151559,0.25,344.41899314904646
0.2,0,0.12820512820512822,344.9235661723675
0.2,0,0.13461538461538464,344.91831476753356
0.2,0.005545356133579074,0.13255777324652027,345.508596301825
0.051276521532613833,0.05,0.21879523823680885,354.4352592613101
0.12925322793171398,0.04999999999999999,0.18874667611037507,354.91564879313626
0.15651188929186588,0.05,0.17329533982376244,354.82564574796555
0,0.05,0.23076923076923075,353.5462612174543
0.004762121796129776,0.05,0.2275915863939148,353.68496830780623
0.008959396694214333,0.05,0.22945504335506917,353.7316983396874
0.017533193941960845,0,0.24528252466774425,344.25569963724206
0.04129234107610804,0.015616390225557154,0.25,346.3729693533393
0.12930734696892704,0,0.16923774118285878,345.54872722378474
0.17698502680855402,0,0.14725499782330348,345.2272826764789
0.08413992862161095,0.05,0.21163913707190884,354.72106256118167
0.2,0.044412300924099986,0.11760002649369712,352.8097070539501
0.2,0.05,0.11538461538461539,354.3357269277139
0.2,0.044422383414004785,0.11119777500261077,352.80297664369226
0.2,0.00554749802028642,0.1133282013799152,345.50379334498643
0.12914029176718778,0.05,0.17871697688078167,355.00029223236766
0.03225298018431216,0.05,0.21074782684345905,354.33819903710713
0,0.01666666666666667,0.25,345.9831428229223
0.18300668227770087,0.05,0.15654101233517287,354.57460598460466
0.2,0.03882460184819997,0.11981543760277885,351.4069478793963
0.2,0.038834684338104775,0.1134131861116925,351.40198217917145
0.1943042175366485,0,0.13782051282051283,345.00472862508894
0.2,0,0.14102564102564105,344.9078679451583
0.11941959088687322,0,0.20406008101999065,345.30909504852303
0.2,0.05,0.14102564102564105,354.3244254700561
0.2,0.05,0.13461538461538464,354.3358099054262
0.18291265260994546,0.049999999999999996,0.14423076923076922,354.6197283598149
0.020275236987030272,0.05,0.2177401407100083,354.08337377356185
0.02626410858567122,0.05,0.2142439837767337,354.21527702316536
0.2,0.022171821744632145,0.11989625753038897,347.940757322691
0.12963543833051794,0.05,0.16987415503406067,355.05955274311685
0.13261758573429533,0.049999999999999996,0.17447513064514528,355.01195565638255
0.1261581443634104,0.05,0.17411600126969706,355.04882955208734
0.13572493082351908,0.05,0.1682779205926489,355.03338863917276
0.05748447888218905,0,0.22301964143006575,344.97427303990634
0.05398238323824195,0,0.22781423930629613,344.8865857030603
0,0.03879993904566864,0.23966475106205237,350.4733791643867
0.2,0,0.14743589743589747,344.89218410854045
0.11907448987002962,0,0.1819862111184429,345.50550292740166
0.0759236287313934,0,0.19942648311039446,345.3389107093417
0.07935266619812317,0,0.2048638344410894,345.2967853154739
0.15370429254566778,0.05000000000000001,0.16138869358203178,354.9251792588311
0.1447965707202976,0.05,0.17128266176232176,354.94784928197106
0.12248544223632876,0,0.17773672113991487,345.52421240730655
0.03528589314773725,0.05,0.22789128880727966,354.1379844166568
0.17709046524649488,0.05,0.15364069348152953,354.67615004174326
0.009524243592259552,0.05,0.22441394201859885,353.8170443314203
0.14715328915496956,0.05000000000000001,0.17709471057385356,354.88753263856427
0.2,0.05,0.14743589743589744,354.30737133131396
0.15311459629229296,0,0.16074570478285555,345.4318558559567
0.15373763704743926,0,0.16663691177099088,345.3969757169216
0.008394549796169113,0.05,0.23449614469153945,353.6419827360006
0,0.015453667121429851,0.2451228726840512,345.8799517544078
0.0454990300787705,0,0.21882079962459594,344.9323226075247
0.08879941506149643,0,0.19788674568019132,345.3906243064453
0.09544683676913307,0,0.19775864639506255,345.400408423188
0.04881986842245341,0,0.22801282466321632,344.8433508010546
0,0.004342556010318736,0.24512287268405117,344.44267940698705
0,0.022222222222222227,0.25,346.89150580909154
0.06098657452613615,0,0.21822504355383543,345.05704813585453
0.01428636538838933,0.05,0.2212362976432829,353.9424892882965
0.1494560627324792,0,0.17030278542453514,345.4125957876255
0.14651304433667758,0,0.17648185816200926,345.3970657179155
0.053595245189667774,0.05,0.22447578640160729,354.37413553135553
0.1711742482152889,0.04999999999999999,0.15074037462788614,354.7694765641747
0.08236152189644491,0,0.1986566143952929,345.3681953849539
0.11920355642919533,0.05,0.18259969374096985,355.0128708312089
0.12566299780008025,0.049999999999999996,0.18295882311641806,354.9837913620794
0.14122097004395068,0,0.17682497514504558,345.432759021337
0,0.020964747755375282,0.23995524821507738,346.8403016157931
0,0.022177747300612102,0.24483237553102621,346.9706984867005
0.12268085039630289,0.05,0.17835784750533346,355.03326891478474
0.19999999999999998,0.0055900256548410965,0.1389448557959164,345.5049258571787
0.188608435073297,0.049999999999999996,0.14102564102564102,354.53387412363463
0.1943042175366485,0.05,0.14423076923076925,354.42499846718647
0.1943042175366485,0.05,0.13782051282051283,354.43923463883834
0,0.01975174821013846,0.23507812089912855,346.71141899015174
0.06549316285081219,0.05,0.2238185946860199,354.4705300811018
0.15608669294436456,0,0.17247286752542867,345.34223741501387
0.17704345041261718,0.04999999999999999,0.14748557192932768,354.69883770254575
0.11563021997482185,0,0.1871582900205636,345.4752478252299
0.11580005348244195,0.05,0.18772124845851207,354.9795945660714
0.2,0.016640352174151912,0.11562443241660705,347.01616753492084
0.08402148520201186,0.05,0.20034340623102576,354.85373923483235
0.09680936075073532,0.04999999999999999,0.21005270078984342,354.76253302898346
0.15912218574903203,0,0.15702457989561375,345.39273169337457
0.2,0.033246985262204765,0.11562859722077423,350.12424841386036
0.06542946349961448,0.05,0.21287930244327238,354.6204906494885
0.2,0.044412300924099986,0.13042053931420994,352.81135375217946
0.06381962820620474,0,0.21221547964438894,345.14498971296524
0.037164771485370215,0,0.232104609221395,344.6798078052137
0.14181442331652022,0.05,0.16668168615123713,354.99997450941987
0.2,0.03884476682800958,0.10701093462060615,351.39147484903015
0.06672520075903929,0,0.22771062743462314,344.9695579078102
0,0.026475828389320714,0.23478762374610357,347.91395303487144
0.2,0.01109499604057284,0.11127178737521502,346.1996155149866
0.2,0,0.11538461538461539,344.9183205637964
0.2,0,0.1217948717948718,344.92356810445494
0,0.01302766803095621,0.23536861805215353,345.6781123531767
0.17721687014659399,0,0.1282051282051282,345.25528774933247
0.17152108768324248,0,0.13141025641025642,345.32302809462175
0.17721687014659399,0,0.1346153846153846,345.25008207469307
0.1533008457707366,0,0.15385601881055525,345.45891608616665
0.14729325631399753,0,0.15757714369779705,345.4938017494432
0.027266831330605742,0.05,0.2013734727251811,354.3827341707356
0.032542503899573846,0.05,0.20444077994822088,354.4169505826947
0.026977307615344056,0.05,0.20768051962041928,354.3067266906393
0.16559346188185103,0,0.14084474141304706,345.3763389913949
0.15954027856551561,0,0.14390553712565102,345.4317050638102
0.16536161854381107,0,0.1470740982107095,345.36358738442755
0.07355205252131315,0.05,0.19646359865130927,354.85477491751203
0.06866964443296508,0.05,0.19743512255068352,354.81925221476325
0.2,0.03886837033413453,0.08773918897770863,351.3237952464794
0.2,0.044434185167067264,0.09194651756577739,352.74356706894963
0.2,0.04443418516706727,0.08553626115552099,352.71134302871104
0.1829126526099455,0,0.13141025641025642,345.17832957598233
0.1357542116468838,0,0.15639642161885398,345.5772583857226
0.13007781405254878,0,0.1523612175932323,345.623199592621
0.12982099169134154,0,0.15798672545644113,345.60249865798284
0.024958151709243905,0,0.22789229776795844,344.6009389654808
0.030896562639615634,0,0.22460324487107408,344.7133301011644
0.021991158761637642,0.05,0.19830616550214133,354.34131274189275
0.021701635046375956,0.05,0.2046132123973795,354.26804932728777
0.2,0.005547498020286421,0.1069179449696588,345.491529144127
0.2,0.005547498020286421,0.10050768855940238,345.47399265058607
0.2,0,0.10256410256410256,344.89218426094493
0.01940928998757992,0,0.22393210029508764,344.5826893736424
0.01898900784090212,0,0.2292239906887596,344.50776726699667
0.188608435073297,0,0.11538461538461539,345.09477532571856
0.188608435073297,0,0.10897435897435898,345.0843032151842
0.1829126526099455,0,0.11217948717948718,345.17041804954096
0.12995881384955973,0.05,0.16432402076512234,355.09089238326357
0.13604830634256088,0.05000000000000001,0.16272778632371057,355.06306326565357
0.188608435073297,0.05,0.08974358974358976,354.4653150036386
0.1829126526099455,0.05,0.09294871794871795,354.5738787898406
0.18291265260994552,0.05000000000000001,0.08653846153846156,354.5424082006188
0.2,0.05,0.08333333333333334,354.22186082768025
0.2,0.04443418516706727,0.0791260047452646,352.67334450935846
0.10846516419716569,0,0.18612678880086353,345.4976305727938
0.15348709524918022,0,0.14696633283825494,345.47982109299255
0.15930843522747568,0,0.15013489392331344,345.41626970301104
0,0.008685112020637473,0.23383548895784595,345.1216207154699
0,0.004342556010318736,0.23871261627379475,344.53990671749483
0,0.004342556010318736,0.23230235986353837,344.6318572752321
0.188608435073297,0,0.1282051282051282,345.09997719990787
0.1829126526099455,0,0.125,345.18088059594766
0,0.04454547129639714,0.2193393142581054,352.2213807952561
0,0.03909094259279427,0.21431965415723647,350.91577750782767
0,0.04454547129639714,0.21292905784784902,352.3053224254328
0.12364361233167714,0,0.16716727193747502,345.5849339969033
0.12023265996537802,0,0.17141676191600308,345.5727878031596
0.11823670005563452,0,0.15947129482888245,345.64171440079616
0.11231614305717741,0,0.16302633344670753,345.6398196916717
0.11797987769442728,0,0.1650968026920913,345.6152981528655
0.13637168186160264,0.05,0.15717765205477222,355.0883007019573
0.142137798835562,0.05,0.16113155188229877,355.0279841222344
0.020988436016703114,0.05,0.2111766765536939,354.1790863970906
0.014999564418062172,0.05,0.21467283348696853,354.04246486788
0.177216870146594,0.05,0.13461538461538464,354.72504563396683
0.17721687014659404,0.05000000000000001,0.12820512820512822,354.7307792395458
0.1829126526099455,0.05,0.1314102564102564,354.6424853184551
0.09757932253706111,0,0.1788917074593427,345.55701874245955
0.09108919650885107,0,0.1809590039525471,345.53629362804924
0.09465268671187288,0,0.18522338686629225,345.5082237221745
0.013860428265915936,0,0.21997190282221687,344.55722890163634
0.019798839196287665,0,0.2166828499253325,344.676962284319
0,0.0336364138891914,0.21571025046662393,349.6466619328731
0,0.03349091211562859,0.22197254250877546,349.53214536227716
0,0.0276422569473553,0.21716315406720677,348.3856515822119
0.01571276344773501,0.05,0.20810936933065413,354.135690754132
0.010237442621932394,0.05,0.21144022145202807,354.00431604235285
0.15970777167232236,0.04999999999999999,0.1508460588885132,354.9084775422407
0,0.03334541034206578,0.22823483455092702,349.41182954709814
0,0.027351253400229678,0.2296877381515099,348.15802175087225
0.2,0.005555146845306129,0.08124706883631977,345.39011617949774
0.2,0,0.08333333333333334,344.81368287133364
0.2,0.005555146845306129,0.08765732524657618,345.4236110311122
0.2,0.044371788298881075,0.07274765741320223,352.61320055315224
0.2,0.04437178829888107,0.06633740100294581,352.5635944784144
0.2,0.03874357659776215,0.0685722379033275,351.16938070048343
0.1829126526099455,0.05,0.13782051282051283,354.6339326218775
0.18291265260994552,0.05000000000000001,0.125,354.64538644954786
0.20000000000000004,0.04441230092409999,0.12401028290395354,352.81334546544366
0.07995864957150739,0.05,0.19556032709256888,354.890897246227
0.08230241099119717,0.05,0.18987397639537154,354.9542510440967
0.08636524662170164,0.05,0.19465705553382845,354.9194762603814
0.05481523018260212,0,0.19700049799833133,345.2427834156193
0.05697327298236645,0,0.20110755745418415,345.2188327388371
0.06107146147458984,0,0.19654489518398727,345.2899740467361
0.10502089430195793,0,0.19129886770298424,345.45853511263607
0.0888020922794523,0.05,0.18788359524681558,354.98940028543996
0.2,0.05,0.12820512820512822,354.34141237094633
0.188608435073297,0.05,0.13461538461538464,354.5452365821969
0.07879803169342309,0,0.19439223148154774,345.39662401581387
0.036283450730944244,0,0.21301009596257447,344.91235097199404
0.031286111848323375,0,0.2173539945013189,344.80780034066373
0.035893901522236496,0,0.22025934633232963,344.8222175655313
0.005475320825802617,0.05,0.2082076094170876,353.9593050573369
0.010950641651605234,0.05,0.20487675729571367,354.0949284777916
0.09773861922545807,0.05,0.17911975381124673,355.0735066360476
0.1014900953466171,0.05,0.18540128850536333,355.02239040195053
0.09530177356770742,0.05,0.1858932140982596,355.0163536155565
0.2,0.05,0.10256410256410257,354.30731223222756
0.1943042175366485,0.05,0.10576923076923075,354.424864789802
0.1943042175366485,0.05,0.09935897435897437,354.4050346606259
0.1597721219035556,0,0.13767618032798856,345.44215145806265
0.1537189385872202,0,0.1407369760405925,345.49295124107675
0.04089124040485737,0,0.21591544779358518,344.9246623759523
0.09905324968886645,0.05,0.19217474879237623,354.9605213074999
0.10864507441452952,0.05,0.18656126848193771,355.0057144992786
0.10489359829337049,0.05,0.18027973378782108,355.0627387316368
0.1120485773612829,0.05,0.18143971376439547,355.04252679669054
0.2,0.05,0.12179487179487182,354.3413847117089
0.19430421753664853,0.05000000000000001,0.125,354.45051495760646
0.19430421753664853,0.05000000000000001,0.11858974358974361,354.44764449655486
0.17128924434520254,0,0.14404986961817529,345.3050722305119
0.10976203922974928,0.05,0.17496761331974084,355.0961051576714
0.2,0.011094996040572841,0.10486153096495862,346.18551911835254
0,0.05,0.21153846153846154,353.8152966856885
0.004762121796129777,0.05,0.214771073573402,353.86455637937996
0,0.05,0.21794871794871795,353.7323091881812
0.188608435073297,0,0.1346153846153846,345.09483837391804
0.1943042175366485,0,0.13141025641025642,345.0124552571031
0.004199860608627514,0,0.2388722682574878,344.16086057939805
0.004199860608627514,0,0.23246201184723142,344.2521092688404
0,0,0.23717948717948717,344.11908810403503
0.1598811914062992,0.04999999999999999,0.14438612798482656,354.9269931444503
0.16565188548591422,0.049999999999999996,0.1410753155190713,354.8680769772395
0.16547846575193742,0.04999999999999999,0.14753524642275795,354.85278797149584
0.10130010841950952,0,0.18509528758116348,345.5114457313571
0.009524243592259554,0.05,0.21800368560834246,353.90695391358264
0.004762121796129776,0.05,0.22118132998365841,353.7781078395452
0.1943042175366485,0,0.09935897435897437,344.97315210590574
0.1943042175366485,0,0.10576923076923078,344.9915386483677
0.1715210876832425,0.049999999999999996,0.13782051282051283,354.7995883302756
0.1713476679492657,0.04999999999999999,0.1442804437241995,354.78745945775034
0.188608435073297,0,0.08333333333333334,344.9897665795166
0.1829126526099455,0,0.08653846153846154,345.08623723079023
0.188608435073297,0,0.08974358974358974,345.02127771913234
0.1943042175366485,0.05,0.13141025641025644,354.44775529390034
0.18860843507329703,0.05000000000000002,0.12820512820512822,354.5509474752742
0.17152108768324248,0,0.13782051282051283,345.31516776530833
0.165825305219891,0,0.13461538461538464,345.38410163181555
0.07523454149040129,0,0.19012784856780257,345.42055719904664
0.08167243465545279,0,0.189357979852701,345.4496667407325
0.07810894445243098,0,0.18509359693895586,345.47244478643546
0,0.05,0.22435897435897434,353.64263069876984
0,0.04454547129639713,0.2257495706683618,352.1307481731751
0.05855024020176863,0.05,0.21276026417394875,354.5748273277104
0.1943042175366485,0,0.08653846153846155,344.92077708571884
0.1943042175366485,0,0.09294871794871795,344.9496011990347
0.04723836728263991,0,0.21306825317257336,345.0154325738667
0.04263057760872678,0,0.21016290134156262,345.0068384445896
0.2,0.022191694946264003,0.1006448400906406,347.9063691815482
0.2,0.027733247006649038,0.09851441371333616,348.93621174912664
0.05414021930229787,0,0.2071171213636306,345.1365325163042
0.05071704169037873,0,0.20156316026852822,345.1672107653921
0.06322950427435417,0,0.2006519546398401,345.2640192435759
0.16582530521989103,0.05,0.13461538461538464,354.87751196193307
0.08473925664894782,0.05,0.18310051610835865,355.02109081129396
0.09123893793720295,0.05,0.1811101349598027,355.0513966792843
0.025347700917951646,0,0.22064304739820328,344.6987516328256
0.2,0.0444223834140048,0.10478751859235436,352.7878607990834
0.2,0.03884476682800958,0.10060067821034974,351.37262457141816
0.2,0,0.07692307692307694,344.7770445340546
0.2,0.005554183934070786,0.07489619351663704,345.35149134294505
0.06732769276657756,0,0.1960892923696432,345.33072920914674
0.17721687014659399,0,0.14102564102564102,345.2397111056512
0.13594046112532743,0,0.14950673564655367,345.6010408459169
0,0.013903093041865171,0.23026873245755983,345.8760427184473
0,0.009560537031546435,0.22873560336325224,345.304107462385
0.038358860525570054,0.05,0.20776282940915128,354.4471706788096
0.044464740866827945,0.05,0.2047778319748435,354.5477470602643
0.04282278628067124,0.05,0.2105371764146268,354.46189655994567
0,0.02749675517379249,0.22342544610935833,348.27473628883365
0,0.0216481000055192,0.2186160576677896,347.260336573601
0.2,0.011109330779376914,0.07922018542987987,346.0771463657474
0.2,0.011108367868141572,0.07286931011019715,346.0363661570124
0.07236013852837159,0,0.1951621001966493,345.36399903010437
0.2,0.05,0.09615384615384616,354.28462707607235
0.2,0.04442238341400479,0.09837726218209794,352.7670930821998
0.188608435073297,0.05,0.09615384615384615,354.49387364750095
0.188608435073297,0.05,0.10256410256410255,354.51672233938075
0.1829126526099455,0.05,0.09935897435897435,354.5996394270799
0.048977704486509316,0,0.20731570672055077,345.0937286264891
0.052400882098428456,0,0.2128696678156532,345.0597991156479
0.1295641693301343,0,0.16361223331964997,345.57767453503743
0.13549738928567656,0,0.16202192948206282,345.553865411362
0.2,0.03885656858107205,0.09416993359402918,351.351111758981
0.06516964996681324,0,0.19198223291379038,345.35568137207855
0.05756339691421702,0,0.21267108245873304,345.09981163979177
0.013440146119238138,0,0.2252637932158888,344.4848539557601
0.11691701829766171,0.05,0.17612759329631522,355.07050286220965
0.17152108768324253,0.05000000000000001,0.13141025641025644,354.8081544103408
0.032832027614835536,0.05,0.1981337330529827,354.4895965598253
0.2,0.005555146845306129,0.09406758165683259,345.45185525759507
0.2,0,0.08974358974358976,344.8450705834812
0.2,0,0.09615384615384616,344.8712076704971
0.03864838424083174,0.05,0.2014557825139131,354.5227942357823
0.08459907048064103,0,0.18302630044575147,345.50810230937464
0.2,0.027693490733352456,0.07292370182894997,348.7921472628001
0.2,0.02214682283368931,0.06869389060032242,347.72559532478505
0.2,0.022209219701875504,0.07507223793238478,347.7822040330446
0.03802278793481365,0,0.20725754951055186,344.99359314292656
0.03167566105703112,0,0.2101047441315637,344.8953883956496
0.188608435073297,0,0.10256410256410257,345.0685067207081
0,0.03894544081923146,0.22699220260964442,350.7070101969767
0.188608435073297,0,0.09615384615384616,345.04754041423865
0.10740386955047199,0,0.16831479145091927,345.61982977364056
0.1096566518214227,0,0.17463475067483106,345.57856863727125
0.11456892532812814,0,0.16934629267061932,345.601112483062
0.057449844505931685,0.05,0.20191187280985934,354.69604437978995
0.05057062120808585,0.05,0.20179283454053576,354.6399281814714
0.0549111978372734,0.05,0.19719704601203628,354.7265181856556
0.19430421753664853,0.05000000000000001,0.08653846153846155,354.34795566724273
0.19430421753664853,0.05000000000000001,0.08012820512820515,354.3107488932483
0.2,0.022199343771283714,0.0942047331880708,347.88398984662854
0.2,0.027745048759711517,0.09208366909701562,348.9128217545146
0.06039645059428559,0,0.20666151854928655,345.1849325396135
0.2,0.03880597346594834,0.07495058523538987,351.2314711122884
0.2,0.03886837033413453,0.08132893256745224,351.2878430506412
0.02573725012665939,0,0.2133937970284481,344.78968211565683
0.12419498175091857,0.05,0.1620937665561041,355.1312482410624
0.11810777413323563,0.05,0.1654136466160242,355.1363788300344
0.11843114965227741,0.05,0.15986351234708585,355.16485639096754
0.1943042175366485,0,0.11217948717948718,345.00465289814815
0.1943042175366485,0,0.1185897435897436,345.01245058458017
0.1943042175366485,0.05,0.09294871794871795,354.3793879621232
0.027556355045867433,0.05,0.19506642582994294,354.4526360823749
0.188608435073297,0.05,0.11538461538461539,354.54510227551276
0.18291265260994552,0.05000000000000001,0.11858974358974358,354.6424637760924
0.18291265260994552,0.05000000000000001,0.11217948717948717,354.63389833035535
0.12390043469288439,0,0.1615417640742662,345.6126157764948
0,0.014778518052774133,0.22516884686296612,346.07357756973533
0,0.010435962042455397,0.22363571776865854,345.4861986953174
0.054560430704927235,0.05,0.20727654935724224,354.6112546397175
0.061439654002773084,0.05,0.20739558762656587,354.6621443997658
0.01642596247740785,0.05,0.20154590517433973,354.22216694705236
0.08523592485847462,0,0.19362236276644618,345.42239324740257
0.10524157146777613,0.05,0.19168282319947993,354.9628483554661
0.2,0.016650142885878967,0.10277526646794503,346.990835688204
0.1306055648876433,0.05,0.15322375222724566,355.14026009302637
0.13657478425211084,0.05,0.15033177548904725,355.1146722665915
0.15411049732668414,0.049999999999999996,0.14769694045058182,354.97794462439623
0.15428391706066094,0.05,0.14123700954689516,354.99383280202136
0.008399721217255029,0,0.23415479292523206,344.2921661818688
0.14831012059053772,0.05,0.1513936985783754,355.01979076109484
0.14254400361657837,0.05,0.14743979875084884,355.0812676326388
0.1485132229810459,0.05,0.14454782201265043,355.0400461911682
0.2,0,0.10897435897435898,344.9078885587114
0.14234090122607018,0.05,0.1542856753165738,355.057954135285
0,0,0.24358974358974358,344.0240774228362
0.2,0.011102644865592549,0.0984214240623888,346.1669747290608
0.2,0.0333025555012018,0.08353186038963989,350.0253116086615
0.2,0.027755887601538652,0.07930204916101233,348.84675157717953
0.2,0.027756850512773996,0.08565292448069507,348.883628059838
0.09286492790995676,0.05,0.19266667438527246,354.95127296385095
0.11234394203459447,0.05,0.16318339240700597,355.16467031165297
0.1943042175366485,0,0.08012820512820513,344.8867023472714
0.188608435073297,0.05,0.10897435897435898,354.53369744157754
0.2,0.01665779171089868,0.09633515956537522,346.9704252756828
0.07020209572860725,0,0.1910550407407965,345.39024139168623
0.2,0.02221018261311085,0.08142311325206751,347.8221100648325
0.2,0.0166635147134477,0.07719330202343996,346.8746045571739
0.2,0.016664477624683045,0.0835441773431227,346.91223351049933
0.15390739493617595,0.05,0.1545428170163068,354.95489019946206
0.12387160623187679,0.05,0.16764390082504244,355.1013396405224
0.009240285510610624,0,0.22357101213788816,344.44611142303756
0.06613099776430678,0.05,0.19272029575286043,354.8518463564021
0.059251774466460946,0.05,0.19260125748353682,354.80648906645484
0.0635923510956485,0.05,0.18800546895503734,354.8798408238691
0.14747950579244115,0,0.15068745772549674,345.5182289768425
0.008820003363932826,0,0.2288629025315601,344.3709906845297
0.004620142755305312,0,0.22717012145355947,344.32997579998
0.06847475918399656,0.05,0.18703394505566312,354.91857238534095
0.2,0.011110293690612259,0.091981317159819,346.1429713128403
0.12451835726996036,0.05,0.15654363228716575,355.15671965142536
0.13028218936860153,0.05,0.158773886496184,355.11779483323346
0.188608435073297,0,0.1217948717948718,345.09997059529735
0.1829126526099455,0,0.1185897435897436,345.178287743222
0.2,0.03327895199507684,0.096393349622281,350.0817219321033
0.2,0.03329075374813932,0.08996260500596044,350.0564186204146
0.07335716727234465,0.05,0.18606242115628888,354.95282178807685
0.07101340585265487,0.05,0.1917487718534862,354.8889734885124
0.2,0.022211145524346193,0.08777398857175026,347.85670946902854
0.1168217075990789,0,0.1756662518945311,345.5563402283053
0.05891341867482552,0,0.19243783572813444,345.3129220832898
0.14810701820002953,0.05,0.15823957514410036,354.9928788153248
0.11463048016612809,0.05,0.1696554928516606,355.1211026890243
0.10747550109821566,0.05,0.1684955128750862,355.1426513144661
0.09837347259432129,0,0.191426966988113,345.4592619731324
0.04892866662192914,0.05,0.20755217898031902,354.5585752971692
0.07589581394100293,0.05,0.19077724795411194,354.92161846188674
0.05291847611877053,0.05,0.21303589379702556,354.5261084251613
0.047286712035772435,0.05,0.21331152342010234,354.47151946357206
0.2,0.05,0.07692307692307694,354.1818159848133
0.11190943409237344,0,0.18095470989874285,345.5312424547548
0.07307649869063695,0,0.18602078911194975,345.44508299267204
0.044754264582089635,0.05,0.19847078507960533,354.6202426286222
0,0.020627173221047426,0.22997823530453487,346.93241853078746
0.10474437831471728,0,0.17992320867904277,345.5484143931074
0.14161685871966248,0,0.15354193967217536,345.5511140765577
0.1829126526099455,0.05,0.10576923076923075,354.61969011233674
0.1829126526099455,0,0.13782051282051283,345.17061326161456
0.2,0.01666544053591839,0.08989505266280542,346.9445558362331
0.18860843507329703,0.05000000000000001,0.1217948717948718,354.55086433716633
0,0.021502598231956386,0.22487834970994114,347.1530225574405
0,0,0.23076923076923075,344.2088220324634
0.2,0.05,0.10897435897435898,354.324345516108
0.2,0.03317776176482941,0.07077516572551515,349.9143932942106
0.2,0.033240158633015604,0.07715351305757752,349.972711688162
0.044369914812596195,0,0.20441035488954004,345.0842005995073
0.06432906780377753,0.05,0.20203091107918297,354.74342111895027
0.14143060924121886,0,0.16043162564447566,345.5239316210688
0.06179042113511924,0.05,0.1973160842813599,354.77725492978846
0.01301986397256034,0,0.23055568360956075,344.4087752457308
0.08816256068366285,0,0.18729068335949667,345.4826783335858
0.07823957536069272,0.05,0.18509089725691463,354.98258903207653
0.2,0.05,0.08974358974358974,354.2561311914332
0.1829126526099455,0,0.10576923076923078,345.1572715149045
0.1943042175366485,0,0.125,345.0150776572148
0.12415725705409164,0,0.15591625621105737,345.6361743677792
0.2,0.03874357659776215,0.0621619814930711,351.11618455402186
0.2,0.03311536489664322,0.06439681839345279,349.8503564268071
0.18860843507329703,0.05000000000000001,0.08333333333333336,354.4309462985168
0.2,0.044371788298881075,0.0599271445926894,352.50806308016837
0.2,0.05,0.06410256410256412,354.083858655277
0,0.03909094259279426,0.22072991056749286,350.8308817449814
0.2,0.027631093865166267,0.06654535449688762,348.73182447496856
0.2,0.011110293690612259,0.0855710607495626,346.1126199468906
0.033121551330097226,0.05,0.19182668615774456,354.556136968499
0.038937907956093434,0.05,0.19514873561867493,354.592312224298
0.1943042175366485,0.05,0.11217948717948718,354.4390430467032
0.12039431226476925,0.05,0.17188574706067883,355.0883399745027
0,0.015653943063683097,0.22006896126837242,346.2707169070407
0.2,0.05,0.07051282051282053,354.1357999817992
0.1829126526099455,0,0.09294871794871795,345.1152117141316
0.1829126526099455,0,0.09935897435897437,345.1388898088364
0.17721687014659399,0.049999999999999996,0.14102564102564102,354.713660462903
0,0.005217981021227698,0.22720247426894466,344.79890040379166
0.10260706016183686,0.05,0.17380763334316646,355.1122634225977
0.16005461114027597,0.05,0.1379261970811399,354.9396547256095
0.06804405292884294,0,0.18694798128494367,345.41347698666146
0.09172605088668466,0,0.19155506627324181,345.4527589101698
0.1476657552708848,0,0.14379777175319644,345.53650098085774
0.1418031081981061,0,0.14665225369987506,345.5721413086624
0.0630116071670489,0,0.18787517345793753,345.3776267684036
0.10249159604376656,0,0.173603249455131,345.59222945723656
0.2,0.016662551802212357,0.07084242670375723,346.8316689762568
0.2,0.05,0.05769230769230771,354.0259920052467
0,0.05,0.1987179487179487,353.96142224459203
0,0.05,0.1923076923076923,354.0250020015997
0.005475320825802618,0.05,0.19538709659657477,354.0992661106906
0.028229529424978854,0.05,0.1823650221497186,354.57680725521993
0.02782837321422416,0.05,0.18869145990243347,354.51707190125103
0.022535195098351092,0.05,0.18555623364712243,354.4707864362487
0.2,0.03466550781010187,0.04060840144243962,349.95191983246445
0.2,0.038747330654621034,0.04344443915038403,350.92720825076344
0.2,0.04029184248279136,0.03811695109801684,351.2380160587515
0.18282701345071714,0,0.08023851813479553,345.05387754090475
0.18852279591406865,0,0.07703338992966732,344.95493770599074
0.177216870146594,0,0.1217948717948718,345.2552478444434
0.2,0.05,0.051282051282051294,353.9620520629761
0.1947627570153012,0.05000000000000001,0.048416402366831736,354.0308406652003
0.2,0.05,0.044871794871794886,353.89179957204294
0.16012952275653952,0.05,0.125,354.95051041177777
0.16012952275653952,0.05,0.1185897435897436,354.9476736964192
0.16582530521989103,0.05,0.1217948717948718,354.8833134103745
0.07911560225457351,0.05,0.17911460126472398,355.0346420816284
0,0.033782811097852375,0.20968751999520724,349.7526721270588
0,0.039237339801455245,0.20829692368581978,351.0246874002941
0.2,0.0362100196382722,0.03528091339007244,350.2354184662091
0.2,0.031396569125891984,0.030241051710534587,349.1136687546564
0.2,0.029852057297721658,0.03556853976290178,348.8619706314677
0.054893029955468214,0.05000000000000002,0.17914748720410384,354.88931181133955
0.05437827092065181,0.05000000000000002,0.18411217353465156,354.8450736588891
0.04977123083315346,0.05000000000000001,0.18216552582445866,354.82089298553916
0.2,0.0331191189535021,0.05208953246102214,349.7374876340359
0.2,0.038747330654621034,0.04985469556064044,350.99813661665644
0.2,0.03312099598193155,0.045935889494806814,349.67296898238516
0.2,0.04437366532731052,0.04095298880596125,352.3079634341174
0.2,0.05,0.03846153846153847,353.8152345324472
0.2,0.04591817715548084,0.03562550075359406,352.6506282000143
0.2,0.016839829326822302,0.05818552245328966,346.7576194978608
0.2,0.011285645392751517,0.05380214944947315,345.9063302650764
0.2,0.011197006630446545,0.06013060157470694,345.95083281295564
0.06921028222556017,0,0.1768682279331848,345.49391575241566
0.06476095111212476,0,0.17275554343029925,345.49640185289803
0.06417783646376614,0,0.1777954201061787,345.46018487294094
0.2,0.0211892272588518,0.020934365862633975,347.0410956404018
0.2,0.024346072053271623,0.016837319794807605,347.54029916634863
0.2,0.020540965278492876,0.015149473336901049,346.8468455784805
0,0,0.22435897435897434,344.29326184705207
0,0.005217981021227698,0.22079221785868824,344.8812375653597
0.18892531065263585,0.05,0.06453064245491803,354.29061568472827
0.1833879659789538,0.05,0.0679498098362232,354.41003965536544
0.18368806766793705,0.05,0.06166499353969848,354.3518000388743
0.16012952275653952,0.05,0.13141025641025644,354.9476099751505
0.16582530521989103,0.05,0.12820512820512822,354.88328126214657
0.17721687014659399,0.05,0.10256410256410256,354.69645490564835
0.2,0,0.05769230769230771,344.6353676331519
0.2,0.005554183934070785,0.062075680696124215,345.257856265198
0.2,0.005642822696375759,0.05574722857089043,345.2139438805403
0.034325019962361314,0.05,0.17284737289959984,354.72539782291545
0.033923863751606616,0.05,0.17917381065231475,354.6748762564414
0.028630685635733552,0.05,0.17603858439700368,354.6306438908573
0.08561528354282863,0.05,0.17712422011616802,355.0703891434369
0.19446265532631793,0.05,0.06111147507361287,354.1625998013554
0.19476275701530119,0.05,0.054826658777088144,354.0975519523018
0.058985311008150146,0.05,0.18605882124484444,354.8647229383323
0.0546447343789626,0.05,0.19065460977334392,354.78901137019903
0.04395883332415594,0,0.1914451851450381,345.2030109480705
0.044743429347571306,0,0.19817358171351085,345.1492214003021
0.049932445666963365,0,0.19483476370005548,345.2248227595035
0.14866304621357296,0.05,0.13151594067088346,355.0625130239414
0.15443374029318802,0.05,0.1282051282051282,355.01004596189205
0.15435882867692446,0.05,0.13472106887601168,355.0049148880135
0.10666754487813773,0.05,0.16239044821850154,355.17864917952824
0.10867131882615767,0.05,0.15879344324950548,355.19397205186937
0.17721687014659399,0.05,0.09615384615384616,354.67352019805116
0.1362946762392121,0,0.14330675800789977,345.616106065559
0.14858813459730943,0.05,0.13803188134176694,355.0542551136116
0.17711618239823854,0,0.08350587109194446,345.1467969567245
0.17703054323901019,0,0.07720592768827846,345.11182461691385
0.2,0.027719732627471235,0.06021690237165381,348.6960169452284
0.2,0.03311724192507266,0.05824317542723746,349.7966167821765
0.048363253620132635,0,0.18137797056311,345.32213762366933
0.049147849643548,0,0.18810636713158274,345.27646504559607
0.05324603813577139,0,0.18354370486138583,345.3451284115654
0.18952551403060236,0.05000000000000002,0.05196100986186859,354.1614344018071
0.1839881693569203,0.05000000000000002,0.055380177243173755,354.28766660500673
0.18428827104590353,0.05000000000000001,0.04909536094664903,354.21763935376254
0.2,0.017512526874348483,0.04484348170410167,346.73260107932833
0.2,0.0223259773867287,0.04988334338363952,347.5904749646243
0.2,0.022910036171949904,0.04286975475968532,347.6192777419644
0.17142039993488706,0,0.08671099929707266,345.2326462948073
0.17721687014659399,0,0.08974358974358973,345.176265606413
0.18876687286296645,0.05000000000000001,0.0771371160992539,354.38946473218556
0.18307109039961494,0.05000000000000001,0.08034224430438211,354.50378415795285
0.1832295281892844,0.05000000000000001,0.07414602707030266,354.459661309535
0.2,0.02830754546955133,0.040896027815268965,348.6148202919446
0.1715210876832425,0,0.125,345.3256195582566
0.2,0,0.07051282051282054,344.7350922487026
0.19421857837742015,0,0.07382826172453913,344.84940429010504
0.1311404593942027,0,0.13376128467727064,345.6613343730349
0.1366488913530967,0,0.1371067803692459,345.6261742183381
0.13700629220608063,0,0.13084085645151378,345.63124914632897
0.12042775606436694,0,0.1463752654814029,345.68209214105565
0.12525278505845786,0,0.1493682415373176,345.65514746589844
0.1256070001723425,0,0.14316826389866372,345.67074655015193
0.03947375691929203,0.05,0.17595342387455276,354.7637720202418
0.03907260070853733,0.05,0.18227986162726767,354.7107218396466
0.17721687014659399,0,0.11538461538461538,345.25000829856697
0.17152108768324248,0,0.11217948717948718,345.31505226971007
0.17152108768324248,0,0.11858974358974358,345.32293850873714
0.0804438152286954,0,0.17292027472020144,345.56574250459477
0.07927637984056318,0,0.17900693582957866,345.5216288303623
0.08576650586877324,0,0.17693963933637427,345.5544051057324
0.09211496483108374,0.05,0.17513383896761203,355.09794029401843
0.177216870146594,0.05,0.12179487179487179,354.7308103803277
0.177216870146594,0.05,0.11538461538461536,354.7250454989087
0.11933222806000074,0,0.15292328015514267,345.6647912684782
0.11925371698824502,0.05,0.15352838515734443,355.1903875347992
0.12534092460592797,0.05,0.15020850509742434,355.1783403059331
0.17721687014659399,0,0.10897435897435898,345.2394919117351
0,0.010435962042455397,0.21722546135840215,345.56643320386473
0,0.005217981021227698,0.21438196144843186,344.95830277813087
0.0646218691652813,0.05,0.1780760962939419,354.9687113997948
0.06898951821881297,0.05,0.18206925872511537,354.9636889703947
0.0641071101304649,0.05,0.1830407826244896,354.92610805978114
0.08568335421663148,0.05,0.16504285946739272,355.14961694090636
0.09130700861100581,0.05,0.1690287743110274,355.1375590863119
0.0864913104367094,0.05,0.17114792412397736,355.11434696628913
0,0.044691868505058116,0.1940858145559195,352.5543958234934
0,0.044691868505058116,0.20049607096617592,352.488924927318
0,0.011074501839288122,0.20591747501324292,345.7805514621637
0,0.016292482860515822,0.20876097492321322,346.50309209983084
0,0.01075523194087176,0.21157146818582254,345.6754459394277
0,0.03392920830651336,0.2036647895237906,349.8535056959906
0,0.02810792405443264,0.2054864304232105,348.6162947837085
0.016969998814121305,0.05,0.18879597331932085,354.35822921297205
0.01122265981996196,0.05,0.1920915349579478,354.2332406429784
0.011494677988318687,0.05,0.18571656903043837,354.29550701182194
0.2,0.011157239002476088,0.015384674329586073,345.4313863552377
0.2,0.017384120484073052,0.019246519404727415,346.3933754559308
0.2,0.016735858503714132,0.013461626878994493,346.20781955656554
0.07387192630716105,0.05,0.18109773482574112,354.99678772227224
0.07474795320104183,0.05,0.17512143883355047,355.0460376463007
0.1662895751512548,0.05,0.07799973499896713,354.7235562756628
0.17183060097081837,0.05,0.0808459771787986,354.6705669105142
0.16613481850746686,0.049999999999999996,0.0840511053839268,354.76287099265727
0.11398907670652966,0.05,0.15051313802752309,355.217728837114
0.11316650937056207,0.05,0.15684826521726453,355.1941119448085
0.10949388616212527,0.05,0.15245831605976404,355.2200067544755
0.2,0.011869704177972722,0.040378304415262536,345.84873904177175
0.2,0.006226881481596965,0.0359131271264234,345.0782088224772
0.2,0.005642822696375758,0.0429267157503776,345.0882567625254
0.13732725979642374,0.05,0.13134415788562975,355.15184036551045
0.14295769719686657,0.05,0.13468801961369836,355.1067747043259
0.1372523481801602,0.05,0.13786009855651324,355.1435730957715
0.18843715675484027,0,0.0643231901157449,344.86774081924636
0.1826557351322604,0,0.0676386313274635,344.97379338248265
0.1884371567548403,0,0.07073344652600132,344.9149872395812
0.004620142755305312,0,0.22075986504330308,344.411579724662
0.03876981700476389,0,0.1947840031584935,345.12379782859404
0.03798522098134852,0,0.18805560659002077,345.1737649300194
0.032796204661956464,0,0.19139442460347614,345.0909400502679
0.2,0.01110836786814157,0.06645905369994072,345.98995671289964
0.043174237300740576,0,0.18471678857656537,345.2508307878199
0.2,0.011805500982835008,0.021169566855318997,345.6010197176903
0.2,0.01245376296319393,0.026954459381051923,345.7678559677633
0.2,0.01803238246443197,0.02503141193046034,346.5761342429166
0.005475320825802618,0.05,0.2017973530068312,354.03244659149505
0.1487379578298365,0,0.125,345.55076238438966
0.15443374029318802,0,0.1282051282051282,345.50188019400827
0.15443374029318802,0,0.12179487179487179,345.5018452303772
0.2,0.018680644444790895,0.030816304456193266,346.7560959175228
0.1428721250179586,0,0.1279204282257569,345.5943918167806
0.1483805569768526,0,0.13126592391773215,345.55111335110456
0.032049175592006235,0,0.2038679709555345,344.9656748884911
0.03839630246978877,0,0.2010207763345227,345.0612467897447
0.032422690126981346,0,0.19763119777950533,345.0308587733639
0.06001482907778295,0.05,0.176129448583749,354.9515644307965
0.059500070042966556,0.05,0.1810941349142967,354.90997563251364
0.2,0,0.019230769230769235,344.2090042686619
0.2,0.006226881481596965,0.02309261430591058,344.91882541814306
0.2,0.005578619501238044,0.017307721780177653,344.7651145926033
0.026398349909312724,0,0.20708159887741434,344.86710337242783
0.050037694291464256,0.05,0.18870796206315102,354.76700228003654
0.044221337665468055,0.05000000000000002,0.18538591260222065,354.74002494640007
0,0.02196736990393556,0.21296206449521,347.3856159830329
0,0.02796152684577166,0.21150916089462712,348.51806919826697
0.1601295227565395,0,0.13141025641025642,345.4463266098169
0.1540763394402041,0,0.13447105212286037,345.4999681014886
0.004620142755305312,0,0.21434960863304667,344.4879117005471
0,0,0.21794871794871795,344.37242971284405
0.11031645349809287,0.05,0.1461231888700226,355.2402167162315
0.10582126295368847,0.05000000000000002,0.14806836690226355,355.240721461274
0.2,0.016928468089127274,0.051857070328055865,346.71252678676
0.058128822651410145,0,0.18570943915966168,345.3636247931434
0.1656239297231801,0,0.08367840885055558,345.282258870285
0.17131971218653158,0,0.08047328064542739,345.2005885697421
0.2,0.01245376296319393,0.033364715791308334,345.84820096905105
0.2,0.01809658565956969,0.03782989308014746,346.7471241229159
0.1947627570153012,0.05000000000000001,0.04200614595657533,353.9578168294362
0.1719890387604878,0.05,0.07464975994471915,354.6271744418514
0.17753006458005138,0.05,0.07749600212455063,354.5691759631685
0.2,0.011285645392751516,0.04739189303921673,345.8437258655117
0.100991147721681,0.05,0.16159750402999712,355.18672416779924
0.10299492166970094,0.05,0.15800049906100105,355.20369266094485
0,0.01597321296209946,0.21441496809579286,346.3888581098492
0.009901385293263962,0,0.21084855757659804,344.6068665403578
0.009240285510610626,0,0.21716075572763177,344.52487945781286
0.014521528048569276,0,0.21365970467118314,344.6411624259497
0.17152108768324248,0.04999999999999999,0.09935897435897434,354.76517391374324
0.165825305219891,0.04999999999999999,0.10256410256410256,354.8488667642573
0.165825305219891,0.049999999999999996,0.09615384615384615,354.82584713662123
0,0.05,0.20512820512820512,353.8915204726216
0.2,0.02503860678534144,0.030528678083363927,347.85787909929087
0.07365961333899557,0,0.1809809124360703,345.4859300635947
0.06862716757720155,0,0.1819081046090642,345.45538372697575
0.17152108768324248,0,0.09294871794871794,345.2596609847954
0.17721687014659399,0,0.09615384615384615,345.2026295434575
0.2,0.04437366532731052,0.04736324521621767,352.3817101368618
0.2,0.04437366532731052,0.053773501626474075,352.4491442909436
0.08693394125690544,0,0.17085297822699708,345.5956375323957
0.09225663189698327,0,0.17487234284316988,345.57971517683796
0.054030634159186755,0,0.19027210142985856,345.2969407676018
0.03867144449778264,0.05,0.18860629937998258,354.65177294071987
0.04448780112377885,0.05,0.19192834884091298,354.68334923543773
0.165825305219891,0,0.12820512820512822,345.38932446397433
0.2,0.02183748923921072,0.026719258388366897,347.2325485899434
0.19446265532631796,0.05,0.06752173148386928,354.2174674640576
0.18892531065263587,0.05,0.07094089886517446,354.34248436010233
0.14215732331199077,0,0.14045227606122118,345.5845630876126
0.14251472416497468,0,0.13418635214348903,345.5920298361426
0.177216870146594,0.05,0.08974358974358976,354.64487553847135
0.010950641651605236,0.05,0.19846650088545728,354.1649877591747
0.2,0.04183635431096168,0.032789463045649656,351.5533716504049
0.17152108768324253,0.05,0.11858974358974358,354.80821769935056
0.1715210876832425,0.05,0.11217948717948717,354.7996106099681
0.17152108768324253,0.05,0.125,354.81105463083856
0.14288278558060305,0.05,0.14120396028458182,355.0955366082348
0.08086765604233509,0.05,0.1671620092803427,355.12272665285997
0.0799916291484543,0.05,0.17313830527253332,355.0813546218895
0.020459938978941,0,0.21037065177429873,344.75763967486125
0.021121038761594338,0,0.20405845362326502,344.83303042163953
0.026771864444287842,0,0.20084482570138515,344.93514853620513
0.13043202916643343,0,0.14616123995457841,345.64090825295517
0.059295051948127384,0,0.17562968580790284,345.444158671354
0.05382915278413001,0,0.17850382818550642,345.38607059494444
0.058711937299768764,0,0.18066956248378224,345.40557908968594
0.021494553296569456,0,0.1978216804472358,344.89883425635264
0.17721687014659399,0.05,0.10897435897435896,354.7136378452081
0.17123407302730326,0,0.07417333724176138,345.1630035800063
0.044622493876222746,0.05,0.1790594748495057,354.79560374111657
0.03352270754085192,0.05,0.18550024840502963,354.6184559716359
0.1207819711782516,0,0.14017528784274902,345.6955816492282
0.14802315612386868,0,0.1375318478354643,345.5463595499273
0.2,0,0.04487179487179488,344.51455131566627
0.2,0,0.051282051282051294,344.57763403411656
0.2,0.005642822696375759,0.04933697216063401,345.15377488124034
0.10179910394175894,0.05,0.16770256868658182,355.1522461601136
0.09932229846126414,0.05000000000000002,0.15361054990350057,355.2235560394931
0.10499869561772088,0.05000000000000002,0.154403494092005,355.2180936892174
0.06950427725362937,0.05,0.17710457239456762,355.00514165955
0.07038030414751016,0.05,0.171128276402377,355.0515884580553
0.07037771761369238,0,0.17078156682380757,345.53821563602855
0.1369135662161355,0.05,0.14409593702278023,355.1318737424711
0.19421857837742015,0,0.06741800531428271,344.8048049372617
0.2,0.005554183934070785,0.06848593710638062,345.3073104782126
0.16598006186367892,0.04999999999999999,0.09010247576888647,354.7969679463101
0.1715210876832425,0.049999999999999996,0.09294871794871795,354.7393551838055
0.17152108768324248,0.04999999999999999,0.10576923076923075,354.78527519734115
0.16582530521989103,0.049999999999999996,0.10897435897435898,354.8661205209225
0.1892254123416191,0.05,0.05824582615839331,354.228971951956
0,0.044691868505058116,0.20690632737643233,352.41713201617995
0,0.03938373701011623,0.20227419321440315,351.12842066750653
0.19446265532631793,0.05,0.0739319878941257,354.26640980325163
0.2,0.024994334033630543,0.02262221232054053,347.7432433908257
0.05030415774977505,0.05,0.19525039830184338,354.7066806786806
0.2,0.023494094957171113,0.035856166135731116,347.6425292703238
0.07482704872712778,0,0.17489425132669312,345.5326720273647
0.15443374029318802,0.05,0.1217948717948718,355.01007753493275
0.1487379578298365,0.05,0.125,355.06481992215737
0.2,0.037754531466442524,0.029953425337705245,350.52346488361906
0.09531475056522426,0.05,0.16080455984149272,355.1888952764661
0.0973185245132442,0.05,0.15720755487249663,355.2075093904161
0.2,0.02772160965590068,0.05406325940543849,348.63934773928565
0.2,0.022324100358299254,0.056036986349854837,347.65007373187944
0.17768850236972078,0.05,0.07129978489047117,354.52266890175224
0.1827413742914888,0,0.07393857473112952,345.01639625813556
0.010562485075917298,0,0.20453635942556428,344.683566979139
0.005281242537958649,0,0.2080374104820129,344.56795234132375
0,0.005537250919644061,0.20872796827585222,345.0581870464482
0.02226317692999437,0.05,0.1919311995746319,354.4090428465507
0.17152108768324248,0,0.10576923076923077,345.3018760406751
0.17152108768324248,0,0.09935897435897435,345.2834143755429
0.165825305219891,0,0.10256410256410256,345.3575518763317
0.1601295227565395,0,0.125,345.44892054408075
0.165825305219891,0,0.1217948717948718,345.3892747829789
0.13094434685166798,0.05,0.14698791376097864,355.1603940691896
0.17721687014659399,0,0.10256410256410256,345.2236970918654
0.2,0.02223546159599428,0.06236543847508862,347.6905238522999
0.2,0.016751190564517328,0.06451397457852344,346.79733356102633
0.18952551403060236,0.05000000000000001,0.04555075345161217,354.09195176987464
0.005747338994159344,0.05,0.18901213066906533,354.16474748785794
0.01724201698247803,0.05,0.18242100739181139,354.41728057349195
0.14303260881313012,0.05,0.12817207894281488,355.1120617883036
0.13078624428031804,0,0.1399612623159245,345.6536198464264
0,0.02825432126309362,0.19946369995179383,348.70934374389617
0,0.022433037011012902,0.20128534085121375,347.5974291563354
0.13128312881569265,0.05,0.14075207529471165,355.17502592277356
0.12007628432421262,0.05,0.147193257967603,355.2100939377808
0.16572461747153555,0,0.08991612750220086,345.3118626356497
0.12567970656995264,0.05,0.14397266663115732,355.1961558935682
0.2,0.027723486684330126,0.04790961643922317,348.5772890298328
0.17737162679038193,0.05,0.08369221935863008,354.6101842188328
0,0.034075605515174336,0.19764205905237392,349.94916263966826
0.12596121528622717,0,0.13696828626000984,345.68134856754233
0.09612270678530221,0.05,0.1669096244980774,355.15593712615686
0.09049905239092788,0.05,0.16292370965444272,355.1716731487751
0.07599448411526,0,0.16880759021731592,345.57434362144005
0.12601848853397732,0.05,0.1377368281648903,355.20846935862403
0.17167584432703042,0.05,0.08689734756375828,354.70756992883065
0.13162191077971735,0.05,0.13451623682844466,355.1841556537784
0.1601295227565395,0,0.11858974358974358,345.4462419651904
0.165825305219891,0,0.11538461538461539,345.38395258882923
0.16552324197482465,0,0.07744069019891031,345.24761206984334
0.11450719906590981,0,0.14993030409922797,345.68840497105674
0.19421857837742013,0,0.061007748904026306,344.754932236136
0,0,0.21153846153846154,344.44632562983924
0.2,0,0.06410256410256412,344.6878666150683
0.01669798064576458,0.05,0.1951709392468303,354.2931913374922
0.11560272707027602,0,0.1433822894254882,345.7040336180922
0.06359472181540751,0,0.1828352967820581,345.4205931781095
0.0651366282000977,0.05,0.17311140996339414,355.0076508439102
0.11341167106154361,0,0.15647831877296775,345.6670003289165
0.2,0.038745453626191584,0.056008338526855765,351.05985533709423
0.12041506628823728,0.05,0.14095741950133597,355.2255911368877
0,0.022286639802351925,0.2073080713226304,347.5069881796378
0,0.016611752758932185,0.20310698175063363,346.6134188769857
0.165825305219891,0,0.09615384615384616,345.33642336593726
0,0.03938373701011623,0.19586393680414674,351.1957827028495
0.02714537897926296,0,0.19460805252535598,344.9980910920136
0.09693066300538014,0.05,0.17301468915466206,355.1174742460175
0.07562398009492263,0.05,0.16914514284135984,355.08994706103846
0.10132607240928407,0.05000000000000001,0.15001354493450447,355.23703522369703
0.165825305219891,0,0.10897435897435898,345.37339495062895
0.11481164404249727,0.05,0.14417801083778164,355.2355209885695
0.02293635130910579,0.05,0.17922979589440752,354.52793814104945
0.2,0,0.03846153846153847,344.446119477801
0.17694490407978183,0,0.07090598428461245,345.0717306842195
0.01584372761387595,0,0.20103530836911565,344.79316954328493
0.16582530521989103,0.05,0.11538461538461539,354.8776084066167
0.015182627831222612,0,0.20734750652014938,344.7198093064992
0.08161125061682761,0,0.16683361361082427,345.6047858091326
0.2,0.02815117882805037,0.018525166252714165,348.2881803201698
0.1549380622052844,0.04999999999999999,0.09014076601660459,354.92046799902226
0.1546859012492362,0.04999999999999999,0.09635243429035356,354.95074146217496
0.14924227974193288,0.04999999999999999,0.09334589422173278,354.98995841785177
0.09387467923107008,0.05,0.15291922518782103,355.2229656976911
0.0992511032714228,0,0.15342406285163218,345.6935566401551
0.10293913609955094,0,0.1578395288481418,345.67538770955343
0.10494007740092112,0,0.1541954014536882,345.6887478049436
0.050613296574929204,0.05,0.17010137590757626,354.91597140624935
0.055314062826356085,0.05,0.17311541224566263,354.93649319857127
0.05019226370404134,0.05000000000000002,0.17613345086601748,354.87107242158254
0.04504352674711062,0.05,0.17302739989106453,354.84344515330986
0.08223950893445736,0.05,0.16075452978271706,355.16261158818116
0,0.028182205435824052,0.1871372515017048,348.81032757150973
0,0.022488265937624423,0.18290524259493515,347.7738980801611
0,0.0279827448546734,0.18086445285780534,348.8212966041856
0.16581537755843687,0,0.07113627890069787,345.203281384312
0.16020768344277828,0,0.07447267006673382,345.2836180219965
0.2,0.027800841723460264,0.004487208959664831,347.99706368524653
0.2,0.03333333333333333,0,349.0544985149561
0.2,0.027777777777777776,0,347.9153764450182
0.16610751314204908,0,0.06483186760248544,345.1537501189135
0.17152620861091544,0,0.06786892594354894,345.11577693846573
0.17181834419452768,0,0.06156451464533651,345.0633497170581
0.1262001913265134,0.05,0.13124829795804824,355.2162355967584
0.1260632022436271,0.05,0.12464564042842936,355.21960928052243
0.13148492169683107,0.05,0.12791357929882577,355.1906886518171
0.15441073148742268,0,0.09616678258287933,345.44918177573686
0.1601295227565395,0,0.09935897435897435,345.4066015889519
0.1601065139507742,0,0.09296165437775113,345.3830639358836
0.09989697749308549,0.05000000000000001,0.13994312503681677,355.26552775440433
0.0991824300349862,0.05000000000000001,0.13490791508797295,355.2742696948689
0.10439216803748988,0.05000000000000001,0.13799794700457585,355.2676088351382
0.2,0.016689730612349154,0.004487208959664831,346.060778696459
0.2,0.02222222222222222,0,346.89158373503966
0.2,0.016666666666666663,0,345.98312038502036
0.2,0.03160594849823901,0.006175055417571388,348.79491285165403
0.2,0.03535903982594984,0.004980320531011902,349.5873828709107
0.10510671549558917,0.05000000000000001,0.1430331569534197,355.2559999231692
0.10960190603999359,0.05000000000000001,0.14108797892117875,355.2546925997051
0.19523271442437912,0,0.02241475744500802,344.3269150266324
0.2,0,0.025641025641025647,344.29337600988043
0.1668298030505706,0.05,0.06534188589341472,354.6213694736205
0.1722591527101457,0.05,0.06832083539194295,354.5756795702474
0.1665596891009127,0.05,0.07167081044619092,354.67538747057273
0.07165671673387303,0.05,0.15954687648885663,355.1243976261487
0.0730285696259953,0.05,0.153139396991231,355.15959931566357
0.07763403928022633,0.05,0.15694696338697403,355.16408528455105
0.16120224554478782,0.05,0.06871318443565905,354.7156279976951
0.19580272510191543,0,0.017367312269614882,344.249731689424
0.1910354395262946,0,0.020551300483853667,344.3652158102292
0.2,0.022245286167904707,0.004487208959664831,346.97125651087316
0.0790058921723486,0.05,0.1505394838893484,355.1954420286335
0.0849832147187019,0.05,0.14793957078746584,355.22382175381705
0.08361136182657963,0.05,0.15434705028509144,355.1963099551669
0.2,0.011157239002476088,0.008974417919329661,345.33598055582235
0.2,0.016712794558031645,0.008974417919329661,346.1356784203074
0.2,0.011134175056793599,0.004487208959664831,345.26268800542323
0.19454356051953797,0,0.04822615455784076,344.6346208629111
0.09516390572099073,0.05000000000000001,0.1442870102699811,355.25294850786537
0.09043083394889596,0.05,0.14863089550314537,355.2336612887516
0.08971628649079666,0.05,0.14359568555430152,355.2473457067424
0.12059676908077335,0.05,0.1344688892944939,355.23648577430555
0.1099653116250657,0.05,0.1281109185074946,355.2714839582995
0.11535675242010546,0.05,0.12471242021725543,355.25972669980996
0.11517504962756939,0.05,0.1312009504240975,355.25761259568435
0.12077847187330942,0.05,0.12798035908765182,355.2414259454356
0.16053644035637563,0.04999999999999999,0.08709593570026569,354.84532183946845
0.15509281884907233,0.04999999999999999,0.08408939563164491,354.88666942184966
0.16069119700016354,0.049999999999999996,0.08104456531530602,354.80876519238495
0.15533375344403866,0.04999999999999999,0.07808693930477414,354.84702759759483
0,0.028381666016974706,0.19341005014560428,348.7941518423716
0,0.03387614493402368,0.19136926040847443,349.9652696841589
0.2,0.03135229637418109,0.02233458594771119,348.99495433631165
0.2,0.0319042701557612,0.01733043136615468,349.0365304310242
0.011391564926703013,0.05,0.16666666666666669,354.43079140528465
0.01708734739005452,0.05,0.1634615384615385,354.5420214526451
0.017138903920862356,0.05,0.1697813614382961,354.5062313312783
0.14289561973024384,0.05,0.11515916500293957,355.1070490620356
0.14289561973024384,0.05,0.121569421413196,355.11302347349624
0.13705328163065117,0.05,0.118138842826392,355.15322233053837
0.1603816837125877,0.04999999999999999,0.09314730608522537,354.87666072321036
0.2,0.026073456888365945,0.010662264377236219,347.7666082932776
0.2,0.022268350113587198,0.008974417919329661,347.0481706991163
0.09524922066868244,0,0.1607123176405394,345.6614395019914
0.10093819479818075,0,0.16148365624259542,345.6596383765966
0.09725016197005262,0,0.15706819024608576,345.67869268985663
0,0.039184276428965575,0.18959113816024725,351.20686023918813
0.1601295227565395,0,0.10576923076923077,345.4251122733859
0.2,0,0.03205128205128206,344.3724144129268
0.19523271442437912,0,0.028825013855264436,344.4087702774971
0.1953848793226117,0.05,0.029270600631469648,353.78208150644866
0.1953848793226117,0.05,0.022860344221213236,353.68935095989974
0.2,0.05,0.025641025641025647,353.6429621755301
0.027327189041510117,0,0.18832267516030782,345.05415215051227
0,0.022687726518775077,0.18917804123883464,347.7576536663755
0,0.022560381764893986,0.19523169104502416,347.6799747032584
0.0398947897901799,0.05,0.16992134891611158,354.8092754085852
0.18876213889695806,0,0.05795185217981577,344.8107373652771
0.2,0,0.012820512820512824,344.1192733422555
0.005281242537958649,0,0.20162715407175652,344.63352756069116
0.16093213159512992,0.05,0.07504210898843525,354.76629782554136
0.15443374029318802,0,0.10256410256410256,345.4701052438965
0.15443374029318802,0,0.10897435897435898,345.4859981023698
0.07626218638810406,0.05,0.16335444288459966,355.12654197213305
0.010926105200411618,0,0.1855553482852116,344.85925250331934
0.010744295138164458,0,0.19184072565025972,344.8053689394999
0.016207347738370268,0,0.1884645536390194,344.91076015369936
0.06641304078646057,0.05,0.16153001004987377,355.0849547677273
0.0710185104406916,0.05,0.1653375764456168,355.0904307470116
0.19579993187426453,0.05,0.011127816268776835,353.49312387732687
0.19159986374852905,0.05,0.015845376127297257,353.6475295664773
0.19159986374852905,0.05,0.009435119717040844,353.53887983524965
0.18683816462821,0,0.01868784352269931,344.40019389244935
0.19160545020383085,0,0.015503855308460525,344.2871364088093
0.18740817530574627,0,0.013640398347306168,344.3212184268181
0.1486919402183059,0,0.09297459080678432,345.48502202450425
0.1543877226816574,0,0.08976946260165611,345.4229645678124
0.10662716892767908,0,0.16225499484465147,345.6524317731567
0.10862811022904925,0,0.15861086745019787,345.66667725120504
0.10171489542097366,0,0.1675434528488632,345.62838892717616
0.09602592129147533,0,0.16677211424680716,345.63154260266657
0.09680262191426824,0,0.17283191085307495,345.59673568282255
0.12592621316074082,0.05,0.11804298289881049,355.2168702460831
0.13134793261394478,0.05,0.1213109217692069,355.1911089316523
0.01144312145751085,0.05,0.1729864896434243,354.39219813222917
0.017190460451670192,0.05,0.17610118441505374,354.46465103822715
0.12545465870373995,0,0.11724657012155754,345.6888591465052
0.1310759010987626,0,0.12071455137770677,345.6654365696234
0.13104362195104255,0,0.11419118472792485,345.6591984850375
0.13694173391064052,0,0.1177941231519499,345.630493030728
0.005747338994159343,0.05,0.18260187425880892,354.2201240686131
0.2,0.04647015093706095,0.004980320531011902,352.327239056114
0.2,0.04294030187412191,0.009960641062023804,351.48891664061813
0.2,0.04647015093706096,0.011390576941268315,352.4399462377391
0.1558448019886629,0.05,0.06575555842512715,354.74902329146045
0.1614723594944457,0.05,0.06238425988288283,354.6591089779867
0,0,0.1923076923076923,344.6355694759346
0,0.005537250919644061,0.19590745545533939,345.18671255579085
0,0,0.19871794871794873,344.57772241319776
0.005281242537958649,0,0.19521689766150008,344.6938685607636
0.19160545020383085,0,0.009093598898204113,344.1940482839016
0.19580272510191543,0,0.010957055859358468,344.1583221637669
0.061074068241852256,0.05,0.1643066736685476,355.03486480313865
0.06171227453503369,0.05,0.1585159737117874,355.0691064272415
0.1487379578298365,0.05,0.11217948717948714,355.0532935697217
0.1487379578298365,0.05,0.11858974358974357,355.06193448306584
0.18491039335321405,0.05,0.04277007203179976,354.13616023607574
0.1795845638100807,0.05,0.03973131216302285,354.18179804792976
0.1855325156605246,0.05,0.0364447831169505,354.0483274463238
0.1487379578298365,0.05,0.10576923076923074,355.0388971821249
0.15443374029318802,0.05,0.10897435897435895,354.992811918315
0.15443374029318802,0.05,0.10256410256410255,354.97553487755545
0.2,0,0.006410256410256412,344.0242346040651
0.19046542884875828,0,0.025598745659246806,344.4399415352169
0.1856981432731374,0,0.028782733873485594,344.5480837944158
0.19046542884875828,0,0.03200900206950322,344.519280295728
0.2,0.03738474631856635,0.009960641062023804,350.1343784462011
0.2,0.040914595381505395,0.004980320531011902,350.8942128330245
0.10972363823341547,0,0.1520628527764581,345.69076220001693
0.11081916623778168,0,0.1455148381027183,345.709071153724
0.2,0.005555555555555555,0,344.5002260904572
0.2,0.01111111111111111,0,345.1866368674338
0.2,0.05,0,353.2104524873146
0.2,0.044444444444444446,0,351.69893823555265
0.2,0.006226881481596965,0.02950287071616699,345.0011837893961
0.09587845317909002,0.05000000000000002,0.14932222021882494,355.2380657787116
0.06536506983459829,0,0.16676561336471815,345.5346011479635
0.17795861631937868,0.05,0.06497086033769497,354.4678479636343
0.2,0.03941045281118286,0.014940961593035706,350.69548524082717
0.2,0.042940301874121914,0.016370897472280217,351.59414689065005
0.1198979746041574,0,0.12682532216497217,345.71332664315656
0.12551921699918006,0,0.13029330342112141,345.6907060169329
0.12548693785145998,0,0.12376993677133949,345.6925456426791
0.2,0.038306505248022635,0.02494927075614873,350.5837048173603
0.2,0.034553413920311804,0.026144005642708218,349.74004919079476
0.05573509569724395,0.05,0.1670833372872214,354.9783941344264
0.05637330199042538,0.05,0.16129263733046123,355.0155385354524
0.1890871210390759,0,0.045170257833630226,344.6854571595911
0.18431983546345504,0,0.0419439896376126,344.71899690525834
0.18363068155861384,0,0.0485246175196761,344.79590716536364
0,0.005537250919644061,0.20231771186559583,345.1250669107671
0.14289561973024384,0.05,0.10874890859268316,355.0953191763227
0.2,0.05,0.03205128205128206,353.7325309442456
0.16012952275653952,0.049999999999999996,0.09935897435897434,354.904518195721
0.16012952275653952,0.05,0.10576923076923075,354.92466652991857
0.2,0.04183635431096168,0.02637920663539324,351.4652424527973
0.2,0.0423883280925418,0.02137505205383673,351.5311445790596
0.1862681539506737,0,0.023735288698092452,344.4758156816485
0,0,0.20512820512820515,344.51464113116606
0.10125204457279297,0,0.14977993545717855,345.7060313528869
0,0.03367668435287303,0.18509646176457495,349.97617003218727
0.13705328163065117,0.05,0.11172858641613559,355.144158946709
0.10061152495118478,0.05000000000000001,0.14497833498566062,355.2531162640137
0.15557468803900504,0.05,0.07208448297790337,354.80219414206294
0.1907697586452234,0.05,0.026489919211657238,353.82522187930186
0,0.011074501839288122,0.1995072186029865,345.84599568947465
0.19118481119687625,0.05,0.02116764766947725,353.7387975806754
0.08842706000087602,0.05,0.15222790047214146,355.2169403109145
0.06043586194867082,0.05,0.17009737362530777,354.9957477692166
0.06577483449327913,0.05,0.16732071000663395,355.0487405107283
0.07098183633616592,0,0.1647916367582265,345.57432270453506
0.07158595505863946,0,0.1588017066926454,345.6056916881365
0.06596918855707183,0,0.16077568329913705,345.5680623581239
0.09187090528305014,0.05,0.1565162301568171,355.2052981517975
0.1953848793226117,0.05,0.03568085704172606,353.86794687248374
0.19579993187426453,0.05,0.017538072679033248,353.5993819326602
0,0.016993787020575447,0.184946032332065,346.8396681116797
0.1487149490240712,0,0.09937191078800754,345.50862504751996
0,0.05,0.1794871794871795,354.1357621755161
0.005747338994159343,0.05,0.17619161784855253,354.26936985159904
0.19454356051953794,0,0.04181589814758435,344.5688612637369
0.19523271442437912,0,0.03523527026552084,344.48529219018974
0.18977627494391708,0,0.03858962995156672,344.60521749276495
0.1428398458702385,0,0.11498680516571855,345.5887239201973
0.1428398458702385,0,0.12139706157597493,345.5943476638454
0.1487379578298365,0,0.11858974358974358,345.54813037271407
0.19014763633791287,0.05,0.03922546453676291,354.00627723255496
0.10978360883252963,0.05,0.13459944871433666,355.2660655121462
0.11499334683503332,0.05,0.13768948063093955,355.24954402527084
0.021858173421063772,0,0.18525092571713955,345.01114889049177
0.021676363358816612,0,0.19153630308218766,344.95753330298896
0.05103432944581708,0.05,0.16406930094913508,354.9555899395396
0.2,0.03363165499085552,0.01115537594858329,349.3098835184475
0.2,0.03565736148347203,0.01613569647959519,349.8389654045766
0.16012952275653952,0.05,0.11217948717948717,354.9390489931455
0.011494677988318686,0.05,0.17930631262018193,354.34781468748946
0,0.016739097512813272,0.19705333194444408,346.6937018723564
0.10457387083002595,0.05,0.13150941679773376,355.2763316233192
0,0.04449240792390746,0.18781301591202001,352.5604438516799
0.022884794778297954,0.05,0.1729099729176499,354.572534847189
0.1604998190263905,0,0.06816825876852138,345.23705298586447
0.16079195461000273,0,0.061863847470308944,345.1852873698654
0.15518426049434414,0,0.06520023863634489,345.26498204263845
0.022833238247490117,0.05,0.16659014994089227,354.6113413816444
0.2,0.05,0.012820512820512825,353.44266184686154
0.2,0.04647015093706096,0.017800833351524728,352.54449455247453
0.2,0.05,0.019230769230769235,353.5465282263007
0,0.016866442266694356,0.19099968213825452,346.7691182839211
0.2,0.028195451579761263,0.026431632015537557,348.40929565357044
0.14997630988791377,0.049999999999999996,0.07512931329424226,354.87844476944764
0.14973537529294745,0.04999999999999999,0.08113176962111304,354.9204526823908
0.1599051384540633,0,0.08048621707446058,345.3234428580931
0.15458957992201694,0,0.07751819694228407,345.35572358375754
0.15428703493330193,0,0.08353174395001083,345.39294725538656
0.19454356051953794,0,0.05463641096809717,344.69503134267035
0.1548921249107319,0,0.07150464993455732,345.31378142937115
0.2,0.03885847902960275,0.019945116174592218,350.6410449364296
0.2,0.03510538770189192,0.021139851061151703,349.79095720502164
0.17252926665980356,0.05,0.06199191083916673,354.51833550678117
0.10603560540528731,0,0.14764738677994843,345.70973706532214
0.1601295227565395,0,0.11217948717948718,345.4383375217226
0.13719027071353745,0.05,0.12474150035601089,355.15558770712613
0.16000582620241874,0,0.08672393572610584,345.3557749145268
0.010562485075917298,0,0.19812610301530786,344.74640191654703
0.01602553767612311,0,0.1947499310040675,344.8545065780588
0.18908712103907588,0,0.05158051424388663,344.7485445200743
0.2,0.05,0.006410256410256413,353.3306366005329
0.1369740130583606,0,0.12431748980173182,345.63363414948856
0.1907697586452234,0.05,0.03290017562191365,353.9142490231704
0.16709991700022847,0.05,0.059012961340638506,354.56150228480607
0.17282936834878682,0.05,0.055707094542642006,354.4550982278752
0.18656969051948794,0.05,0.02479722265992125,353.8712614144934
0.18698474307114077,0.05,0.01947495111774126,353.7835381289085
0.1829807172743782,0,0.06126729339153437,344.91968736800993
0.18330569941649602,0,0.05489595545560523,344.86039196230354
0.19579993187426453,0.05,0.004717559858520422,353.3787069551039
0,0.01120184659316921,0.19345356879679698,345.9200860054905
0.18739979562279357,0.05,0.014152679575561267,353.69097112775205
0.11471873049618184,0,0.13003232374771137,345.7265691709842
0.1203399728912045,0,0.1335003050038606,345.70733437810054
0.1428398458702385,0,0.10857654875546213,345.5777895036852
0.1487379578298365,0,0.11217948717948717,345.5401876881744
0.2,0,0,343.9238880540907
0.2,0.005578619501238044,0.004487208959664831,344.57467005499745
0.2,0.02987856366314469,0.012350110835142775,348.5394734533919
0.17756202180551184,0,0.05823023505047087,344.9652532765848
0.17723703966339405,0,0.06460157298640001,345.02160808666946
0.2,0.005578619501238044,0.010897465369921241,344.67254622969233
0.2,0.04591817715548084,0.02921524434333765,352.5652118071097
0.04546455961799849,0.05,0.1669953249326233,354.88600611412664
0.13110818024648263,0,0.1272379180274887,345.6661485322891
0.17214332633664547,0,0.05519317670940737,345.00474611136156
0.17788700394762966,0,0.05185889711454173,344.90370907526676
0.1494944406979811,0.049999999999999996,0.08713422594798381,354.95726896405705
0.15443374029318802,0.05,0.11538461538461536,355.0043224637501
0.1486689314125406,0,0.08657727082556109,345.456125261724
0.2,0.04591817715548084,0.02280498793308124,352.47293023369116
0,0.05,0.1858974358974359,354.0834474874425
0.08705520710875375,0.05,0.15863537996976707,355.18637191007826
0.154433740293188,0,0.11538461538461539,345.4965770028055
0,0.03898481584781492,0.18331833951634774,351.21273107906444
0,0.04449240792390746,0.18140275950176363,352.6139267460276
0.07659860283773354,0,0.16281766015173485,345.60835846338773
0.14957656637868555,0,0.06853662980238083,345.33810229196746
0.0907032306513975,0,0.16275274963063435,345.64649881416057
0.15021724448288015,0.05,0.06912685696737149,354.8312452252275
0.09147993127419039,0,0.16881254623690212,345.6155620057588
0.08615724063411256,0,0.1647931816207293,345.6276142498743
0.1802066861173912,0.05,0.03340602324817359,354.0915397886946
0.17825871800836193,0.05,0.05868604404117024,354.4071095159358
0.1850089893682962,0,0.03536336175554909,344.63638911494235
0,0.011329191347050297,0.18739991899060743,345.98930973770035
0.06657330727954537,0,0.15478575323355595,345.5967854833793
0.005463052600205809,0,0.18893152029645194,344.7504655718954
0.11516072878322894,0,0.1367073065865998,345.7181816264464
0.1487379578298365,0,0.10576923076923078,345.52693433077087
0.16639964872566132,0,0.058527456304273015,345.09901827364814
0.067051247079642,0.05,0.1557393100931136,355.1162936149071
0.14897147640125558,0,0.08056372381783433,345.4215027545624
0.1736366119596368,0.05,0.04301784120909521,354.30645630594177
0.1683107824165035,0.05,0.0399790813403183,354.3399003662881
0.17425873426694735,0.05,0.03669255229424595,354.2201262492884
0.13694173391064052,0,0.11138386674169348,345.6218775551076
0,0.04449240792390746,0.1749925030915072,352.66127884260595
0.1789624415027702,0.05,0.046056601077872114,354.26570263509984
0.2,0.03888888888888889,0,350.3136202447664
0,0.05,0.17307692307692307,354.18194606582045
0.11986569545643734,0,0.12030195551519024,345.7121917353946
0.12064148279042314,0.05,0.12137770155803296,355.24164031492506
0,0.0056645956735251485,0.18985380564914986,345.254610192452
0.09444935826289143,0.05,0.13925180032113724,355.264161687093
0.19580272510191543,0,0.0045467994491020566,344.06160482632583
0,0.03347722377172238,0.1788236631206755,349.9818636837535
0.1489901187858847,0.049999999999999996,0.09955756249548176,355.01716782387456
0.028579129104925716,0.05,0.16971876142024606,354.67246683840114
0.11427673220913476,0,0.12335734090882296,345.7291962517057
0.13121094353105853,0.05000000000000001,0.11470826423958803,355.1854164932842
0.14927402138997056,0,0.07455017681010759,345.3821617646434
0,0.03898481584781492,0.17690808310609135,351.261251381917
0.1861546379678351,0.05,0.030119494202101242,353.9541409845069
0.17855881969734516,0.05,0.052401227744645514,354.3404772508607
0.016389157800617428,0,0.1821791762739713,344.9619302702063
0.005695782463351506,0.05,0.16987179487179488,354.31076627634303
0.09153987358041504,0,0.1563138559233339,345.67654546499415
0.08699388356313009,0,0.15835428791342884,345.6599956199548
0.1432699790921824,0.05,0.1024601473801737,355.07524878338427
0.14352214004823058,0.05,0.09624847910642473,355.05086087576376
0.06215673707205201,0.05,0.14544758415555076,355.12179635976196
0.06741980537521149,0.05,0.14928376444299887,355.1434811417264
0.061788178776482516,0.05,0.15190312980566545,355.0977590788784
0.06092336550118714,0,0.1576012348837183,345.551883134254
0.10385814090464623,0,0.12488926266103384,345.74473748526856
0.10917127398153792,0,0.12712917958598557,345.73881077482383
0.10896359913224307,0,0.12111742398387124,345.7384737824423
0.1040658157539411,0,0.13090101826314818,345.7423288366704
0.10961327226858501,0,0.13380416242487397,345.7333324443493
0.05111023368726591,0.05,0.15745645704301314,354.98957195337425
0.08244789354584514,0,0.16039471990352377,345.6395018984602
0.03417469478010904,0.05,0.15384615384615385,354.8258886845352
0.03422480317419313,0.05,0.16017989353063583,354.79812481307744
0.028478912316757532,0.05,0.15705128205128205,354.7392942940954
0.18926207606266154,0.025978509711246704,0,347.7481261632484
0.1954231524771158,0.02767413980269262,0,347.97358862643495
0.19383892358554572,0.031637703241887416,0,348.80070885905354
0.022032778965321527,0,0.1789456746324644,345.0596196783266
0.02226550882846722,0,0.17270646202832016,345.1033388139189
0.016621887663763123,0,0.175939963669827,345.0084169745089
0.19542315247711584,0.016563028691581515,0,346.0424330545591
0.19542315247711584,0.022118584247137064,0,346.9503461605175
0.0990128866228642,0.05000000000000001,0.12889668417393005,355.28007488323345
0.10440432741790395,0.05000000000000001,0.12549818588369088,355.27943963836555
0.15907773314948248,0.05,0.034144554763873465,354.37329727478345
0.15732480753487707,0.05,0.03992240564561294,354.46594911288867
0.15270828290136657,0.05,0.037005142357390525,354.47548172939713
0.0284789123167575,0,0.15705128205128205,345.2597647259085
0.022783129853406005,0,0.16025641025641024,345.17631583811834
0.02819402115496441,0,0.16326212121904768,345.22823881720757
0.13824930564041127,0,0.08645916190675042,345.5298042691571
0.14374772248983028,0,0.08351571948827452,345.47760024160317
0.13882651356711997,0,0.08045416815098794,345.4938435512515
0.15947910060655618,0.05,0.026848785883557786,354.267753631309
0.16449699269714035,0.05,0.02247028029146453,354.14599617130625
0.16409562524006668,0.05,0.029766049171780207,354.25704085345177
0.03979457300201172,0.05,0.1572538695471476,354.87687904799503
0.045414451223914395,0.05,0.16066158524814134,354.920112799663
0.03984468139609581,0.05,0.16358760923162957,354.8459437694978
0.17254889167995913,0,0.048810300755156626,344.9398879752587
0.17295445702327272,0,0.04242742480090589,344.8696988007996
0.16721077941228857,0,0.04576170439577153,344.97010165120287
0.11005527055563212,0,0.1404791452637624,345.72209365005835
0.10527170972313775,0,0.14261169394099252,345.72356786646054
0.08469576078229651,0.05,0.14122380366759246,355.24153169295226
0.08942883255439127,0.05,0.13687991843442818,355.26119638033447
0.08412085290948573,0.05,0.12779226942784577,355.25785354813473
0.08897183520586388,0.05,0.12415292040051193,355.27016876534776
0.08914137861798588,0.05,0.13016415131455483,355.2686810462307
0.1432165321746522,0,0.10231535320648344,345.55934069267005
0.1373184202150542,0,0.1051226711927148,345.60605965438003
0.07339712792156479,0.05,0.14668385134111628,355.1840217652844
0.06778836367078098,0.05,0.14282821879288415,355.1647677569231
0.07376568621713428,0.05,0.1402283056910016,355.20254330328277
0.08440830684589112,0.05,0.13450803654771915,355.25287562439144
0.0790869965315127,0.05,0.13736817111936034,355.23086536000136
0.07879954259510732,0.05,0.13065240399948702,355.2382653112507
0.17506146918109472,0.05,0.022101014533614592,354.00475102038314
0.16951488478772453,0.05,0.018091774699371267,354.01635637103516
0.17547652173274755,0.05,0.0167787429914346,353.91546631428884
0.016854617526908817,0,0.16970075106568275,345.0498562376563
0.011391564926703006,0,0.16666666666666666,344.9897527809191
0.011158835063557313,0,0.17290587927081094,344.9506194434692
0.16750353880565347,0.05,0.0526683346738651,354.49382507657145
0.16113408855753755,0.05,0.05552892226738215,354.5983000611305
0.16153771036296255,0.05,0.04918429560060876,354.5276643350619
0.17300992319181635,0.05,0.012061183132914178,353.87070833559045
0.19084630495423163,0.022014946272051916,0,347.0055408851168
0.05652511047332304,0.05,0.14806694951821733,355.0719736959186
0.14987897354597202,0.05,0.06227151935187081,354.77650284784863
0.14954070260906388,0.05,0.05541618173637014,354.7146809733763
0.15550653105175477,0.05,0.05890022080962649,354.691247644343
0.0727305029443944,0,0.14586090468463542,345.6567346005293
0.06688121223628278,0,0.14828384493284646,345.6208217865679
0.07242259798765699,0,0.15236281298534493,345.6350408120154
0.10907760639697134,0.05,0.11513856553847177,355.2669146054998
0.1146385906041331,0.05,0.11775129816227549,355.25805763871807
0.10979576821294369,0.05,0.1220996875934517,355.2718948000277
0.027501794585767868,0,0.1820174240756327,345.1050656119901
0.027676400130025623,0,0.1757121729909576,345.1508012530791
0.1679071606110785,0.05,0.04632370800709171,354.41995777039875
0.17323299015421184,0.05,0.04936246787586861,354.3838723158775
0.09896035752634427,0,0.13467285694031078,345.7397504372456
0.09972425320849383,0,0.1397085497792667,345.7319101536153
0.10450781404098819,0,0.1375760011020366,345.73399925644287
0.16680521406897494,0,0.052144580350022264,345.0372254816036
0.07303840790113181,0,0.13935899638392596,345.67293337205354
0.07857979365250602,0,0.1434379644364244,345.68625122822573
0.13217368086428358,0,0.09540759808098881,345.60431458723684
0.1258625040779789,0,0.09812802254910126,345.6443118599011
0.13179699455986987,0,0.10166879362996747,345.62771686199767
0.09416190432648604,0.05,0.1325360332012639,355.274153095142
0.19333333333333336,0.05,0,353.3345582923606
0.13871344682467746,0.05,0.08671976342490384,355.04196675233374
0.13365259264507615,0.05,0.08340271601713192,355.0565608079419
0.13937273233877845,0.049999999999999996,0.08050013113243999,355.0009016534414
0.07937445046791809,0.05,0.1440839382392337,355.217099401056
0.04878332972824532,0,0.17532937977008767,345.36724370375873
0.049203405836358,0,0.1692807889770653,345.4076337866748
0.04376891895311101,0,0.1723629466988679,345.34162482390127
0.11358567773995794,0,0.11016502795982511,345.716581524335
0.11393120497454634,0,0.11676118443432403,345.72572098061437
0.11952016822184894,0,0.11370579904069132,345.7064337617785
0.19084630495423166,0.01645939071649636,0,346.0981780232196
0.13969223762258057,0,0.06947140441946487,345.4170745920336
0.14435281246726026,0,0.071488625472821,345.39925542518563
0.14491599153400586,0,0.06651940874902469,345.35914613891947
0.027909129993171317,0,0.1694729603868133,345.191752819961
0.1314203082554562,0,0.10792998917894617,345.6460114945979
0.09382281750224203,0.05,0.12051357137317809,355.2763661926953
0.09867379979862018,0.05,0.11687422234584427,355.27644583017724
0.09884334321074217,0.05,0.12288545325988715,355.2808002616696
0.10423478400578196,0.05,0.119486954969648,355.27746784348346
0.17829256929094328,0,0.04547602116029099,344.8357855951056
0.09354081488178521,0,0.15266972852888028,345.6929189741954
0.1323340216168742,0.05,0.09584198060205962,355.1265831302125
0.13780200035452828,0.05,0.09915106399111664,355.1044774327467
0.1319596622549356,0.05,0.10213074181456908,355.1518002938927
0.12510913146915154,0,0.11065041364705862,345.6808184703645
0.03875450817797671,0,0.16939651362764813,345.31078749739504
0.03360491245652281,0,0.16626783218168512,345.2741416591944
0.03332002129472972,0,0.17247867134945072,345.2354749944638
0.188016671123505,0.04636078620794362,0,352.41816356962937
0.1866666666666667,0.05,0,353.4483998785351
0.18913326520759788,0.05,0.004717559858520422,353.4964998211676
0.13742764099258975,0.05,0.10543982520362612,355.1271212110561
0.13158530289299708,0.05,0.10841950302707855,355.1714114149166
0.12520805134476848,0.05000000000000002,0.11108186084383057,355.2100178326353
0.09399236091436403,0.05,0.126524802287221,355.2777995488829
0.1446745211133461,0.05,0.07781472221334113,354.94279339750335
0.1444335865183798,0.05,0.08381717854021191,354.98227519692637
0.032970810206214216,0,0.185089173518801,345.14429618538855
0.13767209771370256,0,0.0924641556625129,345.56103680117184
0.13275088879099228,0,0.08940260432522633,345.5758896409384
0.12558241070670706,0.05,0.1047930996313211,355.1931978939421
0.12595677006864558,0.05,0.09850433841881161,355.1707719125925
0.14405026747854527,0,0.07750217248054776,345.440787074773
0.15557188192027166,0.05,0.04570025652735241,354.5527982562295
0.16194133216838758,0.05,0.042839668933835354,354.45083851105534
0.11324015050536954,0,0.10356887148532617,345.7017778828677
0.10827254466306627,0,0.10792511103487339,345.7214308955388
0.1437743010042788,0.049999999999999996,0.09003681083267576,355.02099292037116
0.18143815867777058,0.05,0.015465711283497934,353.8070045665277
0.1849331970818624,0.05,0.009435119717040846,353.65035976233116
0.10365046605535139,0,0.1188775070589195,345.7424619842771
0.16096764491312257,0,0.04880366973684823,345.06589042151916
0.05636579720662413,0,0.14774909723169816,345.55611961080945
0.050715855428265906,0,0.15056457888186048,345.5042818166274
0.05581961046472653,0,0.1540829068827894,345.53103833558094
0,0.011329191347050297,0.180989662580351,346.0390829171237
0.06146955224308475,0,0.15126742523262704,345.57940840723455
0.06177745719982215,0,0.14476551693191755,345.6007270939279
0.10861807189765467,0,0.1145212675093723,345.7327844315845
0.034174694780109,0,0.15384615384615385,345.336594723019
0.03388980361831591,0,0.16005699301391946,345.3078482353794
0.17897156013683937,0.05,0.010748151424977512,353.7643198944682
0.1401489883000347,0.05,0.06974671716649425,354.9191573606552
0.134847199525467,0.05,0.07243212608559313,354.9759204420482
0.1353825208917569,0.05,0.06768116844651817,354.9353275597334
0.13961366693374477,0.05,0.07449767480556921,354.95875433626156
0.14491545570831246,0.05,0.07181226588647036,354.8981199668033
0.09875268267704942,0,0.12866110133819644,345.7449047268234
0.09854500782775456,0,0.12264934573608212,345.7453748668115
0.1431935233688869,0,0.09591803322526021,345.5381373958845
0.14317051456312158,0,0.089520713244037,345.51164035933425
0.08412117940388023,0,0.14751693248892286,345.6923629104927
0.08783052649214762,0,0.15191539420612837,345.68685326782787
0.0898314677935178,0,0.14827126681167474,345.7023470983653
0.13503166277790088,0,0.06745418336610873,345.4307752444196
0.14025541668932617,0,0.06450218769566855,345.37607147140966
0.13559484184464649,0,0.06248496664231243,345.3888782894379
0.14034603872941642,0.05,0.058140421911918636,354.8165558118731
0.14068430966632456,0.05,0.0649957595274193,354.876195394288
0.13591784225804676,0.05,0.06293021080744321,354.89136968665775
0.18626945743134746,0.01635575274141121,0,346.15035529100163
0.05126204217016356,0.05,0.14423076923076922,355.03893746602733
0.05118613792871474,0.05,0.15084361313689118,355.0173544622035
0.04556625970681205,0.05,0.1474358974358974,354.97556087919685
0.050169668686368296,0,0.1568983885329517,345.4764114093987
0.022498238691612913,0,0.1664672494241759,345.14201050835584
0.05424922889224269,0,0.17245523739248408,345.4286523773216
0.13769510651946787,0,0.09886147564373612,345.585134111492
0.04549035546536323,0.05,0.1540487413420194,354.95093659193265
0.038334432069864026,0,0.1754451044206705,345.26958098418095
0.14545077707460236,0.05,0.0670613082473954,354.8561539071445
0.04962348194447069,0,0.16323219818404297,345.44330787241773
0.054669305000355384,0,0.16640664659946172,345.4665181625255
0.05527342372282891,0,0.16041671653388062,345.50072393060026
0.07743524576675107,0,0.15637876644443435,345.64039106999087
0.038159826525606275,0,0.18175035550534563,345.22426186729456
0.03314541575047197,0,0.17878392243412586,345.19247450012057
0.059715128056240074,0,0.1695810950148805,345.48421615601893
0.1380541613105765,0.05,0.09293939571736769,355.0774309757563
0.13299330713097518,0.05,0.08962234830959578,355.094372406812
0.15516826011484663,0.05,0.05204488319412581,354.62639250013194
0.0603192467787136,0,0.16359116494929937,345.52041868758903
0.03427491156827722,0.05,0.16651363321511783,354.76462785920404
0.16056207956980895,0,0.05518654569109897,345.13015238175495
0.10048814889064339,0,0.1447442426182226,345.7206704588291
0.13332809671770096,0,0.08339761056946385,345.54273650874904
0.1254858177735652,0,0.10438921809807994,345.6651189862131
0.005695782463351503,0,0.16987179487179488,344.8866922220741
0.00546305260020581,0,0.17611100747593916,344.8448173691664
0.01092610520041162,0,0.17914509187495523,344.906438664864
0.00546305260020581,0,0.18252126388619555,344.80029001386407
0.16911351733065086,0.05,0.025387543579686946,354.1329020918519
0.14477423520078608,0.05,0.05335063301639405,354.73469245025734
0.14511250613769422,0.05,0.06020597063189472,354.7989629272477
0.039870477243460545,0.05,0.15064102564102563,354.9045446186995
0.19542315247711584,0.011007473136025958,0,345.2468705429157
0.13912905855583496,0,0.07444062114326118,345.4548397247528
0.06718911719302019,0,0.14178193663213698,345.6393630727669
0.06208536215655957,0,0.13826360863120807,345.61655076363166
0.17650496159590817,0.05,0.006030591566457089,353.71591529385813
0.18246659854093122,0.05,0.004717559858520423,353.6040284683598
0.09477786050100581,0,0.14398990829547073,345.7203264904183
0.09554175618315537,0,0.14902560113442664,345.70690324582995
0.15095535728676115,0.05,0.04278299323913,354.56353201298606
0.01708734739005451,0,0.16346153846153846,345.0862480596484
0.0674970221497576,0,0.1352800283314275,345.6524093419761
0.108359444580999,0.05,0.10817744348349183,355.2549885915054
0.10351662218980959,0.05,0.11252583291466804,355.26917651551946
0.09401396481885625,0,0.13895421545651482,345.73035032385064
0.0625252953676215,0.05,0.13899203850543604,355.13993272902286
0.18270000891367663,0.04272157241588724,0,351.54817737919484
0.18135000445683833,0.04636078620794362,0,352.5226876824166
0,0.0056645956735251485,0.18344354923889347,345.3057281433599
0.06815692196635047,0.05,0.13637267314276946,355.18015346049737
0,0,0.1858974358974359,344.68803219832705
0.08328453647486268,0,0.15395582619622333,345.6686942655802
0.15472451041395657,0,0.05184563507792492,345.1541758889992
0.1551300757572702,0,0.045462759123674173,345.08744476057205
0.07827188869576861,0,0.14993987273713388,345.66689995438657
0,0.0056645956735251485,0.17703329282863706,345.3515490076017
0,0,0.1794871794871795,344.7351978340533
0.18000000000000002,0.05,0,353.5519772458381
0.09833733297845972,0,0.1166375901339678,345.7411608572101
0.043348842844998334,0,0.17841153749189026,345.29846852724944
0.05667370216336154,0,0.14124718893098864,345.5747206810075
0.19468333779017166,0.04080523065238806,0,350.87271914324083
0.1343118781591771,0.05,0.07718308372466809,355.01314833360226
0.1806080535744649,0.05,0.026110254367857914,353.9840125582071
0.18102310612611774,0.05,0.020787982825677925,353.8979304201532
0.11955132729167421,0,0.10084844701721371,345.67679962511147
0.11917464098726054,0,0.1071096425661924,345.6950116029746
0.14920243167215574,0.05,0.04856084412086947,354.6457796018104
0.18936667558034329,0.04272157241588724,0,351.4427065209233
0.0390393993397698,0,0.16318567445988252,345.3468086328237
0.0441889950612237,0,0.16631435590584553,345.38006512337967
0.04447388622301679,0,0.16010351673807993,345.4134407295062
0.056449206231874216,0.05,0.1546797934243393,355.0468558681882
0.18320559916588902,0.03547038676888577,0,349.80228032841705
0.18936667558034329,0.03716601686033168,0,350.0929085832257
0.18405001337051494,0.03908235862383086,0,350.62844633617266
0.19084630495423163,0.010903835160940806,0,345.3035365175191
0.1954231524771158,0.005451917580470403,0,344.5613807718821
0.18767784717109146,0.0299420731504415,0,348.54948104580455
0.18852226137571737,0.03355404500538659,0,349.2960503541313
0.17466010172402105,0.05,0.02939678341393027,354.1167874960353
0.1199233209744508,0.05,0.11441657950305302,355.23737957765525
0.1488869412581042,0,0.048504724464750876,345.171088795381
0.028529020710841624,0.05,0.16338502173576405,354.70874710745596
0.022783129853406026,0.05,0.16025641025641027,354.64467188346526
0.18468522853977737,0.020319316180606,0,346.80840561464623
0.18310099964820728,0.024282879619800794,0,347.5252255427154
0.17967087710062565,0,0.032314765396163986,344.6720194336887
0.19468333779017163,0.03524967509683251,0,349.56825930948685
0.154461208515972,0.05,0.03122729147565105,354.3816287510436
0.1687121498735772,0.05,0.032683312460002625,354.2407500902695
0.1823611849612631,0.031858414913940675,0,349.02640324142925
0.163694257782993,0.05,0.037061818052095886,354.3593878131983
0.05689366876889253,0.05,0.14161140386810261,355.0928607308662
0.08906757211136823,0,0.14323557397271883,345.71455448159975
0.19468333779017163,0.04636078620794362,0,352.3033752379706
0.11920515915847846,0.05,0.10745545744807308,355.22617302091896
0.11392042878816075,0.05,0.11079017610729555,355.2494427581598
0.119579518520417,0.05,0.10116669623556361,355.2065382219001
0.1613732102564362,0,0.04242079378259748,344.996297422927
0.1815167707566372,0.028246443058995586,0,348.30081507520924
0.17898172319578448,0,0.03889539327822749,344.7567512795025
0.17364361092811392,0,0.035846796918842384,344.78854042969874
0.1676163447556022,0,0.03937882844152078,344.89764678244586
0.13446848371115527,0,0.07242340008990505,345.46943421149655
0.051262042170163516,0,0.14423076923076925,345.5269190941039
0.07347823228072889,0.05,0.13351253857112821,355.21236528203826
0,0,0.17307692307692307,344.7770663831133
0.03932429050156289,0,0.15697483529211687,345.37786967970663
0.11320226697218842,0.05,0.10382905405231563,355.233882058135
0.103304938820763,0,0.1122813505844206,345.73455855365285
0.13390530464440967,0,0.07739261681370137,345.5048551906688
0.0871090055595147,0.05,0.10551610175845594,355.2394875061086
0.09254197214397761,0.05,0.10863034857873367,355.25735207920815
0.08780786662969432,0.05,0.11064572870528878,355.2532930127477
0.17248369934019003,0.021251191909749237,0,347.12982212490743
0.1785844639399837,0.02078525404517762,0,346.971745387576
0.1770002350484136,0.024748817484372413,0,347.69476942407084
0.09709396469769513,0,0.10623111229656229,345.7224422473757
0.09192412552834842,0,0.1028988794961726,345.70896504899446
0.09254580966873072,0,0.10810211841487535,345.72288588916246
0.17312968336878015,0.0278473372316806,0,348.33519955649456
0.16666666666666669,0.05,0,353.7313138734872
0.16000000000000003,0.05000000000000001,0,353.8077853640594
0.16330170523924564,0.045847334100306725,0,352.62326631506784
0.022783129853406026,0.05,0.15384615384615385,354.67346363291136
0.01708734739005452,0.05,0.15705128205128205,354.57368864451564
0.12799347382875512,0.05,0.08576684605928721,355.101732383934
0.12733418831465412,0.05,0.09198647835175104,355.1367862905488
0.06166759400277475,0,0.11901386945818171,345.6229242783948
0.06187647807966715,0,0.12543361083956667,345.6265708126563
0.06707925399597278,0,0.12244054556865754,345.656486741152
0.1814916169682861,0,0.015024783469166216,344.4217429785085
0.18092160629074983,0,0.020072228644559355,344.49940960486964
0.09797493872844056,0.05,0.11174459539901141,355.26850818074945
0.091843111073798,0.05,0.10350072163190083,355.24267933120217
0.15689042682974438,0,0.03957281296004482,345.008501319375
0.1801686928315538,0.016821690605982827,0,346.30749095550567
0.07834618654242881,0,0.13657259070417158,345.6988396474027
0.0728048007910546,0,0.13249362265167314,345.681698366039
0.04502007296491441,0,0.15376970708698867,345.4443773977632
0.0883898509177791,0.05,0.11739932455290036,355.26496524260875
0,0.016747320644974972,0.1728701582539115,346.8873208920424
0,0.011082724971449824,0.16891378850219751,346.08441864485917
0,0.016624087457174735,0.1668322212148347,346.90387048632465
0.1458135835234432,0.05,0.042978374464300986,354.6110690326591
0.14756650913804864,0.05,0.03720052358256151,354.52478954307315
0.09771564883807743,0,0.11143435121526504,345.73359253281313
0.1026832546803807,0,0.10707811166571785,345.72455902121936
0.17663503857257895,0.04584733410030672,0,352.4534522061478
0.17432432944070178,0,0.028651705342630895,344.69408904807125
0.1803515956132135,0,0.025119673819952497,344.5737225547985
0.17500504795328964,0,0.021456613766419406,344.5927946518159
0.18246939176858207,0,0.004546799449102056,344.25289738721773
0.1765528334311219,0,0.005931184570962103,344.3500515373495
0.179022225199704,0,0.010477984020064158,344.38776316499724
0.18913605843524878,0,0.0045467994491020566,344.1608165103596
0.19333333333333333,0,0,344.0274358919738
0.04556625970681204,0.05,0.13461538461538458,355.0043370258681
0.05126204217016356,0.05000000000000001,0.13782051282051283,355.05333697626486
0.04556625970681205,0.05,0.14102564102564102,354.9928336123744
0.034174694780109025,0.05,0.1474358974358974,354.84885212872695
0.03417469478010902,0.05,0.141025641025641,354.86607683315395
0.03987047724346053,0.05,0.14423076923076922,354.92466270738413
0.10281776111962995,0.05,0.1073962059678352,355.2586950851217
0.005695782463351503,0,0.15064102564102563,344.97320645456693
0,0,0.15384615384615385,344.8712254077122
0.005695782463351504,0,0.15705128205128205,344.94959390470564
0.17849063328162967,0.03495693466124887,0,349.7554612220971
0.17933504748625556,0.03856890651619396,0,350.5758075546872
0.1259616082363708,0.05,0.06471411026342803,354.9627939706815
0.1304044038809189,0.05,0.06857311817451058,354.9722565480297
0.1254262868700809,0.05,0.06946506790250298,355.0045390638041
0.08295688433331617,0.05,0.11428507773262261,355.2468558209641
0.0823749000452314,0.05,0.10753148188501106,355.23165389669566
0.09316749380911299,0,0.1133053573335781,345.73322476829003
0.005695782463351504,0,0.16346153846153846,344.920788191566
0,0,0.16666666666666666,344.8137429809985
0,0.01687055383277521,0.17890809529298823,346.86592010049407
0,0.01120595815925006,0.17495172554127425,346.0641763796245
0.07259591671416218,0,0.12607388127028812,345.6842563421803
0.06728813807286518,0,0.1288602869500425,345.65711124923183
0,0.022365032749824185,0.1768673055558584,347.7965725728444
0.12928116207080026,0.05,0.04963448262438069,354.7991498316408
0.1359215852712521,0.05,0.04927660312321028,354.7562023466787
0.13149338879988243,0.05,0.054066392018734866,354.83378477097875
0.14417766098933613,0.05,0.03161805392599304,354.47882767092557
0.14242473537473072,0.05,0.03739590480773251,354.56913906127295
0.13903588722601817,0.05,0.03181343515116403,354.51998968765207
0.0836539651837258,0,0.1337861850244172,345.7190695895675
0.08342035807364859,0,0.12692081129216437,345.7232474146115
0.07811257943235159,0,0.12970721697191875,345.7053110569175
0.09336500801018933,0,0.12006533052003332,345.7407774097729
0.0935726828594842,0,0.12607708612214766,345.7424923358939
0.09378035770877906,0,0.132088841724262,345.7395231124253
0.13253273712253955,0.05,0.0436941334666418,354.7136222142445
0.13578431217427886,0.05,0.037753784308902916,354.6205688329149
0.13917316032299137,0.05,0.043336253965471395,354.6664335859424
0.15300334759006384,0.05,0.011578260047412248,354.09222282798993
0.15650167379503194,0.05,0.005789130023706124,353.9543393578493
0.15967330205760677,0.05,0.011819721590163212,354.028304765034
0.03987047724346052,0.05,0.1314102564102564,354.947649373054
0.03987047724346053,0.05,0.1378205128205128,354.93904205630423
0.17310566686224382,0,0.011862369141924206,344.4807718504343
0.15280914613901325,0.05,0.026607324340806822,354.3323991892874
0.15782703822959743,0.05,0.02222881874871356,354.2167234134593
0.1041245288673103,0.05,0.09865740539127625,355.23082997837827
0.09858284540594126,0.05,0.09787616787561962,355.2292506840153
0.10058847422380125,0.05,0.09426699424589355,355.21469045588907
0.16381427984149824,0,0.029335756042756633,344.82037370084134
0.1644949983540861,0,0.02214066446654514,344.7205662545287
0.15933149641480643,0,0.026487775220203975,344.82927260328654
0.16829706326819005,0,0.032183736865309294,344.8070408980809
0.1689777817807779,0,0.0249886452890978,344.7095919990881
0.16965850029336574,0,0.01779355371288631,344.60530008546726
0.18,0,0,344.213139146213
0.1337056155289646,0.05,0.05849830141308904,354.86452472265097
0.10765086052268397,0,0.10272187211617063,345.70900015506874
0.04556625970681202,0.05,0.12820512820512817,355.01007475382704
0.11733452171021402,0.05,0.08427547385113393,355.1370637715059
0.11595710346420549,0.05,0.0907933339181945,355.1757397759066
0.11242104882069642,0.05,0.08640292277281178,355.1622278742394
0.10211890004945032,0.05,0.10226657902100234,355.24441248475136
0.10766058351081936,0.05,0.10304781653665898,355.2419633801377
0.16313356132891038,0,0.036530847618968125,344.91333813252606
0.12986908251462903,0.05,0.07332407581358553,355.01174304036795
0.12420996369830799,0.05,0.07568820585574082,355.056415619356
0.11976716805375989,0.05,0.07182919794465828,355.0459549535328
0.12098349122553281,0.05,0.06560605999142044,354.99153640391074
0,0.011082724971449824,0.1625035320919411,346.1185717895089
0.0972760776582609,0.05,0.10661496845217855,355.25676936134914
0.12865275934285608,0.05,0.07954721376682337,355.0610776018496
0.11457968521819695,0.05,0.09731119398525505,355.2080125381164
0.011391564926703008,0,0.16025641025641027,345.0212681220178
0.011391564926703006,0,0.15384615384615385,345.0475498049156
0.17764621907700373,0.03134496280630378,0,348.9854038102748
0.03417469478010901,0.05,0.13461538461538458,354.87756279781655
0.05126204217016353,0.05000000000000001,0.12499999999999999,355.0648389401354
0.05689366876889251,0.05,0.12879089104758978,355.1111880686267
0.05126204217016354,0.05,0.1314102564102564,355.0619708009676
0.05126204217016351,0,0.13782051282051283,345.54019889356385
0.14468611649381208,0,0.05984210696981471,345.3073640250155
0.1400255416491324,0,0.05782488591645858,345.3223044323395
0.056893668768892514,0.05,0.13520114745784623,355.1049072425139
0.06252529536762148,0.05,0.13258178209517962,355.1496262420806
0.06208536215655956,0,0.13185335222095165,345.62489093158234
0.1755750586308259,0,0.01640916859102626,344.51643686472494
0.0398704772434605,0,0.14423076923076925,345.425110948029
0.0398704772434605,0,0.15064102564102563,345.4066394792396
0.04556625970681201,0,0.14743589743589744,345.4700809362679
0.13813381200033426,0.05,0.05370851251756445,354.7883265731087
0.09324083321415724,0.05,0.11375997552556652,355.2682236572415
0.04556625970681201,0,0.14102564102564102,345.48596418249275
0,0.04448128413779783,0.16870220219933024,352.69942303333755
0.05667370216336154,0,0.13483693252073226,345.58553066471285
0.056673702163361525,0,0.1284266761104758,345.5910197699621
0.0512620421701635,0,0.13141025641025642,345.54815781456756
0.1849387835371642,0,0.009093598898204113,344.28892381408605
0.17807887368777128,0.011369773025512423,0,345.5443446156004
0.1759890545439888,0.00591785544504202,0,344.88600364647726
0.18208981914378247,0.005451917580470403,0,344.75407249036033
0.18666666666666665,0,0,344.1238529226812
0.034174694780109004,0,0.13461538461538464,345.3839483387638
0.034174694780109,0,0.14102564102564102,345.37343895295453
0.0398704772434605,0,0.13782051282051283,345.43830726404605
0.022783129853406026,0.05,0.1474358974358974,354.6964569560819
0.01708734739005452,0.05,0.15064102564102563,354.59955741011055
0,0.005541362485724912,0.1709953557895603,345.37548394378865
0.16317162826257486,0.05,0.006030591566457089,353.8864139079072
0.18875648581044915,0.005451917580470404,0,344.661292034709
0.0784620053138076,0.05,0.12398379676488364,355.23913347588683
0.07314069499942917,0.05,0.12684393133652486,355.21557375017795
0.17377566739737027,0.03444348255361197,0,349.70519270636777
0.1692591316891467,0.030945856978988794,0,349.0108298499456
0,0.022241799562023948,0.17082936851678163,347.8143958682617
0,0.022230675775914324,0.16453906762460468,347.8484189088695
0.083887572293803,0,0.14065155875667001,345.7087747548613
0.1746200816019962,0.038055454408557066,0,350.5197193637922
0.056464818086469123,0,0.12200693472909085,345.5896776248544
0,0.03346609998561276,0.17253336222849852,350.0234903237262
0.087375970499384,0,0.10476988561448566,345.7063545987994
0.08799765463976628,0,0.10997312453318842,345.7194640326576
0,0.05,0.16025641025641024,354.25621614447937
0,0.04448128413779784,0.1558816893788174,352.7656708973095
0,0.05,0.15384615384615383,354.28469154883396
0.09657721658808127,0.05,0.1014853415053457,355.2412293719762
0.17798504302941726,0.042208120308250344,0,351.4872402503177
0.06218775808632177,0.05,0.12591317486057624,355.15127656075555
0.056556131487592795,0.05,0.12212228381298643,355.1089399343334
0.06185022080502206,0.05,0.11924456762597287,355.1466678333981
0,0.027848387880763537,0.1685362149265516,348.87821844102825
0,0.02783726409465391,0.16224591403437463,348.91042238228164
0.07788002102572282,0.05,0.11723020091727204,355.2326552886025
0.07729803673763803,0.05,0.11047660506966048,355.219708394196
0,0.027859511666873164,0.17482651581872855,348.840393600738
0.08883396500129104,0,0.136370200240466,345.72734679807127
0.08282781547041958,0,0.10664089173279873,345.69987865031277
0.15240764340305257,0,0.03672483213749216,345.01627131550777
0.1506472923305784,0,0.04261477830112152,345.09616120338774
0.1511570837620545,0.05,0.0219873572059626,354.27900153043333
0.14766737237569533,0.05,0.026802705565977816,354.3820003987019
0.14252559861237735,0.05,0.026998086791148807,354.42664331264
0.1061301576851703,0.05,0.09504823176155018,355.2146659318397
0.12299364052653505,0.05,0.08191134380897865,355.1023827478175
0.17333333333333334,0.05,0,353.64604450074677
0.1699683719059123,0.045847334100306725,0,352.54275820169187
0.034174694780109,0,0.14743589743589744,345.3576544143728
0.08353886862140095,0.05,0.1210386735802342,355.2555890381104
0.06714431012245133,0.05,0.11636685143895932,355.17802263732955
0.07222117343004468,0.05,0.11342172825430989,355.20183130774063
0.07280315771812947,0.05,0.12017532410192147,355.21252317228516
0.022783129853406005,0,0.15384615384615385,345.2026586842644
0.022783129853406005,0,0.14743589743589744,345.2237206725778
0.01708734739005451,0,0.15064102564102566,345.13886883368474
0.07238703263726978,0,0.11965413988890317,345.681487902986
0.06687036991908038,0,0.11602080418727256,345.6505358177366
0,0.005541362485724912,0.15817484296904746,345.44102342997144
0,0.005541362485724912,0.16458509937930388,345.4108988150562
0,0,0.16025641025641024,344.8451293225314
0.14256200847170392,0.05,0.048918723622039875,354.70507893673516
0.1740679282317601,0.017287628470554442,0,346.45936358441145
0.011391564926703013,0.05,0.16025641025641027,354.4651967389018
0,0.03345497619950313,0.16624306133632155,350.0594960646619
0.10750757593117884,0.05,0.08853037169448962,355.18238951293654
0.10259410304166122,0.05,0.09065782061616745,355.19754868759725
0.1287274985181266,0.05,0.05939025114108145,354.9011079700951
0.011391564926703013,0.05,0.15384615384615385,354.49395935034124
0.045566259706812,0,0.1346153846153846,345.49657609945905
0.01708734739005451,0,0.15705128205128205,345.1151988755829
0,0.05,0.16666666666666666,354.2219676501415
0,0.04448128413779784,0.16229194578907383,352.73543351031515
0.10206157053999841,0,0.1018748727470151,345.7109775277454
0.14911681629829798,0,0.05518202624396086,345.23263393770077
0.1444562414536183,0,0.05316480519060472,345.24970793432044
0.14934669133849177,0,0.061859328023170845,345.28830510322956
0.15495438545415036,0,0.0585229368571349,345.2125159542144
0.022783129853406005,0,0.14102564102564102,345.2394953372568
0.01708734739005451,0,0.14423076923076925,345.157257933954
0.08860035789121382,0,0.12950482650821318,345.7340221048805
0.15865077790221857,0,0.03368286679641547,344.9245955822912
0.1628449303201816,0.05,0.017850313156620303,354.09316529736293
0.005695782463351507,0.05,0.15064102564102563,354.40527813530633
0.005695782463351506,0.05,0.15705128205128205,354.37942010429816
0,0.03897369206170529,0.17061778221391438,351.3011367972691
0.10966621232867935,0.05,0.0994386429069329,355.2267770553523
0.17197810908797762,0.01183571089008404,0,345.68361499031266
0.005695782463351506,0.05,0.16346153846153846,354.3479797353122
0.16983829492924152,0.05,0.006030591566457089,353.8055635419667
0.16796716363196643,0.01775356633512606,0,346.60597317771897
0.02847891231675751,0.05,0.1378205128205128,354.79964494033385
0.02847891231675752,0.05,0.14423076923076922,354.78529714060767
0,0.03896256827559566,0.1643274813217374,351.3354013135843
0.15416799447552676,0,0.030834885973862802,344.9314191317409
0.011391564926703015,0.05,0.14743589743589744,354.51692353550504
0,0.033443852413393496,0.15995276044414458,350.08988090656106
0,0.03896256827559567,0.157917224911481,351.3674006832184
0.06748184740375104,0.05,0.12303545867356269,355.1849919577512
0.15617497585263868,0.05,0.01760885161386934,354.1615250985117
0.14950502138509575,0.05,0.01736739007111837,354.22143577448145
0.1309397252472088,0.05,0.06382216053543563,354.9294050649305
0.028478912316757504,0,0.14423076923076925,345.3019167802826
0.028478912316757504,0,0.13782051282051283,345.3150588055268
0.06781938468505075,0.05,0.12970406590816608,355.1857022321404
0.1663432565251497,0.05,0.012061183132914178,353.9559375768991
0.12374938150728862,0.05,0.060282200869073856,354.93304474501747
0.12651527178904443,0.05,0.05495834174672727,354.8689158875941
0.07790369535545918,0,0.12328747559053377,345.7057251019444
0.08302532967149591,0,0.11340086491925394,345.7135899894416
0.12233435501243407,0.05,0.08813097610144249,355.14027983764663
0.14601530999873655,0.05,0.022182738431133588,354.3271253415831
0.08819516884084264,0,0.11673309771964363,345.73009602296344
0.01708734739005452,0.05,0.14423076923076922,354.61962774943004
0.028478912316757532,0.05,0.15064102564102563,354.76521060111696
0.18417963828756498,0.010903835160940808,0,345.3998112052898
0.17327007714515788,0.04169466820061344,0,351.422853712031
0.16990511571773684,0.03754200230092016,0,350.4601817634879
0.08839268304191897,0,0.12349307090609885,345.73480626224006
0.14931943475265408,0.05,0.03142267270082204,354.43270735872284
0.12095693676642554,0.05,0.09464883616850304,355.1766106508689
0.09647228055731283,0,0.10102787337785954,345.7077100008978
0.16660341047849125,0.04169466820061345,0,351.5073984482106
0.02278312985340602,0.05,0.14102564102564102,354.71366659087164
0.11104363057468788,0.05,0.09292078283987233,355.19770408589136
0.045566259706811996,0,0.1282051282051282,345.5018671379692
0.08322284387257226,0,0.12016083810570916,345.7213795775412
0.0398704772434605,0,0.13141025641025642,345.4462512985188
0.028478912316757504,0,0.15064102564102566,345.28349960226615
0.011391564926703006,0,0.14743589743589744,345.0685506299808
0.11855084488198696,0.05,0.0780523358978961,355.09446407606464
0.0512620421701635,0,0.125,345.55079585711525
0.16861314766055657,0.024349711657057425,0,347.7260936546893
0.11024151208222177,0.05,0.06317047448865253,355.0006548362592
0.11712891737604497,0.05,0.06111878395801401,354.96518719168444
0.11409608593170963,0.05,0.06765775052205895,355.0304331755035
0.16988616676445523,0,0.005931184570962103,344.4287472561965
0,0.02784139730806673,0.15581681452174806,348.9407248252299
0.0674691732175722,0.05,0.10994230878675687,355.1692708234052
0.06187193184652469,0.05,0.11292282177052745,355.13891892998186
0.15546510028791827,0.0385656670395086,0,350.8635671929197
0.15319765043187739,0.032848500559262896,0,349.5871910328601
0.15876680552716388,0.03441300113981532,0,349.8748055717463
0.045566259706811996,0,0.12179487179487179,345.5018465131939
0.005695782463351503,0,0.13782051282051283,345.00467889710035
0.011391564926703006,0,0.13461538461538464,345.0948087880067
0.005695782463351504,0,0.13141025641025644,345.0125171269319
0.061502369336147195,0,0.11240338148691986,345.6139561776738
0.056299593419841566,0,0.11539644675782901,345.58314504325557
0,0.03881624881002446,0.13882306162011648,351.39393613482014
0,0.03881624881002446,0.1452333180303729,351.37849776952
0,0.033224373215036684,0.14092690012248243,350.10807604487127
0.15701699193710228,0,0.02083768099162704,344.77667940370065
0.15470248745939816,0,0.015187586763050112,344.71904247068795
0.1495389855201185,0,0.019534697516708943,344.82348626199433
0.09133897626136901,0.05,0.0889723373317824,355.1829686663209
0.09058136702883636,0.05,0.08267344098750526,355.1468094278222
0.09620893041898246,0.05,0.08351618262969777,355.15852705500623
0.13034421260343204,0.05,0.017654309153148133,354.363600306925
0.133562808402288,0.049999999999999996,0.011769539435432089,354.2468581563374
0.1367311488639866,0.05,0.017558669459138213,354.3237269235278
0.06716676507100623,0,0.10965634025102036,345.64217374984327
0,0,0.13461538461538464,344.91835289659997
0.09063460191646208,0,0.08235746510117062,345.62088891884855
0.09611722862334518,0,0.08318661553361924,345.6314609418872
0.09526330551589368,0,0.07676026562079677,345.59318303603436
0.12937993341565585,0.04999999999999999,0.038687124273289256,354.67010426286583
0.12612835836391653,0.049999999999999996,0.044627473431028145,354.7584832307495
0.12297555465703283,0.04999999999999999,0.039620464237675596,354.7120340567829
0.1118155439090189,0,0.07943483916727198,345.5999213631282
0.11777731130586572,0,0.0835707256806965,345.6087858920709
0.1187788433227584,0,0.07745858590701532,345.57051039459975
0.14680376835552103,0,0.036961132632393645,345.06398824239886
0.14856411942799522,0,0.03107118646876429,344.9807820650121
0.14296024438046367,0,0.031307486963665775,345.0251178247383
0.06811889940781396,0.05,0.097093223482352,355.13427668712717
0.07287089962028644,0.05,0.100572642949905,355.1725611495281
0.06779403631269308,0.05,0.10351776613455443,355.1546888400044
0.10674996669864617,0.05,0.08223147535021245,355.14802921409216
0.10107888457659593,0.05,0.07806002792761314,355.1254934560789
0.10599235746611353,0.05,0.07593257900593531,355.10783654288116
0,0.0333706926806079,0.15361080700359053,350.1016175295164
0,0.027768237575281123,0.149474861081194,348.9500548344424
0,0.03329753294782229,0.14726885356303648,350.1076825756199
0.13050682557951865,0,0.05284322684273301,345.33195132555056
0.12811318888271497,0,0.058580543314969556,345.3950784634806
0.13305083371208257,0,0.057664096742522715,345.36248526747494
0.0739830705622836,0.05,0.09410534755143128,355.1527238835809
0.14311808512454116,0.05,0.017463029765128292,354.2763387460466
0.0894946923971246,0,0.09231240084698283,345.66767994153514
0.0884353314482543,0,0.09854114323073423,345.68963795738273
0.09298348647721871,0,0.09667013711242119,345.68992376519486
0.011391564926703006,0,0.14102564102564102,345.08431390955167
0.01708734739005451,0,0.13782051282051283,345.1704094610322
0,0.05,0.1474358974358974,354.30730937191447
0.005695782463351507,0.05,0.14423076923076922,354.4250503516405
0.1558511849298861,0.0224357495535495,0,347.51774402276686
0.15092801386318974,0.027467394294928442,0,348.4998722121703
0.1486583772945021,0.022086288030593988,0,347.5203218718881
0.05130546425316879,0.05,0.11235650828910915,355.0540107376026
0.051327175294671415,0.05,0.10603476243366373,355.0402019220933
0.05659955357059805,0.05,0.1094787921020956,355.0929786915698
0.05109681750353594,0,0.11838951202873815,345.5466987946388
0.16,0,0,344.4381366688254
0.16321950009778857,0,0.005931184570962103,344.50026592245035
0.16666666666666666,0,0,344.3703145472145
0.022783129853406008,0,0.13461538461538464,345.2500227501797
0.16103425538320476,0.040130167620061025,0,351.1837916349036
0.16433596062245037,0.03597750172036774,0,350.16580248195555
0.14504341728304684,0,0.042851078796023,345.14223212389874
0.13806870934599702,0,0.042690289622087145,345.18771072910283
0.14191223332105438,0,0.048343935290815016,345.2211451446669
0,0.01108685818486264,0.15607443257931453,346.14792667467145
0,0.01663235388400037,0.1539740221895816,346.965406714882
0,0.01662822067058755,0.16040312170220816,346.93734222825304
0,0.02223480898932714,0.1581099681119781,347.88030600130793
0.01708734739005452,0.05,0.125,354.645187278009
0.022783129853406015,0.05,0.1282051282051282,354.7306574652037
0.01708734739005452,0.05,0.1314102564102564,354.642390938904
0.10405540316678738,0,0.09834628691402535,345.6986492562085
0,0.05,0.141025641025641,354.32421763466004
0.005695782463351507,0.05,0.1378205128205128,354.4391130076397
0.09697115173079665,0,0.08961296544644169,345.6642806671059
0.09148852502391355,0,0.08878381501399307,345.6551148175294
0.0949773191040077,0,0.09314155127943144,345.6782185588479
0.08822117650151187,0.05,0.09904880635998223,355.221276446079
0.10604923579357636,0,0.0948177010810356,345.68408829927654
0.10756162272707509,0,0.08815165247949239,345.653488929044
0.10245377843767976,0,0.09044211587889031,345.66847607864844
0.028478912316757504,0,0.125,345.3256215091936
0.034174694780109004,0,0.12820512820512822,345.3892570233283
0.034174694780109004,0,0.1217948717948718,345.3892771735477
0.12317554405334738,0,0.05949698988741639,345.42357154578036
0.12078190735654373,0,0.06523430635965294,345.4788289120333
0.1257195521859113,0,0.0643178597872061,345.45294548487396
0.07254603652516556,0.05,0.10699718560210746,355.1901113133726
0.11475253743886826,0,0.09690282288378295,345.67694642010093
0.11626492437236699,0,0.09023677428223972,345.64594908983514
0.11115708008297168,0,0.09252723768163766,345.66747348418335
0.08348707098722857,0.05,0.10106418648653734,355.21625051157275
0.08388717641928986,0,0.1004121493490473,345.68548665127895
0.07886442305410266,0,0.0971743228976197,345.6591660858892
0.07780506210523236,0,0.10340306528137111,345.67530321093454
0.07750866695330651,0,0.10976752921762334,345.68936006844757
0.1310940014089472,0,0.04252950044815129,345.22519554111545
0.13422518537093966,0,0.037036643953359275,345.1475788568671
0,0,0.14743589743589747,344.8921634503879
0.03987047724346052,0.05,0.12499999999999997,354.95055818279303
0,0.03888940854281006,0.15157527147092695,351.37578501479527
0,0.044408124405012225,0.14953973593826336,352.7707029375075
0.1126694670164704,0,0.08586118908009444,345.63359220018475
0.15773255014395915,0.0442828335197543,0,352.2704319699862
0.028478912316757504,0,0.13141025641025644,345.3229621042942
0.07770618115438285,0,0.11652750240407855,345.7005034607106
0.10964469314947295,0,0.09919328628318089,345.69518890068304
0.16304399256527008,0.022785211076505003,0,347.5067739256756
0.16077435599658244,0.017404104812170553,0,346.6285543704539
0.09696653965151511,0.05,0.08981507897397492,355.1931623890435
0.06219679494164557,0.05,0.10649827911832502,355.12738161186127
0.12795209893818632,0,0.08545698019179555,345.58058139389044
0.13678140420114399,0.04999999999999999,0.005884769717716044,354.12153316016423
0.1399497446628426,0.04999999999999999,0.011673899741422168,354.20324750607796
0.10074593222277678,0,0.07758941605324539,345.6001907945011
0.10159985533022828,0,0.08401576596606786,345.6370625268917
0.10670769961962359,0,0.08172530256666992,345.62094673463736
0.05128375321166616,0.05,0.11867825414455456,355.06222307695003
0.1462496149502911,0,0.02542109224018736,344.9273892991121
0.14064573990275955,0,0.025657392735088845,344.9697768610982
0.07873507077475608,0.05,0.0975847670189843,355.18739989384926
0,0.00554549569913773,0.1453354870461645,345.48567391393755
0,0.00554549569913773,0.15174574345642092,345.4662614583681
0.11989480765780079,0.05,0.05579492483566743,354.9050375842438
0.15358154836119847,0.017054643289215046,0,346.64274331521875
0.15092582715054298,0.011136787844173025,0,345.80224107688053
0.15811863478592697,0.011486249367128533,0,345.78499379190646
0.05692441666571893,0.05,0.10305424944989316,355.07865586925294
0.0398704772434605,0,0.11858974358974358,345.4462508239628
0.039870477243460496,0,0.125,345.44889532841336
0.08494653736816016,0,0.09418340696529588,345.6658532778142
0.07992378400297295,0,0.09094558051386828,345.63778758641297
0.12415484110227304,0,0.0753992162846836,345.5386621916219
0.11978037533965107,0,0.07134644613333413,345.5271914012539
0.05657784252909542,0.05,0.115800537957541,355.1037575510326
0.16932238787732212,0.00591785544504202,0,344.9649613942008
0.17333333333333334,0,0,344.2953153730103
0.1636899765938602,0.02938135639843637,0,348.7539803446725
0.12737489101147761,0,0.09146197394755803,345.61163560439195
0.16531144242131096,0.01183571089008404,0,345.75935425896233
0.14638874072581448,0.016705181766259538,0,346.6485400120136
0.10183649380912857,0.05,0.08435892427189029,355.16443725802145
0.1128797627599367,0.05,0.07388088847529678,355.08148065436023
0.1195078942326729,0.05,0.0454640565199683,354.7954264793468
0.1226606979395566,0.05,0.05047106571332084,354.83925077827325
0.11604023380831295,0.05,0.051307648802261005,354.8713152163848
0.15546291357527148,0.005568393922086513,0,345.0654399624845
0.1306571970152789,0,0.06340141321475927,345.4229619440089
0.005695782463351506,0.05,0.1314102564102564,354.4472662175932
0.011391564926703013,0.05,0.1282051282051282,354.55052319790593
0.011391564926703013,0.05,0.1346153846153846,354.54504842337667
0.11166343958816377,0.05,0.08010402642853462,355.12661870612646
0.14633668092339716,0.049999999999999996,0.011578260047412248,354.15212206173453
0.09295528201579514,0.05,0.09703342623342709,355.2216605962658
0.1518534899978226,0,0.025184791745285873,344.8799745635811
0.07762289983275891,0.05,0.10405206241745803,355.20502021938427
0,0.05,0.1346153846153846,354.33541633707085
0,0.044408124405012225,0.13671922311775053,352.80304956555335
0.09496091083365513,0.05,0.093424252603701,355.20870226273735
0.07278230874004513,0,0.10016523882994352,345.6452152218133
0.06775955537485792,0,0.09692741237851592,345.60961468294914
0.06746316022293207,0,0.10329187631476813,345.6285333715808
0.0954513211864498,0.05,0.07721728628542061,355.11805934860234
0.10032127534406327,0.05,0.07176113158333598,355.08071728177
0,0.044408124405012225,0.14312947952800695,352.78973103169784
0.15106588347729247,0.0442828335197543,0,352.335411275272
0.14439921681062579,0.04428283351975429,0,352.3922051177232
0.1487984336212516,0.038565667039508596,0,350.92539368920814
0.01708734739005452,0.05,0.13782051282051283,354.63387109604423
0.011391564926703015,0.05,0.14102564102564102,354.5338501450928
0.14666666666666667,0.049999999999999996,0,353.93586412979136
0.15333333333333335,0.05,0,353.8759174783428
0.14983500712836526,0.05,0.005789130023706125,354.0183550318632
0.06179876448807304,0,0.10603891755066766,345.602895392905
0,0.01109099139827546,0.14964533306668798,346.1718743045345
0,0.01663648709741319,0.14754492267695504,346.98806394621164
0.1361386623518228,0.05,0.027093726485158728,354.47333782813365
0.1411998933079895,0,0.037197433127295135,345.10667799574503
0.09846611318410181,0,0.0974992875448698,345.6968647122096
0.15812082149857373,0.02781685581788395,0,348.5005132107226
0.08600589831703047,0,0.08795466458154447,345.6409785299187
0.022783129853406005,0,0.12820512820512822,345.2552878799381
0.03417469478010901,0.05,0.12820512820512817,354.88335121863696
0.03417469478010902,0.05,0.12179487179487175,354.88338533469374
0.062095159639998884,0,0.09967445361441543,345.5865562977671
0.14316834046169857,0.049999999999999996,0.005789130023706125,354.07418524304256
0.028478912316757518,0.05,0.12499999999999997,354.8110151305895
0.12953083888178768,0,0.07333984666235188,345.50151374894887
0.128529306864895,0,0.07945198643603307,345.54479899749794
0.1557414936808048,0,0.0046282010960440045,344.5516870178755
0.15896099377859338,0,0.010559385667006108,344.6124597780682
0.13999999999999999,0.049999999999999996,0,353.98762531840543
0.02847891231675751,0.05,0.1314102564102564,354.8081159718063
0.10941976967706929,0.05,0.05214423189120116,354.89534314597546
0.11327434352655713,0.05,0.05663150792460758,354.93312277237266
0.11281707592591159,0,0.07332269939359079,345.5593183350959
0.03970525257683294,0,0.11197925561848175,345.43641678576023
0.034174694780109004,0,0.11538461538461539,345.3840087894219
0.13493752538400455,0,0.048183146116879155,345.26320770076137
0.10638693823273394,0.05,0.0586831984552461,354.9651612899294
0.1514829873616096,0,0.009256402192088009,344.65962620392725
0.13263150846739516,0.049999999999999996,0.03274677511555037,354.5741995310491
0.12973428359319977,0.049999999999999996,0.028027066449545068,354.52477850097057
0.13748153351656847,0,0.05300401601666886,345.29482652653115
0.028478912316757504,0,0.1185897435897436,345.3229923797478
0.1251563731191657,0,0.06928707651100241,345.49283832273704
0.1300940179485333,0,0.06837062993855557,345.46385684043133
0,0.022165782469954355,0.1453389151587975,347.9137092339162
0,0.027695077842495523,0.14313290764063996,348.9537132668028
0.12315330908538036,0,0.08151135605836479,345.57944256463185
0.1332414374776274,0.05,0.02237401781915343,354.421208034558
0.16218049387638195,0,0.01649057023796821,344.6668244235168
0.08933334744350903,0.05,0.09258151096150849,355.1969066454169
0.1058537765121721,0,0.07529895265384745,345.5829463595967
0.08571141287122291,0.05,0.08812959568958989,355.1669675194295
0.08459924192922574,0.05,0.09459689108806361,355.1946883858173
0.16643900019557717,0,0.011862369141924206,344.5559870613309
0.06252165803676644,0.05,0.10007373646612258,355.1100141242641
0.022783129853406005,0,0.1217948717948718,345.2552980051723
0.11982275095014913,0.049999999999999996,0.034613455044323053,354.65980230974174
0.12332990483457676,0.04999999999999999,0.02896040641393141,354.5686135377737
0.12622712970877215,0.04999999999999999,0.03368011507993671,354.62080373841235
0.017087347390054512,0,0.13141025641025644,345.178298704946
0.02847891231675752,0.05,0.11858974358974357,354.8081599846091
0.10720868063788647,0.05,0.06970944105269747,355.0601601347899
0.12796281744695473,0,0.04802235694294331,345.2972764636647
0.12556918075015105,0,0.05375967341517984,345.3630540629909
0.12257610115867167,0,0.08751634981412726,345.6131260393366
0.16265572121065547,0.00591785544504202,0,345.0367420893312
0.039870477243460524,0.05,0.11858974358974356,354.94771268776844
0.034174694780109025,0.05,0.11538461538461536,354.877665145987
0.139628373738182,0.05,0.022278378125143508,354.3779240851125
0.11635509052578918,0.049999999999999996,0.04045704732661576,354.7458196073455
0,0.00554549569913773,0.13892523063590811,345.49985748979384
0,0.01109099139827546,0.14323507665643156,346.18976117299775
0,0,0.14102564102564105,344.90787261335043
0.005695782463351503,0,0.14423076923076925,344.9915571156903
0.11381860794280427,0,0.0672105596199096,345.51367181118866
0.13735636933293213,0,0.03154378745856726,345.0644264109196
0.11288743010142924,0.05,0.046300639608908456,354.82433321942347
0.04560968178981728,0.05,0.10915138008398094,354.99367654728684
0.04556625970681202,0.05,0.12179487179487176,355.0101039524846
0.14393511047258695,0,0.01977099801161043,344.86895279978523
0.07248591358811929,0,0.10652970276619572,345.6617029948857
0.07218951843619345,0,0.11289416670244795,345.67291245758884
0.1268370587190044,0.049999999999999996,0.023307357783539772,354.46987953683475
0.022783129853406022,0.05,0.12179487179487179,354.7306673619499
0.07984724171675325,0.05,0.09111747162051059,355.16362082768177
0.12106371422517294,0,0.0941823984156705,345.64804576597334
0.10685530852906477,0,0.06918681288016626,345.5400158010031
0.022783129853406015,0.05,0.13461538461538458,354.72502377991503
0,0.022238942202739958,0.15168086859935154,347.90678583844687
0.056430763905139854,0,0.10242149485031496,345.55722995485047
0.05613436875321401,0,0.10878595878656717,345.5709894564946
0.07384166968891542,0,0.09393649644619209,345.6273329707565
0.04558797074831465,0.05,0.11547312593942635,355.0046884879667
0.03989218828496315,0.05,0.11226799773429814,354.93949762191806
0.011391564926703008,0,0.12820512820512825,345.1000413832971
0.14722448104241437,0,0.013884603288132014,344.76195422698066
0.1004599458108908,0,0.09397070171188006,345.68378673812657
0.05093159283690838,0,0.1117790240574763,345.5369787270001
0.1033541067883986,0.05,0.06522216501929104,355.0269526685275
0.01708734739005451,0,0.12500000000000003,345.18092566569527
0.05076636817028082,0,0.10516853608621449,345.5216356541991
0.09989200911532531,0,0.07116306614042293,345.5578608814764
0.04540103504018444,0,0.11518438382360995,345.4948809628543
0.04523581037355688,0,0.10857389585234811,345.48229240735265
0,0.011082870209064092,0.130305176251151,346.2084053297389
0,0.011082870209064092,0.12389491984089458,346.2102156825148
0,0.016624305313596138,0.12815007206903417,347.0188205376663
0.08346448102565135,0.05,0.06355780615903008,354.9888019768261
0.0867501860806536,0.05,0.06994856982906687,355.05079757095564
0.07996464144894877,0.05,0.06904228895193232,355.023144379562
0.09025002565735618,0.05,0.06446408703616463,355.01285653831496
0.06852125632411055,0.05,0.09182958797486873,355.1139517475076
0.14879624690860482,0.005568393922086513,0,345.1219634125844
0.1464975770066641,0.0330314976921693,0,349.6853368414627
0,0.016632426502807503,0.14107997247431475,347.00383007675805
0,0.02216172187534867,0.13887396495615723,347.92780048398356
0.011391564926703013,0.05,0.12179487179487178,354.5508260446688
0.005695782463351506,0.05,0.11858974358974358,354.44769703972867
0.01139156492670301,0.05,0.11538461538461536,354.5451850824276
0,0.016652855413169868,0.11534098398671525,347.0176888707964
0,0.011097145258850957,0.1174903757997351,346.20857039460645
0,0.011111420308637822,0.11108583175857566,346.20154408915187
0.023104346373060275,0.05,0.08997635915311021,354.6506468519167
0.01708734739005452,0.05,0.08653846153846155,354.5423800426316
0.022728133430646752,0.05,0.0840579630034401,354.6137196128372
0.03438591845424474,0.05000000000000001,0.08501536208306733,354.77467844838293
0.028368919471238988,0.05,0.08157746446841865,354.6777120757536
0.03400970551183122,0.05,0.07909696593339721,354.73435743138106
0.03986555562458848,0,0.10549355941973812,345.42442187112215
0.10909843019804077,0,0.03939970621382436,345.2629109358543
0.1057690600065814,0,0.04527238217294888,345.330246524718
0.11198296020133147,0,0.04471538922461003,345.31551153631335
0.011391564926703002,0.05,0.10256410256410253,354.5167471411592
0.005695782463351501,0.05,0.10576923076923075,354.4249719381535
0.005695782463351501,0.05,0.09935897435897435,354.4050540338824
0.12011473753447735,0.05,0.011658272409612314,354.3095195097834
0.11333333333333334,0.05,0.011547005383792538,354.32769950218386
0.11666666666666668,0.05,0.005773502691896269,354.2152713570826
0.01708734739005451,0,0.1185897435897436,345.17827921921304
0.022783129853406008,0,0.11538461538461539,345.25000176816974
0,0.038833442876169515,0.13248175803992954,351.40720299050446
0,0.033258761347326804,0.12824429296210854,350.1316625598004
0,0.038850636942314574,0.1261404544597426,351.4151738144265
0.011391564926703008,0,0.12179487179487182,345.10002432826036
0.005695782463351504,0,0.12500000000000003,345.0151334763235
0.02912134535606603,0.05000000000000001,0.09341425676775889,354.7499322980216
0.029121345356066024,0.05,0.09982451317801527,354.77533139788676
0.023104346373060268,0.05,0.09638661556336661,354.6790939733353
0.13333333333333333,0.04999999999999999,0,354.0311856602978
0.12666666666666668,0.049999999999999996,0,354.0667493088335
0.13103247671874585,0.0444658306526607,0,352.5300304787928
0.11531233039279085,0,0.038842713265485516,345.2444072299391
0.11864170058425022,0,0.032970037306361,345.16700110021543
0.11242780038950015,0,0.033527030254699844,345.18927352364136
0.017087347390054516,0.05,0.09294871794871795,354.5738751856036
0.01139156492670301,0.05,0.09615384615384615,354.4938747782615
0.011391564926703015,0.05,0.08974358974358976,354.46529077889085
0,0,0.11538461538461539,344.9183127129286
0,0,0.1217948717948718,344.9235892558627
0.005695782463351504,0,0.11858974358974361,345.01248667733813
0,0.005555710154318911,0.11323522357159552,345.50463115644743
0.03476213139665826,0.05000000000000001,0.09093375823273744,354.80997143157134
0.04083794543925657,0.05000000000000001,0.08703041681373193,354.86012844376813
0.041214158381670085,0.05,0.09294881296340203,354.89329220706895
0.07287219392078541,0.05,0.07721564095724558,355.0533798550797
0.07833400815895847,0.05,0.07949140053380814,355.09253928432076
0.0747877843948768,0.05,0.08357807653646476,355.10270116886977
0.0629051003152018,0,0.08756691559566725,345.54235871412413
0.05716606118706423,0,0.08892401292937421,345.5111726996011
0.062462808280961075,0,0.09292571265394507,345.5637258407338
0,0,0.12820512820512822,344.92360265041975
0,0.027568895777805302,0.10460634648529862,348.9231902887675
0,0.033105170761310344,0.10892852963075389,350.08174639610144
0,0.02765428810388606,0.11109357636088246,348.9550717191656
0.13111814641670483,0,0.03201920407449851,345.10493154243295
0.13752786701276315,0.027833388560741263,0,348.67409523574366
0.14422794043797646,0.027650391427834854,0,348.5908659200485
0.1397975035814508,0.03321449482507571,0,349.77571825788226
0.13550183585368064,0.005533202114776835,0,345.20917721930914
0.13100367170736132,0.01106640422955367,0,345.92729185215785
0.128835169187014,0.005533202114776835,0,345.2440054744806
0.028800128836411774,0.05000000000000001,0.10600200017875122,354.79019967056365
0.02278312985340601,0.05,0.10897435897435895,354.7136922049044
0.023104346373060265,0.05,0.102796871973623,354.7018294582809
0.09996130995204193,0.05,0.04645802953860144,354.8410078449065
0.10310123317773169,0.05,0.052292434785209306,354.90402842713905
0.0967826966783941,0.05,0.05244063767921746,354.90553582281495
0.08036607603721367,0,0.08558678345559047,345.6136832981099
0.07828523278146102,0,0.07914276093121705,345.5710459611338
0.07472625375739687,0,0.08321890232963647,345.5804600378924
0.1448163206949429,0,0.009256402192088009,344.71141197025764
0.1490748270141381,0,0.0046282010960440045,344.6079584687534
0.14240816034747145,0,0.0046282010960440045,344.6570725534416
0.13860968821454359,0,0.009646563369564331,344.7589811640886
0.08696432060235393,0.05,0.05807332336612784,354.9477089613063
0.09374986523405876,0.05,0.058979604243262394,354.9681648928908
0.04002585867234403,0,0.0990078632209945,345.40697032610115
0.045763762062274616,0,0.09533945869313411,345.4476493279164
0.040393507313306216,0,0.09225912226052413,345.38506619492324
0.06320119509416487,0.05,0.09310952569669832,355.0867431193397
0.017087347390054516,0.05,0.11858974358974358,354.6423817341844
0.12528362259556103,0,0.021026736982494316,344.9905520534786
0.12240305573414428,0,0.015810227238936908,344.92895460702687
0.11908209472848888,0,0.02178187740087025,345.0229968765851
0,0.05,0.12179487179487179,354.34134471617904
0,0.04442531847115729,0.12396766312730718,352.8169659396468
0,0.04442531847115729,0.11755740671705078,352.81311744735467
0.11841936934702568,0,0.043860153144346284,345.2905591916749
0.09318246226014104,0,0.07031624309642337,345.54815613830607
0.10666666666666665,0,0.02309401076758503,345.06636710124553
0.11288056686141673,0,0.022537017819246184,345.04914192257706
0.10999999999999997,0,0.017320508075688773,344.982751702944
0.11620152786707214,0,0.01656536765731284,344.9590030435427
0.046610435366869964,0.05,0.09600968231382076,354.96224181212625
0.04728997242426839,0.05,0.08904547154439652,354.9370368109987
0.05268624940946827,0.05,0.09210634089481526,355.0013722214517
0.0797633685497725,0,0.06862259700842424,345.50632011291685
0.08184421180552515,0,0.07506661953279764,345.5573664345196
0.08647291540495677,0,0.0694694200524238,345.5309758821195
0,0.022118013120381017,0.10677139321542721,347.91082818445744
0.08024959863304984,0.05,0.08585383611302733,355.13791078966597
0.15333333333333332,0,0,344.4988938042507
0.01708734739005451,0,0.11217948717948718,345.17038409494467
0.022783129853406005,0,0.10897435897435898,345.23945685338117
0.05200671235206984,0.05,0.09907055166423949,355.0242827979043
0.05760395372311736,0.05,0.0960900386804689,355.0590608046962
0.045930898309471536,0.05,0.102973893083245,354.98045536099033
0.03481712781941753,0.05,0.10302964138314348,354.85811017967654
0.035138344339071786,0.05000000000000001,0.09685215438240756,354.84023638094635
0.04053462132427166,0.05,0.09991302373282628,354.913800180608
0.011391564926703006,0,0.10897435897435898,345.08425560976707
0.01708734739005451,0,0.10576923076923078,345.15724029289044
0,0.027708211314034892,0.13032665385781272,348.9767220727589
0,0.022174855346888046,0.12606771117332996,347.9431214000461
0,0.02772540538017995,0.12398535027762578,348.98201847736465
0.06820184740909864,0,0.0915686153202381,345.5906271947358
0.10621390019475008,0,0.03408402320303869,345.20523102672695
0,0.005541435104532046,0.119639767612755,345.51004640760215
0,0.005541435104532046,0.1260500240230114,345.51177950268135
0.0896067512477705,0,0.051774668585897105,345.38885738462176
0.09595569750180437,0,0.051379134118509584,345.39258421281846
0.09307116749851366,0,0.04606345110772391,345.33712559827836
0.01708734739005451,0.05,0.09935897435897434,354.5996586921026
0.07428396172315616,0,0.08857769938791428,345.60578708249835
0.034495911299763274,0.05,0.10920712838387941,354.87058643469004
0.04021340480461741,0.05,0.10609051073356221,354.9293476731214
0.13481121608161573,0,0.014664925643084654,344.85530864511185
0.12860458360121643,0,0.015055086820560976,344.89260639339676
0.13152184551178833,0,0.02055132036656307,344.95528439995985
0.1248557784927199,0,0.043004917064082535,345.25876443157017
0.12152640830126052,0,0.04887759302320705,345.3317980643556
0.1097758354939137,0,0.06232847922793681,345.48325589602456
0.11673913490765318,0,0.06035222596768014,345.4517705130349
0.11269636245876265,0,0.05547014557570734,345.41893221546997
0.11913277160445684,0,0.0546149094954436,345.3944143469636
0.1324030557341443,0,0.01003672454704065,344.8002973840657
0,0.02218913039667491,0.11966316713217051,347.94374244535834
0.1028845300032907,0,0.03995669916216321,345.27509972142917
0.005695782463351502,0.05,0.11217948717948717,354.4392206590712
0.011391564926703004,0.05,0.10897435897435895,354.5338640920511
0.13772847799218765,0,0.02016115918908675,344.91524508679953
0.028478912316757518,0.05,0.11217948717948716,354.79967039952385
0.11327425031671637,0.05,0.023084823731900222,354.5152087131439
0.12005565451786039,0.049999999999999996,0.023196090757719997,354.4966540599361
0.11654850063343275,0.049999999999999996,0.028849139388111636,354.59127591661894
0.05113401681124301,0,0.0984197951257441,345.50432684649587
0.05150166545220519,0,0.09167105416527373,345.48110004827987
0,0.022157661280742987,0.1324090147535169,347.9363778006559
0,0.03301977843522959,0.10244129975517005,350.04613782397195
0,0.038679852290153055,0.1067557382983185,351.35117680369854
0.10281253608017424,0,0.06430473248819346,345.50624236967315
0.10573306304502317,0,0.05744639883596401,345.4470600822938
0.11321516730009941,0.04999999999999999,0.034622642080007884,354.679454366649
0.10974750687573948,0.05,0.04046623436230058,354.7613584520694
0.10313992322568975,0.05,0.04047542139798542,354.769068870033
0.10660758365004969,0.049999999999999996,0.03463182911569271,354.69127799679615
0.09942011375254753,0,0.0456679166403364,345.33697336981044
0.10230464375583824,0,0.050983599651122063,345.3897364243906
0.14209836019603828,0.038748664172415,0,351.0230395112213
0.135398286770825,0.03893166130532141,0,351.1129209410517
0,0.0331905630873911,0.11541575950633773,350.1115377113181
0.017087347390054512,0.05,0.11217948717948717,354.6338961622242
0.07264541050164422,0,0.07677487980526305,345.5339113203386
0.13313325194929948,0.016634798151640182,0,346.7256960237473
0.13763141609561882,0.011101596036863347,0,345.8945760650849
0.139760996337557,0.01666998995894986,0,346.6907827360588
0.13533055948103134,0.022234093356190723,0,347.64139324330966
0,0.05,0.1282051282051282,354.3412167408063
0.12953486120040547,0,0.005018362273520325,344.7376238852336
0.1333333333333333,0,0,344.6381605984271
0.12666666666666665,0,0,344.6702579411099
0.10627984645137953,0.05,0.046309826644593294,354.8357588519639
0,0.016667130462956734,0.1089364399455558,347.0090515110419
0.12433700504069464,0.01106640422955367,0,345.95772374060635
0.005695782463351506,0.05,0.125,354.4503178428423
0,0.005541435104532046,0.13246028043326782,345.5082494493834
0.12356280840228802,0.05,0.017543042127328358,354.3944869742823
0.14101784856201505,0,0.014274764465608334,344.8117579229732
0.05679841254610204,0,0.09567275388984457,345.5371603224822
0.1376991433854125,0.0444658306526607,0,352.48935095314715
0.12798696245471236,0,0.03751206056929052,345.18461586785116
0,0.027691017247889832,0.13666795743799967,348.9661296363909
0.11999999999999995,0,0,344.6952280045812
0.11666666666666661,0,0.005773502691896257,344.7972485674866
0.12286819453373878,0,0.0050183622735203255,344.7657132461445
0.12174873953848506,0,0.03798747718522177,345.2153393104204
0.09303517053695542,0,0.05823746777073904,345.45262005324236
0.08632562368177116,0,0.05739064472673948,345.433948146328
0.13620152786707213,0,0.005018362273520325,344.70240724511103
0.028745132413652508,0.05,0.08749586061808877,354.7163362037944
0.10865359000987213,0,0.05058806518373456,345.3803140193385
0.12689614173562136,0.05,0.011769539435432089,354.2831196474895
0.045396113421312424,0,0.10208819965360448,345.467255797357
0.05760835322130494,0,0.08356521587109639,345.487425934595
0.03433499782786455,0,0.10889891918587176,345.37505557014134
0.03449530087562009,0,0.10241322298712813,345.360645720478
0.0897540429709561,0,0.06385344391158143,345.49476622715156
0.028639215364513047,0,0.10569379098074357,345.3035914439863
0.0993841167909893,0,0.05784193330335153,345.4531273760803
0.08866577655474497,0.05,0.07631100540828606,355.10206317424985
0,0.016638580363383,0.1217455280278747,347.02094521300455
0.09653558374925682,0,0.04035223362955072,345.2791310065618
0.14666666666666667,0,0,344.5524935734865
0.14212958024193817,0.005568393922086513,0,345.1713294964947
0.13999999999999999,0,0,344.5989359765327
0,0.044425318471157285,0.13037791953756359,352.8151420035761
0.11576113372283348,0,0.027753527562803592,345.1105583883343
0,0.03327595541347186,0.12190298938192157,350.13551176962204
0,0.038850636942314574,0.11973019804948618,351.4130212828323
0,0.05,0.11538461538461538,354.33580026318896
0.06864413944333936,0,0.08620981826196028,345.56785855017483
0.06908643147758008,0,0.08085102120368245,345.5413087492662
0.0633473923494425,0,0.08220811853738942,345.5172104311667
0.14195830386928882,0.0222692851635004,0,347.6041634790419
0.09646358982614037,0,0.06470026695558098,345.50895455219387
0.028478912316757504,0,0.11217948717948718,345.315046352225
0,0.011086930803669775,0.13677012645379127,346.20184021806585
0.12487992350047752,0,0.03249462069042976,345.1391231055316
0.08304449611577183,0,0.06300662086758185,345.4731023890929
0.12870281509277384,0.022198901548881045,0,347.67129357122053
0.0461314107032368,0,0.08859071773266375,345.422124867963
0.02294343290116155,0,0.10248866277561536,345.22550025618426
0,0.01662836590820182,0.13461502227167443,347.0140822739097
0.08392505506127781,0,0.08151064205717105,345.6022525735203
0.08855375866070943,0,0.0759134425767972,345.57901249178514
0,0.03876524461623382,0.11324296817390234,351.3850076717219
0,0.04433992614507653,0.11107017684146693,352.7810642834376
0.053365786466866696,0.05,0.08514213012539101,354.9714701927354
0.058283490780515784,0.05,0.08912582791104467,355.0324742878759
0.13011473753447733,0.049999999999999996,0.005884769717716044,354.16144407668645
0.12436581005207918,0.04446583065266071,0,352.56271331108184
0.12873162010415834,0.03893166130532141,0,351.1507196504506
0.02278312985340602,0.05,0.11538461538461536,354.7250197974949
0.10954723352808339,0,0.028310520511142436,345.1303071893815
0.11678140420114401,0.05,0.017431775101508583,354.4171537717462
0.11000000000000001,0.05000000000000001,0.017320508075688808,354.4316006993167
0.12196266158990562,0,0.026998387144427656,345.0820169557516
0.017087347390054505,0.05,0.10576923076923074,354.6197305621285
0.04691375948185487,0.05,0.08312707539472641,354.900974233772
0,0.027739680429966815,0.1175808062364663,348.9811358926508
0.1257363890674776,0,0.010036724547040651,344.8315060424163
0.05868584769681237,0.05,0.08386219240356141,355.00692482263065
0.06360355201046146,0.05,0.08784589018921507,355.0638059169073
0.011391564926703006,0,0.11538461538461539,345.09476430790676
0.040461732496843046,0.05,0.08111202066406181,354.82193664665385
0.0764184176848671,0.05,0.07312896495458895,355.0406484292535
0,0.05,0.10256410256410256,354.30737009794825
0.11333333333333329,0,0.011547005383792514,344.89308980027414
0.09353573071235843,0.05,0.07085485070620143,355.06998853835813
0.1330974301562375,0.033397491957982126,0,349.85833528211884
0.11508999915556634,0,0.04973282910347081,345.35947724958015
0,0.05,0.10897435897435898,354.3244197722452
0,0.044339926145076536,0.10465992043121053,352.7658965711376
0.08188023192304014,0.05,0.0754047245311515,355.0776047759066
0.10994091698338304,0.05,0.028858326423796467,354.60704304570993
0.08379582239713153,0.05,0.08176716011037069,355.12554582252903
0.03465560392337563,0,0.09592752678838451,345.3407792404318
0,0.022203405446461773,0.11325862309101105,347.9389824731241
0.02879951841226859,0,0.09920809478199993,345.28667990536474
0.09364277345270433,0.05,0.046606232432609584,354.83907895236143
0.09046416017905651,0.05,0.052588840573225604,354.8998653330031
0.1033333333333333,0,0.02886751345948128,345.14374107008825
0.12820088450613293,0,0.026522970528496413,345.0504441316503
0,0.03867985229015306,0.10034548188806208,351.33222187004213
0.005695782463351503,0,0.11217948717948718,345.00461308311316
0.06892361324040713,0.05,0.08656595246738547,355.0896390708122
0.06400590892675805,0.05,0.0825822546817318,355.03688097739905
0.06932597015670372,0.05,0.0813023169599022,355.06133865704084
0.13443910742236023,0,0.026047553912565163,345.0125577391342
0.10333333333333332,0.05,0.028867513459481298,354.61498174804086
0.10006840173339634,0.05,0.05883140134925424,354.97025203415393
0,0.044339926145076536,0.09824966402095413,352.74505967548424
0.09999999999999998,0,0.03464101615137753,345.21487360947225
0,0.033241567281181744,0.1345855965422955,350.1225173182169
0.09703557028906101,0.05,0.06537036791329918,355.0284488758131
0.10666666666666666,0.05,0.023094010767585053,354.5270909144187
0.14425916048387633,0.011136787844173025,0,345.85453084165493
0.005695782463351507,0.05,0.09294871794871795,354.37938117811285
0.126505507561042,0.016599606344330504,0,346.75327987507893
0.12344807086781069,0.05,0.005884769717716044,354.19335829985204
0.11953486120040545,0,0.010791864965416582,344.86544780990243
0.09682138672635215,0.05,0.040623624291993565,354.7708815747548
0.07620438952570836,0,0.07269873840684364,345.5222484415554
0.13090012262450568,0.027798196753431585,0,348.70631204023385
0.12000000000000002,0.05,0,354.0943162640126
0,0.05,0.09615384615384615,354.284651240298
0.09999999999999998,0.05,0.034641016151377546,354.695273200183
0.0743854274785802,0.05,0.08884171204394803,355.1297063947634
0.1221685025203473,0.005533202114776835,0,345.2717064504405
0.051869314093167376,0,0.08492231320480335,345.4519552595511
0.03776880940963978,0.05,0.06967571847470894,354.7115523497759
0.04186745672824738,0.05,0.066239594372458,354.7291783719945
0.04220700014904642,0.05,0.07222471772889531,354.7800959484029
0.10644707417106275,0.03323358551473454,0,349.9143510047072
0.1020720289781963,0.03881253381290946,0,351.1942331594322
0.09976901276352616,0.033204015923993836,0,349.9113369948409
0.03259430026239444,0,0.06547570127013244,345.14456210232976
0.03320350704973218,0,0.07146854910725778,345.19493420408253
0.03698363278985108,0,0.0682198480306757,345.2120062800411
0,0.05,0.08974358974358974,354.25612401045476
0,0.04438326199800216,0.09202656074966196,352.7306605412486
0,0.044383261998002174,0.08561630433940556,352.6985161072416
0.05725352101724949,0.05,0.039928896234572596,354.59870650274706
0.06077541819745408,0.05,0.03442551289690987,354.55419441678873
0.06400044411725138,0.05,0.04011333302947481,354.64896459856755
0.10666666666666666,0.05,0.011547005383792538,354.3395864146681
0.06090428537822819,0.05,0.06742971419345495,354.90825446683266
0.0573394324710989,0.05,0.06193169709893598,354.83443088530447
0.06408635557110079,0.05,0.06211613389383819,354.8842030692802
0.07679325961824784,0.05,0.0631911837328231,354.9616670937108
0.07043980759467432,0.05,0.06265365881333065,354.92665489503395
0.07362187778754692,0.05,0.0573400785137139,354.89319936792356
0.02251731000593473,0.05,0.07816150073554562,354.5743279288173
0.028158096046526963,0.05,0.07568100220052418,354.63645870080643
0,0.05,0.08333333333333334,354.22182706462297
0,0.044383261998002174,0.07920604792914916,352.6606019572458
0,0.05,0.07692307692307693,354.1817604028024
0.005695782463351506,0.05,0.08012820512820513,354.31069100640974
0.011391564926703006,0,0.08333333333333334,344.98972126912923
0.005695782463351503,0,0.08653846153846154,344.9207603379074
0.011391564926703006,0,0.08974358974358973,345.02125573015087
0.08029309919495042,0.05,0.05770670093992086,354.92448687025984
0.09666666666666668,0.05,0.017320508075688766,354.43946746802993
0.09333333333333332,0.05,0.02309401076758501,354.52706923276827
0.09000000000000001,0.05,0.017320508075688745,354.4314993699118
0.06725773740180171,0.05,0.0679672391129474,354.95399073148604
0.011391564926703008,0,0.10256410256410257,345.0685108487383
0.005695782463351504,0,0.10576923076923078,344.9915310880447
0.06057785361604297,0,0.07753589505070607,345.4726588001527
0.057808314882643416,0,0.07286367156402271,345.4240020164224
0.0548388144879054,0,0.07889299238441304,345.44108769955824
0.09666666666666664,0,0.017320508075688773,344.98993640374306
0.09333333333333331,0,0.011547005383792514,344.9038294892942
0.08999999999999998,0,0.017320508075688773,344.9827426776283
0.09000000000000001,0.05,0.005773502691896248,354.23075726327767
0.08666666666666668,0.05,0,354.1139572048776
0.09333333333333335,0.05,0,354.1259032347957
0.03759283957718882,0,0.07421269586780103,345.2598548661381
0.041372965317307726,0,0.07096399479121895,345.2753393352755
0.09666666666666665,0,0.02886751345948128,345.14372433335706
0.08333333333333334,0.05,0.005773502691896248,354.21480465473763
0.08666666666666667,0.05,0.011547005383792497,354.3272404863885
0.08000000000000002,0.05,0.011547005383792516,354.3075325572512
0.0771217173642495,0.05,0.05185559572081165,354.8531813237578
0.07363366397123068,0.05,0.04587298758019563,354.7718393397684
0.08030488537863419,0.05,0.04623961000640261,354.80371590020025
0.02823759168806478,0,0.08048708514240925,345.19550887564833
0.03381271383706992,0,0.07746139694438312,345.24059803295273
0.02819903231021775,0,0.07448961088622366,345.1583941615404
0,0,0.08974358974358974,344.8451122377046
0,0,0.09615384615384616,344.87122827750915
0.005695782463351503,0,0.09294871794871794,344.94958558832053
0.011391564926703013,0.05,0.08333333333333334,354.4308975530195
0.01118074150199099,0.05,0.07743687106543884,354.3904929724102
0.04585044734113489,0,0.08243534111799661,345.3882564389285
0.04963057308125379,0,0.07918664004141453,345.4020604876811
0.09015472005968551,0.05,0.040623624291993565,354.76313057699707
0.09333333333333334,0.05,0.034641016151377546,354.69132310768686
0.005695782463351503,0,0.08012820512820513,344.8866392475073
0.011353005548855974,0,0.07733585907714774,344.95489632158154
0.10333333333333333,0.05,0.017320508075688787,354.4395012444983
0.0866666666666667,0.05,0.02309401076758501,354.5151803200203
0.06354735401078099,0,0.07150657423031574,345.45167354256745
0.06077781527738144,0,0.06683435074363239,345.40069821014373
0.05377457956396961,0.05,0.056433680004417015,354.7538074415113
0.0605215026639715,0.05,0.056618116799319225,354.8081255563937
0.09548685221581366,0.005527113041596334,0,345.30938258818736
0.09999999999999999,0,0,344.727343638601
0.10215081948531732,0.0055375592533634015,0,345.31182255775343
0.016876523965342494,0.05,0.08064199927056706,354.50485004953913
0.11982115785934534,0.016603963482917074,0,346.7798105125271
0,0.011111420308637824,0.10467557534831926,346.1872909098338
0,0.005555710154318912,0.10682496716133912,345.4922949522344
0.0319850934750567,0,0.059482853433007105,345.0894817276945
0.036374426002513345,0,0.06222700019355036,345.15944942106154
0.046697947814625884,0,0.061853477841134805,345.25506019236417
0.050361332464078236,0,0.06742164605763538,345.3294136692936
0.05190618922127748,0,0.06155983018413331,345.2958368817385
0.12424269109862628,0.027753417802595957,0,348.72902919695775
0.03437464056127373,0,0.08977215017371737,345.312281485903
0.04011254395120431,0,0.08610374564585699,345.35388310314164
0.06987587176824467,0,0.07210265631857969,345.49025306441433
0.06631689274418053,0,0.07617879771699909,345.4985437222749
0,0.033063114288155226,0.09621819648387792,350.0338793889244
0,0.02760635606588941,0.09203308954148168,348.88522463520025
0,0.033106450141080865,0.08999509321258577,350.01618547257584
0.0668133757818765,0,0.056669119785261055,345.3529633945195
0.06379559552962896,0,0.06175173526444672,345.3792958669812
0.07012411328709267,0,0.062347817352710666,345.41833923122834
0.10422284846351364,0.027683426399606192,0,348.7641955010565
0.10199862275596452,0.022133267284477842,0,347.72918779648234
0.10867668416350111,0.02216283687521855,0,347.7283140820758
0.01708734739005451,0,0.09294871794871795,345.11518435727555
0.022943432901161548,0,0.08966814995510253,345.1779660961486
0.01708734739005451,0,0.08653846153846154,345.0862387030002
0.02266246953905965,0,0.0835127733404354,345.14405576566423
0.11536103386519778,0.022158479736631986,0,347.71389676622886
0.11313680815764866,0.016608320621503636,0,346.79887470855147
0.11765265533899799,0.011070761368140235,0,345.98148417884175
0.005695782463351506,0.05,0.08653846153846154,354.3479209502557
0.07361118942537524,0.05,0.06850476403243985,354.99228736906247
0.11333333333333334,0.05,0,354.1140699558506
0.09999999999999999,0.05,0.023094010767585032,354.5310472344184
0.09666666666666665,0.05,0.028867513459481277,354.6149938428587
0.08000000000000003,0.05,0.023094010767585032,354.49536390700894
0.08333333333333338,0.05,0.02886751345948128,354.5911971430274
0,0.016661254898115204,0.10258628627303099,346.99196759528775
0,0.011105544743796294,0.09832542167579443,346.1670317275063
0.07343485079230881,0,0.06802651492016029,345.4776969566982
0.07025847273248473,0.05,0.028795679041325403,354.5358527655517
0.07333333333333336,0.05,0.02309401076758505,354.4676404421658
0.07666666666666672,0.05,0.028867513459481298,354.5673957308287
0.08348805339301887,0.05,0.040623624291993565,354.7474218846523
0.0866666666666667,0.05,0.034641016151377546,354.6794153206036
0,0.016649503768432147,0.08988597892798136,346.9419789276754
0,0.02210626199069796,0.09407108587037759,347.8670297923116
0,0.016655379333273677,0.09623613260050617,346.9696100674988
0.005695782463351504,0,0.09935897435897437,344.97317351027795
0,0,0.10256410256410256,344.89219867201405
0.1264399986303581,0.0333527130071465,0,349.88305015782925
0,0.011099669178954764,0.09197526800326962,346.1414989331441
0.11000000000000001,0.05,0.005773502691896269,354.23109165924365
0.06718361213163607,0.05,0.03449734731506576,354.59680044655073
0.06385027879830271,0.05,0.02872384462316951,354.49682224456075
0.11758525957274689,0.027708638851760333,0,348.7440666229829
0.12204538356689444,0.022154122598045417,0,347.692013008958
0.10999999999999996,0,0.005773502691896257,344.8115406182762
0.07981263576063151,0,0.04600072968111668,345.3073036237428
0.07661038534470802,0,0.040289512202943495,345.23510269277
0.07322077068941601,0,0.045938008254509444,345.2814505018485
0.07666666666666669,0.05,0.0057735026918962675,354.191220210287
0.07333333333333336,0.05,0.011547005383792535,354.2799175762821
0.07645263104455635,0,0.06294389944097462,345.4507984507697
0.07973375861055568,0,0.05732792330013225,345.41515136963227
0.0731418935393402,0,0.05726520187352501,345.3892586773836
0.09666666666666666,0.05,0.005773502691896248,354.23889057181736
0.10333333333333333,0.05,0.005773502691896269,354.239062836467
0.1,0.05,0.011547005383792518,354.343450554934
0.011391564926703006,0,0.09615384615384615,345.0475225182673
0.11090090987105022,0.0277129959903469,0,348.7613035000764
0.11312513557859934,0.03326315510547525,0,349.9094407171535
0.07040863805143338,0.05,0.0401851674476307,354.6877805198138
0.10666666666666663,0,0.011547005383792514,344.9038328811113
0.0604785469370468,0.05,0.04561671636713753,354.6906641464401
0.06722547003704869,0.05,0.045801153162039754,354.73681352703824
0.05260007347599181,0,0.0731573192210242,345.38778726835534
0.05556957387072983,0,0.06712799840063388,345.36729592588654
0.048908366927111556,0.05,0.05688663981548016,354.7150479498452
0.052473219834240845,0.05,0.06238465690999912,354.79848988216645
0.04760700719738279,0.05,0.06283761672106225,354.75808160888226
0.09097370443162733,0.011054226083192668,0,345.99813269568966
0.09763767170113101,0.011064672294959735,0,346.00584640229573
0.08986891708259015,0,0.040352233629550725,345.27183397443974
0.086404500831847,0,0.04606345110772392,345.3260608300843
0.022306486581222702,0.05,0.07226503846765112,354.5300049584006
0.027818552625727924,0.05,0.06969587884408684,354.5877388330711
0.016665700540630473,0.05,0.07474553700267257,354.46238877004976
0.07681683198561537,0.05,0.04025700186578659,354.71910888534603
0.07359180606581807,0.05,0.034569181733221654,354.631918920599
0.08000000000000007,0.05,0.034641016151377546,354.6595498389333
0.11104171185953313,0.04442105170182509,0,352.5927576177945
0.11770837852619981,0.04442105170182509,0,352.5758646379418
0.022623910161212613,0,0.0775152990842498,345.1092999842778
0.02258535078336558,0,0.07151782482806421,345.06990937673794
0,0.011099669178954765,0.08556501159301323,346.11115924371205
0,0.005549834589477383,0.08765430066830149,345.4230208518037
0.06119868066726619,0.05,0.07795805375958272,354.98850865601804
0.05839145240777435,0.05,0.07333385283743363,354.9356077894216
0.06371151363772003,0.05,0.07205391511560402,354.9638110754508
0.03810835283043882,0.05,0.07566084183114626,354.75972005467503
0.04230861528716924,0,0.05910933108059155,345.19237111528963
0.04076375852996999,0,0.06497114695409362,345.2253059919517
0.048659027134058244,0.05,0.07423977245955991,354.8594981671808
0.04456037981545065,0.05,0.07767589656181086,354.84321077170046
0.070450495956846,0.05,0.05148897329460468,354.81774120220047
0.028518555050166684,0,0.08664246175707638,345.2316088994525
0,0.03876652399600433,0.08148901893522138,351.26436718128707
0.017048788012207477,0,0.08054098728227593,345.0538418543355
0.017010228634360445,0,0.07454351302609034,345.01681017951717
0.08666666666666664,0,0.02309401076758503,345.0556176185235
0.09333333333333331,0,0.023094010767585025,345.06634735607577
0,0.02764969191881505,0.08580998627018954,348.86326436468903
0.04824280457182513,0,0.05599166196763272,345.2181572948795
0.08000000000000002,0.05,0,354.094191874959
0.01708734739005451,0,0.09935897435897435,345.1388515539056
0.06651874189721188,0.05,0.07667811603775311,355.01483913885346
0.11548415281865063,0.005537559253363401,0,345.29269668946307
0.07666666666666667,0.05,0.01732050807568878,354.39192949043195
0.0379192827597126,0,0.056365184320048285,345.12557091573814
0,0.005555710154318912,0.1004147107510827,345.47468316532286
0.106452458455952,0.016612677760090202,0,346.8104724631517
0.11096830563730131,0.011075118506726801,0,345.9977781756532
0.08,0,0.034641016151377546,345.1826573655234
0.0832022504159235,0,0.04035223362955073,345.25732749038485
0.08666666666666666,0,0.03464101615137754,345.20060556543905
0.09000000000000001,0.05,0.028867513459481277,354.6070743402366
0.08436365045199654,0.044391482111084374,0,352.57461895751584
0.0910303171186632,0.04439148211108438,0,352.5889594905787
0.06370357285684411,0.05,0.05130453649970248,354.77570053682473
0.0672684257639734,0.05,0.05680255359422144,354.85403198106945
0.08333333333333334,0.05,0.017320508075688766,354.4156679560877
0.10430163897063466,0.011075118506726801,0,346.0061988326036
0,0,0.10897435897435898,344.9078934838205
0.09754478705597705,0.027653856808865486,0,348.75916320461664
0.09533465548646086,0.022122821072710776,0,347.72583040774924
0.09333333333333335,0.05,0.011547005383792497,354.3393803735502
0.06710633303484512,0,0.06743043283189634,345.44248965577384
0,0.03872318814307869,0.09412237861676995,351.3188930854007
0.06013221088017662,0,0.056183567047946144,345.3088300488483
0.057114430627929084,0,0.061266182527131806,345.33213359877703
0.12207418857827895,0.03888688235448579,0,351.1696527517357
0.04739183206934021,0,0.0734509668780257,345.34709254795234
0.09539396757065971,0.03878296422216875,0,351.1856036312548
0.07642302110533952,0,0.05164922573268263,345.35118223893255
0.03409367719917183,0,0.08361677355905026,345.2788877500766
0.08872730090399306,0.03878296422216875,0,351.1766878950477
0.02879951841226859,0,0.0927978383717435,345.2628129419592
0.09769698378532986,0.044391482111084374,0,352.59548072364106
0.05345104597847673,0,0.055698014310631226,345.2573484446994
0.04978766132902438,0,0.05012984609413065,345.17634274791084
0.04515309105742663,0,0.06771529371463687,345.28705144036485
0.10875009038573288,0.038842103403650165,0,351.1949383901895
0.09978849118644835,0.01660223154832314,0,346.81220757210184
0,0.03876652399600433,0.08789927534547778,351.30012881945805
0.09312452391694469,0.016591785336556072,0,346.8065814047539
0.005657223085504472,0,0.07413073087201955,344.8493862010766
0.055878619437320524,0.05,0.07923799148141232,354.95667969805595
0.083792938771653,0.05,0.05222221814701863,354.88055603402535
0.016454877115918448,0.05,0.06884907473477808,354.41499620416363
0.021966943160423667,0.05,0.0662799151112138,354.47798305632
0.09999999999999998,0,0.023094010767585025,345.06995258749873
0.07000000000000002,0.05,0.0173205080756888,354.3602839729446
0.03742926598884075,0.05,0.06369059511827162,354.65815853743004
0.10666666666666667,0.05,0,354.1259745227509
0.016971669256513413,0,0.06854603876990475,344.97514367854546
0.021976143996027844,0,0.06552497699093887,345.0186378796922
0.08999999999999998,0,0.028867513459481284,345.1365948165559
0.010969918077278967,0.05,0.07154040879754436,354.3451571054041
0.083014886176555,0,0.05171194715928987,345.3735677695536
0,0.005549834589477383,0.08124404425804509,345.3894971471983
0,0.005549834589477383,0.09406455707855789,345.451248716422
0.044470176187704914,0.05,0.05433764056129378,354.64650806486566
0.05020972665684033,0.05,0.05093566290989805,354.66638413545354
0.02294343290116155,0,0.09607840636535893,345.2043724049891
0.039831580589102404,0,0.07994836903118986,345.3178040300624
0,0.033149785994006496,0.08377198994129362,349.9930560749263
0.04316881645797615,0.05,0.06028861746687589,354.6906582961075
0.027589825522880012,0,0.06849676304909832,345.10992649858247
0.10333333333333332,0,0.005773502691896257,344.8186968596636
0.005484959038639483,0.05,0.07423174286031065,354.26741183828375
0,0,0.08333333333333334,344.81370035791304
0,0,0.07692307692307694,344.77699263813435
0.05603807274137014,0.05,0.06788267400451808,354.87513195222283
0.05101240680046247,0.05,0.07969095129247546,354.91815986057117
0.053525239770916305,0.05,0.07378681264849676,354.8997866133743
0.08333333333333331,0,0.028867513459481284,345.1222558478218
0.09333333333333332,0,0.03464101615137753,345.211344313422
0.06314999113242414,0,0.051100951568760475,345.28059636962035
0.06983115603412404,0,0.05158650430607539,345.3217007927587
0.09309095135598958,0.03317444633325313,0,349.9003986875545
0,0.022149597843623595,0.08784798259908544,347.8462386489387
0.10437504519286644,0.04442105170182509,0,352.60180147270944
0.10666666666666665,0,0,344.7237742366632
0.10881748615198397,0.005537559253363401,0,345.30582752830935
0.03367016209103218,0.05,0.07311184257695988,354.68893959799107
0.03333061867023314,0.05,0.06712671922052256,354.63829565715446
0.027479009204928885,0.05,0.06371075548764951,354.5337928578892
0.07006496566129355,0.05,0.07259144003509649,355.00594956589055
0.05117186010451208,0.05,0.06833563381558122,354.8375421674668
0.05695664975684221,0.05,0.05112009970480026,354.7252481812424
0.1033333333333333,0,0.017320508075688773,344.98993941218157
0.0436117063292213,0,0.07669966795460778,345.3343344710314
0.056468826230724266,0,0.05061539883144556,345.23214368800444
0.038730625718569514,0.05,0.05773961821268951,354.6185218893382
0.11541675705239957,0.038842103403650165,0,351.1809061223221
0,0.027563020212963772,0.09825619281277381,348.90174942441035
0,0.02211213755553949,0.10042123954290241,347.89156579440186
0.11978256710447872,0.03330793405631087,0,349.90008530284075
0.09666666666666665,0,0.005773502691896257,344.8186964762851
0.08697610678603769,0.05,0.046606232432609584,354.8275270493422
0.1,0.05,0,354.1300299647133
0.09999999999999998,0,0.011547005383792514,344.9074265440408
0.06692513939915137,0.05,0.023022176349429158,354.43218542994606
0.04630564746765402,0.05,0.06878859362664436,354.7954851125646
0.03299107524943411,0.05,0.06114159586408524,354.58242560887123
0.011314446171008944,0,0.07133838482096216,344.9154365478803
0.11333333333333329,0,0,344.7130690253233
0.08646055664744103,0.016581339124789003,0,346.79359396110794
0.026980618735542274,0,0.06250391521197299,345.0567505627419
0.043853472044368486,0,0.053247515207089466,345.1545245891436
0.053731623837044905,0.05,0.04543227957223532,354.63610307563533
0.09088081978647339,0.02764341059709842,0,348.7507133182001
0.08867068821695721,0.022112374860943713,0,347.7151117427181
0.05106091821263131,0.04434300626351187,0,352.3707656336787
0.046666666666666676,0.05,0,353.875426229381
0.04439425154596466,0.04434300626351186,0,352.3082818522005
0.07666666666666666,0,0.02886751345948129,345.10065418834847
0.07335972009315406,0,0.03425114557773433,345.1528054880703
0.07,0.05,0.005773502691896267,354.15952144479274
0.06669305342648738,0,0.022704140193941826,344.9749951527978
0.0600176773815071,0,0.022410058078256842,344.9314832492882
0.06338610685297479,0,0.028087772312194868,345.0261730416558
0.0253142133495135,0.025602770862321975,0,347.8844506696976
0.027100932488252683,0.03167868556477208,0,349.1181425276005
0.021836759208085747,0.030490613213132865,0,348.8006590901511
0.05736342170779886,0.05,0.02856483906935199,354.4485355176696
0.06043828230864751,0.05,0.022863170795611638,354.3874246140142
0.010795531034385705,0.0037487604507432694,0,344.4663332899372
0.014924395402104745,0.007497520901486539,0,344.95391052133914
0.008257728735438079,0.007497520901486539,0,344.8574409644557
0,0.005540105643147679,0.068444335490007,345.3054091001996
0,0.011080211286295358,0.06637585046719346,345.98546153407597
0,0.011080211286295358,0.07278610687744988,346.031979571913
0.07974788045993664,0.033127121955500834,0,349.85821447699766
0.08420928433844692,0.027619748408222275,0,348.7317371972566
0.0864194159079631,0.033150784144376985,0,349.8831372550171
0.06435878167063672,0.04436781992220823,0,352.4775592508813
0.06871756334127345,0.038735639844416456,0,351.09026815018564
0.0710254483373034,0.044367819922208236,0,352.5157439624833
0.005524195309306268,0.03198973584272011,0,348.86410811020875
0,0.03333333333333334,0,349.05494190556914
0,0.027777777777777783,0,347.9154457398027
0.026387865699232824,0,0.04640920384014419,344.90322678978424
0.02197868606171425,0,0.04109326046932329,344.79305494630387
0.021667562434984605,0,0.047993918993212245,344.8606673293559
0.055482264756960706,0.005359278206970003,0,345.1306588503552
0.06215836289373747,0.005505667053939281,0,345.19212519331677
0.05764062765069821,0.010864945260909285,0,345.8315175296399
0,0.011289820255272809,0.04718187232755388,345.8420878082643
0,0.005644910127636404,0.042821705394546175,345.08736557442944
0,0.011857455213254892,0.04016822062439082,345.8447098551366
0.029419258662905345,0,0.024371195350491495,344.68345657905405
0.025334674506568587,0,0.02935559843482075,344.69860066282706
0.03278871896221186,0,0.029834538295028072,344.7903700688241
0,0.024847045068920187,0.030413264586317452,347.8212864508262
0,0.029449170391533656,0.025442891374750302,348.6467878267562
0,0.03105645488098492,0.030325445021562505,349.0437329670073
0.005960210016975106,0,0.02885632208897371,344.42739159101217
0.011920420033950212,0,0.032071618536921774,344.5545253012174
0.011920420033950212,0,0.025661362126665362,344.4750551709627
0.06666666666666665,0,0,344.6381058249024
0.06882502956040415,0.005505667053939281,0,345.22951716995
0.06666666666666667,0.05,0,354.03102281461776
0.07333333333333335,0.05,0,354.0665855544097
0.07002638675982073,0,0.028477642885838077,345.06698545775765
0.005120342368306838,0.04999999999999999,0.010687291810838781,353.5026926635512
0.010240684736613676,0.04999999999999999,0.014964327211421153,353.66404755465305
0.005120342368306838,0.049999999999999996,0.01709754822109519,353.60821887441296
0.04003608479499824,0,0.010120570350086497,344.59626166922254
0.036711460839978526,0,0.004641149773875221,344.47951280480316
0.03342292167995706,0,0.009282299547750441,344.5161980202635
0.07769211500397008,0.044367819922208236,0,352.54597225484264
0.04429786284725479,0.010718556413940006,0,345.70397445536247
0.04644679427088219,0.01607783462091001,0,346.4914041835263
0.039966178964655485,0.015598227683627,0,346.3569129791144
0.037254529363385164,0.05,0.025565258874562343,354.2126948446098
0.04382195121787526,0.05,0.02637653558149873,354.29582607237325
0.04046321246256866,0.05,0.03114305766512998,354.32785755264496
0.043424396054911545,0,0.036918934134867146,344.9815012568086
0.04660602869196796,0,0.04352439011449889,345.082560517214
0.0500365283421139,0,0.037971576226604645,345.05066692702894
0.01652647870570732,0.05,0.06302954296503085,354.3675086355052
0.059899325880870206,0,0.045062584943551316,345.19984721845526
0.06658049078257008,0,0.04554813768086623,345.24485237672843
0.06332982553101615,0,0.039509771055657075,345.161509004686
0.01771505728527921,0.03620169390766243,0,349.9807509536053
0.022979230565446148,0.03738976625930165,0,350.33042857210603
0.026972482040283262,0,0.05618144700409816,345.00315306335165
0,0.03290868142769673,0.07711809427044644,349.90005075139175
0,0.027639962972485346,0.07942053391240786,348.824690525752
0,0.027398858406175574,0.07276663824156068,348.73316911069804
0.0733333333333333,0,0.011547005383792525,344.8500957707103
0.07666666666666665,0,0.005773502691896262,344.7757970914733
0.06999999999999998,0,0.005773502691896262,344.7471687453807
0.03674754563497677,0,0.014761720123961715,344.63138365222204
0.03013438251993559,0,0.013923449321625661,344.54821525073686
0.0335038428192421,0,0.019386792266162238,344.6621608038101
0.053315914576706085,0,0.010958841152422554,344.72290027312886
0.046649247910039424,0,0.010958841152422554,344.669152647609
0.04997387186505914,0,0.01643826172863383,344.77620244347435
0,0.016934730382909213,0.051542039260561584,346.71032806970953
0,0.017502365340891293,0.04452838755739852,346.72760419297424
0,0.02217104241733967,0.04977607028495186,347.5622009755507
0.02604979836359883,0,0.018907852405954915,344.5709141081968
0.005657223085504471,0,0.06131021805150672,344.75548640987864
0.011306309475749933,0,0.05860566020283092,344.81736722262076
0.005649086390245463,0,0.0549877498436319,344.70123163305107
0.05772758487929797,0.04434300626351186,0,352.4249277587612
0.05333333333333333,0.05,0,353.9356257706799
0.03694572105500607,0.05,0.004803220431142359,353.86460187003075
0.0302790543883394,0.05,0.004803220431142359,353.78404440530187
0.033333333333333354,0.05,0,353.7305839584166
0.07533733011352123,0.022067266684410513,0,347.66647863454415
0.07753774889042046,0.027596086219346127,0,348.705099730831
0.07087592623501095,0.027574640231689075,0,348.6713720656251
0.005649086390245462,0,0.04216723702311907,344.57565344629006
0,0,0.044871794871794886,344.51453005399054
0.005649086390245462,0,0.04857749343337549,344.6410886469161
0,0.022547145604442397,0.019641323896552352,347.2584050072868
0,0.02185453062941587,0.01375193685359945,347.05010554255597
0,0.027149270927055866,0.014670950684985206,348.03447242022247
0.039999999999999994,0,0,344.4381596043558
0.04214893142362739,0.005359278206970003,0,345.01955959563907
0.035668316117400685,0.004879671269686994,0,344.9008802850824
0,0.027742152332814185,0.004277641007404566,347.9819966552139
0,0.022150971332295027,0.008555282014809132,347.0207714747485
0,0.02218659677725863,0.004277641007404566,346.95740008155445
0.07333333333333332,0,0.023094010767585042,345.01248073652647
0.07666666666666665,0,0.017320508075688783,344.94689210786254
0.06999999999999998,0,0.017320508075688787,344.91813701005725
0,0.022139868897293892,0.08145853024130377,347.81001204257433
0.06644514822057143,0.03307864610792832,0,349.7852250672415
0.0642447294436722,0.02754982657299271,0,348.6295239094803
0,0.027445711629935025,0.009474295846194886,348.01022688315567
0.05017980957616282,0.05,0.0056144971380787485,354.0150396061326
0.05369295248565897,0.05,0.011228994276157497,354.146205261576
0.047026285818992306,0.05,0.011228994276157497,354.08641801157523
0.029743854144087162,0,0.03467154180564165,344.8144299883278
0.03719789859973043,0,0.03515048166584898,344.9006746751736
0.02005004006934656,0.02441469851068276,0,347.59376007384435
0.016572585927918805,0.029302540861493642,0,348.48406635752104
0.016963532561254407,0,0.06222357056202994,344.92665814988595
0.04666666666666665,0,0,344.49891475702725
0.015177254986331575,0.02328378769173903,0,347.32032094819357
0,0.03549802723440269,0.007880216370512269,349.66833172578464
0,0.03303689263045418,0.005196654838790319,349.08206829364497
0,0.035794467937281846,0.00268356153172195,349.64535351743734
0.04356116387384327,0,0.04836139362511248,345.10484465054674
0.04336070875001795,0,0.015599990926297772,344.7073793831346
0.04011700593428328,0,0.020225063068498295,344.7412305433002
0.032365105768419625,0.0328667579164113,0,349.43651666986904
0.028243403845613087,0.038577838610940864,0,350.680996895426
0.07999999999999997,0,0.011547005383792521,344.87520247604465
0.011048390618612536,0.025090582796551318,0,347.5868164042082
0.005524195309306268,0.02643418028716455,0,347.7508600990001
0.005524195309306268,0.020878624731608994,0,346.7531654779134
0.08199915276893074,0.022088712672067565,0,347.69442093336824
0.07979873399203151,0.01655989313713195,0,346.77143702866556
0,0.0055555555555555575,0,344.500293155611
0.004128864367719039,0.009304316006298826,0,345.01797122543485
0,0.011111111111111115,0,345.1867147014374
0,0.029515722145368566,0.03566094731387079,348.7945995202744
0.027224775443345447,0.05,0.009606440862284718,353.83107932993494
0.030837163165018167,0.05,0.014409661293427078,353.960718979963
0.025678451144985615,0.05,0.013883476262867091,353.88360489929323
0,0.005644910127636404,0.04923196180480259,345.1529672564474
0,0.011289820255272809,0.053592128737810295,345.9049224865148
0.005960210016975106,0,0.03526657849923012,344.5039601743847
0,0,0.03846153846153847,344.44616136820514
0.020000000000000018,0.05,0,353.55091135303286
0.024121701922806552,0.04428891930547043,0,352.05246178981383
0.026666666666666686,0.05,0,353.6452527321988
0.03781724754102808,0.010238949476656996,0,345.5773891978783
0.073136911336622,0.016538447149474896,0,346.74188701207976
0.06867550745811171,0.02204582069675346,0,347.6311432515766
0.08666666666666664,0,0.011547005383792514,344.8930893060974
0.08999999999999998,0,0.005773502691896257,344.8115456089546
0.08333333333333331,0,0.005773502691896257,344.79725540433674
0.05059268646283706,0.05,0.02747068732542536,354.3765824105359
0.054004682952492264,0.05,0.03333136115298324,354.48755202643633
0,0.022222222222222227,0,346.8915029641586
0.032510368468616116,0.05,0.05596225516743414,354.52735852586403
0.03824991893775152,0.05,0.05256027751603841,354.56129225021675
0.04184928680210452,0.038631925568982296,0,350.8524670941064
0.037455035256139885,0.04428891930547044,0,352.2201695589975
0.023378127506645197,0,0.00464114977387522,344.3294340143232
0.026666666666666665,0,0,344.2953135174081
0.019999999999999997,0,0,344.2132614494279
0.017999600712033298,0,0.004117728649829512,344.2526072755674
0.030788368589473217,0.04428891930547044,0,352.1408207508797
0,0.02726255832435453,0.05972088170602192,348.6020482790013
0,0.02733495638806233,0.05386549150768202,348.56161989338744
0,0.03249887035878499,0.05795491273041219,349.6598647982255
0,0.006212545085618486,0.02298754087087029,344.915775187412
0,0,0.019230769230769235,344.2090758926622
0,0.005519930110591957,0.01709815382791739,344.7555291004299
0.031336632234801376,0.009759342539373987,0,345.4448033602241
0.017912807964720927,0.05,0.03742939123830036,354.1153155860041
0.012356247336292574,0.05,0.033119744250301036,353.96992935990573
0.01853437100443886,0.05,0.030448847144682323,354.0325906190582
0,0.0383567129270926,0.05591558098493073,350.96615118656814
0,0.044214555495400196,0.05387624923944926,352.408915547769
0,0.0441421574316924,0.059731639437789155,352.4462979103423
0.031692785304531484,0,0.05459673185103012,345.04337943260754
0,0.01863763525685546,0.030501084151072402,346.7447770628515
0,0.012425090171236972,0.033154568921227756,345.8415387764583
0,0.012425090171236972,0.026744312510971344,345.7610089108085
0.0469608885920831,0.05,0.04433812782830869,354.5622711539202
0.04398946940688692,0.05,0.04915829986464267,354.5871158696297
0,0.03829600748313057,0.01680356608783705,350.4590685064936
0,0.03520158653152353,0.013076871209302588,349.68732524325685
0,0.04105358278995824,0.014290472780768679,351.0869643558257
0.006666666666666665,0,0,344.0273347290422
0.0041288643677190396,0.0037487604507432694,0,344.36635561755315
0.05664924791003941,0,0.016732343844318813,344.8307651956807
0.053342301336526815,0,0.022115975962571855,344.8807201157666
0.02721076027279971,0.05,0.04055199823098206,354.2885997462836
0.026589197233081778,0.05,0.047532542324600094,354.3615322807936
0.02225100259890135,0.05,0.04248096678145022,354.24228454390726
0.021965214207262072,0,0.02389225549028417,344.5874612741856
0,0.016559790331775872,0.0128329230222137,346.1712663641728
0,0.01659541577673947,0.008555282014809132,346.1110744931959
0.08430703776496068,0.01105422608319267,0,345.9845718264824
0.07764521510955116,0.011032780095535617,0,345.9608073379583
0,0.03842911099080039,0.04364993437633442,350.85365713814895
0,0.0442145554954002,0.04746599282919285,352.34154728999545
0,0.038429110990800396,0.05006019078659084,350.9243505575337
0,0.045755288231016544,0.029309977716371748,352.5235714516704
0,0.04575528823101655,0.035720234126628156,352.6088561292285
0,0.0415105764620331,0.03297892979171786,351.47442923437524
0,0.03852541942969456,0.07483512326437422,351.1635189568451
0,0.011089940232625061,0.07917555923523154,346.07428454510244
0,0.005540105643147679,0.0748545919002634,345.3496271237708
0.015907313729202937,0.04680832072501051,0,352.60152448089576
0.013333333333333345,0.05,0,353.4484155461172
0.009240647062536264,0.04680832072501051,0,352.4932151134905
0.021577520424792513,0.05,0.019229871546618836,353.9120975756292
0.020519739124953064,0.049999999999999996,0.013357291232307103,353.80106619785005
0,0.05,0.00641025641025641,353.331562745895
0,0.04690557904839296,0.00909381794197836,352.5184892975237
0,0.04690557904839296,0.00268356153172195,352.40284938478544
0,0.034184399221816944,0.04090863004142413,349.84766617901425
0,0.03996984372641675,0.03831443208402614,351.16172511652996
0,0.05,0.01282051282051282,353.4428284430416
0,0.04690557904839296,0.01550407435223477,352.6256519049864
0.018857528642639614,0.043100846953831214,0,351.6696992854427
0.014764842371842533,0.03990916767884173,0,350.81031774549245
0.022038544750212538,0.05,0.060460383341466584,354.4281607309426
0.01659808029549619,0.05,0.05721001119528365,354.3151001366454
0.02211014634000141,0.05,0.05464085157171937,354.37341747536374
0.0570262858189923,0.05,0.01700249696805376,354.27012205017616
0.06351314290949615,0.05,0.01716150252187128,354.31904906797183
0.06017980957616282,0.05,0.011387999829975015,354.199011870121
0.02584398482381546,0.05,0.030680250651498205,354.1416129572104
0.03315359864319206,0.05,0.03091165415831409,354.24003526840596
0.030182179457995884,0.05,0.03573182619464807,354.26705689970976
0.05665795728835303,0,0.005479420576211277,344.6637653618839
0.04999129062168637,0,0.005479420576211277,344.6137230903318
0.01747658970459941,0.05,0.024576266830370584,353.93215740967025
0.011298466036453125,0.05,0.02083690752573289,353.7755111959821
0.016418808404759965,0.05,0.018703686516058853,353.82566149519533
0,0.017945020281828927,0.024611697108119498,346.5562607562067
0,0.0172524053068024,0.0187223100651666,346.36509052331377
0.07999999999999999,0,0,344.69524097234626
0.07549169622707082,0.005505667053939281,0,345.2597487856226
0.07333333333333332,0,0,344.67025357910467
0.010626477395675071,0,0.020153537918290398,344.38412000832994
0.016586687412650177,0,0.02336883436623846,344.5102965739995
0.016955395865995395,0,0.055901102354155116,344.8729696217462
0.021968007300768835,0,0.059202508783064045,344.9675963656674
0.021959870605509822,0,0.052880040575189226,344.91135185216234
0,0.02188903538465442,0.06841518221267492,347.67831765505696
0,0.016725121413931763,0.06432576098994475,346.7916360470287
0,0.021993839869143147,0.06202332134798333,347.6452931023316
0.0633333333333333,0,0.005773502691896262,344.71138003832743
0.05999999999999998,0,0,344.59879770973953
0,0.05,0.0641025641025641,354.0838996670763
0,0.05,0.05769230769230769,354.02609014272645
0.04673016904932446,0,0.021063333870834353,344.81312761221767
0.041752898103394664,0.021674142386077105,0,347.36138662918614
0,0.05,0.05128205128205128,353.962047046564
0.005556560628428353,0.05,0.04918144185979419,354.0447907448861
0.005556560628428353,0.05,0.0555916982700506,354.11096706186737
0.02162943955918342,0.05,0.049461510875068254,354.312448357198
0.01729124492500299,0.05,0.04440993533191839,354.1903756155127
0.04685489570505748,0,0.0313661202469729,344.94656302264474
0.05346702799225984,0,0.032418762338710404,345.01273159262377
0.0393043220582444,0.03292084487445273,0,349.5265916880953
0.034910070512279755,0.03857783861094087,0,350.76337343839174
0.022334982784067356,0.004879671269686994,0,344.74686381828275
0.02900164945073402,0.004879671269686994,0,344.8274150598514
0.017569506424195674,0,0.03577731709850238,344.6761623004074
0.017258382797466033,0,0.04267797562239134,344.74823608221504
0.03740458501950826,0.05,0.015220938000363466,354.05326763568786
0.034045846264201665,0.05,0.019987460083994713,354.09031532038244
0.05999129062168636,0,0.01125292326810754,344.7739889874538
0,0.05,0.019230769230769232,353.5456168349129
0.006178123668146286,0.05,0.022970128535406927,353.7185875375091
0,0.05,0.02564102564102564,353.6425964080058
0.037059001935907145,0.0272704501512442,0,348.3430907913005
0.03057838662968044,0.02679084321396119,0,348.17603197037016
0.05096452951392145,0.010718556413940006,0,345.7615276749507
0.05312289240765895,0.016224223467879287,0,346.5699175499427
0.023612387721672734,0.05,0.004803220431142359,353.69447678762486
0.018453675701640183,0.05,0.004277035400582372,353.6091257901619
0.01666968188528506,0.05,0.05139047942553643,354.25777070758426
0,0.006212545085618486,0.0293977972811267,344.9982350938394
0,0.034051295714147126,0.020472518163183157,349.5462123645418
0,0.03244401122469586,0.015589964516370958,349.12436699717205
0.05999999999999999,0.05,0,353.9875036555832
0,0.02784188590208239,0.020560337727938104,348.2572471905429
0.02675625501329039,0,0.00928229954775044,344.44108528142624
0.011314446171008942,0,0.06492812841070573,344.86873737536433
0.005657223085504471,0,0.06772047446176313,344.80507761016594
0,0.03565858020359838,0.025355071809995355,349.97546223594935
0.005484959038639482,0.05,0.06782148645005423,354.2188627144267
0.010969918077278965,0.05,0.06513015238728795,354.29402950672403
0,0.05,0.07051282051282051,354.1357897537683
0,0.044142157431692405,0.06614189584804557,352.50206408994836
0.02706990401389977,0.05,0.052711883021251196,354.4236176752063
0.027550610794717757,0.05,0.0578912237179023,354.4816357757927
0.03749179327737248,0.05,0.035963229701463956,354.3590579792837
0.02994491554400856,0.05,0.02533385536774646,354.1201805599439
0.04869211439321944,0.021728229344118537,0,347.4353557610331
0.0553682125299962,0.021874618191087814,0,347.5152707218582
0,0,0.07051282051282054,344.7350746288289
0.006178123668146286,0.05,0.029380384945663335,353.81158593789627
0.006178123668146286,0.05,0.03579064135591975,353.89753158553776
0.01333333333333333,0,0,344.1238055651323
0.01746219770105237,0.0037487604507432694,0,344.5592960105267
0.011298172780490926,0,0.052283191994956096,344.76079407039697
0.06666666666666664,0,0.011547005383792525,344.81782647176664
0,0,0.025641025641025647,344.29346583986705
0.005960210016975106,0,0.0224460656787173,344.34546155228236
0,0,0.06410256410256412,344.6878740101469
0.04371205052732588,0.05,0.037740592746719336,354.4494289596507
0.0407406313421297,0.05,0.04256076478305332,354.47745153082485
0.0633246239550197,0,0.017026425960003803,344.87807671787505
0.019797180485119727,0.008628431720430263,0,345.1592827459019
0.017259378186172104,0.012377192171173532,0,345.62028162323446
0.030044794173311858,0,0.00464114977387522,344.408016417732
0.033333333333333326,0,0,344.3702795690507
0.011787009034973511,0.049999999999999996,0.004277035400582371,353.50417483359024
0.006666666666666672,0.05,0,353.33538500959725
0.022289809688443893,0,0.03419260194543433,344.7192107933554
0.04351314290949616,0.05,0.005614497138078748,353.95088538228487
0.040458863964502205,0.05,0.010417717569221108,354.0052892701125
0.01173468429657464,0.05,0.04010028834391907,354.0487393381813
0.05684647624282948,0.05,0.0056144971380787485,354.07087217358463
0,0.005519930110591957,0.004277641007404566,344.5646961000023
0,0,0,343.92384894115753
0.09333333333333332,0,0,344.72378208713684
0,0.02213013995096419,0.0750690778835221,347.7683551616302
0,0.05,0.03205128205128205,353.73252322835305
0,0.016631041221703072,0.004277641007404566,346.0483568980171
0,0.01666666666666667,0,345.9831135786365
0,0.05,0,353.211819743473
0.005120342368306838,0.049999999999999996,0.004277035400582371,353.3886891474142
0.06333333333333332,0.05,0.005773502691896267,354.1198662600559
0.03348556365842878,0.01511862074634399,0,346.21642119453264
0.028791667490941253,0.020714928511511084,0,347.05383602367414
0.027004948352202074,0.01463901380906098,0,346.0699288297811
0.04399821822573191,0.027324537109285632,0,348.42511286633703
0,0.05,0.038461538461538464,353.81539729595465
0.005556560628428353,0.05,0.042771185449537785,353.9724265751432
0,0.05,0.04487179487179487,353.89181609764006
0.03452037409217631,0.05,0.04078340173779794,354.3847796211924
0.088820185549147,0.005527113041596334,0,345.30082137785166
0,0.011185015770784085,0.05998398960250188,345.9479386946711
0,0.005644910127636405,0.055642218215059006,345.2132767239744
0,0.016630045875772742,0.07710707421241801,346.8687899055123
0,0.006212545085618487,0.03580805369138312,345.0753335449096
0.06666666666666668,0.05,0.011547005383792535,354.244126365843
0.040000000000000015,0.05,0,353.8069050316863
0.04881559809029405,0.005359278206970004,0,345.07871378176884
0.01690735140328035,0.05,0.008554070801164744,353.66318963102884
0.0220660634233129,0.05,0.009080255831724731,353.74984679086856
0.023527494210774318,0.019526856159871868,0,346.7890475645977
0.04037953123678685,0,0.04175593764548073,345.0063981777145
0.037334666418662156,0,0.04659294115609431,345.0266492263803
0.019377328930711795,0,0.012876607073534243,344.4024471812321
0.021377728218678494,0,0.008758878423704732,344.3674051152606
0.0159992014240666,0,0.008235457299659023,344.28902406674115
0,0.0415105764620331,0.026568673381461447,351.3867339468606
0,0.038284314863384794,0.06818122759352703,351.0567064856786
0,0.03242647229507719,0.06381030292875209,349.6961473641491
0,0.038284314863384794,0.06177097118327062,351.00298365081653
0.055455169758595955,0.03868601252702373,0,350.98952172904245
0.010240684736613676,0.04999999999999999,0.008554070801164743,353.555783524801
0.015361027104920516,0.049999999999999996,0.012831106201747114,353.7131028756336
0.011609296407220568,0,0.03897227706081073,344.6295247130222
0.013998802136099898,0,0.012353185949488532,344.3225118229489
0.06997010543786208,0,0.03989964162930028,345.2018776914835
0,0.005540105643147679,0.06203407907975059,345.25590846725186
0,0.02323976057946893,0.025530710939505253,347.46405054576934
0.012356247336292573,0.05,0.02670948784004462,353.88091213222424
0.031548954906980134,0.05,0.04560357377413192,354.4050224783713
0.011814627458405854,0.04361664145002102,0,351.6915701518911
0.005147960791739182,0.04361664145002102,0,351.5774472239961
0.03687330311854861,0,0.024850135210698815,344.7704773757959
0,0,0.0512820512820513,344.577606525285
0.02475585572532369,0,0.01340002819757995,344.4776816571614
0.020671271568986935,0,0.018384431281909207,344.49706496131597
0.043486466233589795,0,0.025688406013034872,344.84544845329106
0.040242763417855126,0,0.0303134781552354,344.87316496669456
0.05053942872848845,0.05,0.016843491414236245,354.21350291955747
0.05395142521814365,0.05,0.022704165241794118,354.33497168525923
0.04718068997318185,0.05,0.021610013497867488,354.25770786134416
0.00809817570517586,0.03435361212328617,0,349.4161317321228
0.002573980395869591,0.035697209613899404,0,349.62143066441445
0.0820557654559666,0.03875930203329261,0,351.15373382744235
0.07538423000794013,0.03873563984441646,0,351.1231184143551
0,0.0379591618383512,0.010563777902234218,350.2789399995272
0,0.03825560254123036,0.0053671230634439,350.2601099709087
0.01067215610104545,0.036717488403852236,0,349.9903687486744
0.048788503091929294,0.03868601252702373,0,350.9330753637807
0.07999999999999999,0,0.023094010767585035,345.0376591151658
0.011048390618612536,0.030646138352106875,0,348.6738162608595
0.0046662673786999655,0,0.004117728649829511,344.0622427655904
0.05333333333333331,0,0,344.5524607921551
0.05664866062931626,0,0.03902421831834216,345.1126031112781
0.024669965568134715,0.009759342539373987,0,345.36575294506724
0.050937434515556684,0.027378624067327065,0,348.4986495553333
0.057613532652333446,0.02752501291429634,0,348.57996611056706
0,0,0.05769230769230771,344.6353907820885
0.08333333333333331,0,0.017320508075688777,344.9684273303862
0.022635301724631962,0.05,0.025102451860930575,354.0170662483214
0.026736232444825064,0.05,0.019756056577178827,353.99310903528965
0.005147960791739182,0.03806108589446547,0,350.21013281789766
0.002573980395869591,0.04125276516945496,0,350.9340525339643
0,0.01662031692944304,0.07071762185463634,346.8240499825609
0.04332462395501971,0,0.005479420576211276,344.55647170123615
0.0046662673786999655,0,0.016938241470342334,344.2511514017206
0.009332534757399931,0,0.014645713709915433,344.28896337848283
0.032029661687798125,0.05,0.05078291447078303,354.46822414903073
0.011113121256856706,0.05,0.04708083243753711,354.11988437901965
0.03762697458918737,0,0.0514790627380713,345.07767979889627
0,0.01807000029887338,0.03751473585423547,346.7390871906882
0.009332534757399931,0,0.008235457299659021,344.1951303928542
0.03140047713400627,0,0.04971061026905313,344.9941376818465
0.026680173869758045,0,0.051295325422121174,344.95475965440505
0,0.01682992589842049,0.05793390012525318,346.7537287427449
0.04624353834806916,0.032974931832494156,0,349.60818132028123
0,0.03257126842249279,0.0520995225320723,349.61861406751603
0.011041519667067836,0.05,0.059310620617540735,354.24357217687276
0.005484959038639482,0.05,0.061411230039797815,354.1643941529117
0.03527228279716796,0.021194535448794096,0,347.21061161651505
0,0.016639774822102445,0.08349652657019968,346.9080995538837
0.07098339245414165,0.011011334107878561,0,345.9296497652906
0.015292744774375039,0,0.017861010157863497,344.41851493208134
0.06431672578747497,0.011011334107878561,0,345.894173927187
0.06647508868121248,0.016517001161817844,0,346.7049439113503
0.059798990544435715,0.016370612314848564,0,346.6410974592175
0,0.03888888888888889,0,350.31287123857027
0,0.044444444444444446,0,351.6984971845382
0,0.0413500234928374,0.0026835615317219496,350.96025314462804
0,0,0.012820512820512825,344.1192440769164
0,0.005519930110591957,0.010687897417660979,344.662734517594
0.017880630050925318,0,0.028876658574613426,344.5978567487033
0.016947259170736386,0,0.04957863414628029,344.8140780941263
0.06671944018630813,0,0.03386127500409112,345.1158099251064
0,0.011732475196210443,0.020854925468018443,345.58662771399503
0,0.011039860221183913,0.014965538425065544,345.40959259093347
0,0,0.006410256410256413,344.0241684264148
0.03776921215693353,0.05,0.0473809368193873,354.49999531726894
0.01133293404536663,0,0.004117728649829511,344.16093249647616
0.011298172780490926,0,0.04587293558469969,344.6982923549305
0,0.045755288231016544,0.02289972130611534,352.4312340213666
0,0.03990329197258184,0.021686119734649248,350.91919897465823
0.050098598520792154,0,0.026741048104772378,344.9159437330406
0.011113121256856706,0.05,0.053491088847793515,354.18819391681996
0,0.044214555495400196,0.041055736418936443,352.2679911794603
0.02213216326918709,0.013508102990117257,0,345.8445562392065
0,0.03572513195743329,0.03557312774911584,350.1275733254723
0,0.03726586469304965,0.030237625456807554,350.41211661139465
0,0,0.03205128205128206,344.37249433171473
0.07307634501191018,0.03310345976662469,0,349.82563035349625
0.03415303378160574,0,0.039987485176462556,344.9235385114126
0.012386593103157118,0.011246281352229806,0,345.3971049818651
0,0.02740735445177013,0.048010101309342135,348.5162233429876
0.05321816097917032,0,0.044577032206236405,345.14749380170446
0,0.040716737145178865,0.00805068459516585,350.89921126598307
0.056710730807994505,0,0.02779369019650988,344.979209526819
0,0.03274045192757502,0.010393309677580637,349.105209990846
0.04723394770753046,0.05,0.03223720940905661,354.41210640505517
0.004128864367719039,0.014859871561854383,0,345.77956416468925
0.009653059677025306,0.019071829626796707,0,346.5181430429325
0,0.0271577538398658,0.0661127425707135,348.6356834489196
0.060079160279462196,0,0.03347140443044791,345.0716706766316
0,0.02273867737532175,0.042762418581788794,347.58777847219204
0.05048278577228769,0.05,0.038834744490645966,354.52846934671334
0.007721941187608772,0.040424962175031526,0,350.8210483660186
0.022872565638619283,0.05,0.035500422687832184,354.1644557931793
0.026698989325962468,0,0.039508545316255236,344.8338440355913
0.0046662673786999655,0,0.010527985060085922,344.1593190010334
0.05318275463789393,0.03302901879053559,0,349.681285566427
0.002573980395869591,0.04680832072501051,0,352.3743710164808
0,0.043811158096785915,0.01177737947370031,351.7435167153432
0,0.043811158096785915,0.0053671230634439,351.6319798922888
0.018654709127759333,0.018395945340928144,0,346.53964170648504
0.05981395142923268,0.03305383244923196,0,349.7371101382185
0.062086366549934706,0.038710826185720096,0,351.0437497609983
0,0.04414215743169239,0.07255215225830197,352.55191083189646
0,0.023306312333303835,0.035748766878625736,347.60756284328284
0.06204431066677296,0.02202100703805709,0,347.58785222554144
0,0.03264366648620059,0.04624413233373241,349.5723951720206
0.043972006873998354,0.05,0.016032214707299854,354.137528948886
0,0.02209864435363187,0.05563146048329175,347.60677518085487
0.04061326811869176,0.05,0.0207987367909311,354.1781552621266
0.013622371014482127,0.03301001463267294,0,349.21137474584185
0.031108168963481043,0,0.04482448868707614,344.9417564754113
0.03389144211001212,0.05,0.00960644086228472,353.91587318612295
0,0.044148003741565287,0.01801716765930314,351.93281845240716
0,0.03266757686138696,0.07046419859959926,349.8010811811326
0,0.011039860221183913,0.008555282014809132,345.31383524100744
0.08215351888248033,0.005527113041596335,0,345.28512083022844
0.008257728735438077,0.013053076457042095,0,345.5842279657654
0.013781924044744345,0.01726503452198442,0,346.2913338229749
0,0.02797498940975221,0.04099644960617907,348.55010221300586
0.08666666666666666,0,0,344.7130811983853
0,0.011075485666147515,0.004277641007404566,345.25153783332337
