% Model,3d_full_flux.mph
% Version,COMSOL 6.2.0.339
% Date,"Apr 17 2026, 16:34"
% Dimension,3
% Nodes,4286
% Expressions,1
% Description,Volume
% X,Y,Z,Temperature
0.17656132305921285,0.05,0.24539001097615984,363.9464557857008
0.17333333333333337,0.05,0.25,363.89532233669973
0.16989465639254617,0.05,0.24539001097615984,364.05424053347195
0.09785108682395038,0.027726898495404904,0.25,359.0172757345628
0.1000925894728541,0.03328181003790619,0.25,360.21792432311537
0.10449794177632822,0.027733304452145127,0.25,359.0170390767494
0.2,0.03372003901035904,0.1861366274361847,360.26155219008797
0.2,0.03919779934264397,0.19030176612715233,361.5109201925387
0.19999999999999996,0.039044479335430135,0.18397741492575698,361.5397536729169
0.19577290344402273,0.04647521159494428,0.25,362.4906173216914
0.2,0.05,0.25,363.37436229968824
0.2,0.044444444444444446,0.25,361.8551723297433
0.20000000000000004,0.03970541749367719,0.20937476088977364,361.3925167163367
0.20000000000000007,0.03438097716860609,0.20512371698994492,360.1856891016164
0.20000000000000007,0.034735275312425484,0.2114621041409145,360.17711061416657
0.1,0.05,0.25,364.4794592230437
0.09333333333333335,0.05,0.25,364.4746522377856
0.09666666666666666,0.05,0.24422649730810375,364.60968788204354
0.1625600087032334,0,0.21370454342262063,354.77671183177944
0.16684695288401208,0,0.21878578569668544,354.64839071017974
0.1698248161400387,0,0.21406754981159695,354.67624153586974
0.19438707888783163,0.05,0.1822849676352139,364.5882720697772
0.18877415777566323,0.05,0.1786724993729919,364.74131473232706
0.19438707888783163,0.05,0.17587471122495751,364.6473310299188
0.2,0,0.17948717948717946,354.5563144068073
0.2,0,0.18589743589743588,354.4986121911375
0.2,0.005771578769674226,0.18386806866697095,355.2437540073974
0.18868709546784304,0.05,0.19756523420086725,364.53847253008354
0.18303064320176457,0.05000000000000001,0.20019400514745475,364.61568762297753
0.18307417435567466,0.05000000000000001,0.19395276593864527,364.6925598915225
0.16981582660076117,0.006452880617861938,0.25,354.8805389949079
0.17333333333333334,0,0.25,354.019183060746
0.16666666666666669,0,0.25,354.11065600165426
0.15015755669225445,0.05,0.2334557015909966,364.563113572959
0.14343837112816962,0.05,0.2331969650354348,364.6366581796503
0.14694763162361918,0.05,0.22819754152879215,364.69701963001927
0.19577290344402276,0.04091965603938871,0.25,361.0426849115042
0.2,0.03888888888888889,0.25,360.45025374139595
0.15333333333333338,0.05,0.25,364.172443120785
0.15005251889741816,0.05,0.24448523386366555,364.3343879623461
0.15671918556408485,0.05,0.24448523386366555,364.2569179060975
0.2,0.005771578769674226,0.19027832507722736,355.1808184574343
0.2,0.0117461274236881,0.19464571272414175,355.996591336003
0.2,0.011543157539348451,0.18824895784676243,356.0334802400851
0.17439879130832187,0,0.2361551209948211,354.26188699065386
0.17286300173654562,0,0.24041232833601056,354.2080263681111
0.17796729044004905,0,0.24094895682681583,354.1224853957818
0.12894486494857954,0.03893184331585173,0.25,361.45751370142284
0.12447243247428977,0.044465921657925865,0.25,362.89433930310366
0.13113909914095645,0.04446592165792587,0.25,362.854533409118
0.17378338179202923,0.05,0.23113407692858218,364.28534994132133
0.16635177127618772,0.05,0.23064234072270126,364.4098338293366
0.1704511838905785,0.05,0.225606384722804,364.44061178761837
0.2,0.011543157539348451,0.18183870143650602,356.09514784124246
0.18906352138794558,0.0055719509085705166,0.25,354.45825129907536
0.18479370944255785,0.011143901817141033,0.25,355.3212969298861
0.1914603761092245,0.011143901817141033,0.25,355.20314177744444
0.11112876645920328,0.04443154065046221,0.25,362.9360637766337
0.11779543312586994,0.04443154065046221,0.25,362.9154499053425
0.11559086625173987,0.03886308130092442,0.25,361.5039649383055
0.20000000000000004,0.02364562179344271,0.20954006726291835,357.86628499682035
0.20000000000000004,0.023291323649623313,0.20320168011194878,357.88371865600544
0.2,0.017923645962041622,0.20540985524843547,356.87664202699574
0.2,0.011949097308027748,0.20745272401177747,355.8713861042749
0.2,0.011949097308027748,0.20104246760152106,355.953031019191
0.18833761674085844,0.049999999999999996,0.21093154387156796,364.36215914198334
0.19399406900693691,0.049999999999999996,0.2147130293352369,364.18600529377744
0.18798813801387385,0.04999999999999999,0.21788759713201225,364.26065422188185
0.2,0.017720676077701975,0.19901310037105613,356.9218974441674
0.2,0.023088353765283662,0.19680492523456944,357.92403503982405
0.2,0.017517706193362327,0.19261634549367682,356.96048144860924
0.1222678656001597,0.03889746230838808,0.25,361.4854375401246
0.16666666666666669,0.05,0.25,363.9979798397393
0.16322798972587949,0.05,0.2453900109761598,364.15160799072675
0.19999999999999998,0.02273206387373019,0.18408381915579478,357.99334699179735
0.2,0.01718909680365388,0.1797620180445905,357.03146340701346
0.19999999999999998,0.017314736309022676,0.18621959061629748,356.99239404032124
0.1503447691146056,0.05000000000000001,0.2122571894887252,364.9303022790303
0.14738869408490407,0.05,0.2055626676352261,365.06070714277257
0.15377522541388328,0.05,0.20619791260414663,364.98066968567014
0.06238288394882709,0.02218509910138524,0.25,357.77705856430504
0.05790990626386332,0.02777325317749974,0.25,358.84193561057
0.06459318378107928,0.027730418415656065,0.25,358.88744883646484
0.16241957432729415,0.0402080935700942,0.25,361.443938451486
0.15798329877630077,0.04467890330035319,0.25,362.6523850731426
0.16443627555099338,0.045529190269741004,0.25,362.7930179529367
0.2,0.027812817671170345,0.24586599720222807,358.0680823990211
0.2,0.03333333333333333,0.25,359.1596065346461
0.2,0.034124979123350746,0.24522166635949705,359.4384923646839
0.1897382458102191,0,0.24148558531762104,353.9184046147155
0.18307157914355246,0,0.24148558531762107,354.0317604085412
0.1882024562384429,0,0.24574279265881055,353.86587786785606
0.17776960888432675,0.04552919026974101,0.25,362.58479014986295
0.18000000000000002,0.05,0.25,363.7822475431439
0.19486912290510955,0,0.2393325362485541,353.8642658740218
0.18973824581021914,0,0.23507532890736466,354.0324713769629
0.2,0.05,0.1794871794871795,364.4877358206876
0.13596572080798194,0.02230999802459925,0.25,357.81304163429616
0.1407108552928532,0.016810353563536835,0.25,356.7907593359721
0.13376900970822336,0.016721875536483313,0.25,356.82836700415163
0.1819344121996306,0.05,0.24588594656694984,363.84053555196687
0.1886010788662973,0.05,0.24588594656694984,363.71274987574776
0.18666666666666668,0.05,0.25,363.6579545172192
0.2,0.02860446346118776,0.24108766356172512,358.32718733882643
0.10666666666666667,0.05,0.25,364.4746945942238
0.10333333333333333,0.05,0.24422649730810372,364.60995687739893
0.1888934148492192,0,0.20291338323862482,354.5225413295786
0.19444670742460962,0,0.2008156659782868,354.44664699750973
0.18889341484921923,0,0.1965031268283684,354.59763347154905
0.2,0.04452223966771507,0.17532204079621183,363.0186578838143
0.19999999999999998,0.03899460469445523,0.17111575099836795,361.64159515022936
0.2,0.03904447933543014,0.1775671585155006,361.60024350523173
0.16619633506987896,0,0.24041232833601056,354.2992146180645
0.16976483420160615,0,0.24520616416800528,354.162193774413
0.1753618412561346,0.018477712144294393,0.25,356.6663442231099
0.16944747980228353,0.019358641853585816,0.25,356.909460538407
0.17408021231833157,0.022702098022697917,0.25,357.4523424618311
0.14677170446150295,0.05,0.23897046772733105,364.4872661236377
0.15343837112816963,0.05,0.23897046772733108,364.41454907966295
0.20000000000000004,0.03402667902478669,0.19878532983897534,360.18742393420877
0.2,0.03935111934985779,0.20303637373880407,361.39321412146046
0.20000000000000004,0.0393511193498578,0.19662611732854768,361.47521448323977
0.18268116447477997,0.05,0.20715005840789902,364.5274643463693
0.18868709546784304,0.05,0.20397549061112366,364.4545818896868
0.16556873426138863,0.029994307521289475,0.25,359.041946620809
0.16040287310359488,0.0348869968704474,0.25,360.1960661440476
0.1668558498782875,0.03573728383983521,0.25,360.30474153191284
0.19999999999999998,0.01896477386853147,0.22344892682258616,356.7945725491041
0.19999999999999996,0.01264318257902098,0.21947877172787794,355.807648616318
0.19999999999999996,0.01264318257902098,0.22588902813813433,355.7067519132932
0.12454358697469088,0.027775261478198008,0.25,358.96491010594906
0.12674029807444945,0.03336338396631394,0.25,360.160782028416
0.1312205863231107,0.027809642485661663,0.25,358.93301200214233
0.1901787471714215,0.026479398806655667,0.25,357.9098581045827
0.18590893522603374,0.020940238604115074,0.25,356.9295274429014
0.1846273062882307,0.025164624482518598,0.25,357.7512766695085
0.14005251889741815,0.05,0.23871173117176928,364.55599538009784
0.13333333333333336,0.05,0.23845299461620745,364.61481134191416
0.13671918556408483,0.05,0.232938228479873,364.7002894916979
0.20000000000000004,0.04047218046892372,0.2340330763087377,361.1694258221867
0.2,0.04523609023446186,0.23881140994924066,362.3049802520386
0.20000000000000004,0.045236090234461866,0.23240115353898425,362.4307222855819
0.17999457377218264,0.021821168313406497,0.25,357.1930709120232
0.17871294483437963,0.026045554191810018,0.25,358.0267034538274
0.14022844605953438,0.05,0.22793880497323035,364.7656306431636
0.13701852099089915,0.05,0.2226806449110259,364.8868814638923
0.14373770655498397,0.05,0.2229393814665877,364.8232040442951
0.1781706571384524,0.05000000000000001,0.19062132489791728,364.82052261796537
0.1782141882923625,0.05,0.1843800856891078,364.8868343301356
0.18311770550958473,0.05,0.1877115267298358,364.76249808973625
0.18460736871532868,0,0.23722837797643162,354.0830056021218
0.17008440526988264,0,0.22451769009545436,354.5169582010315
0.16281959783307734,0,0.224154683706478,354.6181208290447
0.1660570502189479,0,0.22988658810524693,354.4844044763359
0.2,0,0.22435897435897437,354.01664784742115
0.1937921892525409,0,0.22701675333769988,354.09337388328356
0.2,0,0.23076923076923075,353.9135882819077
0.18,0,0.25,353.9190061691808
0.1764315008682728,0,0.24520616416800528,354.06651120365365
0.20000000000000004,0.040265948053210154,0.22807824037986868,361.2283347882464
0.08453700732554414,0.011075105617910135,0.24999999999999994,356.0103272687026
0.08226850366277207,0.005537552808955067,0.24999999999999997,355.21012226956066
0.07788712420736903,0.01106986781737865,0.25,355.98447559465575
0.19022146256083194,0.034049326159696094,0.25,359.5210123671938
0.19577290344402273,0.035364100483833164,0.25,359.7090238829144
0.19444855911680922,0.03201855900919626,0.25,358.9855780616291
0.13815995500035885,0.011177409700006717,0.25,355.90379391490353
0.18939546618185768,0,0.18497127593894058,354.7075076686395
0.18409319927278653,0,0.18130306775456473,354.8326725667444
0.1838421736064673,0,0.18706899319927864,354.7833299707322
0.19999999999999998,0.04452223966771507,0.18814255361672463,362.8951868359743
0.2,0.044522239667715076,0.18173229720646825,362.9605053228037
0.2,0.012296139943524364,0.21346574786982772,355.8424242819377
0.19999999999999998,0.018617731233034854,0.2174359029645359,356.8277428850172
0.2,0.01827068859753824,0.21142287910648572,356.85509937764766
0.15185083117842918,0.028324083797569843,0.25,358.85995753009587
0.14710569669355794,0.03382372825863225,0.25,360.10553696076613
0.15394989632890227,0.034036709901059586,0.25,360.08033669693947
0.2,0.023992664428939325,0.21555309112096854,357.8458066926873
0.17553921776865344,0.04105838053948202,0.25,361.4594952556601
0.16887255110198676,0.04105838053948201,0.25,361.5650655556942
0.17110294221766006,0.045529190269741004,0.25,362.69411269665795
0.11666666666666667,0.05,0.23267949192431123,364.8211683649744
0.12000000000000001,0.05,0.23845299461620745,364.69159364892613
0.11333333333333334,0.05,0.2384529946162075,364.7155756111647
0.1943435477339215,0.05,0.19493646325427977,364.451445810364
0.18873062662175313,0.05000000000000001,0.1913239949920578,364.6122093510825
0.10890329407980237,0.022184798866384067,0.25,357.9148869532083
0.11562508497736734,0.022185968928233074,0.25,357.8980795503746
0.11338358232846363,0.016631057385731784,0.25,356.91080971791934
0.14290756639261176,0.02239847605165277,0.25,357.77319890126483
0.14765270087748303,0.016898831590590357,0.25,356.7433079795547
0.2,0.005974548654013874,0.20308533636486312,355.0628394339606
0.2,0.005974548654013874,0.1966750799546067,355.1389532409819
0.16929450260481843,0,0.23561849250401584,354.3435516625531
0.2,0.040059715637496586,0.2221234044509996,361.2806860571311
0.20000000000000007,0.03529580587195845,0.2237553272207531,360.11157993874303
0.1433858522307515,0.05,0.24448523386366555,364.40198459723484
0.2,0.005771578769674226,0.17745781225671453,355.30018827426153
0.20000000000000004,0.0446755596749289,0.2008771612283764,362.78452307393565
0.2,0.05,0.19871794871794873,364.2771026539165
0.20000000000000004,0.0446755596749289,0.19446690481812,362.8642756597764
0.12333333333333335,0.05,0.24422649730810372,364.55217822773943
0.11666666666666668,0.05,0.24422649730810375,364.58096903729853
0.2,0.02229230200900736,0.24173199440445614,357.07234275909525
0.2,0.02225726211561479,0.24586599720222807,356.9840818503331
0.1683200915500978,0.05,0.19019968202527077,364.9871239181717
0.17322360876732004,0.05,0.19353112306599873,364.87108893386187
0.16854590155227267,0.05,0.19504179713196446,364.92714327481013
0.2,0,0.23717948717948717,353.80418891841543
0.19486912290510955,0,0.23292227983829772,353.97599893689164
0.16317516501584378,0.05,0.23526525581598517,364.36555251957014
0.15984296711439305,0.05,0.229737563610207,364.5174062051166
0.16271225449696736,0.05,0.19814303337375674,364.9738684633255
0.156878607441662,0.05,0.201244269615549,365.01092267099546
0.15665279743948712,0.05,0.1964021545088553,365.07588869823167
0.19333333333333333,0.05,0.25,363.5219927694007
0.18910623677735608,0.04647521159494428,0.25,362.6297354506568
0.1914603761092245,0.022255012928252143,0.25,357.06934343923314
0.18719056416383678,0.01671585272571155,0.25,356.1672958345744
0.14929993088593485,0.03935780660070639,0.25,361.3916128172569
0.1513166321096341,0.0446789033003532,0.25,362.7314243720148
0.15596659755260153,0.039357806600706396,0.25,361.315757288035
0.12902387522335212,0.02222151999754573,0.25,357.84304067908965
0.1773492127066879,0,0.22488069648443065,354.40533260189744
0.17332185765575317,0,0.23024959449422325,354.37838923080926
0.17411176032081738,0,0.21914879208566176,354.5416177285592
0.18914444051553844,0,0.1907372013836545,354.6552020577388
0.18359114794014805,0,0.19283491864399255,354.72872439943114
0.18243957011068943,0.04647521159494428,0.25,362.75718485772836
0.18487914022137883,0.04295042318988855,0.25,361.77774581589773
0.18020917899501612,0.042004401864685285,0.25,361.6197344057313
0.17505705831805624,0.05,0.23666596851926947,364.15584874238954
0.18043014745847402,0.05,0.2371619041100595,364.0524620664039
0.17849573525884344,0.05,0.24127595754310968,364.00198093919437
0.0912323266764229,0.027721155529732377,0.24999999999999997,359.0085521059589
0.09344573452047625,0.033275404081165964,0.25,360.21181799566733
0.12666666666666668,0.05,0.23845299461620745,364.6580068113419
0.18137656775762268,0,0.2195117984746381,354.42438177581784
0.18866131215765045,0,0.22916980240676682,354.15089179505776
0.18353043506276,0,0.23132285147583376,354.20247149191937
0.16553787195926,0,0.20898630753753217,354.8033214428808
0.09000000000000001,0.05,0.24422649730810375,364.6001198412262
0.09333333333333332,0.05,0.2384529946162075,364.72989216486667
0.19999999999999998,0.01750278218740674,0.23288163667865153,356.38143601869916
0.2,0.023083947799024777,0.23695366076395322,357.3116668086682
0.2,0.023814943639587142,0.23223730583592053,357.53708202516884
0.17648249326742782,0.006452880617861938,0.25,354.78350870223335
0.11782965185149741,0.011087761611104193,0.25,356.0046094388166
0.1201053732260286,0.01663222744758079,0.25,356.8880565190075
0.1943435477339215,0.05,0.2077569760747926,364.2826275125762
0.2,0.05,0.21153846153846154,364.0998244916459
0.07561862054459695,0.0055323150084235825,0.25,355.1816253755489
0.14245573125059052,0.03914482495827906,0.25,361.40647571496515
0.181324404778492,0.03513407198499265,0.25,359.93378900225446
0.18467002167764118,0.032734551835559025,0.25,359.3313416510732
0.1800000604512785,0.03178853051035575,0.25,359.2056065303989
0.18386882439926122,0.05,0.24177189313389968,363.89377953450594
0.2,0.011181190897896253,0.23532173799419975,355.32219552156005
0.2,0.005590595448948126,0.23945574079197168,354.4559969823998
0.2,0.011181190897896253,0.2417319944044562,355.20506402870586
0.19526774553296394,0.05,0.24588594656694984,363.5732954776347
0.19526774553296394,0.05,0.2394756901566934,363.7103263875614
0.2,0.05,0.24358974358974358,363.517221632098
0.2,0.05,0.22435897435897434,363.89162675035027
0.19399406900693691,0.049999999999999996,0.2275335421557497,363.9694995558543
0.19399406900693694,0.05,0.2211232857454933,364.0817353276595
0.2,0,0.25,353.56593185760585
0.19573018805461226,0.0055719509085705166,0.25,354.3360204517882
0.2,0.005555555555555555,0.25,354.2508895406136
0.11999999999999998,0,0.25,354.5070478394601
0.11555393047696622,0.005543295774627593,0.25,355.21814919737307
0.12227572137453119,0.005544465836476599,0.25,355.1930887155904
0.14255090029249434,0.005632943863530119,0.25,355.0744378888285
0.14666666666666667,0,0.25,354.33284389604927
0.13999999999999999,0,0.25,354.3894617321503
0.1356090547078645,0.005544465836476598,0.25,355.1164677529582
0.2,0.033873359017572865,0.19246097863758,360.22792417660884
0.2,0.028456031452865353,0.19459675009808272,359.0226899755417
0.09781524484015874,0.04442513469372199,0.25,362.9472112433075
0.1044620997925366,0.04443154065046221,0.25,362.947129788495
0.10227734463269533,0.0388566753441842,0.25,361.52767660383313
0.13121810941572903,0.011088931672953196,0.25,355.9386908369391
0.1702223680169065,0.05,0.21512504952842812,364.62082616049605
0.16711898598912778,0.05,0.22007869251702578,364.58729893461833
0.162790757501065,0.05,0.2146333133225472,364.7381117898596
0.16000000000000003,0.05,0.25,364.0902200522626
0.20000000000000004,0.03570827070338558,0.2356649990784912,359.99168978098623
0.20000000000000004,0.03550203828767201,0.22971016314962212,360.05491370845203
0.2,0.030127105091767543,0.23159297499318948,358.8265495598782
0.19526774553296394,0.05,0.233065433746437,363.83823692223933
0.2,0.05,0.23717948717948717,363.6509605892592
0.15631838347355684,0,0.22334321252971825,354.7074158518561
0.1595558358594274,0,0.22907511692848717,354.57839207263874
0.1784261463592566,0,0.23078622298502852,354.2930223688199
0.0934242711358437,0.01661840139253773,0.24999999999999994,356.92263935099515
0.08680551098831622,0.016612658426865202,0.24999999999999997,356.9083566822116
0.08901891883236956,0.02216690697829879,0.24999999999999994,357.9073983348071
0.1530546214999069,0,0.2282636457517274,354.66409608480893
0.15629207388577743,0,0.23399555015049628,354.53262841800887
0.17296498653485567,0.012905761235723876,0.25,355.78032682530875
0.17887934798870678,0.012024831526432456,0.25,355.5529478372543
0.1957301880546123,0.011127506464126071,0.25,355.12018485502784
0.2,0.01111111111111111,0.25,355.0335014247295
0.2,0.005974548654013875,0.20949559277511953,354.9802384513417
0.1943870788878316,0.05,0.18869522404547032,364.5220471838168
0.18877415777566323,0.05,0.18508275578324834,364.67901210175006
0.1378057658076231,0.044465921657925865,0.25,362.80511578111697
0.14464996544296743,0.04467890330035319,0.25,362.8005902495272
0.2,0.02792400265111908,0.1625876600893198,359.1966413619871
0.19999999999999998,0.03346696972119538,0.16690946120052408,360.3702099498205
0.19999999999999998,0.03341709508022047,0.16045805368339144,360.4005980842007
0.12682716412359357,0.016633397509429795,0.25,356.85613098409334
0.12234687587493231,0.022187138990082074,0.25,357.87209981153825
0.08679274339049997,0.03326123704347171,0.25,360.1944929825002
0.10892419958507318,0.03886308130092442,0.25,361.521332333208
0.1133862993776098,0.03329462195138663,0.25,360.2020668571831
0.10673944442523194,0.03328821599464641,0.25,360.2146739436207
0.1782569250604138,0,0.18985627018137904,354.8458923067322
0.1726716765143603,0,0.19264354716347942,354.90088655836877
0.17800589939409456,0,0.19562219562609295,354.78837458142243
0.19486912290510955,0,0.24574279265881052,353.74604669987684
0.19333333333333333,0,0.25,353.6922383997384
0.177089623576844,0,0.2144305562005733,354.5653082688392
0.1777441417489127,0,0.20746023807192943,354.6497216780225
0.17280267939606533,0,0.20934931392650852,354.6986908615612
0.10004303128337118,0.016624144358210254,0.24999999999999997,356.9279839838676
0.09563767897989704,0.022172649943971313,0.24999999999999994,357.91890148350086
0.1707345954191824,0.02510161817213155,0.25,357.9646059146065
0.17536732793523047,0.028445074341243652,0.25,358.5693666882167
0.15319390635083796,0,0.238789385982491,354.48149411707504
0.14979085952625695,0,0.23318407897373655,354.61474141953755
0.1465272396841713,0,0.23878938598249103,354.54690734820497
0.11114479672870609,0.02773971040888535,0.25,359.0074457119931
0.20000000000000004,0.03508957345624488,0.21780049129188406,360.1616884718588
0.2,0.02971464026034041,0.21968330313545142,358.9418865195232
0.12000000000000002,0.05,0.25,364.43652175829396
0.11333333333333334,0.05,0.25,364.46038210597385
0.17332575004468523,0.05,0.2101714065398305,364.6473578249361
0.17367522877166983,0.05000000000000001,0.2032153532793862,364.7405394904522
0.1780034572597326,0.05,0.20866073247386474,364.5902822337491
0.2,0,0.21153846153846154,354.2031990681963
0.1944467074246096,0,0.20722592238854318,354.36732240136365
0.19379218925254088,0,0.21419624051718705,354.28586227888354
0.17306443704124716,0,0.19751127148067202,354.84141301083037
0.1681229746883998,0,0.1994003473352511,354.8889424919321
0.17345719756813405,0,0.20237899579786464,354.7781472685756
0.14993028650875231,0,0.24439469299124553,354.4107985854604
0.14326361984208566,0,0.24439469299124553,354.4718141190758
0.1845295600728648,0.05,0.23212594811016224,364.0759460689371
0.1858032365988918,0.05,0.23765783970084953,363.9419794907611
0.17850795072673303,0,0.1840903447366651,354.8981470567531
0.2,0.027777777777777773,0.25,357.9749520102912
0.19573018805461226,0.027794173130792736,0.25,358.066780339257
0.18666666666666668,0,0.25,353.80992983693005
0.18153578957177624,0,0.24574279265881055,353.97709393089417
0.159115757486696,0.029144020551901663,0.25,358.9465991603926
0.17788279440642002,0.05,0.22609812092868492,364.30922719373496
0.1745505965049693,0.05,0.22057042872290672,364.46205657571045
0.18198220702081078,0.049999999999999996,0.2210621649287876,364.32377127595913
0.07571604458421816,0.02214750214007305,0.24999999999999994,357.8554298947563
0.0801556278701411,0.016607420626333715,0.24999999999999994,356.88515022812953
0.07350574475196599,0.016602182825802232,0.24999999999999997,356.85286560861186
0.19999999999999998,0.0335168443621703,0.1733608687176567,360.3327799133024
0.19999999999999998,0.03356671900314521,0.17981227623478935,360.2883079746462
0.2,0.029367597624843794,0.21367027927740118,358.96130047844144
0.2,0.04502985781874829,0.2264463176101152,362.4853162902354
0.0866666666666667,0.05,0.25,364.4602455139125
0.0911485781734921,0.04442513469372199,0.25,362.9394040613097
0.08448191150682546,0.04442513469372199,0.25,362.9219971406969
0.2,0.029920872676053978,0.22563813906432045,358.8874968882882
0.18758437850508178,0,0.22326427590616899,354.2636383812535
0.18245350141019134,0,0.22541732497523592,354.3162635498181
0.13000000000000003,0.05,0.24422649730810375,364.51384423260913
0.16968396917763845,0.05,0.2361700329284795,364.25213951871814
0.2,0.022885383880944014,0.1904081703571901,357.95768001091255
0.19999999999999998,0.028302711445651524,0.1882723988966874,359.0607735871842
0.08236592770239329,0.022152739940604536,0.24999999999999994,357.8852400706772
0.08457933554644662,0.027706988492038124,0.24999999999999997,358.9888104673105
0.12006329872602964,0.03332900295885029,0.25,360.18612266305996
0.1630981675349395,0,0.24520616416800528,354.24917239451537
0.16,0,0.25,354.1934249919055
0.09563048968031751,0.03885026938744398,0.25,361.52466416751537
0.08896382301365086,0.03885026938744398,0.25,361.5138567887779
0.19154580688804546,0.04295042318988855,0.25,361.64714002767937
0.18233168574779537,0.049999999999999996,0.2141061116683433,364.43015889736324
0.07127646129829522,0.027687583653812388,0.25,358.9233454374674
0.06906616146604305,0.022142264339541567,0.25,357.81654155339976
0.20000000000000004,0.0450298578187483,0.2200360611998588,362.59548487943675
0.20000000000000004,0.04005971563749659,0.2157131480407432,361.38497565635527
0.17797878787934282,0.03753359213442629,0.25,360.5544464528123
0.1766544435521293,0.03418805065978939,0.25,359.79687964577874
0.2,0,0.1923076923076923,354.43440869236883
0.13666666666666671,0.05,0.24422649730810375,364.4658985034637
0.2,0,0.24358974358974356,353.6883034436482
0.2,0.005590595448948126,0.24586599720222807,354.33624544295157
0.17950308001182527,0,0.23669174948562638,354.1750383038434
0.09999999999999998,0.05,0.23845299461620745,364.7349016066886
0.163019573374737,0.05,0.22511464851692306,364.5589534406582
0.1596873754732863,0.05000000000000001,0.21958695631114486,364.69949835268284
0.06685586163379087,0.016596945025270746,0.25,356.8115028236588
0.15651076921294232,0.05,0.22420987140442877,364.6606851913659
0.1533008441443071,0.05000000000000001,0.21895171134222433,364.78957025850775
0.07565784075369829,0.038821935312055474,0.25,361.456888260328
0.08231083188367457,0.038836102349749727,0.25,361.4900272712704
0.08013975226052368,0.033247070005777465,0.25,360.16785847589824
0.07792634441647034,0.027692821454343874,0.24999999999999997,358.95975933522715
0.11,0.05,0.2442264973081037,364.6002368870637
0.09666666666666665,0.05,0.23267949192431123,364.84982195980155
0.19999999999999998,0.01706345729828508,0.17330444547288348,357.0638118751248
0.19999999999999996,0.011417518033979654,0.175381128864799,356.1312671124437
0.18239685472127892,0.0055719509085705166,0.25,354.5718670414215
0.17915647093244702,0.05,0.2316300125193722,364.1841959549579
0.2,0.044675559674928894,0.2072874176386328,362.6973476406062
0.2,0.05,0.20512820512820512,364.19217499652547
0.13333333333333336,0.05,0.25,364.35996498261335
0.156596953175419,0,0.2443946929912455,354.3410553078643
0.20000000000000007,0.029396109251205182,0.23630932992122222,358.5847675307073
0.20000000000000007,0.034916624913368166,0.24044333271899415,359.7158534467973
0.19999999999999996,0.018233778027969105,0.22816528175061884,356.5888309967777
0.1631491599340945,0.006452880617861938,0.25,354.9688653369254
0.17330882665298014,0.03658757080922302,0.25,360.40636286053535
0.2,0,0.20512820512820512,354.286756118518
0.18127620270998568,0.01759678243500297,0.25,356.418955988499
0.2,0.05,0.23076923076923075,363.7755791711718
0.19999999999999998,0.00632159128951049,0.21550861663316973,354.9438574560154
0.19434354773392154,0.05000000000000001,0.2013467196645362,364.3707480852145
0.15969512071035846,0,0.23960085715925078,354.3944961596361
0.16279328824529793,0,0.23480702132725606,354.44223183234726
0.17326713992123016,0.05,0.1872898838571893,364.94070823032
0.15012423788396315,0.05,0.22357462643550824,364.7466191602258
0.2,0.04523609023446186,0.24522166635949705,362.1701178432466
0.14510180058498867,0.011265887727060237,0.25,355.8590533046301
0.17812712598454233,0.05000000000000001,0.19686256410672676,364.7472768354637
0.15333333333333332,0,0.25,354.2674983159676
0.2,0,0.19871794871794873,354.3638259932422
0.18926181453990087,0.05,0.22982974513295595,364.02631830133134
0.07782892037684917,0.044410967656027735,0.25,362.89166311884895
0.19469773309092886,0,0.18863948412331644,354.5747530438477
0.14000000000000004,0.05,0.25,364.30726899375026
0.13816243190774052,0.02789812051271518,0.25,358.900777892497
0.19154580688804546,0.03739486763433299,0.25,360.27046517724966
0.0912036739922108,0.011075105617910135,0.24999999999999994,356.02660956650755
0.19999999999999996,0.038944730053480314,0.16466434348123532,361.675904893089
0.15673130044358477,0.05,0.21289243445764575,364.8452475975666
0.11786658762627106,0.027740880470734357,0.25,358.9874117692349
0.19999999999999998,0.024545939480149506,0.22752095090788782,357.7608438159174
0.19999999999999998,0.024339707064435938,0.2215661149790188,357.81951454527166
0.1598346824713635,0.05000000000000001,0.20793879146904812,364.87968080881757
0.1957301880546123,0.02223861757523718,0.25,356.9830378079209
0.19573018805461226,0.016683062019681626,0.25,356.0020034593754
0.19146037610922453,0.01669945737269659,0.25,356.0865129009158
0.18889711823361846,0.03070378468505919,0.25,358.80989038821235
0.1859943660048547,0.03608009331019592,0.25,360.0684706188253
0.19999999999999998,0.02797387729209399,0.16903906760645243,359.16355433631134
0.19999999999999996,0.0280237519330689,0.17549047512358507,359.12342540849767
0.2,0.05,0.17307692307692307,364.5435511103938
0.19999999999999996,0.02260642436836139,0.17762624658408777,358.0286018944395
0.19999999999999996,0.0281493914384377,0.18194804769529205,359.09198496990575
0.16589413952884374,0.05,0.20967967033394955,364.76972966559873
0.1595821454472068,0,0.21842277930770912,354.7447007206793
0.1783529359867172,0.05000000000000001,0.20170467921342045,364.68098470481124
0.19999999999999998,0.022480784862992594,0.17116867401238078,358.0571358985006
0.2,0.01693781779291629,0.1668468729011765,357.08943944465506
0.2,0.0450298578187483,0.21362580478960239,362.697687662951
0.19444670742460962,0,0.19440540956803037,354.51948441805825
0.177653978532748,0.04999999999999999,0.21561678573430904,364.49049759028895
0.19053549106592788,0.05,0.24177189313389968,363.7625012079923
0.16851573521528665,0,0.2042680716524437,354.8245295539837
0.2,0.05,0.21794871794871795,363.9997085238416
0.18798813801387385,0.04999999999999999,0.22429785354226867,364.15223025745007
0.1832558835468378,0.049999999999999996,0.22659405651947492,364.2032099973364
0.1405277814863487,0.05,0.21768122140438323,364.94166681578616
0.1826487491057055,0.03847961345962955,0.25,360.7003023051845
0.1937921892525409,0,0.22060649692744347,354.19287939945883
0.18758437850508178,0,0.21685401949591257,354.3595898480906
0.13341729742286929,0.0333977649737776,0.25,360.1260449532512
0.14500663154308485,0.02811110215514251,0.25,358.8853498004911
0.17312264611842565,0.05,0.24078002195231965,364.1030864442255
0.1687717115544476,0.05,0.1998839122386582,364.862885962053
0.17344941876949493,0.05000000000000001,0.19837323817269248,364.80795254685484
0.06680348361333147,0.03327573772992689,0.25,360.0996042629511
0.149217566959161,0.005632943863530119,0.25,355.01361073075105
0.2,0.02243091022201768,0.16471726649524815,358.09292181547187
0.17839865992098142,0,0.20048991994328555,354.72625603486136
0.19053549106592788,0.05,0.23536163672364327,363.89370369543576
0.2,0.016701706560059235,0.2458659972022281,356.0027894844358
0.2,0.01114615100450368,0.24586599720222807,355.1206903631397
0.17202171103608127,0.030844594490677286,0.25,359.1302400219826
0.2,0,0.21794871794871795,354.113184776184
0.08000000000000006,0.05,0.25,364.43623905142425
0.07123724108919391,0.011064630016847165,0.25,355.9495457551732
0.15994717528996433,0.05,0.23987524483982536,364.31494260432333
0.1566663608540491,0.05,0.23436047870349092,364.46921053765044
0.12455144274906238,0.011088931672953198,0.25,355.9761164304682
0.1356115316152462,0.03893184331585173,0.25,361.41137443428397
0.09782243413973829,0.011080848583582662,0.25,356.0348528413757
0.16899752155662245,0.05,0.2047260273453519,364.79435197990017
0.10225643912742452,0.02217839290964384,0.25,357.92146659628327
0.1873187103320682,0.039425634784832825,0.25,360.8439304176519
0.1266666666666667,0.05,0.25,364.40304923746123
0.20000000000000004,0.028659001337205,0.20099350497546203,358.9873126250764
0.19999999999999998,0.00632159128951049,0.22832912945368256,354.7464238242277
0.19469773309092886,0,0.17581897130280363,354.6894412956554
0.19469773309092886,0,0.18222922771306005,354.63534781130096
0.15081915038418175,0.05,0.19950339075064755,365.1057646169938
0.20000000000000004,0.0396805346789063,0.24522166635949708,360.7471694131665
0.2,0.040472180468923716,0.2404433327189941,361.0425603370126
0.13,0.05,0.2326794919243112,364.75400750910154
0.20000000000000004,0.0290132994810244,0.2073318921264316,358.97772837918774
0.0734867611305474,0.03323290296808321,0.25,360.1319144758614
0.2,0.0055905954489481255,0.23304548438171524,354.5692624105731
0.1882388966771505,0,0.20988370136726872,354.4450051150068
0.16248644449479244,0.05,0.19330091826706303,365.0363417986244
0.16293806449914222,0.05,0.20298514848045046,364.9071184586309
0.2,0.02222222222222222,0.25,356.8930056687269
0.16733745363462604,0,0.1896648987008659,355.0063917836803
0.1677302141615129,0,0.1945326230180585,354.9495632351643
0.15333416295259839,0.05,0.2288327864977127,364.6152235981247
0.2,0.05,0.1923076923076923,364.3546074638188
0.10666179143089867,0.01662988732388278,0.25,356.92439058082886
0.1033333333333333,0.05,0.2326794919243112,364.8499117625947
0.18316123666349482,0.05,0.18147028752102634,364.82550221761863
0.1402614970582136,0.033610746616204924,0.25,360.12077304620334
0.1469143128153279,0.05000000000000001,0.2183164663733038,364.87029307954225
0.1439582377856264,0.05,0.21162194451980468,365.00600787570346
0.19999999999999998,0.00632159128951049,0.2219188730434261,354.8484019584969
0.2,0.05,0.1858974358974359,364.42475460516255
0.17292270218067954,0,0.18687762171876549,354.9560534623985
0.1466666666666667,0.05,0.25,364.2447927679475
0.16645597945175897,0.05,0.24078002195231962,364.2055811462119
0.16629831986818902,0.012905761235723876,0.25,355.8742105190925
0.1893954661818577,0,0.1785610195286842,354.7644937047774
0.15176846725165533,0.011265887727060237,0.25,355.79401682457615
0.16428161864448976,0.02425133120274374,0.25,357.8896404408817
0.1826856041017601,0,0.20557116221735033,354.5952435461777
0.07999999999999999,0,0.25,354.5077416847857
0.10666666666666666,0.05,0.23845299461620745,364.7302509630151
0.2,0.016666666666666663,0.25,355.9137675099533
0.1820310859296914,0,0.21254148034599424,354.51375218716976
0.15588423362582765,0.005632943863530119,0.25,354.944055828693
0.2,0.016771786346844376,0.23759799160668427,356.17238761486857
0.1590333935599222,0.012085824481392057,0.25,355.8386419584695
0.11110786095393244,0.011086591549255186,0.25,356.02393011116266
0.08666666666666668,0.05,0.2384529946162075,364.71556306849004
0.0601202060961155,0.03331857249177056,0.25,360.0576774251485
0.12333333333333334,0.05,0.2326794919243112,364.7923903747108
0.15701669233622292,0.02343139444841192,0.25,357.82315581922643
0.16218255349401667,0.018538705099253996,0.25,356.8631329253932
0.15491762718574986,0.017718768344922177,0.25,356.8077487391091
0.1335092604954496,0.05,0.22768006841766855,364.8243283616641
0.1497517660279561,0.0226114576940801,0.25,357.747614624301
0.18334567735042767,0.02938901036092212,0.25,358.63254351439576
0.2,0.011291878528610858,0.16892355629309203,356.1606654850639
0.2,0.005645939264305429,0.17100023968500755,355.3333574499716
0.08333333333333337,0.05,0.24422649730810375,364.5809520617938
0.19999999999999998,0.04447236502674015,0.1688706332790792,363.0568892351533
0.2,0,0.17307692307692307,354.6075153393785
0.10444119428726578,0.011086591549255188,0.25,356.0341580803326
0.19999999999999998,0.011912186738458615,0.230605383066167,355.51530043030266
0.08999999999999998,0.05,0.23267949192431125,364.8400720715129
0.18334012227382881,0,0.19860084408870646,354.6688558528412
0.10999999999999999,0.05,0.2326794919243112,364.8403414798923
0.09999999999999999,0,0.25,354.5467487978911
0.09560183699610539,0.005537552808955067,0.24999999999999997,355.23940693840063
0.10222059714363288,0.005543295774627594,0.25,355.24161081935335
0.2,0.016736746453451808,0.24173199440445617,356.0889961860742
0.053436928578899555,0.033361407253614236,0.25,360.00613396245353
0.10666666666666663,0.049999999999999996,0.22690598923241495,364.95532294295526
0.10999999999999997,0.049999999999999996,0.22113248654051867,365.0516412125596
0.11333333333333331,0.05,0.22690598923241492,364.9409051994738
0.050160095864764935,0,0.24420294572750884,354.4152428143007
0.04698685839619656,0,0.23840589145501767,354.4902886839781
0.043493429198098274,0,0.24420294572750884,354.3455778065218
0.1780575154011003,0,0.17130883631222416,355.0109271980065
0.17771993212993958,0,0.16475660213047919,355.06044407294104
0.17235941480057482,0,0.16786683905162858,355.1207623340065
0.027416974020085777,0.024820057114777333,0.25,357.88240511092755
0.021758559067253984,0.02349469310667484,0.25,357.5370279958489
0.0232523344489236,0.029560843604865186,0.25,358.781339014274
0.2,0.044472365026740165,0.16246037686882278,363.10085476470766
0.2,0.05,0.16025641025641027,364.6338723634823
0.2,0.044472365026740165,0.1560501204585664,363.13782367361455
0.1619964628391811,0,0.19760467010076035,354.9891219558721
0.16238922336606795,0,0.20247239441795295,354.92651735458713
0.11666666666666664,0,0.24422649730810372,354.63152578110635
0.11333333333333331,0,0.25,354.5289137408868
0.11666666666666664,0,0.2211324865405187,355.0279771954344
0.11999999999999997,0,0.22690598923241495,354.9247906552446
0.12333333333333331,0,0.2211324865405187,355.0015661718005
0.15358909753708538,0.05000000000000001,0.18818219567982974,365.2090805768483
0.1580377710159389,0.05,0.19074155697344639,365.1255516014049
0.15220412396063357,0.05000000000000001,0.19384279321523865,365.1605316629589
0.2,0.04443216631252923,0.14963344232611003,363.15728642054347
0.2,0.03886433262505845,0.14542073080606624,361.753126516697
0.2,0.03890453133926938,0.15183740893852257,361.7376504075296
0.1481250340131897,0.05,0.1885673569207943,365.2661874983399
0.05685169635469352,0,0.23255703124669,354.6863278609454
0.05365352506286322,0,0.23840589145501767,354.5554939777739
0.06002493382326189,0,0.23835408551918114,354.6104580560392
0.1430402710669918,0,0.21015720378042105,355.0303753281687
0.13616723533651937,0,0.2103031275929454,355.08241876705387
0.1394923067666724,0,0.21579528569614587,354.9807431893405
0.19999999999999998,0.01677007696452329,0.14760379815697994,357.16129833811004
0.19999999999999996,0.011180051309682193,0.14968458338670457,356.2489762354003
0.19999999999999998,0.016825990573987624,0.15401815640504546,357.143981462852
0.13017592716211623,0.05,0.22190656572577228,364.9504178275796
0.1336851876575658,0.05,0.2169071422191296,365.009806300312
0.015239198858463292,0.03956001991293895,0.25,360.9256200226015
0.018395946330727875,0.03549031973117513,0.25,360.0100190552222
0.014437172023827223,0.03230517977852652,0.25,359.2199883379821
0.09999999999999998,0,0.23845299461620745,354.76611462108326
0.1033333333333333,0,0.2326794919243112,354.8666765630066
0.09666666666666665,0,0.23267949192431123,354.8666935268682
0.18872029963953624,0,0.16545655116519423,354.8728792127801
0.18872029963953624,0,0.1590462947549378,354.91022607564304
0.18308044945930435,0,0.1616463652093298,354.9927699822374
0.18341803273046509,0,0.16819859939107476,354.9461705837667
0.055624619052599716,0.03890760483574283,0.25,361.33056750635734
0.06230789656981567,0.03886477007389915,0.25,361.3787139380158
0.12666666666666665,0,0.22690598923241495,354.89403495488455
0.12983076892222412,0,0.22127792048969316,354.9652462787533
0.1333333333333333,0,0.23845299461620745,354.6566359019115
0.12999999999999998,0,0.23267949192431123,354.7790047703575
0.12666666666666665,0,0.23845299461620748,354.6959731538523
0.06759959277014435,0.05,0.23997855071783275,364.5890192654151
0.07426625943681103,0.05000000000000001,0.23997855071783278,364.6307119116861
0.07046646305173887,0.05,0.2449892753589164,364.49966512306565
0.017530608231417902,0.05,0.24545320055089792,363.8397155164491
0.020899428563683903,0.05,0.23955370031122347,364.0274153627286
0.02336882033226602,0.05,0.24410049976032555,363.9726903951276
0.13316410225555744,0,0.2270514231815894,354.8533207391452
0.2,0,0.16666666666666666,354.65240820862994
0.19436014981976812,0,0.16926673712105866,354.74446099849365
0.03152305478486241,0.044070523873690065,0.25,362.3473152892781
0.026666666666666686,0.05,0.25,363.89420568753656
0.033333333333333354,0.05,0.25,363.9973155644998
0.13971519963683876,0,0.2046650456772206,355.1294865289031
0.13639012820668575,0,0.19917288757402016,355.2216580216298
0.13284216390636633,0,0.20481096948974495,355.17715463675955
0.12,0.05,0.22690598923241495,364.91688583966624
0.11666666666666667,0.05,0.22113248654051867,365.0324099310976
0.19999999999999996,0.022234214767616063,0.13908478931726462,358.16822463755767
0.19999999999999998,0.016680737921999242,0.13482963305818763,357.1792357904795
0.19999999999999996,0.016725407443261266,0.14121671560758378,357.17353963083315
0.16711174952568203,0,0.17720635021547396,355.12407663264736
0.17269699807173552,0,0.17441907323337358,355.0683279826082
0.16699889747121005,0,0.170977075972778,355.17372476543375
0.15147552462053035,0,0.19324559227711788,355.15660564427816
0.14752277528070318,0,0.18795326158830064,355.2506216287997
0.14618345032780344,0,0.1935887092601542,355.2043801338454
0.07139938915521651,0.05000000000000001,0.23496782607674915,364.7167359888581
0.07759959277014433,0.05000000000000001,0.23420504802593653,364.7663652745748
0.1329948711777816,0,0.21564985174697138,355.0293877734953
0.13632820451111494,0,0.22142335443886763,354.92056687880614
0.14266097048929396,0.04999999999999999,0.18895251816175884,365.31655496017913
0.13979175925004278,0.04999999999999999,0.19438124178026764,365.279669830294
0.1357126693025989,0.04999999999999999,0.1891058054858233,365.3746213909304
0.1033333333333333,0,0.2211324865405187,355.05449357575736
0.10666666666666663,0,0.22690598923241495,354.95995625437735
0.10999999999999997,0,0.2211324865405187,355.04564178133614
0.14319390635083795,0,0.23301588329059475,354.67802028059526
0.14635800860639542,0,0.22738781454787296,354.744274765885
0.13976105543097644,0,0.2272196188647312,354.80305995790724
0.17839509867226103,0,0.17786107049396915,354.9546439163784
0.05125614988905733,0.027713613260771548,0.25,358.7663804761426
0.0557291275740211,0.02212545918465705,0.25,357.70945006541274
0.049075371199215116,0.022065819267928857,0.25,357.63285037505625
0.044966895147619874,0.02733033471659019,0.25,358.6193724552049
0.1943512323705262,0.05000000000000001,0.16320640360348387,364.7438134639994
0.18870246474105237,0.05,0.16615639695055748,364.84374332100816
0.1887024647410524,0.05000000000000001,0.1597461405403011,364.88500667218756
0.1301673427701484,0.05,0.21100115265861547,365.1271648750704
0.1233247489413655,0.05,0.21022707347336186,365.1787652784801
0.126649497882731,0.05,0.20509516309810136,365.23528361239715
0.03637944290305813,0.03814104774738012,0.25,360.9201377508831
0.04266869764449559,0.038524326291561474,0.25,361.0950875498859
0.04085841909602465,0.03259485016525153,0.25,359.6933194512444
0.16283017521072196,0,0.1808722238690182,355.1485231547215
0.16294302726519397,0,0.18710149811171414,355.08920484496554
0.16722460158015404,0,0.1834356244581699,355.0682989720629
0.1133333333333333,0,0.23845299461620745,354.7484661009837
0.10999999999999999,0,0.24422649730810375,354.64908477150857
0.048400618947185045,0.05,0.24074167490285392,364.3982080470235
0.05260092842077757,0.05,0.23611251235428093,364.5392153998801
0.05506728561385173,0.05,0.24074167490285395,364.46815390845927
0.05886708199892389,0.05000000000000001,0.23573095026177035,364.6072963411409
0.15013619966763062,0,0.1988810399489715,355.1066920183484
0.14326316393715818,0,0.1990269637614958,355.16890509492686
0.1465882353673112,0,0.20451912186469626,355.07235827117137
0.024268248895949904,0.05,0.23365420007154902,364.2046515428366
0.018430036795101787,0.05,0.23500690086212145,364.0754854369299
0.19999999999999998,0.0055900256548410965,0.1517653686164292,355.43613914044266
0.2,0.011235964919146527,0.15609894163477012,356.2289875281658
0.1837556160016258,0,0.17475083357281973,354.89280477860234
0.16331728120539135,0.05,0.1816667499289109,365.1501602001585
0.16776595468424488,0.05,0.18422611122252752,365.05959983801296
0.16387141807124428,0.05,0.1876403207316541,365.0809005590054
0.09999999999999998,0.04999999999999999,0.22690598923241495,364.96007498363673
0.10888726381029956,0.005543295774627593,0.25,355.23419613267146
0.10666666666666666,0,0.25,354.5421473936972
0.19999999999999996,0.022278884288878087,0.14547187186666077,358.1586541702017
0.19999999999999996,0.02231908300308902,0.1518885499991171,358.14148421676947
0.04666666666666669,0.05,0.25,364.1723153161832
0.0511456428596332,0.04445380241787142,0.25,362.6987384010935
0.04447897619296652,0.04445380241787141,0.25,362.6233211542047
0.1370099365989313,0.05,0.2117752318438691,365.0651546067941
0.1334920917115139,0.05,0.20586924228335496,365.17940256037053
0.10666666666666663,0,0.23845299461620745,354.7617181803615
0.12333333333333334,0.05,0.22113248654051867,365.0035443264003
0.12,0.05,0.2153589838486224,365.1148556747639
0.1133333333333333,0.049999999999999996,0.2153589838486224,365.1389004942063
0.1440459440657458,0.05,0.18329192062634997,365.3631862757945
0.13858188054185008,0.049999999999999996,0.18367708186731452,365.40896454488217
0.14044039289820898,0.05,0.20571595495929051,365.1254288056867
0.030035486998932683,0.05,0.24410049976032555,364.08116480380374
0.03670215366559935,0.05,0.24410049976032555,364.17923755162764
0.048957952385933035,0.03890760483574282,0.25,361.26202454815234
0.04459639500624859,0.010945350183390776,0.25,355.70632219773967
0.04896486416979095,0.005472675091695388,0.25,354.9741784604498
0.04229819750312429,0.005472675091695388,0.25,354.90222723449557
0.12997424682409653,0.05,0.19996325272284088,365.2844106765151
0.1369225480107916,0.05,0.1998099653987764,365.23560989823824
0.07639634258366057,0,0.23252877689144844,354.8154309389327
0.07306300925032724,0,0.2383022795833447,354.69740230875345
0.07986483795849694,0,0.23837763709977608,354.7276178818397
0.2,0.038944730053480314,0.15825408707097893,361.7151770153296
0.09666666666666662,0.04999999999999999,0.2211324865405187,365.0611581808221
0.0933333333333333,0.049999999999999996,0.22690598923241498,364.95516693882274
0.09033195060210442,0.049999999999999996,0.22192570468155143,365.0386236889639
0.08318189864435413,0,0.22189876785315765,355.0157134167833
0.07977284796653122,0,0.2165084058175809,355.0840756061694
0.07638006993618443,0,0.22182341033672626,354.98964576749125
0.08651523197768747,0,0.2161252651612614,355.1122312649459
0.12666666666666668,0.05,0.22690598923241495,364.8832616045129
0.06319817129183027,0,0.24415113979167233,354.52713964632403
0.06639634258366056,0,0.23830227958334466,354.65750077625216
0.04689459250937289,0.016418025275086165,0.25,356.60554365919455
0.05126306167291525,0.010945350183390776,0.25,355.7760999278862
0.1585486008957619,0,0.18453809752256242,355.167129746369
0.12666666666666665,0,0.25,354.47657794342496
0.13,0,0.24422649730810375,354.5704172695652
0.12333333333333332,0,0.24422649730810375,354.6053208435532
0.18905788291069697,0,0.1720087853469392,354.82206966212556
0.15942274459239075,0.05000000000000002,0.18508095943803748,365.16899637250225
0.06379979638507219,0.05,0.24498927535891638,364.4524982424157
0.06000000000000003,0.05,0.25,364.3071729198596
0.05753364280692588,0.05,0.24537083745142696,364.39080641511913
0.09333333333333331,0,0.23845299461620745,354.76172026175226
0.08999999999999998,0,0.23267949192431123,354.8579196906771
0.08666666666666664,0,0.23845299461620748,354.7486668828971
0.06666666666666665,0,0.25,354.4374145070555
0.06986483795849693,0,0.24415113979167236,354.57112100848593
0.09999999999999998,0,0.22690598923241495,354.96435615987997
0.1233333333333333,0,0.2326794919243112,354.81410514744385
0.19436014981976812,0,0.16285648071080222,354.785580864551
0.2,0.03329649893758768,0.14120801928602245,360.4560583475159
0.2,0.02774302209197086,0.13695286302694545,359.26380714865905
0.19999999999999998,0.027787691613232884,0.1433399455763416,359.25690750667036
0.08999999999999998,0,0.24422649730810375,354.64921773214354
0.08333333333333331,0,0.24422649730810375,354.63194088093337
0.14973688396050328,0,0.21103303498427547,354.9566772172671
0.03867764040618242,0.026947056172408838,0.25,358.4643516335309
0.17280985012620753,0,0.18064834747606953,355.01525548640234
0.020000000000000018,0.05,0.25,363.7806941497211
0.019197973165363945,0.042745159865587565,0.25,361.80054382379006
0.016041225693099365,0.046814860047351387,0.25,362.8208772645841
0.12966979974762854,0,0.21015769364377093,355.1267448962342
0.07653150462516362,0,0.24415113979167236,354.6065039686762
0.04510277261278438,0.05,0.23484217466317947,364.4813239194463
0.017593919496091806,0.028235479596762692,0.25,358.40911984401765
0.016987902334762724,0.02289800877366002,0.25,357.3439036235205
0.18873831125835777,0.05,0.1724144481617747,364.7958832522891
0.19435123237052618,0.05,0.16961666001374026,364.6988523199757
0.1399302865087523,0,0.23862119029934925,354.6060338304504
0.2,0.05,0.15384615384615385,364.6685380590554
0.1943512323705262,0.05000000000000001,0.1567961471932275,364.7817779873756
0.10333333333333328,0.04999999999999999,0.2211324865405187,365.06122438216147
0.15328484826082267,0,0.2053949530685507,354.994687841054
0.056826762531431596,0,0.24420294572750884,354.4761479489079
0.2,0,0.16025641025641024,354.69083211324954
0.2,0.00564593926430543,0.16458998327475116,355.3766525079176
0.2,0.00564593926430543,0.15817972686449472,355.4134786012315
0.029712776236391465,0.038141047747380113,0.25,360.8237805197339
0.02485638811819574,0.04407052387369006,0.25,362.2423809047957
0.09999999999999995,0.049999999999999996,0.21535898384862245,365.15804579751085
0.10666666666666662,0.04999999999999999,0.21535898384862243,365.1532972017887
0.05333333333333331,0,0.25,354.33274833981426
0.04666666666666665,0,0.25,354.267383491224
0.06899117408703162,0.038821935312055474,0.25,361.4172437447819
0.06449558704351582,0.044410967656027735,0.25,362.8089965594479
0.0711622537101825,0.04441096765602774,0.25,362.85513937473553
0.16276314433953842,0.05,0.1756931791261677,365.2130825968959
0.16721181781839195,0.05,0.17825254041978433,365.1257385134384
0.03008783820957834,0.014013120126499135,0.25,355.9998992770856
0.026725225473052224,0.009342080084332755,0.25,355.2380032214922
0.025317181477087083,0.013416435793484314,0.25,355.8349753953679
0.14387084919748666,0.05,0.19965667807471196,365.17606121173117
0.10666666666666665,0,0.21535898384862245,355.13699944067065
0.11333333333333331,0,0.21535898384862245,355.1237053266284
0.012082451386198713,0.04362972009470278,0.25,361.8957776637276
0.011280424551562642,0.03637487996029034,0.25,360.0854135056934
0.13666666666666666,0,0.24422649730810375,354.5267882225091
0.06020210525898488,0.016537305108542552,0.25,356.7518409603015
0.03456916435458719,0.032211571621070176,0.25,359.5248929945356
0.11999999999999997,0,0.23845299461620745,354.7266258111721
0.1328434580633477,0.049999999999999996,0.19453452910433205,365.33310343480804
0.17766005142650956,0.05,0.1784065148863646,364.9543278305993
0.038189721451529074,0.044070523873690065,0.25,362.44184801290817
0.057916818047721245,0.011004990100118971,0.25,355.8459936379536
0.053548348884178885,0.01647766519181436,0.25,356.6831879054801
0.02405436128355967,0.03681568373927763,0.25,360.4170471808532
0.08733056787087555,0.049999999999999996,0.21694542013068785,365.1151103804669
0.08399723453754224,0.05,0.2227189228225841,365.0072423687741
0.040000000000000015,0.05,0.25,364.0900237806108
0.06895195387793028,0.005532315008423582,0.25,355.144868382301
0.17212301967221885,0.05,0.16908469104048565,365.12542439778434
0.1775883583918987,0.05,0.16589041246393016,365.0563191207986
0.1776242049092041,0.05,0.17214846367514738,365.00867770132044
0.12894238804119784,0.005544465836476598,0.25,355.1591409708084
0.05563153083645761,0.005472675091695388,0.25,355.0373698132323
0.12317236415873775,0,0.21001225969459647,355.16271151851475
0.12634472831747554,0,0.2046655355405705,355.2171623109654
0.08659094932217706,0,0.22728912988873443,354.94032811161924
0.09333333333333331,0,0.22690598923241495,354.95996526532986
0.08992428265551039,0,0.22151562719683818,355.0396098230269
0.021954568740560967,0.008745395751317938,0.25,355.0796689048875
0.062285287211263606,0.0055323150084235825,0.25,355.0995129870815
0.06457057442252724,0.011064630016847165,0.25,355.90689615655674
0.0508669761402592,0.05,0.24537083745142696,364.3245962057712
0.09366528393543774,0.04999999999999999,0.21615220198965515,365.14100150315477
0.07298729190583765,0,0.22713841485587166,354.88843280044057
0.07978912061400736,0,0.22721377237230303,354.91896374204435
0.06322310511509219,0,0.2325052253108535,354.7373429620076
0.047147673837462094,0.03297812870943288,0.25,359.8537331072171
0.14618891966018388,0,0.2166711169000003,354.91101739765446
0.15288553255369536,0,0.21754694810385472,354.83233657476745
0.03307538897291758,0.02614542112287983,0.25,358.22748743925564
0.03158161359124796,0.020079270624689484,0.25,357.052489533439
0.11999999999999998,0,0.21535898384862245,355.10159842110573
0.1429251576865339,0,0.2215915501220094,354.86627535581925
0.1496217705800454,0,0.22246738132586383,354.7913231194383
0.009374559026432692,0.046814860047351387,0.25,362.69147384738903
0.08666666666666666,0,0.25,354.52924200835093
0.1268425938287829,0.05,0.21613306303387603,365.0675359199711
0.1495100075896415,0.05,0.1829067593853854,365.3106685470544
0.0376046168047912,0.05,0.23357183697207806,364.41001608196166
0.040902463139191866,0.05,0.2394713372117525,364.3346423289869
0.03340430733119868,0.05,0.2382009995206511,364.25766025389953
0.19999999999999998,0.027827890327443816,0.14975662370879794,359.24257779425136
0.19999999999999998,0.027868089041654744,0.15617330184125428,359.2212507987997
0.10999999999999997,0,0.23267949192431123,354.85786879909216
0.1133333333333333,0,0.22690598923241495,354.94673398809664
0.18308954362888397,0.05,0.1689541850985919,364.9340252661101
0.05781230952629988,0.04445380241787142,0.25,362.7642471588261
0.14223070098797624,0,0.18829637857133696,355.2945193910723
0.13931041459733098,0,0.19373463307267855,355.2613352915812
0.0211525419059249,0.018157222283572166,0.25,356.5549303465153
0.016381885173433645,0.01756053795055735,0.25,356.3726476746554
0.13333333333333333,0,0.25,354.4373825743217
0.1831253901461894,0.05,0.17521223630980912,364.8831179674859
0.07333333333333332,0,0.25,354.4768772969064
0.02336261273652611,0.004671040042166378,0.25,354.5442688320764
0.019999999999999993,0,0.25,353.918696108838
0.018591956004034852,0.0040743557091515595,0.25,354.3925240805845
0.07713312971840555,0.05000000000000001,0.2449892753589164,364.5372129325415
0.07333333333333339,0.05,0.25,364.4028360787435
0.03999999999999999,0,0.25,354.19325876946215
0.017183912008069707,0.008148711418303119,0.25,354.91807604344604
0.2,0.016881904183451958,0.16043251465311098,357.12002849836705
0.2,0.01129187852861086,0.16251329988283564,356.2023627317042
0.04420030947359253,0.05,0.24537083745142696,364.24847750726695
0.15886860772653782,0.05000000000000002,0.17910738863529427,365.23503973496713
0.09666666666666665,0,0.24422649730810372,354.65799663082345
0.15626271151684928,0,0.2006767171834622,355.02057150937543
0.15941136011004134,0,0.20719063030304144,354.902971464875
0.2,0.033376896366009545,0.1540413755509351,360.4260821216715
0.028910749401755396,0.030886207612967682,0.25,359.15326339778005
0.053333333333333365,0.05,0.25,364.2446983625995
0.2,0.02218954524635404,0.13269770676786846,358.17124997183674
0.09333333333333332,0,0.25,354.54224437938603
0.08893517032943873,0.005537552808955067,0.25,355.22901358024575
0.08046646305173885,0.05,0.23921577266702015,364.6773961191707
0.06133343919199804,0.05,0.24036011281034336,364.53304029273795
0.010863941564751229,0.05,0.24545320055089792,363.71164477054606
0.008394549796169113,0.05,0.24090640110179584,363.7590279205924
0.015061216462835786,0.05,0.24090640110179584,363.8920819897776
0.1033333333333333,0,0.24422649730810372,354.6580115132944
0.1488621002336029,0,0.18231781391644705,355.2914409876718
0.15281484957343008,0,0.18761014460526432,355.2010971341255
0.15415417452632982,0,0.1819746969334107,355.24016648789075
0.15586995098996242,0,0.1958089928662696,355.08136777399704
0.15720927594286216,0,0.190173545194416,355.12695982822413
0.09666666666666665,0,0.2211324865405187,355.05448562284823
0,0.05,0.25,363.37419104007853
0.004197274898084556,0.05,0.24545320055089792,363.5711604107164
0.006666666666666672,0.05,0.25,363.52210569055256
0.01259182469425367,0.05,0.23635960165269382,363.9377935697063
0.13659695317541895,0,0.23284768760745297,354.7327747308685
0.18305369711157857,0.05000000000000001,0.1626961338873747,364.9782241134913
0.13827795164814907,0,0.18300404788251973,355.37710979002935
0.14357002594087598,0,0.18266093089948338,355.3370887550513
0.1353576652575038,0,0.1884423023838613,355.3462166299657
0.042786116457777655,0.0216825407237475,0.25,357.4912351884171
0.02592319863841616,0.018753906616586984,0.25,356.73395447353823
0.05999999999999998,0,0.25,354.3893533152329
0.2,0.033336697651798614,0.14762469741847878,360.44456887610994
0.17271300305537723,0.05,0.18131631305444607,365.01069294047244
0.17215886618952428,0.05,0.17534274225170288,365.0743404062091
0.15643349685401475,0,0.21190886618812993,354.87402407516436
0.2,0,0.15384615384615385,354.722787053237
0.14674006043673787,0.049999999999999996,0.19422795445620317,365.21548831754967
0.19436014981976812,0,0.15644622430054583,354.8202317659762
0.16160370231229423,0,0.19273694578356773,355.0479343624409
0.11666666666666663,0,0.2326794919243112,354.84039315702216
0.020546524744595823,0.012819751460469495,0.25,355.66679296881364
0.06666666666666671,0.05,0.25,364.35981403488864
0.19999999999999998,0.02237499661255335,0.15830290824718263,358.1205210607343
0.06959451387549086,0,0.232453419375017,354.7804367050175
0.08079841365384328,0.05,0.22846198542426033,364.89135678308924
0.07779703092261442,0.05000000000000001,0.22348170087339678,364.9682662054139
0.013333333333333345,0.05,0.25,363.6576067271001
0.08379979638507215,0.05,0.23344226997512388,364.8074773021265
0.0869986172687711,0.05,0.22769920737344768,364.9271422494626
0.02673764066453202,0.05,0.2382009995206511,364.1542229743627
0.2,0.05,0.16666666666666666,364.59221004726174
0.08319817129183027,0,0.2326041344078798,354.84125860081923
0.1549740711135372,0.05000000000000001,0.18252159814442082,365.2514113586621
0.03010646099679802,0.05,0.23230149928097665,364.3252918874263
0.12951709247621332,0,0.1993188113865445,355.26495079845785
0.0027078923597660203,0.046814860047351387,0.25,362.5496568162673
0.005415784719532041,0.043629720094702784,0.25,361.76005825195836
0.1264974355888908,0,0.21550441779779692,355.06967285075046
0.0651332355770702,0.05000000000000001,0.23534938816925977,364.6664698708002
0.1584357488412899,0,0.17830882327986647,355.22385917749824
0.13243737886685858,0,0.1938805568852029,355.3088302994417
0.16665768095253902,0.05,0.17227896961704114,365.1855399444484
0.07459821003891547,0.05000000000000001,0.22922476347507298,364.8470540585507
0.16271732315624995,0,0.17464294962632224,355.20171193667926
0.09325761598884372,0,0.21574212450494193,355.1313663173002
0.015775868012104566,0.012223067127454676,0.25,355.4953519974225
0.08099585180631336,0.05,0.21773863827172057,365.08037242944744
0.05048028759429485,0,0.2326088371825265,354.6273914018307
0.00812367707929806,0.04044458014205417,0.25,361.0053953471516
0.2,0.016636068400737218,0.1284425505087915,357.1783868170491
0.09999999999999998,0,0.21535898384862245,355.1414807632321
0.0027078923597660203,0.04125930449179584,0.25,361.09538334158304
0.008572532191796621,0.0340044643573834,0.25,359.48694775904437
0.011729279664061204,0.029934764175619577,0.25,358.6581099245023
0.005864639832030602,0.03163404875447646,0.25,358.9082164358779
0.06385588764258772,0,0.22296783549422927,354.89783085627306
0.07011797878938608,0,0.22239562291547776,354.9476469270414
0.0672486656729345,0,0.2176528309750839,355.00155703137614
0.2,0.02770329131511238,0.12416808264417088,359.26722752205126
0.2,0.0332567681607292,0.12842323890324786,360.46771801633105
0.20000000000000004,0.03323690277229996,0.12203084871186058,360.46330868986473
0.1717363740454285,0,0.16197563206349325,355.1667259967615
0.1657528159609174,0,0.15919466199650728,355.2646445311768
0.16637585671606372,0,0.16508586898464264,355.2219560183377
0.03671690593941335,0.05,0.21352217384893457,364.74893275018684
0.0360013995435753,0.05,0.22070673132810711,364.62212541258634
0.031537473788474116,0.05,0.21793238432263157,364.6029627327653
0.03899414357298374,0.010143715133861766,0.25,355.52087770084864
0.03669594606985944,0.0046710400421663785,0.25,354.7292325434548
0.033391892139718896,0.009342080084332757,0.25,355.33144604599585
0.037183865024512805,0.020880905674218492,0.25,357.2738559399089
0.03569008964284319,0.014814755176028146,0.25,356.2057678957501
0.06035379199864062,0,0.22776243337045962,354.7950784277536
0.08278170366485295,0,0.21030118577178436,355.18265854289206
0.0895240876760092,0,0.20991804511546489,355.2064240801605
0.17713748008037258,0.05,0.15979581503373133,365.1034521770609
0.04382252953983253,0,0.23235672320196077,354.56214266173754
0.040329100341734245,0,0.23815377747445193,354.4208571978344
0.1029138933948021,0,0.20940680517401664,355.2234531419103
0.10582778678960422,0,0.20345462649941082,355.29804185066496
0.09918036508196758,0,0.2035827257845396,355.2997584234169
0.12259195504561099,0,0.19871335686596467,355.3080178782393
0.12603622494081873,0,0.19354127796384396,355.34982097423637
0.11911108751021643,0,0.19293582344326413,355.3875391985287
0.14416398843975228,0,0.17064590240757146,355.43012069511497
0.1471070068355539,0,0.16446682967009735,355.4448415979332
0.1411737868800116,0,0.16605713350768447,355.48711558561655
0.02483309579399512,0.05,0.22861309873507873,364.309765676163
0.030821967392636068,0.05,0.22511694180180414,364.4692039373981
0.15415517085719393,0.05000000000000002,0.16748329101223064,365.3905536774529
0.1502606342441933,0.05000000000000002,0.1708975005213572,365.4097092612701
0.14790391580952136,0.05000000000000001,0.16508545170982536,365.478153453405
0.08579055936317469,0,0.20409396572598784,355.2732673707611
0,0.033288858411723216,0.2448323755310262,359.258973186656
0,0.038844413967278765,0.2448323755310262,360.5511203647356
0,0.03888888888888889,0.25,360.45044285469015
0.10899304758893519,0.05,0.19796435789359657,365.39933413148
0.11598678066732229,0.05,0.19863065617001133,365.37178448661956
0.11266203172595678,0.05,0.20376256654527183,365.31368742903163
0.2,0.011092854153865492,0.11768084642130724,356.2799366951757
0.2,0.005545356133579073,0.11973726042600742,355.4844560137056
0.2,0.011090712267158145,0.12408990546739945,356.28380062382985
0.2,0.005545356133579074,0.12614751683626385,355.48648453032024
0.18295966744382317,0.049999999999999996,0.15038589078297104,365.04579762145977
0.18860843507329697,0.04999999999999999,0.1474358974358974,364.94647716314904
0.18865544990717467,0.05,0.15359101898809924,364.9189244366599
0.11249445345627089,0,0.20345462649941082,355.2858366525613
0.10958056006146877,0,0.20940680517401664,355.2151098815776
0.11239655053568856,0.05,0.19284280317605432,365.45431198062806
0.1196557648043439,0.05,0.2044288648216866,365.27986460744495
0.11633101586297838,0.05,0.2095607751969471,365.21886127679284
0.2,0.011090712267158147,0.1305001618776559,356.28142845966704
0.17111333329028217,0,0.15608442507535789,355.20714691945153
0.2,0.03886433262505846,0.13901047439580985,361.77164747408364
0.20000000000000004,0.03327663354915844,0.13481562909463518,360.46530123554817
0.15974522650417833,0,0.16291578688374908,355.3190604730245
0.00541578471953204,0.03807416453914723,0.25,360.3703422673332
0.11939028361407568,0.05,0.19350910145246908,365.42215790011124
0.16036826725932465,0,0.16880699387188444,355.2736228577267
0.11566681761500866,0,0.19810790234538483,355.34144990858545
0.1121859500796141,0,0.1923303689226843,355.4156223733856
0.1096643491963117,0.049999999999999996,0.20956077519694713,365.237628275389
0.2,0.027705433201819726,0.11775902359807866,359.2635168333609
0.011925289337368188,0.004074355709151559,0.25,354.280676363042
0.01333333333333333,0,0.25,353.80973101162596
0.13187679772210925,0,0.1826647689611608,355.42505006901996
0.12888659616236858,0,0.1780760000612738,355.48350640253045
0.12547564379606946,0,0.18232549003980186,355.4647781446958
0.15261735267886525,0.05000000000000002,0.17670954933288902,365.3341285630225
0.011729279664061204,0.024379208620064017,0.25,357.5324315016148
0.005864639832030602,0.020522937643365345,0.25,356.7005758317435
0.005864639832030602,0.026078493198920902,0.25,357.7530672887452
0.0523219640664005,0,0.22321822678698594,354.7983981054659
0.0558240597103476,0,0.2184236289107556,354.9031319609242
0.050661544894559055,0,0.21862221426767578,354.8523795040878
0.04050169119614963,0,0.22316469816334036,354.673850129895
0.03550435231352876,0,0.2275085967020848,354.5435411859803
0.042162110367991085,0,0.22776071068265058,354.6199798964
0.2,0.01664249406085926,0.10921537337051485,357.16014237865426
0.2,0.022173963631339492,0.11348719848429675,358.16246139629067
0.2,0.022184046121244295,0.1070849469932104,358.1490050017906
0.03016900447696929,0,0.24395083174694307,354.1848087488925
0.023502337810302625,0,0.24395083174694307,354.08896581037897
0.026666666666666658,0,0.25,354.01890510879105
0.16530504601796062,0.049999999999999996,0.15399517732644463,365.32456050728825
0.1712212630491666,0.049999999999999996,0.15689549618008797,365.2188976416599
0.16575592432948674,0.04999999999999999,0.16008977475664346,365.28465183072905
0.0715813975355156,0.05,0.2127108555369608,365.11214317616765
0.06831887730061893,0.05,0.2075146258958895,365.1686840887944
0.07447081133652003,0.05,0.20734617898957794,365.2094408112188
0.1595046692818142,0.05,0.1576919354542382,365.3858819660632
0.011123262502732123,0.019041737796961347,0.25,356.53627558756
0,0.044444444444444446,0.25,361.8553600753349
0.2,0.04443216631252923,0.13681292950559726,363.19655439820946
0.20000000000000004,0.03884446723662922,0.13261808420442256,361.77827990975493
0.01086652727529418,0,0.24528252466774425,353.85828872449133
0.006666666666666665,0,0.25,353.69210845634893
0.2,0.0221696798579248,0.1263053165764812,358.1722535644461
0.2,0.016638210287444565,0.12203349146269926,357.17893563068674
0.09047464468617314,0.05,0.21084591893087612,365.2186026346731
0.0027078923597660203,0.03570374893624029,0.25,359.7550236109975
0.004197274898084556,0.05,0.23263268773038512,363.83515503941237
0.004197274898084556,0.05,0.23904294414064153,363.70771383047696
0,0.05,0.23717948717948717,363.6507882446096
0,0.02773330285616766,0.24483237553102621,358.07318724421333
0,0.03324438349011309,0.2396647510620524,359.35360543944813
0.030029279403192773,0.0046710400421663785,0.25,354.6410947443047
0,0.04439996952283433,0.23842211912076977,362.0912157077966
0,0.03879993904566865,0.23325449465179598,360.7721104531485
0,0.04439996952283433,0.23201186271051338,362.21613791785416
0.004199860608627514,0,0.24528252466774422,353.7372571983328
0,0,0.25,353.5658284430069
0.2,0.02772315670354162,0.13056047283555816,359.2689303889798
0.1020942584767697,0,0.19763054710993377,355.3709641659038
0.04564475744961573,0.05,0.2190708678598856,364.77537795720633
0.047963481106669675,0.05,0.22475141602468404,364.70449645709203
0.04046532529867649,0.05,0.2234810783335826,364.63519351030817
0.09626647168716546,0,0.2095349044591454,355.2211690110068
0.17709689137479326,0,0.15886539514234382,355.10414014554703
0.033333333333333326,0,0.25,354.1104259956657
0,0.0055555555555555575,0.25,354.25105439932844
0,0.009898111565874293,0.2451228726840512,354.9504717479617
0,0.011111111111111115,0.25,355.0336291964608
0.17167214136069273,0.05,0.16299009361028682,365.1753767752491
0.1059953650592901,0.049999999999999996,0.20376256654527186,365.3271766067813
0.09980704328038041,0.049999999999999996,0.20425449213816813,365.32427477956276
0.10280472581002548,0.05,0.19845628348649283,365.40100746817416
0.2,0.02772559818162933,0.10495452061590596,359.2389904512288
0.2,0.027715515691724528,0.11135677210699232,359.2546381015806
0.2,0.03325706775210956,0.10922634572968788,360.4479376331724
0.055913968846721715,0.05,0.2301563345664057,364.6886183284493
0.05922700927266587,0.05,0.22420015677853047,364.82850672659134
0.062180122424868034,0.05,0.22977477247389513,364.75167906042
0.07634381049980143,0,0.21107105448688593,355.1460772673649
0.13870707822729644,0.049999999999999996,0.1728788962037335,365.50713559268604
0.14168922563107383,0.049999999999999996,0.1774798718148181,365.44099016280427
0.1355997331380727,0.04999999999999999,0.17907610625622988,365.4780579947117
0,0.027688827934557535,0.23966475106205237,358.1666534259406
0,0.03319990856850297,0.2344971265930786,359.4433361365208
0.06844627600301435,0.05000000000000002,0.22939321038138455,364.80583238078947
0.1322975485286677,0,0.17382651008274574,355.49698233869213
0.13823076848421,0,0.17223620624515862,355.46729364700667
0.1352405669244693,0,0.16764743734527163,355.52190531309367
0.03683567114363595,0,0.24395083174694307,354.2719635743277
0.12895651133146402,0,0.18810302346250235,355.3906821068583
0.10299768252964502,0.04999999999999999,0.20956077519694716,365.246747162125
0.2,0.01113538178842017,0.13688724442705202,356.27945120119904
0.04278404895573044,0.05,0.22916162649838107,364.562178391041
0.050282204763723616,0.05,0.23043196418948247,364.62577560464985
0.2,0.03882460184819997,0.12622569401303527,361.7780862381771
0.047159449250611954,0,0.22341681214390613,354.7439738204392
0.10874168018440636,0,0.197502447824805,355.3652468894962
0.09042808225220611,0.05,0.19944013467228539,365.3792073975356
0.09361872150147071,0.049999999999999996,0.2047464177310644,365.31299070433516
0.08728400543690852,0.05,0.20553963587209712,365.2886999260502
0.01372151849034411,0.05,0.22627739897975319,364.1512105945112
0.018994883693147006,0.05,0.2299657995256511,364.18267860021825
0.01315667159229889,0.05,0.23131850031622353,364.0470657629565
0.1258963946026279,0,0.1734872311613868,355.53682418093484
0.188608435073297,0,0.14102564102564102,354.98301661092086
0.1829126526099455,0,0.14423076923076925,355.07222418377745
0.188608435073297,0,0.14743589743589744,354.9637647771372
0.19430421753664848,0.049999999999999996,0.15064102564102563,364.8126442433445
0.027004675620605257,0,0.23790166349388614,354.25119633951573
0.021035531752263477,0,0.23923335641468732,354.1380553184699
0,0.008685112020637473,0.24024574536810234,354.8674790643602
0,0.01424066757619303,0.24024574536810236,355.70768872626144
0.1943042175366485,0,0.14423076923076925,354.86971386703124
0.1943042175366485,0,0.15064102564102566,354.8472857336237
0.010517245341403043,0.013704266973858674,0.25,355.6340799451372
0.18302451717618473,0,0.1558411665498096,355.02449609568856
0.1829685848930651,0,0.15003596789028942,355.0509808295351
0.17704095909167364,0,0.15306019648282365,355.1332629244036
0.1263840166924628,0.05,0.19417539972888384,365.3792456461333
0.12298051374570941,0.05,0.1992969544464261,365.33347666829786
0.07120829110162337,0.05,0.2021499493485066,365.26277077519586
0.07761488815181761,0.05,0.20124667778976618,365.3107037023237
0.09253294337433093,0,0.20371082506966837,355.2926427865215
0.19999999999999996,0.011180051309682193,0.14327432697644815,356.2709288096542
0.2,0.0055900256548410965,0.1453551122061728,355.4599176440853
0,0.027777777777777787,0.25,357.9748195067665
0,0.03333333333333334,0.25,359.1594393781443
0.06254004969861003,0.05,0.21824397899065529,364.9588805943068
0.056908285615611925,0.05,0.21851960861373204,364.9047753475688
0.08087740838671428,0.05,0.2064429074308375,365.2536307284751
0.07773333157141671,0.05,0.21254240863064927,365.148641362636
0.025548602189833167,0.05,0.22142854125590622,364.44917898028433
0.07484391777041224,0.05,0.21790708517803212,365.0481327789352
0.0716450968867133,0.05,0.22365014777970832,364.93153554127707
0.06869198373451113,0.05,0.2180755320843437,365.00763550055495
0.0966164040311158,0.05,0.1989482090793891,365.39429855685927
0.005258622670701521,0.015185466820262674,0.25,355.773480224131
0.07351075681973286,0,0.2170806183963324,355.04672493393196
0.13528775008840838,0,0.17841527898263274,355.4396153419138
0.16620680264101287,0.049999999999999996,0.1661843721868423,365.23831164311576
0.16040642590486648,0.05,0.16988113031463586,365.293015841134
0.041180831694514544,0.05,0.21629652085441012,364.7652026447463
0.012599581825882545,0,0.2358475740032327,354.06005462752813
0.008399721217255029,0,0.24056504933548845,353.90199925983984
0.015066387883921693,0,0.24056504933548847,354.01778229881484
0.2,0.03326715024201437,0.10282409423860153,360.430098726969
0.17105740100716255,0,0.1502792264158377,355.2336663637134
0.1651297752057711,0,0.15330345500837195,355.30179030395084
0.005258622670701521,0.009629911264707115,0.25,354.9181512853774
0.010517245341403043,0.008148711418303117,0.25,354.80334570557307
0.02453786956256611,0,0.2331841881616304,354.2974086719508
0.018568725694224325,0,0.23451588108243157,354.18229764904413
0.2,0.044432166312529234,0.14322318591585365,363.18037194492126
0.07008171935300309,0,0.21164326706563744,355.104913490929
0,0.04439996952283432,0.2448323755310262,361.957181286914
0.11624722672813544,0,0.20940680517401664,355.1979538297644
0.019559730591192225,0.05,0.22492469818918082,364.28474440181105
0,0.05,0.24358974358974358,363.51704574775647
0.12255535740542417,0,0.18776374454114342,355.42693538043613
0.07291477303307167,0,0.20563370315619098,355.200917498193
0.0694857355663419,0,0.20019635182549606,355.2485962986538
0.06665268188627331,0,0.20620591573494249,355.1559406175586
0.18866436735641662,0,0.15324109609541764,354.9396161161924
0.13212243917096517,0.04999999999999999,0.18331795249186628,365.46268551941097
0.1518051186294045,0,0.1761387411789729,355.314785799394
0.030507013430907892,0,0.23185249524082924,354.40538769624806
0.03367134228727192,0,0.23790166349388614,354.34267321658973
0.15995554759334035,0.05,0.16378653288443706,365.3426646591257
0.12279378656082907,0.05,0.18838754673492686,365.4652388969359
0.005258622670701521,0.004074355709151559,0.25,354.1601711874345
0.2,0,0.12820512820512822,354.7867805000248
0.2,0,0.13461538461538464,354.7803479345457
0.2,0.005545356133579074,0.13255777324652027,355.4820821654992
0.051276521532613833,0.05,0.21879523823680885,364.84360780186864
0.12925322793171398,0.04999999999999999,0.18874667611037507,365.42455298385744
0.15651188929186588,0.05,0.17329533982376244,365.3163649592664
0,0.05,0.23076923076923075,363.77541853063764
0.004762121796129776,0.05,0.2275915863939148,363.94142761605445
0.008959396694214333,0.05,0.22945504335506917,363.99705243738146
0.017533193941960845,0,0.24528252466774425,353.9706627925847
0.04129234107610804,0.015616390225557154,0.25,356.4076493564531
0.12930734696892704,0,0.16923774118285878,355.5492107803646
0.17698502680855402,0,0.14725499782330348,355.1571443236556
0.08413992862161095,0.05,0.21163913707190884,365.1890882700209
0.2,0.044412300924099986,0.11760002649369712,363.19855056848826
0.2,0.05,0.11538461538461539,364.73069293631164
0.2,0.044422383414004785,0.11119777500261077,363.1898086910707
0.2,0.00554749802028642,0.1133282013799152,355.4761793427595
0.12914029176718778,0.05,0.17871697688078167,365.5272426224949
0.03225298018431216,0.05,0.21074782684345905,364.726568273528
0,0.01666666666666667,0.25,355.9135528344039
0.18300668227770087,0.05,0.15654101233517287,365.0151933864671
0.2,0.03882460184819997,0.11981543760277885,361.77608915300607
0.2,0.038834684338104775,0.1134131861116925,361.76956767976696
0.1943042175366485,0,0.13782051282051283,354.8857245278436
0.2,0,0.14102564102564105,354.76757844670453
0.11941959088687322,0,0.20406008101999065,355.2563170064811
0.2,0.05,0.14102564102564105,364.7169351707036
0.2,0.05,0.13461538461538464,364.7307791198936
0.18291265260994546,0.049999999999999996,0.14423076923076922,365.0700368184693
0.020275236987030272,0.05,0.2177401407100083,364.4196589600819
0.02626410858567122,0.05,0.2142439837767337,364.57843902980113
0.2,0.022171821744632145,0.11989625753038897,358.17067262691967
0.12963543833051794,0.05,0.16987415503406067,365.5992214567014
0.13261758573429533,0.049999999999999996,0.17447513064514528,365.54147696531817
0.1261581443634104,0.05,0.17411600126969706,365.58612524635566
0.13572493082351908,0.05,0.1682779205926489,365.5676065433447
0.05748447888218905,0,0.22301964143006575,354.84750987123357
0.05398238323824195,0,0.22781423930629613,354.74044970567655
0,0.03879993904566864,0.23966475106205237,360.64689631906157
0.2,0,0.14743589743589747,354.7483914862683
0.11907448987002962,0,0.1819862111184429,355.49629401705675
0.0759236287313934,0,0.19942648311039446,355.29273709715216
0.07935266619812317,0,0.2048638344410894,355.24127853520577
0.15370429254566778,0.05000000000000001,0.16138869358203178,365.43707961476883
0.1447965707202976,0.05,0.17128266176232176,365.46405313231185
0.12248544223632876,0,0.17773672113991487,355.5191852598322
0.03528589314773725,0.05,0.22789128880727966,364.4851648203814
0.17709046524649488,0.05,0.15364069348152953,365.13739666558934
0.009524243592259552,0.05,0.22441394201859885,364.09969746063194
0.14715328915496956,0.05000000000000001,0.17709471057385356,365.3909290927395
0.2,0.05,0.14743589743589744,364.69618815042423
0.15311459629229296,0,0.16074570478285555,355.4066391129181
0.15373763704743926,0,0.16663691177099088,355.36399513522656
0.008394549796169113,0.05,0.23449614469153945,363.88928005243525
0,0.015453667121429851,0.2451228726840512,355.8105383978838
0.0454990300787705,0,0.21882079962459594,354.7963145279924
0.08879941506149643,0,0.19788674568019132,355.3559020897765
0.09544683676913307,0,0.19775864639506255,355.3678492326638
0.04881986842245341,0,0.22801282466321632,354.6876661117187
0,0.004342556010318736,0.24512287268405117,354.18775393885034
0,0.022222222222222227,0.25,356.8928573255197
0.06098657452613615,0,0.21822504355383543,354.94857189850194
0.01428636538838933,0.05,0.2212362976432829,364.25022806437033
0.1494560627324792,0,0.17030278542453514,355.3830108360749
0.14651304433667758,0,0.17648185816200926,355.3639779788046
0.053595245189667774,0.05,0.22447578640160729,364.7700327413228
0.1711742482152889,0.04999999999999999,0.15074037462788614,365.24981734574095
0.08236152189644491,0,0.1986566143952929,355.3285056941931
0.11920355642919533,0.05,0.18259969374096985,365.54239042892283
0.12566299780008025,0.049999999999999996,0.18295882311641806,365.5071608140912
0.14122097004395068,0,0.17682497514504558,355.40754342581357
0,0.020964747755375282,0.23995524821507738,356.86196938312844
0,0.022177747300612102,0.24483237553102621,356.9900589919016
0.12268085039630289,0.05,0.17835784750533346,365.5671815704295
0.19999999999999998,0.0055900256548410965,0.1389448557959164,355.4772786751328
0.188608435073297,0.049999999999999996,0.14102564102564102,364.96727254276266
0.1943042175366485,0.05,0.14423076923076925,364.83686697883564
0.1943042175366485,0.05,0.13782051282051283,364.85418664323737
0,0.01975174821013846,0.23507812089912855,356.73404453925303
0.06549316285081219,0.05,0.2238185946860199,364.8865472492723
0.15608669294436456,0,0.17247286752542867,355.2971242937736
0.17704345041261718,0.04999999999999999,0.14748557192932768,365.1649761161346
0.11563021997482185,0,0.1871582900205636,355.45930474923915
0.11580005348244195,0.05,0.18772124845851207,365.501997413109
0.2,0.016640352174151912,0.11562443241660705,357.1728541512218
0.08402148520201186,0.05,0.20034340623102576,365.3495159097702
0.09680936075073532,0.04999999999999999,0.21005270078984342,365.2392701709937
0.15912218574903203,0,0.15702457989561375,355.3589553482573
0.2,0.033246985262204765,0.11562859722077423,360.4590076208043
0.06542946349961448,0.05,0.21287930244327238,365.0673873618314
0.2,0.044412300924099986,0.13042053931420994,363.20057638151985
0.06381962820620474,0,0.21221547964438894,355.05593248417466
0.037164771485370215,0,0.232104609221395,354.4881414265433
0.14181442331652022,0.05,0.16668168615123713,365.52725054224584
0.2,0.03884476682800958,0.10701093462060615,361.7562772879565
0.06672520075903929,0,0.22771062743462314,354.84178579177825
0,0.026475828389320714,0.23478762374610357,358.01348864491433
0.2,0.01109499604057284,0.11127178737521502,356.2694424734189
0.2,0,0.11538461538461539,354.78035298667623
0.2,0,0.1217948717948718,354.78678218406833
0,0.01302766803095621,0.23536861805215353,355.60500381953705
0.17721687014659399,0,0.1282051282051282,355.1914613496354
0.17152108768324248,0,0.13141025641025642,355.2740767642518
0.17721687014659399,0,0.1346153846153846,355.1850745024815
0.1533008457707366,0,0.15385601881055525,355.4397571376115
0.14729325631399753,0,0.15757714369779705,355.48227531902177
0.027266831330605742,0.05,0.2013734727251811,364.78077594785526
0.032542503899573846,0.05,0.20444077994822088,364.82177311414665
0.026977307615344056,0.05,0.20768051962041928,364.68885620291275
0.16559346188185103,0,0.14084474141304706,355.3390813597254
0.15954027856551561,0,0.14390553712565102,355.4066396306443
0.16536161854381107,0,0.1470740982107095,355.3234938936484
0.07355205252131315,0.05,0.19646359865130927,365.35078518735645
0.06866964443296508,0.05,0.19743512255068352,365.3077821848461
0.2,0.03886837033413453,0.08773918897770863,361.67280439637307
0.2,0.044434185167067264,0.09194651756577739,363.1169239875525
0.2,0.04443418516706727,0.08553626115552099,363.0777463219698
0.1829126526099455,0,0.13141025641025642,355.09756784316113
0.1357542116468838,0,0.15639642161885398,355.58418102032215
0.13007781405254878,0,0.1523612175932323,355.6403125075895
0.12982099169134154,0,0.15798672545644113,355.61499219008067
0.024958151709243905,0,0.22789229776795844,354.39191906081106
0.030896562639615634,0,0.22460324487107408,354.52908467523264
0.021991158761637642,0.05,0.19830616550214133,364.73122778786893
0.021701635046375956,0.05,0.2046132123973795,364.6425931386025
0.2,0.005547498020286421,0.1069179449696588,355.46117411517844
0.2,0.005547498020286421,0.10050768855940238,355.43971710131984
0.2,0,0.10256410256410256,354.74839470553684
0.01940928998757992,0,0.22393210029508764,354.3696614095574
0.01898900784090212,0,0.2292239906887596,354.2782295368754
0.188608435073297,0,0.11538461538461539,354.9956310274106
0.188608435073297,0,0.10897435897435898,354.9828041477089
0.1829126526099455,0,0.11217948717948718,355.0878947351602
0.12995881384955973,0.05,0.16432402076512234,365.6373038208812
0.13604830634256088,0.05000000000000001,0.16272778632371057,365.60367597631745
0.188608435073297,0.05,0.08974358974358976,364.8838865218929
0.1829126526099455,0.05,0.09294871794871795,365.01428146082463
0.18291265260994552,0.05000000000000001,0.08653846153846156,364.97600766894715
0.2,0.05,0.08333333333333334,364.5922207457264
0.2,0.04443418516706727,0.0791260047452646,363.0315654216711
0.10846516419716569,0,0.18612678880086353,355.486650849065
0.15348709524918022,0,0.14696633283825494,355.4653390411399
0.15930843522747568,0,0.15013489392331344,355.38775767655534
0,0.008685112020637473,0.23383548895784595,354.9822994877461
0,0.004342556010318736,0.23871261627379475,354.3063392066518
0,0.004342556010318736,0.23230235986353837,354.41848561711794
0.188608435073297,0,0.1282051282051282,355.0020034664078
0.1829126526099455,0,0.125,355.10070645833275
0,0.04454547129639714,0.2193393142581054,362.47836288201785
0,0.03909094259279427,0.21431965415723647,361.16755957816565
0,0.04454547129639714,0.21292905784784902,362.5797258241847
0.12364361233167714,0,0.16716727193747502,355.59343738607384
0.12023265996537802,0,0.17141676191600308,355.5785616335882
0.11823670005563452,0,0.15947129482888245,355.66284345761727
0.11231614305717741,0,0.16302633344670753,355.6604854830681
0.11797987769442728,0,0.1650968026920913,355.63052895364166
0.13637168186160264,0.05,0.15717765205477222,365.63436933578834
0.142137798835562,0.05,0.16113155188229877,365.5613070440116
0.020988436016703114,0.05,0.2111766765536939,364.5351454263025
0.014999564418062172,0.05,0.21467283348696853,364.3707838237
0.177216870146594,0.05,0.13461538461538464,365.19690641882545
0.17721687014659404,0.05000000000000001,0.12820512820512822,365.2038837603324
0.1829126526099455,0.05,0.1314102564102564,365.09774351100015
0.09757932253706111,0,0.1788917074593427,355.5592445345333
0.09108919650885107,0,0.1809590039525471,355.53391445079114
0.09465268671187288,0,0.18522338686629225,355.4996031601068
0.013860428265915936,0,0.21997190282221687,354.3386147424872
0.019798839196287665,0,0.2166828499253325,354.48474260256336
0,0.0336364138891914,0.21571025046662393,359.863125994736
0,0.03349091211562859,0.22197254250877546,359.7301531708978
0,0.0276422569473553,0.21716315406720677,358.54898601710744
0.01571276344773501,0.05,0.20810936933065413,364.4833008291089
0.010237442621932394,0.05,0.21144022145202807,364.32548963414484
0.15970777167232236,0.04999999999999999,0.1508460588885132,365.41734712247506
0,0.03334541034206578,0.22823483455092702,359.5902232181595
0,0.027351253400229678,0.2296877381515099,358.28221108468176
0.2,0.005555146845306129,0.08124706883631977,355.33709839845886
0.2,0,0.08333333333333334,354.65237603435673
0.2,0.005555146845306129,0.08765732524657618,355.378058736139
0.2,0.044371788298881075,0.07274765741320223,362.9618993574507
0.2,0.04437178829888107,0.06633740100294581,362.9016676478718
0.2,0.03874357659776215,0.0685722379033275,361.4909772709325
0.1829126526099455,0.05,0.13782051282051283,365.0873332966449
0.18291265260994552,0.05000000000000001,0.125,365.101267461535
0.20000000000000004,0.04441230092409999,0.12401028290395354,363.2029958689675
0.07995864957150739,0.05,0.19556032709256888,365.3945111988198
0.08230241099119717,0.05,0.18987397639537154,365.4712652324285
0.08636524662170164,0.05,0.19465705553382845,365.4291164906019
0.05481523018260212,0,0.19700049799833133,355.17542087543256
0.05697327298236645,0,0.20110755745418415,355.14613973690547
0.06107146147458984,0,0.19654489518398727,355.2330226181149
0.10502089430195793,0,0.19129886770298424,355.43886641579667
0.0888020922794523,0.05,0.18788359524681558,365.5138567466047
0.2,0.05,0.12820512820512822,364.7376151799596
0.188608435073297,0.05,0.13461538461538464,364.98110691949836
0.07879803169342309,0,0.19439223148154774,355.3632449521544
0.036283450730944244,0,0.21301009596257447,354.77199052998384
0.031286111848323375,0,0.2173539945013189,354.64439649042475
0.035893901522236496,0,0.22025934633232963,354.6619584398783
0.005475320825802617,0.05,0.2082076094170876,364.27215143907716
0.010950641651605234,0.05,0.20487675729571367,364.43486955501186
0.09773861922545807,0.05,0.17911975381124673,365.6158734887121
0.1014900953466171,0.05,0.18540128850536333,365.5538503944497
0.09530177356770742,0.05,0.1858932140982596,365.5465268682027
0.2,0.05,0.10256410256410257,364.696128591493
0.1943042175366485,0.05,0.10576923076923075,364.8367334542749
0.1943042175366485,0.05,0.09935897435897437,364.8125862101312
0.1597721219035556,0,0.13767618032798856,355.4194054611128
0.1537189385872202,0,0.1407369760405925,355.4813993596202
0.04089124040485737,0,0.21591544779358518,354.7869876587065
0.09905324968886645,0.05,0.19217474879237623,365.4788455139292
0.10864507441452952,0.05,0.18656126848193771,365.53364032801335
0.10489359829337049,0.05,0.18027973378782108,365.6028119839171
0.1120485773612829,0.05,0.18143971376439547,365.57831763065406
0.2,0.05,0.12179487179487182,364.7375864520989
0.19430421753664853,0.05000000000000001,0.125,364.86793467275606
0.19430421753664853,0.05000000000000001,0.11858974358974361,364.864445639052
0.17128924434520254,0,0.14404986961817529,355.2521120862247
0.10976203922974928,0.05,0.17496761331974084,365.64333773410897
0.2,0.011094996040572841,0.10486153096495862,356.2521852656877
0,0.05,0.21153846153846154,364.0996247327931
0.004762121796129777,0.05,0.214771073573402,364.15786984883124
0,0.05,0.21794871794871795,363.9994674356751
0.188608435073297,0,0.1346153846153846,354.9956877768377
0.1943042175366485,0,0.13141025641025642,354.8952172918121
0.004199860608627514,0,0.2388722682574878,353.85502288863876
0.004199860608627514,0,0.23246201184723142,353.96634972160933
0,0,0.23717948717948717,353.8040898101058
0.1598811914062992,0.04999999999999999,0.14438612798482656,365.43989278188434
0.16565188548591422,0.049999999999999996,0.1410753155190713,365.36893448716006
0.16547846575193742,0.04999999999999999,0.14753524642275795,365.35030601853197
0.10130010841950952,0,0.18509528758116348,355.5035322974757
0.009524243592259554,0.05,0.21800368560834246,364.20807095935703
0.004762121796129776,0.05,0.22118132998365841,364.0536044509098
0.1943042175366485,0,0.09935897435897437,354.8471399695609
0.1943042175366485,0,0.10576923076923078,354.8696235490327
0.1715210876832425,0.049999999999999996,0.13782051282051283,365.28651251173267
0.1713476679492657,0.04999999999999999,0.1442804437241995,365.27172345004465
0.188608435073297,0,0.08333333333333334,354.86716380317336
0.1829126526099455,0,0.08653846153846154,354.9849106872976
0.188608435073297,0,0.08974358974358974,354.90571025377494
0.1943042175366485,0.05,0.13141025641025644,364.8645589185333
0.18860843507329703,0.05000000000000002,0.12820512820512822,364.9880550324138
0.17152108768324248,0,0.13782051282051283,355.2644416851156
0.165825305219891,0,0.13461538461538464,355.3485527021821
0.07523454149040129,0,0.19012784856780257,355.3924979671837
0.08167243465545279,0,0.189357979852701,355.428053417253
0.07810894445243098,0,0.18509359693895586,355.45589971659314
0,0.05,0.22435897435897434,363.8913987016233
0,0.04454547129639713,0.2257495706683618,362.36908850291707
0.05855024020176863,0.05,0.21276026417394875,365.0121546196246
0.1943042175366485,0,0.08653846153846155,354.7830634326747
0.1943042175366485,0,0.09294871794871795,354.8183193198593
0.04723836728263991,0,0.21306825317257336,354.8977830809907
0.04263057760872678,0,0.21016290134156262,354.8873191935677
0.2,0.022191694946264003,0.1006448400906406,358.1281655832059
0.2,0.027733247006649038,0.09851441371333616,359.2157364923562
0.05414021930229787,0,0.2071171213636306,355.04564293104767
0.05071704169037873,0,0.20156316026852822,355.08313031489473
0.06322950427435417,0,0.2006519546398401,355.20129506482516
0.16582530521989103,0.05,0.13461538461538464,365.38044591317254
0.08473925664894782,0.05,0.18310051610835865,365.55231497082576
0.09123893793720295,0.05,0.1811101349598027,365.589054926058
0.025347700917951646,0,0.22064304739820328,354.5113081468063
0.2,0.0444223834140048,0.10478751859235436,363.17143201297574
0.2,0.03884476682800958,0.10060067821034974,361.733363266879
0.2,0,0.07692307692307694,354.6075483032718
0.2,0.005554183934070786,0.07489619351663704,355.28989174382156
0.06732769276657756,0,0.1960892923696432,355.2827702667061
0.17721687014659399,0,0.14102564102564102,355.1723321789807
0.13594046112532743,0,0.14950673564655367,355.61328469101454
0,0.013903093041865171,0.23026873245755983,355.8322767558596
0,0.009560537031546435,0.22873560336325224,355.19535253601646
0.038358860525570054,0.05,0.20776282940915128,364.8580495722082
0.044464740866827945,0.05,0.2047778319748435,364.97948635767733
0.04282278628067124,0.05,0.2105371764146268,364.8757399444782
0,0.02749675517379249,0.22342544610935833,358.41907711534475
0,0.0216481000055192,0.2186160576677896,357.3554670607269
0.2,0.011109330779376914,0.07922018542987987,356.1195348790418
0.2,0.011108367868141572,0.07286931011019715,356.06971979705037
0.07236013852837159,0,0.1951621001966493,355.3233968278707
0.2,0.05,0.09615384615384616,364.668517907193
0.2,0.04442238341400479,0.09837726218209794,363.14616966028706
0.188608435073297,0.05,0.09615384615384615,364.9186215555765
0.188608435073297,0.05,0.10256410256410255,364.9464141795841
0.1829126526099455,0.05,0.09935897435897435,365.0456128430263
0.048977704486509316,0,0.20731570672055077,354.99338834329143
0.052400882098428456,0,0.2128696678156532,354.9519428629165
0.1295641693301343,0,0.16361223331964997,355.58462494767235
0.13549738928567656,0,0.16202192948206282,355.5555666291576
0.2,0.03885656858107205,0.09416993359402918,361.7066018682203
0.06516964996681324,0,0.19198223291379038,355.3132763448018
0.05756339691421702,0,0.21267108245873304,355.0007901255834
0.013440146119238138,0,0.2252637932158888,354.2502613859835
0.11691701829766171,0.05,0.17612759329631522,365.6123126722903
0.17152108768324253,0.05000000000000001,0.13141025641025644,365.2969432442116
0.032832027614835536,0.05,0.1981337330529827,364.9096800049633
0.2,0.005555146845306129,0.09406758165683259,355.4125878701605
0.2,0,0.08974358974358976,354.6907725617831
0.2,0,0.09615384615384616,354.7227378855509
0.03864838424083174,0.05,0.2014557825139131,364.9495177885945
0.08459907048064103,0,0.18302630044575147,355.49946617814453
0.2,0.027693490733352456,0.07292370182894997,359.0415034917336
0.2,0.02214682283368931,0.06869389060032242,357.90889113043477
0.2,0.022209219701875504,0.07507223793238478,357.9762229758655
0.03802278793481365,0,0.20725754951055186,354.87118504670804
0.03167566105703112,0,0.2101047441315637,354.75132314182434
0.188608435073297,0,0.10256410256410257,354.9634938087512
0,0.03894544081923146,0.22699220260964442,360.92202928649937
0.188608435073297,0,0.09615384615384616,354.9378417360855
0.10740386955047199,0,0.16831479145091927,355.636042136372
0.1096566518214227,0,0.17463475067483106,355.58559668218606
0.11456892532812814,0,0.16934629267061932,355.61316404810026
0.057449844505931685,0.05,0.20191187280985934,365.15870515031855
0.05057062120808585,0.05,0.20179283454053576,365.0908786299357
0.0549111978372734,0.05,0.19719704601203628,365.195623654218
0.19430421753664853,0.05000000000000001,0.08653846153846155,364.7431756414678
0.19430421753664853,0.05000000000000001,0.08012820512820515,364.6979581135779
0.2,0.022199343771283714,0.0942047331880708,358.10064938340537
0.2,0.027745048759711517,0.09208366909701562,359.18680091442377
0.06039645059428559,0,0.20666151854928655,355.1047188213487
0.2,0.03880597346594834,0.07495058523538987,361.5635005448241
0.2,0.03886837033413453,0.08132893256745224,361.62909602858286
0.02573725012665939,0,0.2133937970284481,354.6223120690092
0.12419498175091857,0.05,0.1620937665561041,365.686210648116
0.11810777413323563,0.05,0.1654136466160242,365.69233711607995
0.11843114965227741,0.05,0.15986351234708585,365.72695541360207
0.1943042175366485,0,0.11217948717948718,354.885655342227
0.1943042175366485,0,0.1185897435897436,354.895213769592
0.1943042175366485,0.05,0.09294871794871795,364.78138993464154
0.027556355045867433,0.05,0.19506642582994294,364.865397742996
0.188608435073297,0.05,0.11538461538461539,364.98097164587637
0.18291265260994552,0.05000000000000001,0.11858974358974358,365.09772040692866
0.18291265260994552,0.05000000000000001,0.11217948717948717,365.0872985249342
0.12390043469288439,0,0.1615417640742662,355.6273017217155
0,0.014778518052774133,0.22516884686296612,356.05813185787866
0,0.010435962042455397,0.22363571776865854,355.40698774998316
0.054560430704927235,0.05,0.20727654935724224,365.0561539648342
0.061439654002773084,0.05,0.20739558762656587,365.11768359612904
0.01642596247740785,0.05,0.20154590517433973,364.58777908059716
0.08523592485847462,0,0.19362236276644618,355.39472087498075
0.10524157146777613,0.05,0.19168282319947993,365.4816706087056
0.2,0.016650142885878967,0.10277526646794503,357.14171750035746
0.1306055648876433,0.05,0.15322375222724566,365.6973403287356
0.13657478425211084,0.05,0.15033177548904725,365.66644950974
0.15411049732668414,0.049999999999999996,0.14769694045058182,365.5012840777794
0.15428391706066094,0.05,0.14123700954689516,365.52062988535437
0.008399721217255029,0,0.23415479292523206,354.0151805282346
0.14831012059053772,0.05,0.1513936985783754,365.55171241653466
0.14254400361657837,0.05,0.14743979875084884,365.6261265245619
0.1485132229810459,0.05,0.14454782201265043,365.5763713732013
0.2,0,0.10897435897435898,354.7675997392453
0.14234090122607018,0.05,0.1542856753165738,365.59775695925276
0,0,0.24358974358974358,353.68817855522394
0.2,0.011102644865592549,0.0984214240623888,356.22940821095966
0.2,0.0333025555012018,0.08353186038963989,360.33615913365435
0.2,0.027755887601538652,0.07930204916101233,359.10593186609754
0.2,0.027756850512773996,0.08565292448069507,359.1508292633028
0.09286492790995676,0.05,0.19266667438527246,365.46763817114385
0.11234394203459447,0.05,0.16318339240700597,365.72665185314605
0.1943042175366485,0,0.08012820512820513,354.7413763418314
0.188608435073297,0.05,0.10897435897435898,364.96709798357153
0.2,0.01665779171089868,0.09633515956537522,357.11661584084476
0.07020209572860725,0,0.1910550407407965,355.35548085537783
0.2,0.02221018261311085,0.08142311325206751,358.02488342914086
0.2,0.0166635147134477,0.07719330202343996,356.99945597230374
0.2,0.016664477624683045,0.0835441773431227,357.04539095135635
0.15390739493617595,0.05,0.1545428170163068,365.4732220212401
0.12387160623187679,0.05,0.16764390082504244,365.6498603172651
0.009240285510610624,0,0.22357101213788816,354.20304011060347
0.06613099776430678,0.05,0.19272029575286043,365.34727287490205
0.059251774466460946,0.05,0.19260125748353682,365.2924117260274
0.0635923510956485,0.05,0.18800546895503734,365.3812428453637
0.14747950579244115,0,0.15068745772549674,355.51217291894545
0.008820003363932826,0,0.2288629025315601,354.1113603269937
0.004620142755305312,0,0.22717012145355947,354.0613559323251
0.06847475918399656,0.05,0.18703394505566312,365.42812682553546
0.2,0.011110293690612259,0.091981317159819,356.1999543750157
0.12451835726996036,0.05,0.15654363228716575,365.7171849054651
0.13028218936860153,0.05,0.158773886496184,365.6700101115592
0.188608435073297,0,0.1217948717948718,355.0019982601442
0.1829126526099455,0,0.1185897435897436,355.09753042023044
0.2,0.03327895199507684,0.096393349622281,360.405821602386
0.2,0.03329075374813932,0.08996260500596044,360.3745084046145
0.07335716727234465,0.05,0.18606242115628888,365.4695970847527
0.07101340585265487,0.05,0.1917487718534862,365.39221636624313
0.2,0.022211145524346193,0.08777398857175026,358.0670553521234
0.1168217075990789,0,0.1756662518945311,355.5584335594297
0.05891341867482552,0,0.19243783572813444,355.2610822814479
0.14810701820002953,0.05,0.15823957514410036,365.5189731099359
0.11463048016612809,0.05,0.1696554928516606,365.67373314703144
0.10747550109821566,0.05,0.1684955128750862,365.69985606893766
0.09837347259432129,0,0.191426966988113,355.43976048531607
0.04892866662192914,0.05,0.20755217898031902,364.9925026255587
0.07589581394100293,0.05,0.19077724795411194,365.43174613662967
0.05291847611877053,0.05,0.21303589379702556,364.9532763266178
0.047286712035772435,0.05,0.21331152342010234,364.88733573464896
0.2,0.05,0.07692307692307694,364.54356731291904
0.11190943409237344,0,0.18095470989874285,355.52774217429743
0.07307649869063695,0,0.18602078911194975,355.4224920541457
0.044754264582089635,0.05,0.19847078507960533,365.0672179498315
0,0.020627173221047426,0.22997823530453487,356.9820422272981
0.10474437831471728,0,0.17992320867904277,355.54872568012297
0.14161685871966248,0,0.15354193967217536,355.55229274632717
0.1829126526099455,0.05,0.10576923076923075,365.07000181555185
0.1829126526099455,0,0.13782051282051283,355.08807375164264
0.2,0.01666544053591839,0.08989505266280542,357.0848374001162
0.18860843507329703,0.05000000000000001,0.1217948717948718,364.9879704807932
0,0.021502598231956386,0.22487834970994114,357.2286220810395
0,0,0.23076923076923075,353.9135622076523
0.2,0.05,0.10897435897435898,364.71685360119915
0.2,0.03317776176482941,0.07077516572551515,360.2061815369271
0.2,0.033240158633015604,0.07715351305757752,360.27463423035715
0.044369914812596195,0,0.20441035488954004,354.9817874377315
0.06432906780377753,0.05,0.20203091107918297,365.21600253207197
0.14143060924121886,0,0.16043162564447566,355.51902405043666
0.06179042113511924,0.05,0.1973160842813599,365.2569674888468
0.01301986397256034,0,0.23055568360956075,354.15740801433043
0.08816256068366285,0,0.18729068335949667,355.4683873831322
0.07823957536069272,0.05,0.18509089725691463,365.505653623015
0.2,0.05,0.08974358974358974,364.6338709438177
0.1829126526099455,0,0.10576923076923078,355.07179940312193
0.1943042175366485,0,0.125,354.8984309714199
0.12415725705409164,0,0.15591625621105737,355.6561191324577
0.2,0.03874357659776215,0.0621619814930711,361.42637128070004
0.2,0.03311536489664322,0.06439681839345279,360.13080105336434
0.18860843507329703,0.05000000000000001,0.08333333333333336,364.8421048989206
0.2,0.044371788298881075,0.0599271445926894,362.8342840526352
0.2,0.05,0.06410256410256412,364.4247005694105
0,0.03909094259279426,0.22072991056749286,361.06499099094975
0.2,0.027631093865166267,0.06654535449688762,358.9701473272367
0.2,0.011110293690612259,0.0855710607495626,356.1628614307404
0.033121551330097226,0.05,0.19182668615774456,364.9902889459782
0.038937907956093434,0.05,0.19514873561867493,365.033688055179
0.1943042175366485,0.05,0.11217948717948718,364.8539950238248
0.12039431226476925,0.05,0.17188574706067883,365.63401022756796
0,0.015653943063683097,0.22006896126837242,356.2825691255941
0.2,0.05,0.07051282051282053,364.4877098839935
0.1829126526099455,0,0.09294871794871795,355.0203530022172
0.1829126526099455,0,0.09935897435897437,355.0493159074919
0.17721687014659399,0.049999999999999996,0.14102564102564102,365.1830428134983
0,0.005217981021227698,0.22720247426894466,354.6173187773359
0.10260706016183686,0.05,0.17380763334316646,365.6629299474596
0.16005461114027597,0.05,0.1379261970811399,365.4553213986781
0.06804405292884294,0,0.18694798128494367,355.3838969929283
0.09172605088668466,0,0.19155506627324181,355.4318223451879
0.1476657552708848,0,0.14379777175319644,355.53453439770425
0.1418031081981061,0,0.14665225369987506,355.5780253210528
0.0630116071670489,0,0.18787517345793753,355.34011453294085
0.10249159604376656,0,0.173603249455131,355.6022951535271
0.2,0.016662551802212357,0.07084242670375723,356.94703246295825
0.2,0.05,0.05769230769230771,364.3545393691698
0,0.05,0.1987179487179487,364.27645275173666
0,0.05,0.1923076923076923,364.3535459172303
0.005475320825802618,0.05,0.19538709659657477,364.4415964836255
0.028229529424978854,0.05,0.1823650221497186,365.0158272978502
0.02782837321422416,0.05,0.18869145990243347,364.94344282488646
0.022535195098351092,0.05,0.18555623364712243,364.88801293633054
0.2,0.03466550781010187,0.04060840144243962,360.19172614700574
0.2,0.038747330654621034,0.04344443915038403,361.19711629334944
0.2,0.04029184248279136,0.03811695109801684,361.5014426927756
0.18282701345071714,0,0.08023851813479553,354.94532180957896
0.18852279591406865,0,0.07703338992966732,354.8245588343874
0.177216870146594,0,0.1217948717948718,355.19142516791385
0.2,0.05,0.051282051282051294,364.27708940315335
0.1947627570153012,0.05000000000000001,0.048416402366831736,364.3586850108526
0.2,0.05,0.044871794871794886,364.19210352971686
0.16012952275653952,0.05,0.125,365.46853776872877
0.16012952275653952,0.05,0.1185897435897436,365.46507988053236
0.16582530521989103,0.05,0.1217948717948718,365.38749376932327
0.07911560225457351,0.05,0.17911460126472398,365.56880703468477
0,0.033782811097852375,0.20968751999520724,359.9858335010138
0,0.039237339801455245,0.20829692368581978,361.2926217711076
0.2,0.0362100196382722,0.03528091339007244,360.47099268494003
0.2,0.031396569125891984,0.030241051710534587,359.3023981856173
0.2,0.029852057297721658,0.03556853976290178,359.05254744215085
0.054893029955468214,0.05000000000000002,0.17914748720410384,365.39298883101986
0.05437827092065181,0.05000000000000002,0.18411217353465156,365.3393275247177
0.04977123083315346,0.05000000000000001,0.18216552582445866,365.31018631197134
0.2,0.0331191189535021,0.05208953246102214,359.99353237375885
0.2,0.038747330654621034,0.04985469556064044,361.2830240187116
0.2,0.03312099598193155,0.045935889494806814,359.91513414628656
0.2,0.04437366532731052,0.04095298880596125,362.5919321608741
0.2,0.05,0.03846153846153847,364.0995817488604
0.2,0.04591817715548084,0.03562550075359406,362.92399295900697
0.2,0.016839829326822302,0.05818552245328966,356.85310306734505
0.2,0.011285645392751517,0.05380214944947315,355.90851209382527
0.2,0.011197006630446545,0.06013060157470694,355.96403931224233
0.06921028222556017,0,0.1768682279331848,355.48220625208097
0.06476095111212476,0,0.17275554343029925,355.4852865278917
0.06417783646376614,0,0.1777954201061787,355.44101789071993
0.2,0.0211892272588518,0.020934365862633975,357.1003951471444
0.2,0.024346072053271623,0.016837319794807605,357.62302561782195
0.2,0.020540965278492876,0.015149473336901049,356.8800927363606
0,0,0.22435897435897434,354.01660755515775
0,0.005217981021227698,0.22079221785868824,354.717805100404
0.18892531065263585,0.05,0.06453064245491803,364.67184773820276
0.1833879659789538,0.05,0.0679498098362232,364.815399414827
0.18368806766793705,0.05,0.06166499353969848,364.7448273642555
0.16012952275653952,0.05,0.13141025641025644,365.4650146618999
0.16582530521989103,0.05,0.12820512820512822,365.38746033876055
0.17721687014659399,0.05,0.10256410256410256,365.1621182556096
0.2,0,0.05769230769230771,354.43438056204195
0.2,0.005554183934070785,0.062075680696124215,355.17546201928207
0.2,0.005642822696375759,0.05574722857089043,355.1212030968624
0.034325019962361314,0.05,0.17284737289959984,365.1954667974274
0.033923863751606616,0.05,0.17917381065231475,365.1341800923979
0.028630685635733552,0.05,0.17603858439700368,365.0811058586938
0.08561528354282863,0.05,0.17712422011616802,365.6121400933996
0.19446265532631793,0.05,0.06111147507361287,364.51822772298357
0.19476275701530119,0.05,0.054826658777088144,364.439480947715
0.058985311008150146,0.05,0.18605882124484444,365.36301303584855
0.0546447343789626,0.05,0.19065460977334392,365.27133850308036
0.04395883332415594,0,0.1914451851450381,355.12692447598806
0.044743429347571306,0,0.19817358171351085,355.0612168053526
0.049932445666963365,0,0.19483476370005548,355.15350296226853
0.14866304621357296,0.05,0.13151594067088346,365.6037201004308
0.15443374029318802,0.05,0.1282051282051282,365.5403771392753
0.15435882867692446,0.05,0.13472106887601168,365.5341238852304
0.10666754487813773,0.05,0.16239044821850154,365.7436028092859
0.10867131882615767,0.05,0.15879344324950548,365.7622425993094
0.17721687014659399,0.05,0.09615384615384616,365.13421933673453
0.1362946762392121,0,0.14330675800789977,355.6317224203731
0.14858813459730943,0.05,0.13803188134176694,365.5936661097316
0.17711618239823854,0,0.08350587109194446,355.0587506412753
0.17703054323901019,0,0.07720592768827846,355.0159674278396
0.2,0.027719732627471235,0.06021690237165381,358.92363083436703
0.2,0.03311724192507266,0.05824317542723746,360.06542134278476
0.048363253620132635,0,0.18137797056311,355.2723301520701
0.049147849643548,0,0.18810636713158274,355.21656957466047
0.05324603813577139,0,0.18354370486138583,355.30042817266275
0.18952551403060236,0.05000000000000002,0.05196100986186859,364.5154507948575
0.1839881693569203,0.05000000000000002,0.055380177243173755,364.6671771961787
0.18428827104590353,0.05000000000000001,0.04909536094664903,364.58244891059707
0.2,0.017512526874348483,0.04484348170410167,356.80878437357205
0.2,0.0223259773867287,0.04988334338363952,357.73950602969506
0.2,0.022910036171949904,0.04286975475968532,357.75887261089196
0.17142039993488706,0,0.08671099929707266,355.16353569062807
0.17721687014659399,0,0.08974358974358973,355.0947869983499
0.18876687286296645,0.05000000000000001,0.0771371160992539,364.7917497736488
0.18307109039961494,0.05000000000000001,0.08034224430438211,364.92912171472943
0.1832295281892844,0.05000000000000001,0.07414602707030266,364.87558563002284
0.2,0.02830754546955133,0.040896027815268965,358.8053712358993
0.1715210876832425,0,0.125,355.2772684379153
0.2,0,0.07051282051282054,354.55627742100273
0.19421857837742015,0,0.07382826172453913,354.6957552819783
0.1311404593942027,0,0.13376128467727064,355.6869674696114
0.1366488913530967,0,0.1371067803692459,355.6440370869016
0.13700629220608063,0,0.13084085645151378,355.6502622126791
0.12042775606436694,0,0.1463752654814029,355.71226453897935
0.12525278505845786,0,0.1493682415373176,355.67934356650784
0.1256070001723425,0,0.14316826389866372,355.6984329300241
0.03947375691929203,0.05,0.17595342387455276,365.2415547461383
0.03907260070853733,0.05,0.18227986162726767,365.17721340716605
0.17721687014659399,0,0.11538461538461538,355.1850084371359
0.17152108768324248,0,0.11217948717948718,355.26433855087294
0.17152108768324248,0,0.11858974358974358,355.27399597432657
0.0804438152286954,0,0.17292027472020144,355.56995038876494
0.07927637984056318,0,0.17900693582957866,355.5160217202421
0.08576650586877324,0,0.17693963933637427,355.55607041003185
0.09211496483108374,0.05,0.17513383896761203,365.6455517595362
0.177216870146594,0.05,0.12179487179487179,365.20391501573994
0.177216870146594,0.05,0.11538461538461536,365.196906293508
0.11933222806000074,0,0.15292328015514267,355.69108908741265
0.11925371698824502,0.05,0.15352838515734443,365.7580152077078
0.12534092460592797,0.05,0.15020850509742434,365.74350088784576
0.17721687014659399,0,0.10897435897435898,355.17213205938987
0,0.010435962042455397,0.21722546135840215,355.50491504861367
0,0.005217981021227698,0.21438196144843186,354.81184624609176
0.0646218691652813,0.05,0.1780760962939419,365.4890385155098
0.06898951821881297,0.05,0.18206925872511537,365.482847552497
0.0641071101304649,0.05,0.1830407826244896,365.43735051479297
0.08568335421663148,0.05,0.16504285946739272,365.70837383655106
0.09130700861100581,0.05,0.1690287743110274,365.693676291111
0.0864913104367094,0.05,0.17114792412397736,365.6655125416946
0,0.044691868505058116,0.1940858145559195,362.87330390317646
0,0.044691868505058116,0.20049607096617592,362.7939969181429
0,0.011074501839288122,0.20591747501324292,355.75787395159824
0,0.016292482860515822,0.20876097492321322,356.55356352565224
0,0.01075523194087176,0.21157146818582254,355.63382366090525
0,0.03392920830651336,0.2036647895237906,360.10229013906854
0,0.02810792405443264,0.2054864304232105,358.8138053262233
0.016969998814121305,0.05,0.18879597331932085,364.7524604013658
0.01122265981996196,0.05,0.1920915349579478,364.6022910773104
0.011494677988318687,0.05,0.18571656903043837,364.6777067622465
0.2,0.011157239002476088,0.015384674329586073,355.3310280778475
0.2,0.017384120484073052,0.019246519404727415,356.39833537563334
0.2,0.016735858503714132,0.013461626878994493,356.1855168057273
0.07387192630716105,0.05,0.18109773482574112,365.5229308692464
0.07474795320104183,0.05,0.17512143883355047,365.58269975699983
0.1662895751512548,0.05,0.07799973499896713,365.193300886332
0.17183060097081837,0.05,0.0808459771787986,365.1296746175372
0.16613481850746686,0.049999999999999996,0.0840511053839268,365.24105276287384
0.11398907670652966,0.05,0.15051313802752309,365.7911863125258
0.11316650937056207,0.05,0.15684826521726453,365.7624554589772
0.10949388616212527,0.05,0.15245831605976404,365.79390900392156
0.2,0.011869704177972722,0.040378304415262536,355.8300889708534
0.2,0.006226881481596965,0.0359131271264234,354.95124547916737
0.2,0.005642822696375758,0.0429267157503776,354.96770700382484
0.13732725979642374,0.05,0.13134415788562975,365.7117082119433
0.14295769719686657,0.05,0.13468801961369836,365.6571872440579
0.1372523481801602,0.05,0.13786009855651324,365.7016433027024
0.18843715675484027,0,0.0643231901157449,354.7179412230482
0.1826557351322604,0,0.0676386313274635,354.84734729601865
0.1884371567548403,0,0.07073344652600132,354.7756882795605
0.004620142755305312,0,0.22075986504330308,354.1609387578204
0.03876981700476389,0,0.1947840031584935,355.0302361589732
0.03798522098134852,0,0.18805560659002077,355.0912788528701
0.032796204661956464,0,0.19139442460347614,354.99018837575653
0.2,0.01110836786814157,0.06645905369994072,356.0130126529209
0.043174237300740576,0,0.18471678857656537,355.1853261116414
0.2,0.011805500982835008,0.021169566855318997,355.52894706009727
0.2,0.01245376296319393,0.026954459381051923,355.7229649758612
0.2,0.01803238246443197,0.02503141193046034,356.6072528790536
0.005475320825802618,0.05,0.2017973530068312,364.3606475760107
0.1487379578298365,0,0.125,355.5520259973019
0.15443374029318802,0,0.1282051282051282,355.49234895526524
0.15443374029318802,0,0.12179487179487179,355.4923178422129
0.2,0.018680644444790895,0.030816304456193266,356.81226931598786
0.1428721250179586,0,0.1279204282257569,355.60528172190936
0.1483805569768526,0,0.13126592391773215,355.5524458631444
0.032049175592006235,0,0.2038679709555345,354.8371655183243
0.03839630246978877,0,0.2010207763345227,354.9538209187686
0.032422690126981346,0,0.19763119777950533,354.9167872629683
0.06001482907778295,0.05,0.176129448583749,365.4683623428675
0.059500070042966556,0.05,0.1810941349142967,365.41789752371426
0.2,0,0.019230769230769235,353.9137243793015
0.2,0.006226881481596965,0.02309261430591058,354.756783330299
0.2,0.005578619501238044,0.017307721780177653,354.57376393570553
0.026398349909312724,0,0.20708159887741434,354.7168579334663
0.050037694291464256,0.05,0.18870796206315102,365.24480957851756
0.044221337665468055,0.05000000000000002,0.18538591260222065,365.2123986114047
0,0.02196736990393556,0.21296206449521,357.4996101772619
0,0.02796152684577166,0.21150916089462712,358.69934588934916
0.1601295227565395,0,0.13141025641025642,355.42452452355855
0.1540763394402041,0,0.13447105212286037,355.4899993569635
0.004620142755305312,0,0.21434960863304667,354.2540764059354
0,0,0.21794871794871795,354.1132077252831
0.11031645349809287,0.05,0.1461231888700226,365.81850265625127
0.10582126295368847,0.05000000000000002,0.14806836690226355,365.81908223681285
0.2,0.016928468089127274,0.051857070328055865,356.7963075529306
0.058128822651410145,0,0.18570943915966168,355.32302296628615
0.1656239297231801,0,0.08367840885055558,355.22402668512126
0.17131971218653158,0,0.08047328064542739,355.124332897468
0.2,0.01245376296319393,0.033364715791308334,355.8209403858896
0.2,0.01809658565956969,0.03782989308014746,356.8141049612578
0.1947627570153012,0.05000000000000001,0.04200614595657533,364.2703531665701
0.1719890387604878,0.05,0.07464975994471915,365.07700420227405
0.17753006458005138,0.05,0.07749600212455063,365.00746536033523
0.2,0.011285645392751516,0.04739189303921673,355.8320813228614
0.100991147721681,0.05,0.16159750402999712,365.75340156887955
0.10299492166970094,0.05,0.15800049906100105,365.7740347840183
0,0.01597321296209946,0.21441496809579286,356.4204954864223
0.009901385293263962,0,0.21084855757659804,354.3992627810144
0.009240285510610626,0,0.21716075572763177,354.2991604140884
0.014521528048569276,0,0.21365970467118314,354.4410817160792
0.17152108768324248,0.04999999999999999,0.09935897435897434,365.2446457179592
0.165825305219891,0.04999999999999999,0.10256410256410256,365.3455807660101
0.165825305219891,0.049999999999999996,0.09615384615384615,365.3175842026007
0,0.05,0.20512820512820512,364.1918123569243
0.2,0.02503860678534144,0.030528678083363927,357.9888433709168
0.07365961333899557,0,0.1809809124360703,355.4724106483148
0.06862716757720155,0,0.1819081046090642,355.4351126364106
0.17152108768324248,0,0.09294871794871794,355.19657253286755
0.17721687014659399,0,0.09615384615384615,355.12703625641706
0.2,0.04437366532731052,0.04736324521621767,362.68114691398347
0.2,0.04437366532731052,0.053773501626474075,362.76282575967275
0.08693394125690544,0,0.17085297822699708,355.60648130679294
0.09225663189698327,0,0.17487234284316988,355.58700091091686
0.054030634159186755,0,0.19027210142985856,355.2415775415387
0.03867144449778264,0.05,0.18860629937998258,365.1057661560737
0.04448780112377885,0.05,0.19192834884091298,365.14367119423054
0.165825305219891,0,0.12820512820512822,355.35497223123065
0.2,0.02183748923921072,0.026719258388366897,357.31679649144235
0.19446265532631796,0.05,0.06752173148386928,364.5847567129466
0.18892531065263587,0.05,0.07094089886517446,364.73474451788803
0.14215732331199077,0,0.14045227606122118,355.59322606293273
0.14251472416497468,0,0.13418635214348903,355.6023790919418
0.177216870146594,0.05,0.08974358974358976,365.0993780081834
0.010950641651605236,0.05,0.19846650088545728,364.51967420474784
0.2,0.04183635431096168,0.032789463045649656,361.8084436294166
0.17152108768324253,0.05,0.11858974358974358,365.2970079301817
0.1715210876832425,0.05,0.11217948717948717,365.28653754032445
0.17152108768324253,0.05,0.125,365.3004660847092
0.14288278558060305,0.05,0.14120396028458182,365.6435074211724
0.08086765604233509,0.05,0.1671620092803427,365.6757558351872
0.0799916291484543,0.05,0.17313830527253332,365.6255077720753
0.020459938978941,0,0.21037065177429873,354.583249021588
0.021121038761594338,0,0.20405845362326502,354.675321983339
0.026771864444287842,0,0.20084482570138515,354.7999711373818
0.13043202916643343,0,0.14616123995457841,355.66198722442675
0.059295051948127384,0,0.17562968580790284,355.4214704283796
0.05382915278413001,0,0.17850382818550642,355.3504849697724
0.058711937299768764,0,0.18066956248378224,355.3743077112389
0.021494553296569456,0,0.1978216804472358,354.75570601467024
0.17721687014659399,0.05,0.10897435897435896,365.18302274388816
0.17123407302730326,0,0.07417333724176138,355.0783553483152
0.044622493876222746,0.05,0.1790594748495057,365.27979458431963
0.03352270754085192,0.05,0.18550024840502963,365.0657874752481
0.1207819711782516,0,0.14017528784274902,355.72876854917484
0.14802315612386868,0,0.1375318478354643,355.5466153299451
0.2,0,0.04487179487179488,354.2867705730604
0.2,0,0.051282051282051294,354.3638358951342
0.2,0.005642822696375759,0.04933697216063401,355.0477153779265
0.10179910394175894,0.05,0.16770256868658182,365.7114972017802
0.09932229846126414,0.05000000000000002,0.15361054990350057,365.79818644669757
0.10499869561772088,0.05000000000000002,0.154403494092005,365.79155303341963
0.06950427725362937,0.05,0.17710457239456762,365.53314861074597
0.07038030414751016,0.05,0.171128276402377,365.5895329745835
0.07037771761369238,0,0.17078156682380757,355.53636393478655
0.1369135662161355,0.05,0.14409593702278023,365.68739138410945
0.19421857837742015,0,0.06741800531428271,354.6412463125875
0.2,0.005554183934070785,0.06848593710638062,355.23590273062234
0.16598006186367892,0.04999999999999999,0.09010247576888647,365.2824805349635
0.1715210876832425,0.049999999999999996,0.09294871794871795,365.21323685273455
0.17152108768324248,0.04999999999999999,0.10576923076923075,365.2690962438033
0.16582530521989103,0.049999999999999996,0.10897435897435898,365.36656810009686
0.1892254123416191,0.05,0.05824582615839331,364.5971883252826
0,0.044691868505058116,0.20690632737643233,362.70714270379045
0,0.03938373701011623,0.20227419321440315,361.411433095826
0.19446265532631793,0.05,0.0739319878941257,364.64413381725194
0.2,0.024994334033630543,0.02262221232054053,357.85081186948355
0.05030415774977505,0.05,0.19525039830184338,365.1717070178391
0.2,0.023494094957171113,0.035856166135731116,357.7710829591331
0.07482704872712778,0,0.17489425132669312,355.5295504914921
0.15443374029318802,0.05,0.1217948717948718,365.54040892734497
0.1487379578298365,0.05,0.125,365.6065333452988
0.2,0.037754531466442524,0.029953425337705245,360.75293376008943
0.09531475056522426,0.05,0.16080455984149272,365.7560481319271
0.0973185245132442,0.05,0.15720755487249663,365.7786747721809
0.2,0.02772160965590068,0.05406325940543849,358.8546274934803
0.2,0.022324100358299254,0.056036986349854837,357.81213300088916
0.17768850236972078,0.05,0.07129978489047117,364.9510370451058
0.1827413742914888,0,0.07393857473112952,354.89946734581935
0.010562485075917298,0,0.20453635942556428,354.4929316906668
0.005281242537958649,0,0.2080374104820129,354.35181416619525
0,0.005537250919644061,0.20872796827585222,354.9317371098464
0.02226317692999437,0.05,0.1919311995746319,364.8132209559129
0.17152108768324248,0,0.10576923076923077,355.24822167910986
0.17152108768324248,0,0.09935897435897435,355.22562873408236
0.165825305219891,0,0.10256410256410256,355.316127226355
0.1601295227565395,0,0.125,355.42771873155664
0.165825305219891,0,0.1217948717948718,355.35492762302687
0.13094434685166798,0.05,0.14698791376097864,365.72184318086397
0.17721687014659399,0,0.10256410256410256,355.1528061048395
0.2,0.02223546159599428,0.06236543847508862,357.86378900453127
0.2,0.016751190564517328,0.06451397457852344,356.903344704021
0.18952551403060236,0.05000000000000001,0.04555075345161217,364.43130888714893
0.005747338994159344,0.05,0.18901213066906533,364.5208889745531
0.01724201698247803,0.05,0.18242100739181139,364.82399928031055
0.14303260881313012,0.05,0.12817207894281488,365.6636263211124
0.13078624428031804,0,0.1399612623159245,355.677538878434
0,0.02825432126309362,0.19946369995179383,358.92201389487406
0,0.022433037011012902,0.20128534085121375,357.74510633966884
0.13128312881569265,0.05,0.14075207529471165,365.739656077216
0.12007628432421262,0.05,0.147193257967603,365.78200224953133
0.16572461747153555,0,0.08991612750220086,355.2602299634462
0.12567970656995264,0.05,0.14397266663115732,365.7651830254704
0.2,0.027723486684330126,0.04790961643922317,358.7791148941471
0.17737162679038193,0.05,0.08369221935863008,365.05724354507555
0,0.034075605515174336,0.19764205905237392,360.2124959088996
0.12596121528622717,0,0.13696828626000984,355.71139923071047
0.09612270678530221,0.05,0.1669096244980774,365.71598613807674
0.09049905239092788,0.05,0.16292370965444272,365.7351379354644
0.07599448411526,0,0.16880759021731592,355.5804969995432
0.12601848853397732,0.05,0.1377368281648903,365.7801752073185
0.17167584432703042,0.05,0.08689734756375828,365.17461778736214
0.13162191077971735,0.05,0.13451623682844466,365.75077901779144
0.1601295227565395,0,0.11858974358974358,355.42444880230255
0.165825305219891,0,0.11538461538461539,355.34841887757096
0.16552324197482465,0,0.07744069019891031,355.1816574558756
0.11450719906590981,0,0.14993030409922797,355.71994895592087
0.19421857837742013,0,0.061007748904026306,354.58028564505577
0,0,0.21153846153846154,354.2033627180281
0.2,0,0.06410256410256412,354.4985548405928
0.01669798064576458,0.05,0.1951709392468303,364.6737203347947
0.11560272707027602,0,0.1433822894254882,355.7390754250044
0.06359472181540751,0,0.1828352967820581,355.3926272257363
0.0651366282000977,0.05,0.17311140996339414,365.53630684751437
0.11341167106154361,0,0.15647831877296775,355.69375230860874
0.2,0.038745453626191584,0.056008338526855765,361.35795227892913
0.12041506628823728,0.05,0.14095741950133597,365.8008636726521
0,0.022286639802351925,0.2073080713226304,357.6388949721985
0,0.016611752758932185,0.20310698175063363,356.6817732432839
0.165825305219891,0,0.09615384615384616,355.2902672908504
0,0.03938373701011623,0.19586393680414674,361.4929539003995
0.02714537897926296,0,0.19460805252535598,354.87686370944147
0.09693066300538014,0.05,0.17301468915466206,365.6692612570051
0.07562398009492263,0.05,0.16914514284135984,365.6360159704744
0.10132607240928407,0.05000000000000001,0.15001354493450447,365.81458315547695
0.165825305219891,0,0.10897435897435898,355.3355110885951
0.11481164404249727,0.05,0.14417801083778164,365.81284441379233
0.02293635130910579,0.05,0.17922979589440752,364.95728335298804
0.2,0,0.03846153846153847,354.20318459582086
0.17694490407978183,0,0.07090598428461245,354.9669186283629
0.01584372761387595,0,0.20103530836911565,354.62671529144274
0.16582530521989103,0.05,0.11538461538461539,365.38054620486076
0.015182627831222612,0,0.20734750652014938,354.53711523239775
0.08161125061682761,0,0.16683361361082427,355.6176857221613
0.2,0.02815117882805037,0.018525166252714165,358.4143154501116
0.1549380622052844,0.04999999999999999,0.09014076601660459,365.43146356358375
0.1546859012492362,0.04999999999999999,0.09635243429035356,365.46824936609573
0.14924227974193288,0.04999999999999999,0.09334589422173278,365.51550705585987
0.09387467923107008,0.05,0.15291922518782103,365.79748394143684
0.0992511032714228,0,0.15342406285163218,355.72619788357656
0.10293913609955094,0,0.1578395288481418,355.7039734029021
0.10494007740092112,0,0.1541954014536882,355.72031623080375
0.050613296574929204,0.05,0.17010137590757626,365.42557774280385
0.055314062826356085,0.05,0.17311541224566263,365.45025605632435
0.05019226370404134,0.05000000000000002,0.17613345086601748,365.3710752064294
0.04504352674711062,0.05,0.17302739989106453,365.337852435478
0.08223950893445736,0.05,0.16075452978271706,365.72421455750344
0,0.028182205435824052,0.1871372515017048,359.0472598950014
0,0.022488265937624423,0.18290524259493515,357.95851904236673
0,0.0279827448546734,0.18086445285780534,359.06731774890204
0.16581537755843687,0,0.07113627890069787,355.1274666035537
0.16020768344277828,0,0.07447267006673382,355.2255504082973
0.2,0.027800841723460264,0.004487208959664831,358.07296692768386
0.2,0.03333333333333333,0,359.15925042715367
0.2,0.027777777777777776,0,357.97484772664154
0.16610751314204908,0,0.06483186760248544,355.0669306540345
0.17152620861091544,0,0.06786892594354894,355.02063134350635
0.17181834419452768,0,0.06156451464533651,354.9565622415004
0.1262001913265134,0.05,0.13124829795804824,365.78963888181516
0.1260632022436271,0.05,0.12464564042842936,365.7937415378944
0.13148492169683107,0.05,0.12791357929882577,365.7587259420468
0.15441073148742268,0,0.09616678258287933,355.42787905977815
0.1601295227565395,0,0.09935897435897435,355.3759421280768
0.1601065139507742,0,0.09296165437775113,355.3471486961846
0.09989697749308549,0.05000000000000001,0.13994312503681677,365.84924882555737
0.0991824300349862,0.05000000000000001,0.13490791508797295,365.85988877404856
0.10439216803748988,0.05000000000000001,0.13799794700457585,365.85179003012934
0.2,0.016689730612349154,0.004487208959664831,356.007528404112
0.2,0.02222222222222222,0,356.89293980892575
0.2,0.016666666666666663,0,355.9135266740063
0.2,0.03160594849823901,0.006175055417571388,358.90921089811525
0.2,0.03535903982594984,0.004980320531011902,359.72353622452727
0.10510671549558917,0.05000000000000001,0.1430331569534197,365.8376670956542
0.10960190603999359,0.05000000000000001,0.14108797892117875,365.83610857671056
0.19523271442437912,0,0.02241475744500802,354.0575770277674
0.2,0,0.025641025641025647,354.0167114009107
0.1668298030505706,0.05,0.06534188589341472,365.06933681659297
0.1722591527101457,0.05,0.06832083539194295,365.01454309249084
0.1665596891009127,0.05,0.07167081044619092,365.1348466170032
0.07165671673387303,0.05,0.15954687648885663,365.6779783561729
0.0730285696259953,0.05,0.153139396991231,365.72074798089284
0.07763403928022633,0.05,0.15694696338697403,365.7260872955506
0.16120224554478782,0.05,0.06871318443565905,365.18318872878064
0.19580272510191543,0,0.017367312269614882,353.9634402672396
0.1910354395262946,0,0.020551300483853667,354.104326165207
0.2,0.022245286167904707,0.004487208959664831,356.9890002744998
0.0790058921723486,0.05,0.1505394838893484,365.7641949684876
0.0849832147187019,0.05,0.14793957078746584,365.79861250039266
0.08361136182657963,0.05,0.15434705028509144,365.7651667792386
0.2,0.011157239002476088,0.008974417919329661,355.214732951164
0.2,0.016712794558031645,0.008974417919329661,356.09819178135234
0.2,0.011134175056793599,0.004487208959664831,355.1257713317388
0.19454356051953797,0,0.04822615455784076,354.43331644073425
0.09516390572099073,0.05000000000000001,0.1442870102699811,365.83395309611143
0.09043083394889596,0.05,0.14863089550314537,365.8105190735372
0.08971628649079666,0.05,0.14359568555430152,365.82717621807274
0.12059676908077335,0.05,0.1344688892944939,365.81413197745553
0.1099653116250657,0.05,0.1281109185074946,365.856569751377
0.11535675242010546,0.05,0.12471242021725543,365.84235300022743
0.11517504962756939,0.05,0.1312009504240975,365.8397535443808
0.12077847187330942,0.05,0.12798035908765182,365.8201635426273
0.16053644035637563,0.04999999999999999,0.08709593570026569,365.3406394095153
0.15509281884907233,0.04999999999999999,0.08408939563164491,365.39038653022214
0.16069119700016354,0.049999999999999996,0.08104456531530602,365.2962249545634
0.15533375344403866,0.04999999999999999,0.07808693930477414,365.3422467586996
0,0.028381666016974706,0.19341005014560428,359.02080264111913
0,0.03387614493402368,0.19136926040847443,360.2402097914543
0.2,0.03135229637418109,0.02233458594771119,359.160219316489
0.2,0.0319042701557612,0.01733043136615468,359.1905024531355
0.011391564926703013,0.05,0.16666666666666669,364.841948938288
0.01708734739005452,0.05,0.1634615384615385,364.97561930297337
0.017138903920862356,0.05,0.1697813614382961,364.93206109620115
0.14289561973024384,0.05,0.11515916500293957,365.6575178211515
0.14289561973024384,0.05,0.121569421413196,365.66478670769715
0.13705328163065117,0.05,0.118138842826392,365.7133750516012
0.1603816837125877,0.04999999999999999,0.09314730608522537,365.37872976001466
0.2,0.026073456888365945,0.010662264377236219,357.8471323377407
0.2,0.022268350113587198,0.008974417919329661,357.08172238720834
0.09524922066868244,0,0.1607123176405394,355.6869129274365
0.10093819479818075,0,0.16148365624259542,355.68470694249004
0.09725016197005262,0,0.15706819024608576,355.70801722176174
0,0.039184276428965575,0.18959113816024725,361.5157953194187
0.1601295227565395,0,0.10576923076923077,355.3985943792575
0.2,0,0.03205128205128206,354.1131981397505
0.19523271442437912,0,0.028825013855264436,354.1574989865453
0.1953848793226117,0.05,0.029270600631469648,364.0583595400099
0.1953848793226117,0.05,0.022860344221213236,363.94667925806283
0.2,0.05,0.025641025641025647,363.8917459098496
0.027327189041510117,0,0.18832267516030782,354.9453505586628
0,0.022687726518775077,0.18917804123883464,357.9333184171567
0,0.022560381764893986,0.19523169104502416,357.8421791592622
0.0398947897901799,0.05,0.16992134891611158,365.29678155399694
0.18876213889695806,0,0.05795185217981577,354.6483286275772
0.2,0,0.012820512820512824,353.8042576250111
0.005281242537958649,0,0.20162715407175652,354.4319388766815
0.16093213159512992,0.05,0.07504210898843525,365.24466587264965
0.15443374029318802,0,0.10256410256410256,355.4534732235097
0.15443374029318802,0,0.10897435897435898,355.4729177903664
0.07626218638810406,0.05,0.16335444288459966,365.6804731220325
0.010926105200411618,0,0.1855553482852116,354.70764950588966
0.010744295138164458,0,0.19184072565025972,354.6417796837346
0.016207347738370268,0,0.1884645536390194,354.77041818157954
0.06641304078646057,0.05,0.16153001004987377,365.6301914035198
0.0710185104406916,0.05,0.1653375764456168,365.6367097133496
0.19579993187426453,0.05,0.011127816268776835,363.71114023466345
0.19159986374852905,0.05,0.015845376127297257,363.8959733792019
0.19159986374852905,0.05,0.009435119717040844,363.7658016754292
0.18683816462821,0,0.01868784352269931,354.1470100050071
0.19160545020383085,0,0.015503855308460525,354.0090908575384
0.18740817530574627,0,0.013640398347306168,354.05067615019783
0.1486919402183059,0,0.09297459080678432,355.4715867295338
0.1543877226816574,0,0.08976946260165611,355.39580083957304
0.10662716892767908,0,0.16225499484465147,355.67589779436724
0.10862811022904925,0,0.15861086745019787,355.6933264208661
0.10171489542097366,0,0.1675434528488632,355.64650079485637
0.09602592129147533,0,0.16677211424680716,355.6503562901644
0.09680262191426824,0,0.17283191085307495,355.6078001591966
0.12592621316074082,0.05,0.11804298289881049,365.7904037227914
0.13134793261394478,0.05,0.1213109217692069,365.75923239512
0.01144312145751085,0.05,0.1729864896434243,364.79501057516916
0.017190460451670192,0.05,0.17610118441505374,364.88152108864693
0.12545465870373995,0,0.11724657012155754,355.7205815467514
0.1310759010987626,0,0.12071455137770677,355.69199859214945
0.13104362195104255,0,0.11419118472792485,355.6843670331281
0.13694173391064052,0,0.1177941231519499,355.64933668168237
0.005747338994159343,0.05,0.18260187425880892,364.58795032105263
0.2,0.04647015093706095,0.004980320531011902,362.50588039529447
0.2,0.04294030187412191,0.009960641062023804,361.6770989942747
0.2,0.04647015093706096,0.011390576941268315,362.640879830305
0.1558448019886629,0.05,0.06575555842512715,365.2233241433012
0.1614723594944457,0.05,0.06238425988288283,365.11465605383006
0,0,0.1923076923076923,354.43457094319865
0,0.005537250919644061,0.19590745545533939,355.08867476146435
0,0,0.19871794871794873,354.3639191663604
0.005281242537958649,0,0.19521689766150008,354.5056459556158
0.19160545020383085,0,0.009093598898204113,353.89552724878945
0.19580272510191543,0,0.010957055859358468,353.85192508572
0.061074068241852256,0.05,0.1643066736685476,365.5695114388372
0.06171227453503369,0.05,0.1585159737117874,365.6111068827133
0.1487379578298365,0.05,0.11217948717948714,365.5925091121401
0.1487379578298365,0.05,0.11858974358974357,365.60302282960424
0.18491039335321405,0.05,0.04277007203179976,364.48396420135055
0.1795845638100807,0.05,0.03973131216302285,364.5384809630045
0.1855325156605246,0.05,0.0364447831169505,364.3779259430794
0.1487379578298365,0.05,0.10576923076923074,365.57499219290634
0.15443374029318802,0.05,0.10897435897435895,365.51940180265
0.15443374029318802,0.05,0.10256410256410255,365.4983825859219
0.2,0,0.006410256410256412,353.68831871211944
0.19046542884875828,0,0.025598745659246806,354.1954790063675
0.1856981432731374,0,0.028782733873485594,354.32743031510194
0.19046542884875828,0,0.03200900206950322,354.29233590231405
0.2,0.03738474631856635,0.009960641062023804,360.2995145359987
0.2,0.040914595381505395,0.004980320531011902,361.0581031819322
0.10972363823341547,0,0.1520628527764581,355.7228027267715
0.11081916623778168,0,0.1455148381027183,355.7452088544481
0.2,0.005555555555555555,0,354.25093168165483
0.2,0.01111111111111111,0,355.0334713594481
0.2,0.05,0,363.3735295646275
0.2,0.044444444444444446,0,361.8555595961789
0.2,0.006226881481596965,0.02950287071616699,354.8572645461179
0.09587845317909002,0.05000000000000002,0.14932222021882494,365.815842625232
0.06536506983459829,0,0.16676561336471815,355.53199733427573
0.17795861631937868,0.05,0.06497086033769497,364.8845690948681
0.2,0.03941045281118286,0.014940961593035706,360.8871853615681
0.2,0.042940301874121914,0.016370897472280217,361.8036639563747
0.1198979746041574,0,0.12682532216497217,355.7504338884076
0.12551921699918006,0,0.13029330342112141,355.7228296647668
0.12548693785145998,0,0.12376993677133949,355.7250879791892
0.2,0.038306505248022635,0.02494927075614873,360.80145972488765
0.2,0.034553413920311804,0.026144005642708218,359.9397587531482
0.05573509569724395,0.05,0.1670833372872214,365.50113692354506
0.05637330199042538,0.05,0.16129263733046123,365.54624767720867
0.1890871210390759,0,0.045170257833630226,354.4952889906579
0.18431983546345504,0,0.0419439896376126,354.53614168900384
0.18363068155861384,0,0.0485246175196761,354.63008192890044
0,0.005537250919644061,0.20231771186559583,355.01341475143136
0.14289561973024384,0.05,0.10874890859268316,365.64324573283625
0.2,0.05,0.03205128205128206,363.999705821032
0.16012952275653952,0.049999999999999996,0.09935897435897434,365.41257992248666
0.16012952275653952,0.05,0.10576923076923075,365.4370878125555
0.2,0.04183635431096168,0.02637920663539324,361.7020823310564
0.2,0.0423883280925418,0.02137505205383673,361.7547608592016
0.1862681539506737,0,0.023735288698092452,354.23926139330837
0,0,0.20512820512820515,354.2868497579703
0.10125204457279297,0,0.14977993545717855,355.7414549128811
0,0.03367668435287303,0.18509646176457495,360.2615242740272
0.13705328163065117,0.05,0.11172858641613559,365.7023477942045
0.10061152495118478,0.05000000000000001,0.14497833498566062,365.83414695270017
0.15557468803900504,0.05,0.07208448297790337,365.28782416171066
0.1907697586452234,0.05,0.026489919211657238,364.10955663155283
0,0.011074501839288122,0.1995072186029865,355.8377421948262
0.19118481119687625,0.05,0.02116764766947725,364.005606238949
0.08842706000087602,0.05,0.15222790047214146,365.79019841472615
0.06043586194867082,0.05,0.17009737362530777,365.52200789901826
0.06577483449327913,0.05,0.16732071000663395,365.58620317348846
0.07098183633616592,0,0.1647916367582265,355.5805203835804
0.07158595505863946,0,0.1588017066926454,355.61888464597246
0.06596918855707183,0,0.16077568329913705,355.572915954258
0.09187090528305014,0.05,0.1565162301568171,365.7760102919044
0.1953848793226117,0.05,0.03568085704172606,364.161955838603
0.19579993187426453,0.05,0.017538072679033248,363.8385666161511
0,0.016993787020575447,0.184946032332065,356.9500432370124
0.1487149490240712,0,0.09937191078800754,355.50046568157813
0,0.05,0.1794871794871795,364.4876653261385
0.005747338994159343,0.05,0.17619161784855253,364.64765298850557
0.19454356051953794,0,0.04181589814758435,354.35298987963137
0.19523271442437912,0,0.03523527026552084,354.25092066255377
0.18977627494391708,0,0.03858962995156672,354.39728426217073
0.1428398458702385,0,0.11498680516571855,355.59834253415465
0.1428398458702385,0,0.12139706157597493,355.60522300307366
0.1487379578298365,0,0.11858974358974358,355.5488088499178
0.19014763633791287,0.05,0.03922546453676291,364.3278678685422
0.10978360883252963,0.05,0.13459944871433666,365.8499575338596
0.11499334683503332,0.05,0.13768948063093955,365.8299173489024
0.021858173421063772,0,0.18525092571713955,354.89293641401883
0.021676363358816612,0,0.19153630308218766,354.82742910928573
0.05103432944581708,0.05,0.16406930094913508,365.47369392109437
0.2,0.03363165499085552,0.01115537594858329,359.4561554038192
0.2,0.03565736148347203,0.01613569647959519,360.0147924236209
0.16012952275653952,0.05,0.11217948717948717,365.45458647330156
0.011494677988318686,0.05,0.17930631262018193,364.7410904112682
0,0.016739097512813272,0.19705333194444408,356.77713013622554
0.10457387083002595,0.05,0.13150941679773376,365.8624150093173
0,0.04449240792390746,0.18781301591202001,362.89127285866016
0.022884794778297954,0.05,0.1729099729176499,365.0114559194419
0.1604998190263905,0,0.06816825876852138,355.1686315207654
0.16079195461000273,0,0.061863847470308944,355.10536753603645
0.15518426049434414,0,0.06520023863634489,355.2026688429302
0.022833238247490117,0.05,0.16659014994089227,365.0586466851137
0.2,0.05,0.012820512820512825,363.65102095611036
0.2,0.04647015093706096,0.017800833351524728,362.7665028409563
0.2,0.05,0.019230769230769235,363.7757020153131
0,0.016866442266694356,0.19099968213825452,356.8665534674684
0.2,0.028195451579761263,0.026431632015537557,358.5597872424095
0.14997630988791377,0.049999999999999996,0.07512931329424226,365.3800618655791
0.14973537529294745,0.04999999999999999,0.08113176962111304,365.4310651521767
0.1599051384540633,0,0.08048621707446058,355.27424391805516
0.15458957992201694,0,0.07751819694228407,355.31359151045
0.15428703493330193,0,0.08353174395001083,355.35909933976853
0.19454356051953794,0,0.05463641096809717,354.5071223466712
0.1548921249107319,0,0.07150464993455732,355.2623157656719
0.2,0.03885847902960275,0.019945116174592218,360.8462102587139
0.2,0.03510538770189192,0.021139851061151703,359.97916330387073
0.17252926665980356,0.05,0.06199191083916673,364.9450264516261
0.10603560540528731,0,0.14764738677994843,355.74600201707375
0.1601295227565395,0,0.11217948717948718,355.41477055717377
0.13719027071353745,0.05,0.12474150035601089,365.71626186736336
0.16000582620241874,0,0.08672393572610584,355.3137792825802
0.010562485075917298,0,0.19812610301530786,354.5696940716972
0.01602553767612311,0,0.1947499310040675,354.7016746314523
0.18908712103907588,0,0.05158051424388663,354.57235613562403
0.2,0.05,0.006410256410256413,363.51696347254847
0.1369740130583606,0,0.12431748980173182,355.6531818206109
0.1907697586452234,0.05,0.03290017562191365,364.2168733009107
0.16709991700022847,0.05,0.059012961340638506,364.9967714851013
0.17282936834878682,0.05,0.055707094542642006,364.868420003552
0.18656969051948794,0.05,0.02479722265992125,364.1645459924871
0.18698474307114077,0.05,0.01947495111774126,364.05907538204775
0.1829807172743782,0,0.06126729339153437,354.78128540346154
0.18330569941649602,0,0.05489595545560523,354.7088636144221
0.19579993187426453,0.05,0.004717559858520422,363.5743374288166
0,0.01120184659316921,0.19345356879679698,355.92645806388725
0.18739979562279357,0.05,0.014152679575561267,363.9479223044654
0.11471873049618184,0,0.13003232374771137,355.76661737320126
0.1203399728912045,0,0.1335003050038606,355.7431372877131
0.1428398458702385,0,0.10857654875546213,355.58495740590223
0.1487379578298365,0,0.11217948717948717,355.53908704320014
0.2,0,0,353.5659076406267
0.2,0.005578619501238044,0.004487208959664831,354.3415298961305
0.2,0.02987856366314469,0.012350110835142775,358.6608992391011
0.17756202180551184,0,0.05823023505047087,354.83683576905986
0.17723703966339405,0,0.06460157298640001,354.90566147106716
0.2,0.005578619501238044,0.010897465369921241,354.46088299521864
0.2,0.04591817715548084,0.02921524434333765,362.82087434591267
0.04546455961799849,0.05,0.1669953249326233,365.38952392855265
0.13110818024648263,0,0.1272379180274887,355.69286540431057
0.17214332633664547,0,0.05519317670940737,354.8849727300428
0.17788700394762966,0,0.05185889711454173,354.76165017057036
0.1494944406979811,0.049999999999999996,0.08713422594798381,365.4757856133079
0.15443374029318802,0.05,0.11538461538461536,365.5334069658824
0.1486689314125406,0,0.08657727082556109,355.4362237210158
0.2,0.04591817715548084,0.02280498793308124,362.70967174946435
0,0.05,0.1858974358974359,364.42428496120766
0.08705520710875375,0.05,0.15863537996976707,365.75303937592923
0.154433740293188,0,0.11538461538461539,355.48587014595637
0,0.03898481584781492,0.18331833951634774,361.53223733845624
0,0.04449240792390746,0.18140275950176363,362.95617866482127
0.07659860283773354,0,0.16281766015173485,355.6220990907467
0.14957656637868555,0,0.06853662980238083,355.2919535279994
0.0907032306513975,0,0.16275274963063435,355.66865509164444
0.15021724448288015,0.05,0.06912685696737149,365.3227757535148
0.09147993127419039,0,0.16881254623690212,355.63082774812847
0.08615724063411256,0,0.1647931816207293,355.6455793565527
0.1802066861173912,0.05,0.03340602324817359,364.42954280963863
0.17825871800836193,0.05,0.05868604404117024,364.81097984554515
0.1850089893682962,0,0.03536336175554909,354.4352578177375
0,0.011329191347050297,0.18739991899060743,356.0092403712495
0.06657330727954537,0,0.15478575323355595,355.60804238783845
0.005463052600205809,0,0.18893152029645194,354.57485783968104
0.11516072878322894,0,0.1367073065865998,355.75638246802464
0.1487379578298365,0,0.10576923076923078,355.52286057714906
0.16639964872566132,0,0.058527456304273015,355.0000496073181
0.067051247079642,0.05,0.1557393100931136,365.6682715376083
0.14897147640125558,0,0.08056372381783433,355.3939015721368
0.1736366119596368,0.05,0.04301784120909521,364.68861084673307
0.1683107824165035,0.05,0.0399790813403183,364.7286847487594
0.17425873426694735,0.05,0.03669255229424595,364.5843263472973
0.13694173391064052,0,0.11138386674169348,355.6387928912286
0,0.04449240792390746,0.1749925030915072,363.0137257919357
0.1789624415027702,0.05,0.046056601077872114,364.63986556734545
0.2,0.03888888888888889,0,360.45079988368764
0,0.05,0.17307692307692307,364.5436870120227
0.11986569545643734,0,0.12030195551519024,355.7490525825535
0.12064148279042314,0.05,0.12137770155803296,365.8204219305303
0,0.0056645956735251485,0.18985380564914986,355.17074960664496
0.09444935826289143,0.05,0.13925180032113724,365.8476016426246
0.19580272510191543,0,0.0045467994491020566,353.73393774559906
0,0.03347722377172238,0.1788236631206755,360.27643935661854
0.1489901187858847,0.049999999999999996,0.09955756249548176,365.54857591572596
0.028579129104925716,0.05,0.16971876142024606,365.13192918326513
0.11427673220913476,0,0.12335734090882296,355.7697801405339
0.13121094353105853,0.05000000000000001,0.11470826423958803,365.75229837701096
0.14927402138997056,0,0.07455017681010759,355.34581150779786
0,0.03898481584781492,0.17690808310609135,361.591309906801
0.1861546379678351,0.05,0.030119494202101242,364.2643341357834
0.17855881969734516,0.05,0.052401227744645514,364.73031247871705
0.016389157800617428,0,0.1821791762739713,354.83294594182456
0.005695782463351506,0.05,0.16987179487179488,364.69797150797126
0.09153987358041504,0,0.1563138559233339,355.70540672423044
0.08699388356313009,0,0.15835428791342884,355.6851838844552
0.1432699790921824,0.05,0.1024601473801737,365.618849437857
0.14352214004823058,0.05,0.09624847910642473,365.5891989632329
0.06215673707205201,0.05,0.14544758415555076,365.67517280530194
0.06741980537521149,0.05,0.14928376444299887,365.70132731061955
0.061788178776482516,0.05,0.15190312980566545,365.6459491261775
0.06092336550118714,0,0.1576012348837183,355.55318934674295
0.10385814090464623,0,0.12488926266103384,355.7888224121315
0.10917127398153792,0,0.12712917958598557,355.78156250478327
0.10896359913224307,0,0.12111742398387124,355.78113796321855
0.1040658157539411,0,0.13090101826314818,355.7858782322888
0.10961327226858501,0,0.13380416242487397,355.7748915164814
0.05111023368726591,0.05,0.15745645704301314,365.51499902281756
0.08244789354584514,0,0.16039471990352377,355.66014314538035
0.03417469478010904,0.05,0.15384615384615385,365.31763206759456
0.03422480317419313,0.05,0.16017989353063583,365.28385488929945
0.028478912316757532,0.05,0.15705128205128205,365.21317874735706
0.18926207606266154,0.025978509711246704,0,357.82751992446117
0.1954231524771158,0.02767413980269262,0,358.0485466892713
0.19383892358554572,0.031637703241887416,0,358.9150625720543
0.022032778965321527,0,0.1789456746324644,354.9522004326092
0.02226550882846722,0,0.17270646202832016,355.00564545045523
0.016621887663763123,0,0.175939963669827,354.88977120574714
0.19542315247711584,0.016563028691581515,0,355.9876551777543
0.19542315247711584,0.022118584247137064,0,356.9668535421147
0.0990128866228642,0.05000000000000001,0.12889668417393005,365.8669531942293
0.10440432741790395,0.05000000000000001,0.12549818588369088,365.8661937528
0.15907773314948248,0.05,0.034144554763873465,364.7687957930278
0.15732480753487707,0.05,0.03992240564561294,364.88065794470185
0.15270828290136657,0.05,0.037005142357390525,364.8921531601577
0.0284789123167575,0,0.15705128205128205,355.19666793935016
0.022783129853406005,0,0.16025641025641024,355.0948357240079
0.02819402115496441,0,0.16326212121904768,355.158161736603
0.13824930564041127,0,0.08645916190675042,355.5261755812782
0.14374772248983028,0,0.08351571948827452,355.462410075939
0.13882651356711997,0,0.08045416815098794,355.48220731136826
0.15947910060655618,0.05,0.026848785883557786,364.64153406824306
0.16449699269714035,0.05,0.02247028029146453,364.49482503317586
0.16409562524006668,0.05,0.029766049171780207,364.6285885403196
0.03979457300201172,0.05,0.1572538695471476,365.3789672944842
0.045414451223914395,0.05,0.16066158524814134,365.4309879123175
0.03984468139609581,0.05,0.16358760923162957,365.34134671345424
0.17254889167995913,0,0.048810300755156626,354.8057336132623
0.17295445702327272,0,0.04242742480090589,354.71998800028564
0.16721077941228857,0,0.04576170439577153,354.84254171665617
0.11005527055563212,0,0.1404791452637624,355.76114839033573
0.10527170972313775,0,0.14261169394099252,355.762930191134
0.08469576078229651,0.05,0.14122380366759246,365.82016474963234
0.08942883255439127,0.05,0.13687991843442818,365.8440329846714
0.08412085290948573,0.05,0.12779226942784577,365.8400387810139
0.08897183520586388,0.05,0.12415292040051193,365.85495874703315
0.08914137861798588,0.05,0.13016415131455483,365.8531462622375
0.1432165321746522,0,0.10231535320648344,355.5623862504326
0.1373184202150542,0,0.1051226711927148,355.6194428184752
0.07339712792156479,0.05,0.14668385134111628,365.7504470425551
0.06778836367078098,0.05,0.14282821879288415,365.7272099350228
0.07376568621713428,0.05,0.1402283056910016,365.7729729556093
0.08440830684589112,0.05,0.13450803654771915,365.83397350983944
0.0790869965315127,0.05,0.13736817111936034,365.8072943071213
0.07879954259510732,0.05,0.13065240399948702,365.81630780640916
0.17506146918109472,0.05,0.022101014533614592,364.32474025629386
0.16951488478772453,0.05,0.018091774699371267,364.33874998946703
0.17547652173274755,0.05,0.0167787429914346,364.2174005746731
0.016854617526908817,0,0.16970075106568275,354.9404309575653
0.011391564926703006,0,0.16666666666666666,354.86715187628835
0.011158835063557313,0,0.17290587927081094,354.81931036108847
0.16750353880565347,0.05,0.0526683346738651,364.91481014932145
0.16113408855753755,0.05,0.05552892226738215,365.04093569517295
0.16153771036296255,0.05,0.04918429560060876,364.95542492687866
0.17300992319181635,0.05,0.012061183132914178,364.16382823613293
0.19084630495423163,0.022014946272051916,0,357.0364348125837
0.05652511047332304,0.05,0.14806694951821733,365.6148694392944
0.14987897354597202,0.05,0.06227151935187081,365.25634563735395
0.14954070260906388,0.05,0.05541618173637014,365.18141109949255
0.15550653105175477,0.05,0.05890022080962649,365.1532489058922
0.0727305029443944,0,0.14586090468463542,355.6813066320617
0.06688121223628278,0,0.14828384493284646,355.6374386755624
0.07242259798765699,0,0.15236281298534493,355.6547725782648
0.10907760639697134,0.05,0.11513856553847177,365.85098325193246
0.1146385906041331,0.05,0.11775129816227549,365.8402897921446
0.10979576821294369,0.05,0.1220996875934517,365.8570628181615
0.027501794585767868,0,0.1820174240756327,355.00759203137176
0.027676400130025623,0,0.1757121729909576,355.0635125304117
0.1679071606110785,0.05,0.04632370800709171,364.825447903874
0.17323299015421184,0.05,0.04936246787586861,364.78221587997615
0.09896035752634427,0,0.13467285694031078,355.78272732305066
0.09972425320849383,0,0.1397085497792667,355.7731291951705
0.10450781404098819,0,0.1375760011020366,355.7756990230178
0.16680521406897494,0,0.052144580350022264,354.9245489100852
0.07303840790113181,0,0.13935899638392596,355.7011117583296
0.07857979365250602,0,0.1434379644364244,355.7173633829225
0.13217368086428358,0,0.09540759808098881,355.6172171034228
0.1258625040779789,0,0.09812802254910126,355.666085775219
0.13179699455986987,0,0.10166879362996747,355.6458547331892
0.09416190432648604,0.05,0.1325360332012639,365.85976292658233
0.19333333333333336,0.05,0,363.5216236986625
0.13871344682467746,0.05,0.08671976342490384,365.57813989677686
0.13365259264507615,0.05,0.08340271601713192,365.59569001427843
0.13937273233877845,0.049999999999999996,0.08050013113243999,365.52826622913904
0.07937445046791809,0.05,0.1440839382392337,365.7905373188009
0.04878332972824532,0,0.17532937977008767,355.327521423254
0.049203405836358,0,0.1692807889770653,355.37692706425423
0.04376891895311101,0,0.1723629466988679,355.2963629450156
0.11358567773995794,0,0.11016502795982511,355.7543958311613
0.11393120497454634,0,0.11676118443432403,355.7655572313999
0.11952016822184894,0,0.11370579904069132,355.7420282014874
0.19084630495423166,0.01645939071649636,0,356.05745121878243
0.13969223762258057,0,0.06947140441946487,355.3883687897002
0.14435281246726026,0,0.071488625472821,355.36664619606194
0.14491599153400586,0,0.06651940874902469,355.31760941801986
0.027909129993171317,0,0.1694729603868133,355.113577302181
0.1314203082554562,0,0.10792998917894617,355.668238043091
0.09382281750224203,0.05,0.12051357137317809,365.8624567386518
0.09867379979862018,0.05,0.11687422234584427,365.86253275586984
0.09884334321074217,0.05,0.12288545325988715,365.8678345215032
0.10423478400578196,0.05,0.119486954969648,365.86378940337556
0.17829256929094328,0,0.04547602116029099,354.6786726342422
0.09354081488178521,0,0.15266972852888028,355.72543544636386
0.1323340216168742,0.05,0.09584198060205962,365.68076829035175
0.13780200035452828,0.05,0.09915106399111664,365.65410813700555
0.1319596622549356,0.05,0.10213074181456908,365.7114263195119
0.12510913146915154,0,0.11065041364705862,355.7107556937535
0.03875450817797671,0,0.16939651362764813,355.2588076978035
0.03360491245652281,0,0.16626783218168512,355.21414033626456
0.03332002129472972,0,0.17247867134945072,355.1668822352319
0.188016671123505,0.04636078620794362,0,362.6203978343341
0.1866666666666667,0.05,0,363.6578030090272
0.18913326520759788,0.05,0.004717559858520422,363.71511544326313
0.13742764099258975,0.05,0.10543982520362612,365.6816352990752
0.13158530289299708,0.05,0.10841950302707855,365.7352696817316
0.12520805134476848,0.05000000000000002,0.11108186084383057,365.7820366074323
0.09399236091436403,0.05,0.126524802287221,365.8642013790706
0.1446745211133461,0.05,0.07781472221334113,365.4579234914036
0.1444335865183798,0.05,0.08381717854021191,365.5058728578997
0.032970810206214216,0,0.185089173518801,355.0554073025838
0.13767209771370256,0,0.0924641556625129,355.5643535278852
0.13275088879099228,0,0.08940260432522633,355.58247353468596
0.12558241070670706,0.05,0.1047930996313211,365.7615828305583
0.12595677006864558,0.05,0.09850433841881161,365.73431438674396
0.14405026747854527,0,0.07750217248054776,355.41741209373026
0.15557188192027166,0.05,0.04570025652735241,364.985609045974
0.16194133216838758,0.05,0.042839668933835354,364.8625132489169
0.11324015050536954,0,0.10356887148532617,355.73629593981826
0.10827254466306627,0,0.10792511103487339,355.7603261871517
0.1437743010042788,0.049999999999999996,0.09003681083267576,365.5528959059229
0.18143815867777058,0.05,0.015465711283497934,364.0871246796725
0.1849331970818624,0.05,0.009435119717040846,363.89926357028713
0.10365046605535139,0,0.1188775070589195,355.7860273136789
0.16096764491312257,0,0.04880366973684823,354.9594795140443
0.05636579720662413,0,0.14774909723169816,355.55847100962876
0.050715855428265906,0,0.15056457888186048,355.49515758268535
0.05581961046472653,0,0.1540829068827894,355.52778511642924
0,0.011329191347050297,0.180989662580351,356.07002087093855
0.06146955224308475,0,0.15126742523262704,355.58686835044887
0.06177745719982215,0,0.14476551693191755,355.61293636528296
0.10861807189765467,0,0.1145212675093723,355.7742013207374
0.034174694780109,0,0.15384615384615385,355.290421843306
0.03388980361831591,0,0.16005699301391946,355.2553202056226
0.17897156013683937,0.05,0.010748151424977512,364.0360091433133
0.1401489883000347,0.05,0.06974671716649425,365.4290419391622
0.134847199525467,0.05,0.07243212608559313,365.497777445368
0.1353825208917569,0.05,0.06768116844651817,365.4485301056468
0.13961366693374477,0.05,0.07449767480556921,365.477087957278
0.14491545570831246,0.05,0.07181226588647036,365.40369129944094
0.09875268267704942,0,0.12866110133819644,355.7890402243007
0.09854500782775456,0,0.12264934573608212,355.7896138472554
0.1431935233688869,0,0.09591803322526021,355.5364463536612
0.14317051456312158,0,0.089520713244037,355.50402240041626
0.08412117940388023,0,0.14751693248892286,355.7247993422016
0.08783052649214762,0,0.15191539420612837,355.71803552915213
0.0898314677935178,0,0.14827126681167474,355.7369886790937
0.13503166277790088,0,0.06745418336610873,355.4050630554027
0.14025541668932617,0,0.06450218769566855,355.3382369801045
0.13559484184464649,0,0.06248496664231243,355.3538362142532
0.14034603872941642,0.05,0.058140421911918636,365.30461150401675
0.14068430966632456,0.05,0.0649957595274193,365.3769368629831
0.13591784225804676,0.05,0.06293021080744321,365.3952237078624
0.18626945743134746,0.01635575274141121,0,356.1229147970908
0.05126204217016356,0.05,0.14423076923076922,365.5750324769592
0.05118613792871474,0.05,0.15084361313689118,365.54877854143916
0.04556625970681205,0.05,0.1474358974358974,365.49840905909696
0.050169668686368296,0,0.1568983885329517,355.4610564859163
0.022498238691612913,0,0.1664672494241759,355.0529249561967
0.05424922889224269,0,0.17245523739248408,355.40256834461644
0.13769510651946787,0,0.09886147564373612,355.5938384258571
0.04549035546536323,0.05,0.1540487413420194,365.468461277258
0.038334432069864026,0,0.1754451044206705,355.20842830981826
0.14545077707460236,0.05,0.0670613082473954,365.3527875448672
0.04962348194447069,0,0.16323219818404297,355.4205470750712
0.054669305000355384,0,0.16640664659946172,355.44886608927703
0.05527342372282891,0,0.16041671653388062,355.4906909091538
0.07743524576675107,0,0.15637876644443435,355.6612717685024
0.038159826525606275,0,0.18175035550534563,355.15301406817866
0.03314541575047197,0,0.17878392243412586,355.1143052557423
0.059715128056240074,0,0.1695810950148805,355.4704459068837
0.1380541613105765,0.05,0.09293939571736769,365.6212234649375
0.13299330713097518,0.05,0.08962234830959578,365.64162420205366
0.15516826011484663,0.05,0.05204488319412581,365.07466924678283
0.0603192467787136,0,0.16359116494929937,355.5147137200143
0.03427491156827722,0.05,0.16651363321511783,365.24313313257716
0.16056207956980895,0,0.05518654569109897,355.0379950697866
0.10048814889064339,0,0.1447442426182226,355.759371725114
0.13332809671770096,0,0.08339761056946385,355.5419396426463
0.1254858177735652,0,0.10438921809807994,355.6915478944186
0.005695782463351503,0,0.16987179487179488,354.7413638388454
0.00546305260020581,0,0.17611100747593916,354.69017504815935
0.01092610520041162,0,0.17914509187495523,354.76530333378406
0.00546305260020581,0,0.18252126388619555,354.6357540094879
0.16911351733065086,0.05,0.025387543579686946,364.4790152789697
0.14477423520078608,0.05,0.05335063301639405,365.20552764803955
0.14511250613769422,0.05,0.06020597063189472,365.28340980730366
0.039870477243460545,0.05,0.15064102564102563,365.412608922642
0.19542315247711584,0.011007473136025958,0,355.10813494615337
0.13912905855583496,0,0.07444062114326118,355.4345334958301
0.06718911719302019,0,0.14178193663213698,355.6601060357572
0.06208536215655957,0,0.13826360863120807,355.632275452588
0.17650496159590817,0.05,0.006030591566457089,363.97826740488443
0.18246659854093122,0.05,0.004717559858520423,363.84397863403916
0.09477786050100581,0,0.14398990829547073,355.75896966177385
0.09554175618315537,0,0.14902560113442664,355.7425405359868
0.15095535728676115,0.05,0.04278299323913,364.9985181752452
0.01708734739005451,0,0.16346153846153846,354.9849251972791
0.0674970221497576,0,0.1352800283314275,355.67604446842284
0.108359444580999,0.05,0.10817744348349183,365.83646304910235
0.10351662218980959,0.05,0.11252583291466804,365.8536934790005
0.09401396481885625,0,0.13895421545651482,355.77123944538437
0.0625252953676215,0.05,0.13899203850543604,365.6972233358185
0.18270000891367663,0.04272157241588724,0,361.75891169745404
0.18135000445683833,0.04636078620794362,0,362.7459346469515
0,0.0056645956735251485,0.18344354923889347,355.2332091123491
0.06815692196635047,0.05,0.13637267314276946,365.74591941081786
0,0,0.1858974358974359,354.49870945491784
0.08328453647486268,0,0.15395582619622333,355.6958476853938
0.15472451041395657,0,0.05184563507792492,355.06726060574164
0.1551300757572702,0,0.045462759123674173,354.98573019148995
0.07827188869576861,0,0.14993987273713388,355.6936915630525
0,0.0056645956735251485,0.17703329282863706,355.28919348691784
0,0,0.1794871794871795,354.55637283550163
0.18000000000000002,0.05,0,363.78206749572155
0.09833733297845972,0,0.1166375901339678,355.78444819191503
0.043348842844998334,0,0.17841153749189026,355.243577615431
0.05667370216336154,0,0.14124718893098864,355.5812107515732
0.19468333779017166,0.04080523065238806,0,361.03728139263654
0.1343118781591771,0.05,0.07718308372466809,365.542965727026
0.1806080535744649,0.05,0.026110254367857914,364.2999349717327
0.18102310612611774,0.05,0.020787982825677925,364.1963710592742
0.11955132729167421,0,0.10084844701721371,355.70577872068424
0.11917464098726054,0,0.1071096425661924,355.72806532931685
0.14920243167215574,0.05,0.04856084412086947,365.09797213993073
0.18936667558034329,0.04272157241588724,0,361.63210255891346
0.0390393993397698,0,0.16318567445988252,355.30281991603164
0.0441889950612237,0,0.16631435590584553,355.3433626444166
0.04447388622301679,0,0.16010351673807993,355.38412897984017
0.056449206231874216,0.05,0.1546797934243393,365.5843213498024
0.18320559916588902,0.03547038676888577,0,359.978046959707
0.18936667558034329,0.03716601686033168,0,360.2587429165425
0.18405001337051494,0.03908235862383086,0,360.82099864722926
0.19084630495423163,0.010903835160940806,0,355.1784660701387
0.1954231524771158,0.005451917580470403,0,354.3261303513174
0.18767784717109146,0.0299420731504415,0,358.6707881049816
0.18852226137571737,0.03355404500538659,0,359.44238493721656
0.17466010172402105,0.05,0.02939678341393027,364.4596768199982
0.1199233209744508,0.05,0.11441657950305302,365.8152067688092
0.1488869412581042,0,0.048504724464750876,355.0878462151832
0.028529020710841624,0.05,0.16338502173576405,365.17602625452474
0.022783129853406026,0.05,0.16025641025641027,365.0991744924833
0.18468522853977737,0.020319316180606,0,356.8385691380627
0.18310099964820728,0.024282879619800794,0,357.60640654767764
0.17967087710062565,0,0.032314765396163986,354.4786713559363
0.19468333779017163,0.03524967509683251,0,359.704826843184
0.154461208515972,0.05,0.03122729147565105,364.77887709466825
0.1687121498735772,0.05,0.032683312460002625,364.6089935320672
0.1823611849612631,0.031858414913940675,0,359.17985641927584
0.163694257782993,0.05,0.037061818052095886,364.7520650110582
0.05689366876889253,0.05,0.14161140386810261,365.6402610245321
0.08906757211136823,0,0.14323557397271883,355.75193011843464
0.19468333779017163,0.04636078620794362,0,362.48294619804625
0.11920515915847846,0.05,0.10745545744807308,365.801550970487
0.11392042878816075,0.05,0.11079017610729555,365.8297859474605
0.119579518520417,0.05,0.10116669623556361,365.77767211201837
0.1613732102564362,0,0.04242079378259748,354.8744574621058
0.1815167707566372,0.028246443058995586,0,358.42642702593554
0.17898172319578448,0,0.03889539327822749,354.5821438107739
0.17364361092811392,0,0.035846796918842384,354.620870593246
0.1676163447556022,0,0.03937882844152078,354.75402802703115
0.13446848371115527,0,0.07242340008990505,355.4523227930862
0.051262042170163516,0,0.14423076923076925,355.5228503653785
0.07347823228072889,0.05,0.13351253857112821,365.7849346830105
0,0,0.17307692307692307,354.6075610849502
0.03932429050156289,0,0.15697483529211687,355.3407539025851
0.11320226697218842,0.05,0.10382905405231563,365.81084146617553
0.103304938820763,0,0.1122813505844206,355.7763769378506
0.13390530464440967,0,0.07739261681370137,355.495615427304
0.0871090055595147,0.05,0.10551610175845594,365.8176467990783
0.09254197214397761,0.05,0.10863034857873367,365.8393281194629
0.08780786662969432,0.05,0.11064572870528878,365.8344338609582
0.17248369934019003,0.021251191909749237,0,357.20653939953473
0.1785844639399837,0.02078525404517762,0,357.0258930625885
0.1770002350484136,0.024748817484372413,0,357.7989126207907
0.09709396469769513,0,0.10623111229656229,355.76154118454946
0.09192412552834842,0,0.1028988794961726,355.7450630659088
0.09254580966873072,0,0.10810211841487535,355.76210159563607
0.17312968336878015,0.0278473372316806,0,358.4810562939589
0.16666666666666669,0.05,0,363.99786677642646
0.16000000000000003,0.05000000000000001,0,364.0900858517707
0.16330170523924564,0.045847334100306725,0,362.89432301566484
0.022783129853406026,0.05,0.15384615384615385,365.1341602989993
0.01708734739005452,0.05,0.15705128205128205,365.01408683472636
0.12799347382875512,0.05,0.08576684605928721,365.6504240657078
0.12733418831465412,0.05,0.09198647835175104,365.6930181257951
0.06166759400277475,0,0.11901386945818171,355.6401038024635
0.06187647807966715,0,0.12543361083956667,355.6445556114184
0.06707925399597278,0,0.12244054556865754,355.68108310354523
0.1814916169682861,0,0.015024783469166216,354.173300028708
0.18092160629074983,0,0.020072228644559355,354.2680359482433
0.09797493872844056,0.05,0.11174459539901141,365.852877367045
0.091843111073798,0.05,0.10350072163190083,365.82148555725615
0.15689042682974438,0,0.03957281296004482,354.88930677422564
0.1801686928315538,0.016821690605982827,0,356.3050565730293
0.07834618654242881,0,0.13657259070417158,355.7327462619109
0.0728048007910546,0,0.13249362265167314,355.711806677684
0.04502007296491441,0,0.15376970708698867,355.4219949825289
0.0883898509177791,0.05,0.11739932455290036,365.8486321127722
0,0.016747320644974972,0.1728701582539115,357.013269160562
0,0.011082724971449824,0.16891378850219751,356.1287959351686
0,0.016624087457174735,0.1668322212148347,357.0359913370581
0.1458135835234432,0.05,0.042978374464300986,365.055955475369
0.14756650913804864,0.05,0.03720052358256151,364.9517194707078
0.09771564883807743,0,0.11143435121526504,355.7751871726968
0.1026832546803807,0,0.10707811166571785,355.7641370241116
0.17663503857257895,0.04584733410030672,0,362.68973734488645
0.17432432944070178,0,0.028651705342630895,354.5055763736981
0.1803515956132135,0,0.025119673819952497,354.35868940127057
0.17500504795328964,0,0.021456613766419406,354.3819496125318
0.18246939176858207,0,0.004546799449102056,353.9672828014452
0.1765528334311219,0,0.005931184570962103,354.08582117651906
0.179022225199704,0,0.010477984020064158,354.1318396863657
0.18913605843524878,0,0.0045467994491020566,353.8549629092871
0.19333333333333333,0,0,353.6922266572185
0.04556625970681204,0.05,0.13461538461538458,365.53342179329707
0.05126204217016356,0.05000000000000001,0.13782051282051283,365.59255257232644
0.04556625970681205,0.05,0.14102564102564102,365.5194236307441
0.034174694780109025,0.05,0.1474358974358974,365.3455685721857
0.03417469478010902,0.05,0.141025641025641,365.36652403758626
0.03987047724346053,0.05,0.14423076923076922,365.4370844607612
0.10281776111962995,0.05,0.1073962059678352,365.8409440298065
0.005695782463351503,0,0.15064102564102563,354.8471873046144
0,0,0.15384615384615385,354.722746123944
0.005695782463351504,0,0.15705128205128205,354.8183098166246
0.17849063328162967,0.03495693466124887,0,359.9421534896577
0.17933504748625556,0.03856890651619396,0,360.7802472065189
0.1259616082363708,0.05,0.06471411026342803,365.4816836194194
0.1304044038809189,0.05,0.06857311817451058,365.49323353011346
0.1254262868700809,0.05,0.06946506790250298,365.5323266911649
0.08295688433331617,0.05,0.11428507773262261,365.82667541408995
0.0823749000452314,0.05,0.10753148188501106,365.80818630429854
0.09316749380911299,0,0.1133053573335781,355.77475515643397
0.005695782463351504,0,0.16346153846153846,354.7830717640345
0,0,0.16666666666666666,354.65242597054714
0,0.01687055383277521,0.17890809529298823,356.9846197938801
0,0.01120595815925006,0.17495172554127425,356.1023719981465
0.07259591671416218,0,0.12607388127028812,355.71496451913197
0.06728813807286518,0,0.1288602869500425,355.68182876665617
0,0.022365032749824185,0.1768673055558584,357.98950658169366
0.12928116207080026,0.05,0.04963448262438069,365.28345756675486
0.1359215852712521,0.05,0.04927660312321028,365.23147504737767
0.13149338879988243,0.05,0.054066392018734866,365.3253920241154
0.14417766098933613,0.05,0.03161805392599304,364.89631617324875
0.14242473537473072,0.05,0.03739590480773251,365.00533421788555
0.13903588722601817,0.05,0.03181343515116403,364.94610836748046
0.0836539651837258,0,0.1337861850244172,355.7574457336012
0.08342035807364859,0,0.12692081129216437,355.76252600053317
0.07811257943235159,0,0.12970721697191875,355.74063385505406
0.09336500801018933,0,0.12006533052003332,355.7839769053829
0.0935726828594842,0,0.12607708612214766,355.78608065414295
0.09378035770877906,0,0.132088841724262,355.78244512460765
0.13253273712253955,0.05,0.0436941334666418,365.17998235604165
0.13578431217427886,0.05,0.037753784308902916,365.0675326229503
0.13917316032299137,0.05,0.043336253965471395,365.1228918938208
0.15300334759006384,0.05,0.011578260047412248,364.43092763469076
0.15650167379503194,0.05,0.005789130023706124,364.2655575617403
0.15967330205760677,0.05,0.011819721590163212,364.3537492082364
0.03987047724346052,0.05,0.1314102564102564,365.46505518942854
0.03987047724346053,0.05,0.1378205128205128,365.4545789596898
0.17310566686224382,0,0.011862369141924206,354.2453085342101
0.15280914613901325,0.05,0.026607324340806822,364.71956747126023
0.15782703822959743,0.05,0.02222881874871356,364.58014008177975
0.1041245288673103,0.05,0.09865740539127625,365.80704775434765
0.09858284540594126,0.05,0.09787616787561962,365.80511990173926
0.10058847422380125,0.05,0.09426699424589355,365.7874061479369
0.16381427984149824,0,0.029335756042756633,354.65966627514973
0.1644949983540861,0,0.02214066446654514,354.53787599309254
0.15933149641480643,0,0.026487775220203975,354.6705066854644
0.16829706326819005,0,0.032183736865309294,354.64342154260083
0.1689777817807779,0,0.0249886452890978,354.5244825165524
0.16965850029336574,0,0.01779355371288631,354.3972109488855
0.18,0,0,353.9187488758126
0.1337056155289646,0.05,0.05849830141308904,365.36264740448456
0.10765086052268397,0,0.10272187211617063,355.7451073788919
0.04556625970681202,0.05,0.12820512820512817,365.540406869306
0.11733452171021402,0.05,0.08427547385113393,365.6931603854145
0.11595710346420549,0.05,0.0907933339181945,365.74015522588456
0.11242104882069642,0.05,0.08640292277281178,365.72368723789526
0.10211890004945032,0.05,0.10226657902100234,365.823573243758
0.10766058351081936,0.05,0.10304781653665898,365.82061953953917
0.16313356132891038,0,0.036530847618968125,354.7731240155886
0.12986908251462903,0.05,0.07332407581358553,365.54114920681513
0.12420996369830799,0.05,0.07568820585574082,365.595285797634
0.11976716805375989,0.05,0.07182919794465828,365.5825256936852
0.12098349122553281,0.05,0.06560605999142044,365.5164981800753
0,0.011082724971449824,0.1625035320919411,356.1705169128521
0.0972760776582609,0.05,0.10661496845217855,365.83860064136564
0.12865275934285608,0.05,0.07954721376682337,365.6010399061433
0.11457968521819695,0.05,0.09731119398525505,365.7793822528049
0.011391564926703008,0,0.16025641025641027,354.9057028410696
0.011391564926703006,0,0.15384615384615385,354.9378508212738
0.17764621907700373,0.03134496280630378,0,359.14882091988744
0.03417469478010901,0.05,0.13461538461538458,365.38049846379636
0.05126204217016353,0.05000000000000001,0.12499999999999999,365.60655350342864
0.05689366876889251,0.05,0.12879089104758978,365.662566574671
0.05126204217016354,0.05,0.1314102564102564,365.60305958114964
0.05126204217016351,0,0.13782051282051283,355.5390970523359
0.14468611649381208,0,0.05984210696981471,355.25431414128786
0.1400255416491324,0,0.05782488591645858,355.27251963466966
0.056893668768892514,0.05,0.13520114745784623,365.65492034287365
0.06252529536762148,0.05,0.13258178209517962,365.7090218771341
0.06208536215655956,0,0.13185335222095165,355.6424774590291
0.1755750586308259,0,0.01640916859102626,354.28881162827065
0.0398704772434605,0,0.14423076923076925,355.39859170487955
0.0398704772434605,0,0.15064102564102563,355.37597649711734
0.04556625970681201,0,0.14743589743589744,355.45345267114146
0.13813381200033426,0.05,0.05370851251756445,365.2703828141929
0.09324083321415724,0.05,0.11375997552556652,365.85254934481526
0.04556625970681201,0,0.14102564102564102,355.4728855765582
0,0.04448128413779783,0.16870220219933024,363.06066302068507
0.05667370216336154,0,0.13483693252073226,355.5944350982724
0.056673702163361525,0,0.1284266761104758,355.6011465683718
0.0512620421701635,0,0.13141025641025642,355.54883086269325
0.1849387835371642,0,0.009093598898204113,354.01125855957366
0.17807887368777128,0.011369773025512423,0,355.46577203637486
0.1759890545439888,0.00591785544504202,0,354.71888709621453
0.18208981914378247,0.005451917580470403,0,354.5610712530779
0.18666666666666665,0,0,353.80984040228054
0.034174694780109004,0,0.13461538461538464,355.3484132804396
0.034174694780109,0,0.14102564102564102,355.3355498324583
0.0398704772434605,0,0.13782051282051283,355.41473988157867
0.022783129853406026,0.05,0.1474358974358974,365.16211408311295
0.01708734739005452,0.05,0.15064102564102563,365.0455223440772
0,0.005541362485724912,0.1709953557895603,355.31931918446594
0.16317162826257486,0.05,0.006030591566457089,364.1835680687445
0.18875648581044915,0.005451917580470404,0,354.4479534379626
0.0784620053138076,0.05,0.12398379676488364,365.81737065552744
0.07314069499942917,0.05,0.12684393133652486,365.7888495684783
0.17377566739737027,0.03444348255361197,0,359.901871902404
0.1692591316891467,0.030945856978988794,0,359.1938570556916
0,0.022241799562023948,0.17082936851678163,358.01456693083463
0,0.022230675775914324,0.16453906762460468,358.05637409159846
0.083887572293803,0,0.14065155875667001,355.7448701808241
0.1746200816019962,0.038055454408557066,0,360.7351076486041
0.056464818086469123,0,0.12200693472909085,355.5995185749171
0,0.03346609998561276,0.17253336222849852,360.3274789601999
0.087375970499384,0,0.10476988561448566,355.74189174199836
0.08799765463976628,0,0.10997312453318842,355.7579378443761
0,0.05,0.16025641025641024,364.6339566704692
0,0.04448128413779784,0.1558816893788174,363.1412194890663
0,0.05,0.15384615384615383,364.668587986113
0.09657721658808127,0.05,0.1014853415053457,365.8197025788321
0.17798504302941726,0.042208120308250344,0,361.71043732606637
0.06218775808632177,0.05,0.12591317486057624,365.7110483167286
0.056556131487592795,0.05,0.12212228381298643,365.65985253204263
0.06185022080502206,0.05,0.11924456762597287,365.7054574666103
0,0.027848387880763537,0.1685362149265516,359.14113965286083
0,0.02783726409465391,0.16224591403437463,359.1807626027066
0.07788002102572282,0.05,0.11723020091727204,365.80950196980575
0.07729803673763803,0.05,0.11047660506966048,365.7937616665311
0,0.027859511666873164,0.17482651581872855,359.09471627068814
0.08883396500129104,0,0.136370200240466,355.7675683773575
0.08282781547041958,0,0.10664089173279873,355.73399625574126
0.15240764340305257,0,0.03672483213749216,354.8987517641112
0.1506472923305784,0,0.04261477830112152,354.9963328271719
0.1511570837620545,0.05,0.0219873572059626,364.6553404632447
0.14766737237569533,0.05,0.026802705565977816,364.7794817996201
0.14252559861237735,0.05,0.026998086791148807,364.8334445646076
0.1061301576851703,0.05,0.09504823176155018,365.78739118822756
0.12299364052653505,0.05,0.08191134380897865,365.65110479227286
0.17333333333333334,0.05,0,363.8951939910768
0.1699683719059123,0.045847334100306725,0,362.7972570352784
0.034174694780109,0,0.14743589743589744,355.3162193534136
0.08353886862140095,0.05,0.1210386735802342,365.83729290632846
0.06714431012245133,0.05,0.11636685143895932,365.74336830713213
0.07222117343004468,0.05,0.11342172825430989,365.7721556674756
0.07280315771812947,0.05,0.12017532410192147,365.7851471642334
0.022783129853406005,0,0.15384615384615385,355.12706466059166
0.022783129853406005,0,0.14743589743589744,355.1528295785665
0.01708734739005451,0,0.15064102564102566,355.0492981235071
0.07238703263726978,0,0.11965413988890317,355.7115923992357
0.06687036991908038,0,0.11602080418727256,355.67380747909016
0,0.005541362485724912,0.15817484296904746,355.39943517514735
0,0.005541362485724912,0.16458509937930388,355.36261211610616
0,0,0.16025641025641024,354.690820983545
0.14256200847170392,0.05,0.048918723622039875,365.16964657176965
0.1740679282317601,0.017287628470554442,0,356.4805207613883
0.011391564926703013,0.05,0.16025641025641027,364.88376726934126
0,0.03345497619950313,0.16624306133632155,360.37171813145454
0.10750757593117884,0.05,0.08853037169448962,365.7481542152321
0.10259410304166122,0.05,0.09065782061616745,365.7665613174249
0.1287274985181266,0.05,0.05939025114108145,365.4069276326109
0.011391564926703013,0.05,0.15384615384615385,364.9187047102072
0.045566259706812,0,0.1346153846153846,355.48586708285217
0.01708734739005451,0,0.15705128205128205,355.02034366969747
0,0.05,0.16666666666666666,364.5923230124391
0,0.04448128413779784,0.16229194578907383,363.10444242606883
0.10206157053999841,0,0.1018748727470151,355.7475121414434
0.14911681629829798,0,0.05518202624396086,355.16304454903155
0.1444562414536183,0,0.05316480519060472,355.1838563016465
0.14934669133849177,0,0.061859328023170845,355.2310803199701
0.15495438545415036,0,0.0585229368571349,355.13854600579066
0.022783129853406005,0,0.14102564102564102,355.17213568836513
0.01708734739005451,0,0.14423076923076925,355.07178855870785
0.08860035789121382,0,0.12950482650821318,355.7757113504351
0.15865077790221857,0,0.03368286679641547,354.78681568191206
0.1628449303201816,0.05,0.017850313156620303,364.43134668365735
0.005695782463351507,0.05,0.15064102564102563,364.812830847033
0.005695782463351506,0.05,0.15705128205128205,364.7814234970546
0,0.03897369206170529,0.17061778221391438,361.6402983229663
0.10966621232867935,0.05,0.0994386429069329,365.802151237811
0.17197810908797762,0.01183571089008404,0,355.62907325833294
0.005695782463351506,0.05,0.16346153846153846,364.74319867370605
0.16983829492924152,0.05,0.006030591566457089,364.0861445918172
0.16796716363196643,0.01775356633512606,0,356.6493073621678
0.02847891231675751,0.05,0.1378205128205128,365.2865674661063
0.02847891231675752,0.05,0.14423076923076922,365.26911566696634
0,0.03896256827559566,0.1643274813217374,361.68248630680483
0.15416799447552676,0,0.030834885973862802,354.7951030260011
0.011391564926703015,0.05,0.14743589743589744,364.9466101286706
0,0.033443852413393496,0.15995276044414458,360.40915687038245
0,0.03896256827559567,0.157917224911481,361.72140911715604
0.06748184740375104,0.05,0.12303545867356269,365.75183596474
0.15617497585263868,0.05,0.01760885161386934,364.51382871070894
0.14950502138509575,0.05,0.01736739007111837,364.5861960706216
0.1309397252472088,0.05,0.06382216053543563,365.44125879534846
0.028478912316757504,0,0.14423076923076925,355.2482591500524
0.028478912316757504,0,0.13782051282051283,355.2643439289424
0.06781938468505075,0.05,0.12970406590816608,365.7526863326354
0.1663432565251497,0.05,0.012061183132914178,364.2664561146433
0.12374938150728862,0.05,0.060282200869073856,365.4455975973219
0.12651527178904443,0.05,0.05495834174672727,365.36791739288174
0.07790369535545918,0,0.12328747559053377,355.7411652397166
0.08302532967149591,0,0.11340086491925394,355.75076430391755
0.12233435501243407,0.05,0.08813097610144249,365.69714882414934
0.14601530999873655,0.05,0.022182738431133588,364.713473798988
0.08819516884084264,0,0.11673309771964363,355.7709327429387
0.01708734739005452,0.05,0.14423076923076922,365.06992583102584
0.028478912316757532,0.05,0.15064102564102563,365.2446828286358
0.18417963828756498,0.010903835160940808,0,355.29579322683736
0.17327007714515788,0.04169466820061344,0,361.6575748374742
0.16990511571773684,0.03754200230092016,0,360.68557997348495
0.08839268304191897,0,0.12349307090609885,355.77666950825557
0.14931943475265408,0.05,0.03142267270082204,364.8405724156448
0.12095693676642554,0.05,0.09464883616850304,365.7412943748588
0.09647228055731283,0,0.10102787337785954,355.7435102274729
0.16660341047849125,0.04169466820061345,0,361.759487722903
0.02278312985340602,0.05,0.14102564102564102,365.1830432551827
0.11104363057468788,0.05,0.09292078283987233,365.7668031446281
0.045566259706811996,0,0.1282051282051282,355.4923357125461
0.08322284387257226,0,0.12016083810570916,355.7602742188481
0.0398704772434605,0,0.13141025641025642,355.42445620720906
0.028478912316757504,0,0.15064102564102566,355.22570734009923
0.011391564926703006,0,0.14743589743589744,354.9635347828691
0.11855084488198696,0.05,0.0780523358978961,365.64141309546494
0.0512620421701635,0,0.125,355.5520517964506
0.16861314766055657,0.024349711657057425,0,357.8484328519192
0.11024151208222177,0.05,0.06317047448865253,365.5275026963521
0.11712891737604497,0.05,0.06111878395801401,365.4845221723908
0.11409608593170963,0.05,0.06765775052205895,365.56363998713186
0.16988616676445523,0,0.005931184570962103,354.18182283497543
0,0.02784139730806673,0.15581681452174806,359.2176007191897
0.0674691732175722,0.05,0.10994230878675687,365.73270426518417
0.06187193184652469,0.05,0.11292282177052745,365.69602355071305
0.15546510028791827,0.0385656670395086,0,361.12785569082075
0.15319765043187739,0.032848500559262896,0,359.8212854280551
0.15876680552716388,0.03441300113981532,0,360.1082121132411
0.045566259706811996,0,0.12179487179487179,355.4923160349999
0.005695782463351503,0,0.13782051282051283,354.8856750508828
0.011391564926703006,0,0.13461538461538464,354.9956609747902
0.005695782463351504,0,0.13141025641025644,354.8952699718955
0.061502369336147195,0,0.11240338148691986,355.62913254914145
0.056299593419841566,0,0.11539644675782901,355.59152688197736
0,0.03881624881002446,0.13882306162011648,361.7605801580735
0,0.03881624881002446,0.1452333180303729,361.74187620039936
0,0.033224373215036684,0.14092690012248243,360.4402046747805
0.15701699193710228,0,0.02083768099162704,354.60633122925594
0.15470248745939816,0,0.015187586763050112,354.53598603311
0.1495389855201185,0,0.019534697516708943,354.6634188184175
0.09133897626136901,0.05,0.0889723373317824,365.74886718595735
0.09058136702883636,0.05,0.08267344098750526,365.70491895902
0.09620893041898246,0.05,0.08351618262969777,365.71913099704193
0.13034421260343204,0.05,0.017654309153148133,364.7580530915266
0.133562808402288,0.049999999999999996,0.011769539435432089,364.61778860008235
0.1367311488639866,0.05,0.017558669459138213,364.709812920067
0.06716676507100623,0,0.10965634025102036,355.66356657128154
0,0,0.13461538461538464,354.7803722033363
0.09063460191646208,0,0.08235746510117062,355.6373420891627
0.09611722862334518,0,0.08318661553361924,355.6502391744795
0.09526330551589368,0,0.07676026562079677,355.60346152479667
0.12937993341565585,0.04999999999999999,0.038687124273289256,365.1274156018723
0.12612835836391653,0.049999999999999996,0.044627473431028145,365.2342518882404
0.12297555465703283,0.04999999999999999,0.039620464237675596,365.17812487418973
0.1118155439090189,0,0.07943483916727198,355.6117071116308
0.11777731130586572,0,0.0835707256806965,355.62256931908775
0.1187788433227584,0,0.07745858590701532,355.57578127125527
0.14680376835552103,0,0.036961132632393645,354.9570495644518
0.14856411942799522,0,0.03107118646876429,354.85543375776126
0.14296024438046367,0,0.031307486963665775,354.90960168746244
0.06811889940781396,0.05,0.097093223482352,365.6901048036453
0.07287089962028644,0.05,0.100572642949905,365.736519303304
0.06779403631269308,0.05,0.10351776613455443,365.71494976402204
0.10674996669864617,0.05,0.08223147535021245,365.7063867299384
0.10107888457659593,0.05,0.07806002792761314,365.67899394754636
0.10599235746611353,0.05,0.07593257900593531,365.65755968046045
0,0.0333706926806079,0.15361080700359053,360.42637601933166
0,0.027768237575281123,0.149474861081194,359.2314372776049
0,0.03329753294782229,0.14726885356303648,360.4367252874644
0.13050682557951865,0,0.05284322684273301,355.2842546986819
0.12811318888271497,0,0.058580543314969556,355.3613819297783
0.13305083371208257,0,0.057664096742522715,355.32157245522484
0.0739830705622836,0.05,0.09410534755143128,365.7123609370504
0.14311808512454116,0.05,0.017463029765128292,364.65252724643204
0.0894946923971246,0,0.09231240084698283,355.6945668284777
0.0884353314482543,0,0.09854114323073423,355.7214353549718
0.09298348647721871,0,0.09667013711242119,355.7217664812676
0.011391564926703006,0,0.14102564102564102,354.9828138360067
0.01708734739005451,0,0.13782051282051283,355.08788791526206
0,0.05,0.1474358974358974,364.6961301414856
0.005695782463351507,0.05,0.14423076923076922,364.83691929822965
0.1558511849298861,0.0224357495535495,0,357.6477358640953
0.15092801386318974,0.027467394294928442,0,358.69298232289503
0.1486583772945021,0.022086288030593988,0,357.6600184680469
0.05130546425316879,0.05,0.11235650828910915,365.5933749202925
0.051327175294671415,0.05,0.10603476243366373,365.57657099311206
0.05659955357059805,0.05,0.1094787921020956,365.6404244460398
0.05109681750353594,0,0.11838951202873815,355.54703966389343
0.16,0,0,354.1932823696395
0.16321950009778857,0,0.005931184570962103,354.26906738164126
0.16666666666666666,0,0,354.11052831682105
0.022783129853406008,0,0.13461538461538464,355.1850216097443
0.16103425538320476,0.040130167620061025,0,361.44308595854983
0.16433596062245037,0.03597750172036774,0,360.396310295051
0.14504341728304684,0,0.042851078796023,355.05259769609285
0.13806870934599702,0,0.042690289622087145,355.1081105115608
0.14191223332105438,0,0.048343935290815016,355.1489446793723
0,0.01108685818486264,0.15607443257931453,356.20634276228884
0,0.01663235388400037,0.1539740221895816,357.1109716720109
0,0.01662822067058755,0.16040312170220816,357.0767920877522
0,0.02223480898932714,0.1581099681119781,358.09519352518714
0.01708734739005452,0.05,0.125,365.1010727551275
0.022783129853406015,0.05,0.1282051282051282,365.20376310109367
0.01708734739005452,0.05,0.1314102564102564,365.0976484705631
0.10405540316678738,0,0.09834628691402535,355.7324180041441
0,0.05,0.141025641025641,364.7167277178636
0.005695782463351507,0.05,0.1378205128205128,364.85406317043174
0.09697115173079665,0,0.08961296544644169,355.69032406235254
0.09148852502391355,0,0.08878381501399307,355.6791634038463
0.0949773191040077,0,0.09314155127943144,355.7074177432288
0.08822117650151187,0.05,0.09904880635998223,365.7954788966861
0.10604923579357636,0,0.0948177010810356,355.7145789240074
0.10756162272707509,0,0.08815165247949239,355.6771376363288
0.10245377843767976,0,0.09044211587889031,355.69539324462215
0.028478912316757504,0,0.125,355.277270234225
0.034174694780109004,0,0.12820512820512822,355.354911377583
0.034174694780109004,0,0.1217948717948718,355.3549316707884
0.12317554405334738,0,0.05949698988741639,355.3961825572225
0.12078190735654373,0,0.06523430635965294,355.46370765725266
0.1257195521859113,0,0.0643178597872061,355.43209269002864
0.07254603652516556,0.05,0.10699718560210746,365.75788271499704
0.11475253743886826,0,0.09690282288378295,355.7059275555595
0.11626492437236699,0,0.09023677428223972,355.6680186819827
0.11115708008297168,0,0.09252723768163766,355.69430831977087
0.08348707098722857,0.05,0.10106418648653734,365.7894248923493
0.08388717641928986,0,0.1004121493490473,355.71638006632946
0.07886442305410266,0,0.0971743228976197,355.6842167537071
0.07780506210523236,0,0.10340306528137111,355.7039695178237
0.07750866695330651,0,0.10976752921762334,355.7211798049494
0.1310940014089472,0,0.04252950044815129,355.1538704393202
0.13422518537093966,0,0.037036643953359275,355.0591117294804
0,0,0.14743589743589747,354.74837039543684
0.03987047724346052,0.05,0.12499999999999997,365.46858744048524
0,0.03888940854281006,0.15157527147092695,361.73507759918607
0,0.044408124405012225,0.14953973593826336,363.1513373041769
0.1126694670164704,0,0.08586118908009444,355.652862994484
0.15773255014395915,0.0442828335197543,0,362.5507891653925
0.028478912316757504,0,0.13141025641025644,355.2740164151465
0.07770618115438285,0,0.11652750240407855,355.73480158895586
0.10964469314947295,0,0.09919328628318089,355.72821315573935
0.16304399256527008,0.022785211076505003,0,357.62511333915546
0.16077435599658244,0.017404104812170553,0,356.68400945027025
0.09696653965151511,0.05,0.08981507897397492,365.76123206193415
0.06219679494164557,0.05,0.10649827911832502,365.6819685397812
0.12795209893818632,0,0.08545698019179555,355.5881620390548
0.13678140420114399,0.04999999999999999,0.005884769717716044,364.4675358229219
0.1399497446628426,0.04999999999999999,0.011673899741422168,364.5650408487984
0.10074593222277678,0,0.07758941605324539,355.6120035606871
0.10159985533022828,0,0.08401576596606786,355.65704478355957
0.10670769961962359,0,0.08172530256666992,355.63738546437094
0.05128375321166616,0.05,0.11867825414455456,365.6033690903981
0.1462496149502911,0,0.02542109224018736,354.7902821847145
0.14064573990275955,0,0.025657392735088845,354.84205577519197
0.07873507077475608,0.05,0.0975847670189843,365.75441991442034
0,0.00554549569913773,0.1453354870461645,355.45403814912976
0,0.00554549569913773,0.15174574345642092,355.4302861233266
0.11989480765780079,0.05,0.05579492483566743,365.4116437232356
0.15358154836119847,0.017054643289215046,0,356.7083716173847
0.15092582715054298,0.011136787844173025,0,355.7831860699136
0.15811863478592697,0.011486249367128533,0,355.75745506422777
0.05692441666571893,0.05,0.10305424944989316,365.6229784661238
0.0398704772434605,0,0.11858974358974358,355.4244568228684
0.039870477243460496,0,0.125,355.42769541700767
0.08494653736816016,0,0.09418340696529588,355.69235173745005
0.07992378400297295,0,0.09094558051386828,355.658051850123
0.12415484110227304,0,0.0753992162846836,355.53687267922624
0.11978037533965107,0,0.07134644613333413,355.5228273839769
0.05657784252909542,0.05,0.115800537957541,365.6535433675786
0.16932238787732212,0.00591785544504202,0,354.8151766740247
0.17333333333333334,0,0,354.01901715221203
0.1636899765938602,0.02938135639843637,0,358.93756246009275
0.12737489101147761,0,0.09146197394755803,355.6261278770391
0.16531144242131096,0.01183571089008404,0,355.7213841375539
0.14638874072581448,0.016705181766259538,0,356.72239386351106
0.10183649380912857,0.05,0.08435892427189029,365.72630741457766
0.1128797627599367,0.05,0.07388088847529678,365.6255931345586
0.1195078942326729,0.05,0.0454640565199683,365.2789534377791
0.1226606979395566,0.05,0.05047106571332084,365.33198565239354
0.11604023380831295,0.05,0.051307648802261005,365.37079598758356
0.15546291357527148,0.005568393922086513,0,354.94014890528973
0.1306571970152789,0,0.06340141321475927,355.3954688756955
0.005695782463351506,0.05,0.1314102564102564,364.86406871259317
0.011391564926703013,0.05,0.1282051282051282,364.9876327258866
0.011391564926703013,0.05,0.1346153846153846,364.9809178125237
0.11166343958816377,0.05,0.08010402642853462,365.6804061701549
0.14633668092339716,0.049999999999999996,0.011578260047412248,364.5032475953392
0.09295528201579514,0.05,0.09703342623342709,365.7959111644209
0.1518534899978226,0,0.025184791745285873,354.73234579217797
0.07762289983275891,0.05,0.10405206241745803,365.7758798035217
0,0.05,0.1346153846153846,364.73038071524707
0,0.044408124405012225,0.13671922311775053,363.190638838229
0.09496091083365513,0.05,0.093424252603701,365.7801371515324
0.07278230874004513,0,0.10016523882994352,355.6672064762751
0.06775955537485792,0,0.09692741237851592,355.6237071310953
0.06746316022293207,0,0.10329187631476813,355.64686645528326
0.0954513211864498,0.05,0.07721728628542061,365.66997036796545
0.10032127534406327,0.05,0.07176113158333598,365.6246209163309
0,0.044408124405012225,0.14312947952800695,363.1744603607002
0.15106588347729247,0.0442828335197543,0,362.6292967932264
0.14439921681062579,0.04428283351975429,0,362.69796210087344
0.1487984336212516,0.038565667039508596,0,361.20262565687676
0.01708734739005452,0.05,0.13782051282051283,365.0872661625292
0.011391564926703015,0.05,0.14102564102564102,364.9672448756913
0.14666666666666667,0.049999999999999996,0,364.24473411080714
0.15333333333333335,0.05,0,364.17233114138236
0.14983500712836526,0.05,0.005789130023706125,364.34284018687043
0.06179876448807304,0,0.10603891755066766,355.61558374360203
0,0.01109099139827546,0.14964533306668798,356.23554744529
0,0.01663648709741319,0.14754492267695504,357.1385300898344
0.1361386623518228,0.05,0.027093726485158728,364.8898935057134
0.1411998933079895,0,0.037197433127295135,355.0091845627333
0.09846611318410181,0,0.0974992875448698,355.73021617602654
0.15812082149857373,0.02781685581788395,0,358.682439361118
0.08600589831703047,0,0.08795466458154447,355.6619112691033
0.022783129853406005,0,0.12820512820512822,355.1914606869261
0.03417469478010901,0.05,0.12820512820512817,365.3875336186318
0.03417469478010902,0.05,0.12179487179487175,365.3875697857732
0.062095159639998884,0,0.09967445361441543,355.59557572987296
0.14316834046169857,0.049999999999999996,0.005789130023706125,364.41028049181364
0.028478912316757518,0.05,0.12499999999999997,365.3004286076287
0.12953083888178768,0,0.07333984666235188,355.4914916006612
0.128529306864895,0,0.07945198643603307,355.54440587776776
0.1557414936808048,0,0.0046282010960440045,354.3318068495946
0.15896099377859338,0,0.010559385667006108,354.4059489915066
0.13999999999999999,0.049999999999999996,0,364.3072947600453
0.02847891231675751,0.05,0.1314102564102564,365.2969050039833
0.10941976967706929,0.05,0.05214423189120116,365.399888572325
0.11327434352655713,0.05,0.05663150792460758,365.4456523031408
0.11281707592591159,0,0.07332269939359079,355.5620721383837
0.03970525257683294,0,0.11197925561848175,355.41241055203074
0.034174694780109004,0,0.11538461538461539,355.348474160056
0.13493752538400455,0,0.048183146116879155,355.2002902558525
0.10638693823273394,0.05,0.0586831984552461,365.48447154400657
0.1514829873616096,0,0.009256402192088009,354.46348676128787
0.13263150846739516,0.049999999999999996,0.03274677511555037,365.01160479312597
0.12973428359319977,0.049999999999999996,0.028027066449545068,364.95204682617657
0.13748153351656847,0,0.05300401601666886,355.23893194401836
0.028478912316757504,0,0.1185897435897436,355.2740462493657
0.1251563731191657,0,0.06928707651100241,355.4808556773108
0.1300940179485333,0,0.06837062993855557,355.4454637899113
0,0.022165782469954355,0.1453389151587975,358.13784576022135
0,0.027695077842495523,0.14313290764063996,359.23840395520347
0.12315330908538036,0,0.08151135605836479,355.5867238416957
0.1332414374776274,0.05,0.02237401781915343,364.82720841372884
0.16218049387638195,0,0.01649057023796821,354.47228231449884
0.08933334744350903,0.05,0.09258151096150849,365.7658325346418
0.1058537765121721,0,0.07529895265384745,355.5909405306033
0.08571141287122291,0.05,0.08812959568958989,365.7294666894945
0.08459924192922574,0.05,0.09459689108806361,365.763185020748
0.16643900019557717,0,0.011862369141924206,354.33704357472334
0.06252165803676644,0.05,0.10007373646612258,365.6608230696349
0.022783129853406005,0,0.1217948717948718,355.1914702279398
0.11982275095014913,0.049999999999999996,0.034613455044323053,365.1150765246029
0.12332990483457676,0.04999999999999999,0.02896040641393141,365.0050264400349
0.12622712970877215,0.04999999999999999,0.03368011507993671,365.06792751216676
0.017087347390054512,0,0.13141025641025644,355.0975404276189
0.02847891231675752,0.05,0.11858974358974357,365.2969532235805
0.10720868063788647,0.05,0.06970944105269747,365.5996808992171
0.12796281744695473,0,0.04802235694294331,355.24188294462425
0.12556918075015105,0,0.05375967341517984,355.32224098634646
0.12257610115867167,0,0.08751634981412726,355.6279119489274
0.16265572121065547,0.00591785544504202,0,354.9027091400444
0.039870477243460524,0.05,0.11858974358974356,365.4651207038481
0.034174694780109025,0.05,0.11538461538461536,365.38060696522103
0.139628373738182,0.05,0.022278378125143508,364.77486385744606
0.11635509052578918,0.049999999999999996,0.04045704732661576,365.2189998876283
0,0.00554549569913773,0.13892523063590811,355.4713745965707
0,0.01109099139827546,0.14323507665643156,356.25742722540343
0,0,0.14102564102564105,354.7675790885676
0.005695782463351503,0,0.14423076923076925,354.8696389669297
0.11381860794280427,0,0.0672105596199096,355.5062713256907
0.13735636933293213,0,0.03154378745856726,354.9576068151046
0.11288743010142924,0.05,0.046300639608908456,365.3139372368691
0.04560968178981728,0.05,0.10915138008398094,365.52044162334045
0.04556625970681202,0.05,0.12179487179487176,365.54043621658406
0.14393511047258695,0,0.01977099801161043,354.71896087173013
0.07248591358811929,0,0.10652970276619572,355.68739128193187
0.07218951843619345,0,0.11289416670244795,355.701116879399
0.1268370587190044,0.049999999999999996,0.023307357783539772,364.8860186290096
0.022783129853406022,0.05,0.12179487179487179,365.2037751535493
0.07984724171675325,0.05,0.09111747162051059,365.7254815656668
0.12106371422517294,0,0.0941823984156705,355.6706155794648
0.10685530852906477,0,0.06918681288016626,355.5384586319416
0.022783129853406015,0.05,0.13461538461538458,365.196882189873
0,0.022238942202739958,0.15168086859935154,358.1273917923404
0.056430763905139854,0,0.10242149485031496,355.55978362304853
0.05613436875321401,0,0.10878595878656717,355.5766403263188
0.07384166968891542,0,0.09393649644619209,355.6453171374538
0.04558797074831465,0.05,0.11547312593942635,365.5338437984996
0.03989218828496315,0.05,0.11226799773429814,365.45512028071016
0.011391564926703008,0,0.12820512820512825,355.00206126937627
0.14722448104241437,0,0.013884603288132014,354.58832210471945
0.1004599458108908,0,0.09397070171188006,355.71417718174297
0.05093159283690838,0,0.1117790240574763,355.5351326686172
0.1033541067883986,0.05,0.06522216501929104,365.5593823253419
0.01708734739005451,0,0.12500000000000003,355.10074609577845
0.05076636817028082,0,0.10516853608621449,355.51633081062215
0.09989200911532531,0,0.07116306614042293,355.5602695760053
0.04540103504018444,0,0.11518438382360995,355.4837868333024
0.04523581037355688,0,0.10857389585234811,355.46836276888615
0,0.011082870209064092,0.130305176251151,356.28036181586054
0,0.011082870209064092,0.12389491984089458,356.2825563803859
0,0.016624305313596138,0.12815007206903417,357.1764150294543
0.08346448102565135,0.05,0.06355780615903008,365.51316903935077
0.0867501860806536,0.05,0.06994856982906687,365.5883655108758
0.07996464144894877,0.05,0.06904228895193232,365.55487718214226
0.09025002565735618,0.05,0.06446408703616463,365.54230254737945
0.06852125632411055,0.05,0.09182958797486873,365.6653705214911
0.14879624690860482,0.005568393922086513,0,355.0091198794379
0.1464975770066641,0.0330314976921693,0,359.9331625899604
0,0.016632426502807503,0.14107997247431475,357.157897850092
0,0.02216172187534867,0.13887396495615723,358.1551427997094
0.011391564926703013,0.05,0.12179487179487178,364.9879348954831
0.005695782463351506,0.05,0.11858974358974358,364.864500118209
0.01139156492670301,0.05,0.11538461538461536,364.9810557934076
0,0.016652855413169868,0.11534098398671525,357.1744781792014
0,0.011097145258850957,0.1174903757997351,356.28035488411496
0,0.011111420308637822,0.11108583175857566,356.27156856795773
0.023104346373060275,0.05,0.08997635915311021,365.1063366808115
0.01708734739005452,0.05,0.08653846153846155,364.97597567029555
0.022728133430646752,0.05,0.0840579630034401,365.0615235145797
0.03438591845424474,0.05000000000000001,0.08501536208306733,365.25534625442225
0.028368919471238988,0.05,0.08157746446841865,365.13832948483736
0.03400970551183122,0.05,0.07909696593339721,365.2063935810684
0.03986555562458848,0,0.10549355941973812,355.3977351660188
0.10909843019804077,0,0.03939970621382436,355.1998811567153
0.1057690600065814,0,0.04527238217294888,355.2821089391844
0.11198296020133147,0,0.04471538922461003,355.2641014145804
0.011391564926703002,0.05,0.10256410256410253,364.94643620208717
0.005695782463351501,0.05,0.10576923076923075,364.8368389228633
0.005695782463351501,0.05,0.09935897435897435,364.81260304524545
0.12011473753447735,0.05,0.011658272409612314,364.69361933626624
0.11333333333333334,0.05,0.011547005383792538,364.7156753738609
0.11666666666666668,0.05,0.005773502691896269,364.5810133292209
0.01708734739005451,0,0.1185897435897436,355.0975223998146
0.022783129853406008,0,0.11538461538461539,355.18500286545367
0,0.038833442876169515,0.13248175803992954,361.7759515644461
0,0.033258761347326804,0.12824429296210854,360.4676652848717
0,0.038850636942314574,0.1261404544597426,361.78482364582993
0.011391564926703008,0,0.12179487179487182,355.00204662600277
0.005695782463351504,0,0.12500000000000003,354.89848122582396
0.02912134535606603,0.05000000000000001,0.09341425676775889,365.2260055969196
0.029121345356066024,0.05,0.09982451317801527,365.25690673385185
0.023104346373060268,0.05,0.09638661556336661,365.1409369285501
0.13333333333333333,0.04999999999999999,0,364.35999272637395
0.12666666666666668,0.049999999999999996,0,364.40303381643315
0.13103247671874585,0.0444658306526607,0,362.85506024484357
0.11531233039279085,0,0.038842713265485516,355.177264356227
0.11864170058425022,0,0.032970037306361,355.0827299998528
0.11242780038950015,0,0.033527030254699844,355.10995607622544
0.017087347390054516,0.05,0.09294871794871795,365.01427502884053
0.01139156492670301,0.05,0.09615384615384615,364.91862004110976
0.011391564926703015,0.05,0.08974358974358976,364.88385882732655
0,0,0.11538461538461539,354.78034371829926
0,0,0.1217948717948718,354.7867998595542
0.005695782463351504,0,0.11858974358974361,354.8952458335097
0,0.005555710154318911,0.11323522357159552,355.4771389659755
0.03476213139665826,0.05000000000000001,0.09093375823273744,365.29820920027277
0.04083794543925657,0.05000000000000001,0.08703041681373193,365.35850610963524
0.041214158381670085,0.05,0.09294881296340203,365.3987983833943
0.07287219392078541,0.05,0.07721564095724558,365.59165120786315
0.07833400815895847,0.05,0.07949140053380814,365.6391258649888
0.0747877843948768,0.05,0.08357807653646476,365.6515289730267
0.0629051003152018,0,0.08756691559566725,355.5415193060166
0.05716606118706423,0,0.08892401292937421,355.503468904419
0.062462808280961075,0,0.09292571265394507,355.5676614673017
0,0,0.12820512820512822,354.78680935456646
0,0.027568895777805302,0.10460634648529862,359.20536862449944
0,0.033105170761310344,0.10892852963075389,360.41294184946133
0,0.02765428810388606,0.11109357636088246,359.2413719811608
0.13111814641670483,0,0.03201920407449851,355.00703735478953
0.13752786701276315,0.027833388560741263,0,358.89258971709114
0.14422794043797646,0.027650391427834854,0,358.7975062484829
0.1397975035814508,0.03321449482507571,0,360.03559929488597
0.13550183585368064,0.005533202114776835,0,355.11576336283065
0.13100367170736132,0.01106640422955367,0,355.9366322155808
0.128835169187014,0.005533202114776835,0,355.15828038584505
0.028800128836411774,0.05000000000000001,0.10600200017875122,365.2750303702449
0.02278312985340601,0.05,0.10897435897435895,365.183075417697
0.023104346373060265,0.05,0.102796871973623,365.1685921234828
0.09996130995204193,0.05,0.04645802953860144,365.33413919972526
0.10310123317773169,0.05,0.052292434785209306,365.41040523269504
0.0967826966783941,0.05,0.05244063767921746,365.41222795474687
0.08036607603721367,0,0.08558678345559047,355.62857497903565
0.07828523278146102,0,0.07914276093121705,355.57643893834694
0.07472625375739687,0,0.08321890232963647,355.5879897037418
0.1448163206949429,0,0.009256402192088009,354.5266809763336
0.1490748270141381,0,0.0046282010960440045,354.4004801644018
0.14240816034747145,0,0.0046282010960440045,354.46040830051555
0.13860968821454359,0,0.009646563369564331,354.58476533238314
0.08696432060235393,0.05,0.05807332336612784,365.46332889146356
0.09374986523405876,0.05,0.058979604243262394,365.48810757878726
0.04002585867234403,0,0.0990078632209945,355.376386147581
0.045763762062274616,0,0.09533945869313411,355.42599103749797
0.040393507313306216,0,0.09225912226052413,355.3495774073187
0.06320119509416487,0.05,0.09310952569669832,365.63249511084297
0.017087347390054516,0.05,0.11858974358974358,365.0976422148182
0.12528362259556103,0,0.021026736982494316,354.8673746196812
0.12240305573414428,0,0.015810227238936908,354.79223921768823
0.11908209472848888,0,0.02178187740087025,354.90699166397957
0,0.05,0.12179487179487179,364.7375465394347
0,0.04442531847115729,0.12396766312730718,363.20664530515455
0,0.04442531847115729,0.11755740671705078,363.20198157472583
0.11841936934702568,0,0.043860153144346284,355.2336486648621
0.09318246226014104,0,0.07031624309642337,355.5484079276937
0.10666666666666665,0,0.02309401076758503,354.95995328007143
0.11288056686141673,0,0.022537017819246184,354.93891201618527
0.10999999999999997,0,0.017320508075688773,354.8579107199384
0.11620152786707214,0,0.01656536765731284,354.8289233148596
0.046610435366869964,0.05,0.09600968231382076,365.4821240524617
0.04728997242426839,0.05,0.08904547154439652,365.4514311111438
0.05268624940946827,0.05,0.09210634089481526,365.5292593936979
0.0797633685497725,0,0.06862259700842424,355.49726902229185
0.08184421180552515,0,0.07506661953279764,355.55967203512284
0.08647291540495677,0,0.0694694200524238,355.5274077431225
0,0.022118013120381017,0.10677139321542721,358.1355886902398
0.08024959863304984,0.05,0.08585383611302733,365.69421947763846
0.15333333333333332,0,0,354.2674347842081
0.01708734739005451,0,0.11217948717948718,355.0878673890218
0.022783129853406005,0,0.10897435897435898,355.17210418813863
0.05200671235206984,0.05,0.09907055166423949,365.5571561907791
0.05760395372311736,0.05,0.0960900386804689,365.5991070855614
0.045930898309471536,0.05,0.102973893083245,365.50433499903147
0.03481712781941753,0.05,0.10302964138314348,365.3567463971918
0.035138344339071786,0.05000000000000001,0.09685215438240756,365.33498241861986
0.04053462132427166,0.05,0.09991302373282628,365.42380547420083
0.011391564926703006,0,0.10897435897435898,354.98276388144
0.01708734739005451,0,0.10576923076923078,355.0717810634001
0,0.027708211314034892,0.13032665385781272,359.26598872432766
0,0.022174855346888046,0.12606771117332996,358.1734373254183
0,0.02772540538017995,0.12398535027762578,359.27184784974514
0.06820184740909864,0,0.0915686153202381,355.60048122897797
0.10621390019475008,0,0.03408402320303869,355.1294620769449
0,0.005541435104532046,0.119639767612755,355.4838659433342
0,0.005541435104532046,0.1260500240230114,355.48599673169906
0.0896067512477705,0,0.051774668585897105,355.3537289870187
0.09595569750180437,0,0.051379134118509584,355.3582754998345
0.09307116749851366,0,0.04606345110772391,355.29054375642
0.01708734739005451,0.05,0.09935897435897434,365.04562933457964
0.07428396172315616,0,0.08857769938791428,355.61896575085143
0.034495911299763274,0.05,0.10920712838387941,365.37195457939225
0.04021340480461741,0.05,0.10609051073356221,365.4427407756412
0.13481121608161573,0,0.014664925643084654,354.70231825720344
0.12860458360121643,0,0.015055086820560976,354.7478584284244
0.13152184551178833,0,0.02055132036656307,354.82436424097784
0.1248557784927199,0,0.043004917064082535,355.1948295889725
0.12152640830126052,0,0.04887759302320705,355.28403534755836
0.1097758354939137,0,0.06232847922793681,355.4690823578728
0.11673913490765318,0,0.06035222596768014,355.4306241365994
0.11269636245876265,0,0.05547014557570734,355.3904686424862
0.11913277160445684,0,0.0546149094954436,355.3605379775019
0.1324030557341443,0,0.01003672454704065,354.63521108508513
0,0.02218913039667491,0.11966316713217051,358.1738240132151
0.1028845300032907,0,0.03995669916216321,355.2147778815504
0.005695782463351502,0.05,0.11217948717948717,364.85417245436724
0.011391564926703004,0.05,0.10897435897435895,364.96726250910325
0.13772847799218765,0,0.02016115918908675,354.77548185802783
0.028478912316757518,0.05,0.11217948717948716,365.28659821026645
0.11327425031671637,0.05,0.023084823731900222,364.9409103666854
0.12005565451786039,0.049999999999999996,0.023196090757719997,364.91843860861394
0.11654850063343275,0.049999999999999996,0.028849139388111636,365.032467820172
0.05113401681124301,0,0.0984197951257441,355.4951765643381
0.05150166545220519,0,0.09167105416527373,355.4667761082798
0,0.022157661280742987,0.1324090147535169,358.1657003921461
0,0.03301977843522959,0.10244129975517005,360.37297232702434
0,0.038679852290153055,0.1067557382983185,361.715047341702
0.10281253608017424,0,0.06430473248819346,355.49716421695894
0.10573306304502317,0,0.05744639883596401,355.42482141659485
0.11321516730009941,0.04999999999999999,0.034622642080007884,365.13888001506984
0.10974750687573948,0.05,0.04046623436230058,365.2378260464449
0.10313992322568975,0.05,0.04047542139798542,365.24717399319496
0.10660758365004969,0.049999999999999996,0.03463182911569271,365.15320529347053
0.09942011375254753,0,0.0456679166403364,355.29034757289435
0.10230464375583824,0,0.050983599651122063,355.35477956246604
0.14209836019603828,0.038748664172415,0,361.31249641144467
0.135398286770825,0.03893166130532141,0,361.41292670903294
0,0.0331905630873911,0.11541575950633773,360.44583327459804
0.017087347390054512,0.05,0.11217948717948717,365.08729749227996
0.07264541050164422,0,0.07677487980526305,355.5310761074076
0.13313325194929948,0.016634798151640182,0,356.8178030988284
0.13763141609561882,0.011101596036863347,0,355.89626960326814
0.139760996337557,0.01666998995894986,0,356.77456417482676
0.13533055948103134,0.022234093356190723,0,357.8034149109473
0,0.05,0.1282051282051282,364.7374173034154
0.12953486120040547,0,0.005018362273520325,354.5587717512906
0.1333333333333333,0,0,354.43741985594966
0.12666666666666665,0,0,354.4766135697659
0.10627984645137953,0.05,0.046309826644593294,365.3277860640351
0,0.016667130462956734,0.1089364399455558,357.1636325242457
0.12433700504069464,0.01106640422955367,0,355.9737504829252
0.005695782463351506,0.05,0.125,364.8677380914756
0,0.005541435104532046,0.13246028043326782,355.4816808738212
0.12356280840228802,0.05,0.017543042127328358,364.79545167059837
0.14101784856201505,0,0.014274764465608334,354.6491394826351
0.05679841254610204,0,0.09567275388984457,355.53524936862095
0.1376991433854125,0.0444658306526607,0,362.80582644810414
0.12798696245471236,0,0.03751206056929052,355.10430657414895
0,0.027691017247889832,0.13666795743799967,359.25363027392154
0.11999999999999995,0,0,354.50708521871394
0.11666666666666661,0,0.005773502691896257,354.6315535751196
0.12286819453373878,0,0.0050183622735203255,354.59306180301405
0.12174873953848506,0,0.03798747718522177,355.14177860738204
0.09303517053695542,0,0.05823746777073904,355.4316394538342
0.08632562368177116,0,0.05739064472673948,355.40882287312866
0.13620152786707213,0,0.005018362273520325,354.5157596346989
0.028745132413652508,0.05,0.08749586061808877,365.18521240463014
0.10865359000987213,0,0.05058806518373456,355.343241174913
0.12689614173562136,0.05,0.011769539435432089,364.6616150771386
0.045396113421312424,0,0.10208819965360448,355.44997253077116
0.05760835322130494,0,0.08356521587109639,355.47441048396604
0.03433499782786455,0,0.10889891918587176,355.3375136261471
0.03449530087562009,0,0.10241322298712813,355.3198794598123
0.0897540429709561,0,0.06385344391158143,355.48314720232116
0.028639215364513047,0,0.10569379098074357,355.2503098652131
0.0993841167909893,0,0.05784193330335153,355.4322516603067
0.08866577655474497,0.05,0.07631100540828606,365.65058575610533
0,0.016638580363383,0.1217455280278747,357.17873901427095
0.09653558374925682,0,0.04035223362955072,355.2197167614174
0.14666666666666667,0,0,354.33284202008343
0.14212958024193817,0.005568393922086513,0,355.06934567489265
0.13999999999999999,0,0,354.38950407726537
0,0.044425318471157285,0.13037791953756359,363.2044016834341
0.11576113372283348,0,0.027753527562803592,355.01385177615674
0,0.03327595541347186,0.12190298938192157,360.4716466024343
0,0.038850636942314574,0.11973019804948618,361.7822743011023
0,0.05,0.11538461538461538,364.73076842330494
0.06864413944333936,0,0.08620981826196028,355.5726306663534
0.06908643147758008,0,0.08085102120368245,355.54015544322175
0.0633473923494425,0,0.08220811853738942,355.5107524842242
0.14195830386928882,0.0222692851635004,0,357.7571891573175
0.09646358982614037,0,0.06470026695558098,355.5004863168297
0.028478912316757504,0,0.11217948717948718,355.26433522035734
0,0.011086930803669775,0.13677012645379127,356.27226424415755
0.12487992350047752,0,0.03249462069042976,355.0487450830389
0.08304449611577183,0,0.06300662086758185,355.456669551553
0.12870281509277384,0.022198901548881045,0,357.84070927726293
0.0461314107032368,0,0.08859071773266375,355.3947633344504
0.02294343290116155,0,0.10248866277561536,355.1550140117594
0,0.01662836590820182,0.13461502227167443,357.17052616329875
0.08392505506127781,0,0.08151064205717105,355.61455278406
0.08855375866070943,0,0.0759134425767972,355.5861360480896
0,0.03876524461623382,0.11324296817390234,361.7521998700523
0,0.04433992614507653,0.11107017684146693,363.16764604046216
0.053365786466866696,0.05,0.08514213012539101,365.4928806018685
0.058283490780515784,0.05,0.08912582791104467,365.5667537102507
0.13011473753447733,0.049999999999999996,0.005884769717716044,364.51579804461437
0.12436581005207918,0.04446583065266071,0,362.8946371653136
0.12873162010415834,0.03893166130532141,0,361.4586963361832
0.02278312985340602,0.05,0.11538461538461536,365.19688237673756
0.10954723352808339,0,0.028310520511142436,355.03798544628614
0.11678140420114401,0.05,0.017431775101508583,364.82290202813715
0.11000000000000001,0.05000000000000001,0.017320508075688808,364.84040416414297
0.12196266158990562,0,0.026998387144427656,354.978998476824
0.017087347390054505,0.05,0.10576923076923074,365.070038587513
0.04691375948185487,0.05,0.08312707539472641,365.4076197819729
0,0.027739680429966815,0.1175808062364663,359.2702972405218
0.1257363890674776,0,0.010036724547040651,354.67331953958416
0.05868584769681237,0.05,0.08386219240356141,365.53567947545315
0.06360355201046146,0.05,0.08784589018921507,365.60459085236715
0.011391564926703006,0,0.11538461538461539,354.99562091113586
0.040461732496843046,0.05,0.08111202066406181,365.3121241083729
0.0764184176848671,0.05,0.07312896495458895,365.5761452100242
0,0.05,0.10256410256410256,364.6961845652075
0.11333333333333329,0,0.011547005383792514,354.74849540886106
0.09353573071235843,0.05,0.07085485070620143,365.61161342227206
0.1330974301562375,0.033397491957982126,0,360.128595542832
0.11508999915556634,0,0.04973282910347081,355.3178214243214
0,0.05,0.10897435897435898,364.71692766731314
0,0.044339926145076536,0.10465992043121053,363.1491922836064
0.08188023192304014,0.05,0.0754047245311515,365.6209607269078
0.10994091698338304,0.05,0.028858326423796467,365.05156675975195
0.08379582239713153,0.05,0.08176716011037069,365.67915722935857
0.03465560392337563,0,0.09592752678838451,355.29557166105184
0,0.022203405446461773,0.11325862309101105,358.16762588112556
0.02879951841226859,0,0.09920809478199993,355.22961087764315
0.09364277345270433,0.05,0.046606232432609584,365.33179839709715
0.09046416017905651,0.05,0.052588840573225604,365.4053567384804
0.1033333333333333,0,0.02886751345948128,355.05439904076235
0.12820088450613293,0,0.026522970528496413,354.9405008290655
0,0.03867985229015306,0.10034548188806208,361.69198058398223
0.005695782463351503,0,0.11217948717948718,354.8856180997397
0.06892361324040713,0.05,0.08656595246738547,365.6358006454957
0.06400590892675805,0.05,0.0825822546817318,365.57185100004995
0.06932597015670372,0.05,0.0813023169599022,365.60139517565904
0.13443910742236023,0,0.026047553912565163,354.8942803698713
0.10333333333333332,0.05,0.028867513459481298,365.0611874872654
0.10006840173339634,0.05,0.05883140134925424,365.4906365305561
0,0.044339926145076536,0.09824966402095413,363.1238361806368
0.09999999999999998,0,0.03464101615137753,355.14124800201085
0,0.033241567281181744,0.1345855965422955,360.4571846423204
0.09703557028906101,0.05,0.06537036791329918,365.5611956380707
0.10666666666666666,0.05,0.023094010767585053,364.95530475537817
0.14425916048387633,0.011136787844173025,0,355.8469756036413
0.005695782463351507,0.05,0.09294871794871795,364.78137997622406
0.126505507561042,0.016599606344330504,0,356.85211063551577
0.12344807086781069,0.05,0.005884769717716044,364.5544033900374
0.11953486120040545,0,0.010791864965416582,354.71475582026886
0.09682138672635215,0.05,0.040623624291993565,365.24936360420514
0.07620438952570836,0,0.07269873840684364,355.5167806337643
0.13090012262450568,0.027798196753431585,0,358.93287091303495
0.12000000000000002,0.05,0,364.43641803022297
0,0.05,0.09615384615384615,364.66853911698803
0.09999999999999998,0.05,0.034641016151377546,365.15805235980474
0.0743854274785802,0.05,0.08884171204394803,365.6843627519592
0.1221685025203473,0.005533202114776835,0,355.1920753439911
0.051869314093167376,0,0.08492231320480335,355.431129442447
0.03776880940963978,0.05,0.06967571847470894,365.17832271165855
0.04186745672824738,0.05,0.066239594372458,365.19938707135583
0.04220700014904642,0.05,0.07222471772889531,365.2611622889045
0.10644707417106275,0.03323358551473454,0,360.20302605948916
0.1020720289781963,0.03881253381290946,0,361.5169595307422
0.09976901276352616,0.033204015923993836,0,360.2005693927981
0.03259430026239444,0,0.06547570127013244,355.05572333265184
0.03320350704973218,0,0.07146854910725778,355.117282036873
0.03698363278985108,0,0.0682198480306757,355.13806184392337
0,0.05,0.08974358974358974,364.6338598374261
0,0.04438326199800216,0.09202656074966196,363.1039742183518
0,0.044383261998002174,0.08561630433940556,363.0648914529254
0.05725352101724949,0.05,0.039928896234572596,365.0410108429201
0.06077541819745408,0.05,0.03442551289690987,364.98730217470643
0.06400044411725138,0.05,0.04011333302947481,365.10179509112123
0.10666666666666666,0.05,0.011547005383792538,364.7300643580821
0.06090428537822819,0.05,0.06742971419345495,365.41575913725325
0.0573394324710989,0.05,0.06193169709893598,365.326318143794
0.06408635557110079,0.05,0.06211613389383819,365.38651934817534
0.07679325961824784,0.05,0.0631911837328231,365.4803023781319
0.07043980759467432,0.05,0.06265365881333065,365.43790147510515
0.07362187778754692,0.05,0.0573400785137139,365.39732552772165
0.02251731000593473,0.05,0.07816150073554562,365.01370290196104
0.028158096046526963,0.05,0.07568100220052418,365.0882404908829
0,0.05,0.08333333333333334,364.59217961901345
0,0.044383261998002174,0.07920604792914916,363.01880774864827
0,0.05,0.07692307692307693,364.54349846175006
0.005695782463351506,0.05,0.08012820512820513,364.6978930078044
0.011391564926703006,0,0.08333333333333334,354.8671210488417
0.005695782463351503,0,0.08653846153846154,354.7830457177868
0.011391564926703006,0,0.08974358974358973,354.90568904907394
0.08029309919495042,0.05,0.05770670093992086,365.4352048314399
0.09666666666666668,0.05,0.017320508075688766,364.8499472229096
0.09333333333333332,0.05,0.02309401076758501,364.95529011889545
0.09000000000000001,0.05,0.017320508075688745,364.8403197296166
0.06725773740180171,0.05,0.0679672391129474,365.4711130427861
0.011391564926703008,0,0.10256410256410257,354.9635000883518
0.005695782463351504,0,0.10576923076923078,354.86961524055585
0.06057785361604297,0,0.07753589505070607,355.4563120093997
0.057808314882643416,0,0.07286367156402271,355.39686125749813
0.0548388144879054,0,0.07889299238441304,355.41779519532463
0.09666666666666664,0,0.017320508075688773,354.8666948087427
0.09333333333333331,0,0.011547005383792514,354.7616108500494
0.08999999999999998,0,0.017320508075688773,354.85790207005545
0.09000000000000001,0.05,0.005773502691896248,364.5998226884008
0.08666666666666668,0.05,0,364.46019506628033
0.09333333333333335,0.05,0,364.47464063472853
0.03759283957718882,0,0.07421269586780103,355.19653582744644
0.041372965317307726,0,0.07096399479121895,355.2153860937605
0.09666666666666665,0,0.02886751345948128,355.05438382380134
0.08333333333333334,0.05,0.005773502691896248,364.5805347854143
0.08666666666666667,0.05,0.011547005383792497,364.71521960499626
0.08000000000000002,0.05,0.011547005383792516,364.69133792766274
0.0771217173642495,0.05,0.05185559572081165,365.348838577129
0.07363366397123068,0.05,0.04587298758019563,365.2503901528067
0.08030488537863419,0.05,0.04623961000640261,365.2889707734834
0.02823759168806478,0,0.08048708514240925,355.1181207538427
0.03381271383706992,0,0.07746139694438312,355.17308453631045
0.02819903231021775,0,0.07448961088622366,355.072741083347
0,0,0.08974358974358974,354.690806155773
0,0,0.09615384615384616,354.72274818663294
0.005695782463351503,0,0.09294871794871794,354.81830073333293
0.011391564926703013,0.05,0.08333333333333334,364.8420520773195
0.01118074150199099,0.05,0.07743687106543884,364.793030093569
0.04585044734113489,0,0.08243534111799661,355.3533525245901
0.04963057308125379,0,0.07918664004141453,355.37016564761234
0.09015472005968551,0.05,0.040623624291993565,365.2399662407824
0.09333333333333334,0.05,0.034641016151377546,365.1532598795906
0.005695782463351503,0,0.08012820512820513,354.74131659973887
0.011353005548855974,0,0.07733585907714774,354.82454014518953
0.10333333333333333,0.05,0.017320508075688787,364.84997536775165
0.0866666666666667,0.05,0.02309401076758501,364.9408893053212
0.06354735401078099,0,0.07150657423031574,355.43061384412954
0.06077781527738144,0,0.06683435074363239,355.36832762896773
0.05377457956396961,0.05,0.056433680004417015,365.22869712306766
0.0605215026639715,0.05,0.056618116799319225,365.2943723272759
0.09548685221581366,0.005527113041596334,0,355.238087343278
0.09999999999999999,0,0,354.54629836831947
0.10215081948531732,0.0055375592533634015,0,355.2410055278231
0.016876523965342494,0.05,0.08064199927056706,364.9304234390126
0.11982115785934534,0.016603963482917074,0,356.88436212780834
0,0.011111420308637824,0.10467557534831926,356.25412142314644
0,0.005555710154318912,0.10682496716133912,355.4620444309301
0.0319850934750567,0,0.059482853433007105,354.98840842364694
0.036374426002513345,0,0.06222700019355036,355.07383165561663
0.046697947814625884,0,0.061853477841134805,355.1905123242483
0.050361332464078236,0,0.06742164605763538,355.2813305014923
0.05190618922127748,0,0.06155983018413331,355.24027096496405
0.12424269109862628,0.027753417802595957,0,358.9619592099042
0.03437464056127373,0,0.08977215017371737,355.2607379989758
0.04011254395120431,0,0.08610374564585699,355.31145517135053
0.06987587176824467,0,0.07210265631857969,355.4777234965892
0.06631689274418053,0,0.07617879771699909,355.4878897822141
0,0.033063114288155226,0.09621819648387792,360.35627423850895
0,0.02760635606588941,0.09203308954148168,359.1578246403494
0,0.033106450141080865,0.08999509321258577,360.3329854826808
0.0668133757818765,0,0.056669119785261055,355.3099407208879
0.06379559552962896,0,0.06175173526444672,355.34214128697585
0.07012411328709267,0,0.062347817352710666,355.3898143792906
0.10422284846351364,0.027683426399606192,0,359.00701163663354
0.10199862275596452,0.022133267284477842,0,357.9129218191722
0.10867668416350111,0.02216283687521855,0,357.9110828139375
0.01708734739005451,0,0.09294871794871795,355.0203288323697
0.022943432901161548,0,0.08966814995510253,355.0968584965689
0.01708734739005451,0,0.08653846153846154,354.984913133856
0.02266246953905965,0,0.0835127733404354,355.0553969530245
0.11536103386519778,0.022158479736631986,0,357.8936522037038
0.11313680815764866,0.016608320621503636,0,356.90751206027926
0.11765265533899799,0.011070761368140235,0,356.0026715216631
0.005695782463351506,0.05,0.08653846153846154,364.7431369614396
0.07361118942537524,0.05,0.06850476403243985,365.51748572441574
0.11333333333333334,0.05,0,364.46032489732596
0.09999999999999999,0.05,0.023094010767585032,364.9600971113622
0.09666666666666665,0.05,0.028867513459481277,365.0612009956247
0.08000000000000003,0.05,0.023094010767585032,364.91688112883236
0.08333333333333338,0.05,0.02886751345948128,365.0323704797579
0,0.016661254898115204,0.10258628627303099,357.14288973526465
0,0.011105544743796294,0.09832542167579443,356.2294427424219
0.07343485079230881,0,0.06802651492016029,355.462341073135
0.07025847273248473,0.05,0.028795679041325403,364.96536665466056
0.07333333333333336,0.05,0.02309401076758505,364.8833022788146
0.07666666666666672,0.05,0.028867513459481298,365.0035361495475
0.08348805339301887,0.05,0.040623624291993565,365.220931655281
0.0866666666666667,0.05,0.034641016151377546,365.1388301772981
0,0.016649503768432147,0.08988597892798136,357.0820288824029
0,0.02210626199069796,0.09407108587037759,358.08245587309347
0,0.016655379333273677,0.09623613260050617,357.115688521317
0.005695782463351504,0,0.09935897435897437,354.84715579609605
0,0,0.10256410256410256,354.7484032824642
0.1264399986303581,0.0333527130071465,0,360.1603613801847
0,0.011099669178954764,0.09197526800326962,356.19830563673077
0.11000000000000001,0.05,0.005773502691896269,364.60016125488295
0.06718361213163607,0.05,0.03449734731506576,365.03882701993524
0.06385027879830271,0.05,0.02872384462316951,364.9181593406185
0.11758525957274689,0.027708638851760333,0,358.9817169525227
0.12204538356689444,0.022154122598045417,0,357.86712003364846
0.10999999999999996,0,0.005773502691896257,354.64901436599797
0.07981263576063151,0,0.04600072968111668,355.2541113081754
0.07661038534470802,0,0.040289512202943495,355.16590896067936
0.07322077068941601,0,0.045938008254509444,355.2225403287504
0.07666666666666669,0.05,0.0057735026918962675,364.5519534535145
0.07333333333333336,0.05,0.011547005383792535,364.6578855768003
0.07645263104455635,0,0.06294389944097462,355.4294349563208
0.07973375861055568,0,0.05732792330013225,355.38587426995014
0.0731418935393402,0,0.05726520187352501,355.35425392579145
0.09666666666666666,0.05,0.005773502691896248,364.6096263644258
0.10333333333333333,0.05,0.005773502691896269,364.6097969621062
0.1,0.05,0.011547005383792518,364.73476466104626
0.011391564926703006,0,0.09615384615384615,354.9378244297124
0.11090090987105022,0.0277129959903469,0,359.00252980034077
0.11312513557859934,0.03326315510547525,0,360.19590139213824
0.07040863805143338,0.05,0.0401851674476307,365.14874763521084
0.10666666666666663,0,0.011547005383792514,354.7616146094826
0.0604785469370468,0.05,0.04561671636713753,365.1521755358275
0.06722547003704869,0.05,0.045801153162039754,365.20800990985623
0.05260007347599181,0,0.0731573192210242,355.35266330219025
0.05556957387072983,0,0.06712799840063388,355.3275612660641
0.048908366927111556,0.05,0.05688663981548016,365.1818867986824
0.052473219834240845,0.05,0.06238465690999912,365.28289988338446
0.04760700719738279,0.05,0.06283761672106225,365.2341093971571
0.09097370443162733,0.011054226083192668,0,356.0232079982711
0.09763767170113101,0.011064672294959735,0,356.03247726210566
0.08986891708259015,0,0.040352233629550725,355.21078952336654
0.086404500831847,0,0.04606345110772392,355.27701054662043
0.022306486581222702,0.05,0.07226503846765112,364.9599098057778
0.027818552625727924,0.05,0.06969587884408684,365.0291400864511
0.016665700540630473,0.05,0.07474553700267257,364.8788987241651
0.07681683198561537,0.05,0.04025700186578659,365.18666236014514
0.07359180606581807,0.05,0.034569181733221654,365.0813140460086
0.08000000000000007,0.05,0.034641016151377546,365.1147632529268
0.11104171185953313,0.04442105170182509,0,362.93339876489887
0.11770837852619981,0.04442105170182509,0,362.9129250288376
0.022623910161212613,0,0.0775152990842498,355.0129035327801
0.02258535078336558,0,0.07151782482806421,354.96474019154056
0,0.011099669178954765,0.08556501159301323,356.1612201550492
0,0.005549834589477383,0.08765430066830149,355.37736498187
0.06119868066726619,0.05,0.07795805375958272,365.5131850276938
0.05839145240777435,0.05,0.07333385283743363,365.44904851265915
0.06371151363772003,0.05,0.07205391511560402,365.4831083594004
0.03810835283043882,0.05,0.07566084183114626,365.2367721924277
0.04230861528716924,0,0.05910933108059155,355.1139627570449
0.04076375852996999,0,0.06497114695409362,355.15424062615176
0.048659027134058244,0.05,0.07423977245955991,365.3571244286836
0.04456037981545065,0.05,0.07767589656181086,365.3376185259695
0.070450495956846,0.05,0.05148897329460468,365.3059466309115
0.028518555050166684,0,0.08664246175707638,355.1622637361573
0,0.03876652399600433,0.08148901893522138,361.60534361457826
0.017048788012207477,0,0.08054098728227593,354.94530596386284
0.017010228634360445,0,0.07454351302609034,354.9000288728746
0.08666666666666664,0,0.02309401076758503,354.9468154849298
0.09333333333333331,0,0.023094010767585025,354.9599351798162
0,0.02764969191881505,0.08580998627018954,359.12962159208536
0.04824280457182513,0,0.05599166196763272,355.1453938313271
0.08000000000000002,0.05,0,364.4362652708706
0.01708734739005451,0,0.09935897435897435,355.0492848088845
0.06651874189721188,0.05,0.07667811603775311,365.5449870388689
0.11548415281865063,0.005537559253363401,0,355.2176659291745
0.07666666666666667,0.05,0.01732050807568878,364.79238501055323
0.0379192827597126,0,0.056365184320048285,355.0323989284071
0,0.005555710154318912,0.1004147107510827,355.44049331060876
0.106452458455952,0.016612677760090202,0,356.9215604329284
0.11096830563730131,0.011075118506726801,0,356.02249100057935
0.08,0,0.034641016151377546,355.1018318264908
0.0832022504159235,0,0.04035223362955073,355.19304482644435
0.08666666666666666,0,0.03464101615137754,355.12378801053546
0.09000000000000001,0.05,0.028867513459481277,365.0516043487306
0.08436365045199654,0.044391482111084374,0,362.9128998751141
0.0910303171186632,0.04439148211108438,0,362.9303093015362
0.06370357285684411,0.05,0.05130453649970248,365.2550621310552
0.0672684257639734,0.05,0.05680255359422144,365.34991517939466
0.08333333333333334,0.05,0.017320508075688766,364.8211377068494
0.10430163897063466,0.011075118506726801,0,356.03275954935947
0,0,0.10897435897435898,354.7676017930197
0.09754478705597705,0.027653856808865486,0,359.00191213888434
0.09533465548646086,0.022122821072710776,0,357.90910563427883
0.09333333333333335,0.05,0.011547005383792497,364.72986561555973
0.06710633303484512,0,0.06743043283189634,355.41936060869364
0,0.03872318814307869,0.09412237861676995,361.6737005585821
0.06013221088017662,0,0.056183567047946144,355.2560614109992
0.057114430627929084,0,0.061266182527131806,355.28456520401187
0.12207418857827895,0.03888688235448579,0,361.4837231866217
0.04739183206934021,0,0.0734509668780257,355.3030009452142
0.09539396757065971,0.03878296422216875,0,361.5078776396135
0.07642302110533952,0,0.05164922573268263,355.30773202378884
0.03409367719917183,0,0.08361677355905026,355.2199089573953
0.08872730090399306,0.03878296422216875,0,361.49698858217886
0.02879951841226859,0,0.0927978383717435,355.2004113389675
0.09769698378532986,0.044391482111084374,0,362.9382345009968
0.05345104597847673,0,0.055698014310631226,355.19321594651905
0.04978766132902438,0,0.05012984609413065,355.0942798564892
0.04515309105742663,0,0.06771529371463687,355.22963533525274
0.10875009038573288,0.038842103403650165,0,361.51646008782893
0.09978849118644835,0.01660223154832314,0,356.92391404296603
0,0.03876652399600433,0.08789927534547778,361.6488298658691
0.09312452391694469,0.016591785336556072,0,356.9172806764229
0.005657223085504472,0,0.07413073087201955,354.6957619624277
0.055878619437320524,0.05,0.07923799148141232,365.4747556675308
0.083792938771653,0.05,0.05222221814701863,365.38197527965195
0.016454877115918448,0.05,0.06884907473477808,364.82140152575306
0.021966943160423667,0.05,0.0662799151112138,364.89683274090385
0.09999999999999998,0,0.023094010767585025,354.9643391576403
0.07000000000000002,0.05,0.0173205080756888,364.75406164072814
0.03742926598884075,0.05,0.06369059511827162,365.11356604994586
0.10666666666666667,0.05,0,364.47471954599
0.016971669256513413,0,0.06854603876990475,354.8490818608912
0.021976143996027844,0,0.06552497699093887,354.90208468780844
0.08999999999999998,0,0.028867513459481284,355.0456633432071
0.010969918077278967,0.05,0.07154040879754436,364.7380356262538
0.083014886176555,0,0.05171194715928987,355.33506637589386
0,0.005549834589477383,0.08124404425804509,355.3363771230974
0,0.005549834589477383,0.09406455707855789,355.4118787381408
0.044470176187704914,0.05,0.05433764056129378,365.09901519574686
0.05020972665684033,0.05,0.05093566290989805,365.12289607507466
0.02294343290116155,0,0.09607840636535893,355.1291661151636
0.039831580589102404,0,0.07994836903118986,355.267337555878
0,0.033149785994006496,0.08377198994129362,360.3031060595399
0.04316881645797615,0.05,0.06028861746687589,365.15258519611785
0.027589825522880012,0,0.06849676304909832,355.01351208176226
0.10333333333333332,0,0.005773502691896257,354.65774382560954
0.005484959038639483,0.05,0.07423174286031065,364.6454012715862
0,0,0.08333333333333334,354.6523900224112
0,0,0.07692307692307694,354.6074997865476
0.05603807274137014,0.05,0.06788267400451808,365.3757329408197
0.05101240680046247,0.05,0.07969095129247546,365.4282300058068
0.053525239770916305,0.05,0.07378681264849676,365.4057725835803
0.08333333333333331,0,0.028867513459481284,355.0281254037415
0.09333333333333332,0,0.03464101615137753,355.1369267357088
0.06314999113242414,0,0.051100951568760475,355.2215433938906
0.06983115603412404,0,0.05158650430607539,355.2717259307038
0.09309095135598958,0.03317444633325313,0,360.18853139206516
0,0.022149597843623595,0.08784798259908544,358.05592919970627
0.10437504519286644,0.04442105170182509,0,362.9443602825212
0.10666666666666665,0,0,354.54195864971774
0.10881748615198397,0.005537559253363401,0,355.23370139413225
0.03367016209103218,0.05,0.07311184257695988,365.1512698370787
0.03333061867023314,0.05,0.06712671922052256,365.08983891214547
0.027479009204928885,0.05,0.06371075548764951,364.9637325010758
0.07006496566129355,0.05,0.07259144003509649,365.5341173966638
0.05117186010451208,0.05,0.06833563381558122,365.3303345185681
0.05695664975684221,0.05,0.05112009970480026,365.1940452791096
0.1033333333333333,0,0.017320508075688773,354.866697692037
0.0436117063292213,0,0.07669966795460778,355.287469762957
0.056468826230724266,0,0.05061539883144556,355.16239470248564
0.038730625718569514,0.05,0.05773961821268951,365.06541677281143
0.11541675705239957,0.038842103403650165,0,361.49941948280934
0,0.027563020212963772,0.09825619281277381,359.17943702130066
0,0.02211213755553949,0.10042123954290241,358.11225149415
0.11978256710447872,0.03330793405631087,0,360.18279666328687
0.09666666666666665,0,0.005773502691896257,354.6577429494708
0.08697610678603769,0.05,0.046606232432609584,365.31779615046554
0.1,0.05,0,364.4796019762152
0.09999999999999998,0,0.011547005383792514,354.76600765746247
0.06692513939915137,0.05,0.023022176349429158,364.8404124959589
0.04630564746765402,0.05,0.06878859362664436,365.27956387049875
0.03299107524943411,0.05,0.06114159586408524,365.02210080626884
0.011314446171008944,0,0.07133838482096216,354.7762893205422
0.11333333333333329,0,0,354.5288875998492
0.08646055664744103,0.016581339124789003,0,356.90166033329893
0.026980618735542274,0,0.06250391521197299,354.9485268753937
0.043853472044368486,0,0.053247515207089466,355.06768940602115
0.053731623837044905,0.05,0.04543227957223532,365.08620880970955
0.09088081978647339,0.02764341059709842,0,358.99192615906003
0.08867068821695721,0.022112374860943713,0,357.89630247280473
0.05106091821263131,0.04434300626351187,0,362.66876595900527
0.046666666666666676,0.05,0,364.1718333444362
0.04439425154596466,0.04434300626351186,0,362.59327930363315
0.07666666666666666,0,0.02886751345948129,355.0017483457955
0.07335972009315406,0,0.03425114557773433,355.0654331228637
0.07,0.05,0.005773502691896267,364.5135969826559
0.06669305342648738,0,0.022704140193941826,354.8484007851486
0.0600176773815071,0,0.022410058078256842,354.7952915110533
0.06338610685297479,0,0.028087772312194868,354.9108665093559
0.0253142133495135,0.025602770862321975,0,358.0039922846708
0.027100932488252683,0.03167868556477208,0,359.297389467519
0.021836759208085747,0.030490613213132865,0,358.9556935241455
0.05736342170779886,0.05,0.02856483906935199,364.85976807752604
0.06043828230864751,0.05,0.022863170795611638,364.78627848571927
0.010795531034385705,0.0037487604507432694,0,354.2194001538973
0.014924395402104745,0.007497520901486539,0,354.789116890204
0.008257728735438079,0.007497520901486539,0,354.67151476493115
0,0.005540105643147679,0.068444335490007,355.2336678307351
0,0.011080211286295358,0.06637585046719346,356.0079182920087
0,0.011080211286295358,0.07278610687744988,356.0647411347121
0.07974788045993664,0.033127121955500834,0,360.1392779274859
0.08420928433844692,0.027619748408222275,0,358.96965665204095
0.0864194159079631,0.033150784144376985,0,360.16856590067374
0.06435878167063672,0.04436781992220823,0,362.79662316320736
0.06871756334127345,0.038735639844416456,0,361.3944611736285
0.0710254483373034,0.044367819922208236,0,362.8428539090967
0.005524195309306268,0.03198973584272011,0,358.9789411379166
0,0.03333333333333334,0,359.1596979142472
0,0.027777777777777783,0,357.9749131304789
0.026387865699232824,0,0.04640920384014419,354.7609671026026
0.02197868606171425,0,0.04109326046932329,354.6264833480453
0.021667562434984605,0,0.047993918993212245,354.7090669289894
0.055482264756960706,0.005359278206970003,0,355.0210390173825
0.06215836289373747,0.005505667053939281,0,355.0951088150411
0.05764062765069821,0.010864945260909285,0,355.8224614102549
0,0.011289820255272809,0.04718187232755388,355.8300414314836
0,0.005644910127636404,0.042821705394546175,354.9666039116774
0,0.011857455213254892,0.04016822062439082,355.8253480027762
0.029419258662905345,0,0.024371195350491495,354.4925942844105
0.025334674506568587,0,0.02935559843482075,354.5111157051236
0.03278871896221186,0,0.029834538295028072,354.6230707207345
0,0.024847045068920187,0.030413264586317452,357.94988756817196
0,0.029449170391533656,0.025442891374750302,358.8055884487808
0,0.03105645488098492,0.030325445021562505,359.2299849363926
0.005960210016975106,0,0.02885632208897371,354.18023857517466
0.011920420033950212,0,0.032071618536921774,354.33535790160386
0.011920420033950212,0,0.025661362126665362,354.2383791566351
0.06666666666666665,0,0,354.4373744438244
0.06882502956040415,0.005505667053939281,0,355.1407487692493
0.06666666666666667,0.05,0,364.35981258925585
0.07333333333333335,0.05,0,364.40284986580014
0.07002638675982073,0,0.028477642885838077,354.9606773878198
0.005120342368306838,0.04999999999999999,0.010687291810838781,363.7224779803492
0.010240684736613676,0.04999999999999999,0.014964327211421153,363.91583202208903
0.005120342368306838,0.049999999999999996,0.01709754822109519,363.84925586731276
0.04003608479499824,0,0.010120570350086497,354.3861939240565
0.036711460839978526,0,0.004641149773875221,354.24374397577816
0.03342292167995706,0,0.009282299547750441,354.28849475413455
0.07769211500397008,0.044367819922208236,0,362.87946278351217
0.04429786284725479,0.010718556413940006,0,355.66883391136025
0.04644679427088219,0.01607783462091001,0,356.54329162014386
0.039966178964655485,0.015598227683627,0,356.3884692620882
0.037254529363385164,0.05,0.025565258874562343,364.5751414301805
0.04382195121787526,0.05,0.02637653558149873,364.67539691411747
0.04046321246256866,0.05,0.03114305766512998,364.7139650473809
0.043424396054911545,0,0.036918934134867146,354.85633976957325
0.04660602869196796,0,0.04352439011449889,354.97974751485253
0.0500365283421139,0,0.037971576226604645,354.94078566077417
0.01652647870570732,0.05,0.06302954296503085,364.7637937214643
0.059899325880870206,0,0.045062584943551316,355.1229302789112
0.06658049078257008,0,0.04554813768086623,355.1778684649161
0.06332982553101615,0,0.039509771055657075,355.0760984727297
0.01771505728527921,0.03620169390766243,0,360.16374187798664
0.022979230565446148,0.03738976625930165,0,360.535604615206
0.026972482040283262,0,0.05618144700409816,354.883027401372
0,0.03290868142769673,0.07711809427044644,360.19952956259095
0,0.027639962972485346,0.07942053391240786,359.0829196221638
0,0.027398858406175574,0.07276663824156068,358.979454756939
0.0733333333333333,0,0.011547005383792525,354.6960014760768
0.07666666666666665,0,0.005773502691896262,354.6053611743048
0.06999999999999998,0,0.005773502691896262,354.5704222265136
0.03674754563497677,0,0.014761720123961715,354.4290411024006
0.03013438251993559,0,0.013923449321625661,354.327551079599
0.0335038428192421,0,0.019386792266162238,354.4665846912773
0.053315914576706085,0,0.010958841152422554,354.5407615254641
0.046649247910039424,0,0.010958841152422554,354.47514760445665
0.04997387186505914,0,0.01643826172863383,354.60578467943907
0,0.016934730382909213,0.051542039260561584,356.79353292567674
0,0.017502365340891293,0.04452838755739852,356.8029140338114
0,0.02217104241733967,0.04977607028495186,357.7091629937012
0.02604979836359883,0,0.018907852405954915,354.3552527500922
0.005657223085504471,0,0.06131021805150672,354.58096839614217
0.011306309475749933,0,0.05860566020283092,354.65641813630447
0.005649086390245463,0,0.0549877498436319,354.51466903271836
0.05772758487929797,0.04434300626351186,0,362.73427136203287
0.05333333333333333,0.05,0,364.24448401900923
0.03694572105500607,0.05,0.004803220431142359,364.15761642892653
0.0302790543883394,0.05,0.004803220431142359,364.0605210421248
0.033333333333333354,0.05,0,363.9971318185804
0.07533733011352123,0.022067266684410513,0,357.8382976743595
0.07753774889042046,0.027596086219346127,0,358.93806466322513
0.07087592623501095,0.027574640231689075,0,358.8977695040068
0.005649086390245462,0,0.04216723702311907,354.3612533542985
0,0,0.044871794871794886,354.28674934825347
0.005649086390245462,0,0.04857749343337549,354.44119664187775
0,0.022547145604442397,0.019641323896552352,357.3298180593129
0,0.02185453062941587,0.01375193685359945,357.0947304236967
0,0.027149270927055866,0.014670950684985206,358.13884340325984
0.039999999999999994,0,0,354.1932987445294
0.04214893142362739,0.005359278206970003,0,354.88550295282215
0.035668316117400685,0.004879671269686994,0,354.74362084167416
0,0.027742152332814185,0.004277641007404566,358.0566121495947
0,0.022150971332295027,0.008555282014809132,357.051530443722
0,0.02218659677725863,0.004277641007404566,356.97372080197874
0.07333333333333332,0,0.023094010767585042,354.89414399747267
0.07666666666666665,0,0.017320508075688783,354.81412978263563
0.06999999999999998,0,0.017320508075688787,354.77901878152255
0,0.022139868897293892,0.08145853024130377,358.0119908178986
0.06644514822057143,0.03307864610792832,0,360.05263670776196
0.0642447294436722,0.02754982657299271,0,358.84773511065106
0,0.027445711629935025,0.009474295846194886,358.1001376940461
0.05017980957616282,0.05,0.0056144971380787485,364.3389204299159
0.05369295248565897,0.05,0.011228994276157497,364.4961833202526
0.047026285818992306,0.05,0.011228994276157497,364.4239853985205
0.029743854144087162,0,0.03467154180564165,354.65248114529135
0.03719789859973043,0,0.03515048166584898,354.7576913617161
0.02005004006934656,0.02441469851068276,0,357.6858052021824
0.016572585927918805,0.029302540861493642,0,358.6133057288775
0.016963532561254407,0,0.06222357056202994,354.78982254539767
0.04666666666666665,0,0,354.267455715314
0.015177254986331575,0.02328378769173903,0,357.38515800291225
0,0.03549802723440269,0.007880216370512269,359.8155307013336
0,0.03303689263045418,0.005196654838790319,359.2035490231752
0,0.035794467937281846,0.00268356153172195,359.7759042899802
0.04356116387384327,0,0.04836139362511248,355.00701021599957
0.04336070875001795,0,0.015599990926297772,354.5217856356806
0.04011700593428328,0,0.020225063068498295,354.56307538020155
0.032365105768419625,0.0328667579164113,0,359.6383935589983
0.028243403845613087,0.038577838610940864,0,360.906775500531
0.07999999999999997,0,0.011547005383792521,354.72665621957833
0.011048390618612536,0.025090582796551318,0,357.65808434251363
0.005524195309306268,0.02643418028716455,0,357.8171857125593
0.005524195309306268,0.020878624731608994,0,356.7581583633591
0.08199915276893074,0.022088712672067565,0,357.87172895015766
0.07979873399203151,0.01655989313713195,0,356.8750929409209
0,0.0055555555555555575,0,354.2509970862111
0.004128864367719039,0.009304316006298826,0,354.8494360837007
0,0.011111111111111115,0,355.0335453586006
0,0.029515722145368566,0.03566094731387079,358.9825153629552
0.027224775443345447,0.05,0.009606440862284718,364.11642584748523
0.030837163165018167,0.05,0.014409661293427078,364.2719931971906
0.025678451144985615,0.05,0.013883476262867091,364.1792473845874
0,0.005644910127636404,0.04923196180480259,355.04671843538495
0,0.011289820255272809,0.053592128737810295,355.9067414969033
0.005960210016975106,0,0.03526657849923012,354.2737008324172
0,0,0.03846153846153847,354.20322036625817
0.020000000000000018,0.05,0,363.7810012501814
0.024121701922806552,0.04428891930547043,0,362.2876447309256
0.026666666666666686,0.05,0,363.894398429468
0.03781724754102808,0.010238949476656996,0,355.5204816767585
0.073136911336622,0.016538447149474896,0,356.83951282823006
0.06867550745811171,0.02204582069675346,0,357.7958536782485
0.08666666666666664,0,0.011547005383792514,354.74849439147766
0.08999999999999998,0,0.005773502691896257,354.64901852426385
0.08333333333333331,0,0.005773502691896257,354.63155966019485
0.05059268646283706,0.05,0.02747068732542536,364.7728594371291
0.054004682952492264,0.05,0.03333136115298324,364.906743681546
0,0.022222222222222227,0,356.89285642286785
0.032510368468616116,0.05,0.05596225516743414,364.95540863379586
0.03824991893775152,0.05,0.05256027751603841,364.9961235090425
0.04184928680210452,0.038631925568982296,0,361.11139610232044
0.037455035256139885,0.04428891930547044,0,362.48973087058704
0.023378127506645197,0,0.00464114977387522,354.06059639601534
0.026666666666666665,0,0,354.0190066318488
0.019999999999999997,0,0,353.91885039915365
0.017999600712033298,0,0.004117728649829512,353.9668643814992
0.030788368589473217,0.04428891930547044,0,362.3940196958434
0,0.02726255832435453,0.05972088170602192,358.824314334562
0,0.02733495638806233,0.05386549150768202,358.77278014899326
0,0.03249887035878499,0.05795491273041219,359.92356930412717
0,0.006212545085618486,0.02298754087087029,354.7531613997358
0,0,0.019230769230769235,353.91379935220584
0,0.005519930110591957,0.01709815382791739,354.5624365690767
0.031336632234801376,0.009759342539373987,0,355.3645290421006
0.017912807964720927,0.05,0.03742939123830036,364.4584073448907
0.012356247336292574,0.05,0.033119744250301036,364.28364760613135
0.01853437100443886,0.05,0.030448847144682323,364.3585110581149
0,0.0383567129270926,0.05591558098493073,361.2621676504553
0,0.044214555495400196,0.05387624923944926,362.7224317180469
0,0.0441421574316924,0.059731639437789155,362.77157426937083
0.031692785304531484,0,0.05459673185103012,354.9320846918669
0,0.01863763525685546,0.030501084151072402,356.7995280487172
0,0.012425090171236972,0.033154568921227756,355.81327184028083
0,0.012425090171236972,0.026744312510971344,355.71507096523965
0.0469608885920831,0.05,0.04433812782830869,364.9969942170621
0.04398946940688692,0.05,0.04915829986464267,365.0271208406817
0,0.03829600748313057,0.01680356608783705,360.6515790482437
0,0.03520158653152353,0.013076871209302588,359.85033727744934
0,0.04105358278995824,0.014290472780768679,361.283320735674
0.006666666666666665,0,0,353.69213698258824
0.0041288643677190396,0.0037487604507432694,0,354.09747208708956
0.05664924791003941,0,0.016732343844318813,354.67237713941955
0.053342301336526815,0,0.022115975962571855,354.73333447767186
0.02721076027279971,0.05,0.04055199823098206,364.66691797308465
0.026589197233081778,0.05,0.047532542324600094,364.7551631864251
0.02225100259890135,0.05,0.04248096678145022,364.6113622973072
0.021965214207262072,0,0.02389225549028417,354.37546624816537
0,0.016559790331775872,0.0128329230222137,356.1444527966289
0,0.01659541577673947,0.008555282014809132,356.07053253225814
0.08430703776496068,0.01105422608319267,0,356.00666294268285
0.07764521510955116,0.011032780095535617,0,355.977960803308
0,0.03842911099080039,0.04364993437633442,361.1225280292617
0,0.0442145554954002,0.04746599282919285,362.64083927271275
0,0.038429110990800396,0.05006019078659084,361.20815790919806
0,0.045755288231016544,0.029309977716371748,362.77921572954466
0,0.04575528823101655,0.035720234126628156,362.882179251187
0,0.0415105764620331,0.03297892979171786,361.7288771920799
0,0.03852541942969456,0.07483512326437422,361.4940220840771
0,0.011089940232625061,0.07917555923523154,356.1162935180326
0,0.005540105643147679,0.0748545919002634,355.2876986427581
0.015907313729202937,0.04680832072501051,0,362.81695978975046
0.013333333333333345,0.05,0,363.6578171525978
0.009240647062536264,0.04680832072501051,0,362.68696128484373
0.021577520424792513,0.05,0.019229871546618836,364.21340660078914
0.020519739124953064,0.049999999999999996,0.013357291232307103,364.0800845925369
0,0.05,0.00641025641025641,363.5178943495967
0,0.04690557904839296,0.00909381794197836,362.7121757020671
0,0.04690557904839296,0.00268356153172195,362.57381540398296
0,0.034184399221816944,0.04090863004142413,360.0850507463584
0,0.03996984372641675,0.03831443208402614,361.42432227827976
0,0.05,0.01282051282051282,363.65118080917694
0,0.04690557904839296,0.01550407435223477,362.840845088104
0.018857528642639614,0.043100846953831214,0,361.88630705175456
0.014764842371842533,0.03990916767884173,0,361.0028239917912
0.022038544750212538,0.05,0.060460383341466584,364.8364119528233
0.01659808029549619,0.05,0.05721001119528365,364.7002576589633
0.02211014634000141,0.05,0.05464085157171937,364.77006290653054
0.0570262858189923,0.05,0.01700249696805376,364.64504470186733
0.06351314290949615,0.05,0.01716150252187128,364.7041848833411
0.06017980957616282,0.05,0.011387999829975015,364.56001739224644
0.02584398482381546,0.05,0.030680250651498205,364.4895906649784
0.03315359864319206,0.05,0.03091165415831409,364.6080753280671
0.030182179457995884,0.05,0.03573182619464807,364.64075771240255
0.05665795728835303,0,0.005479420576211277,354.4686291317737
0.04999129062168637,0,0.005479420576211277,354.40753773871614
0.01747658970459941,0.05,0.024576266830370584,364.2376254025441
0.011298466036453125,0.05,0.02083690752573289,364.0496578613595
0.016418808404759965,0.05,0.018703686516058853,364.10962332351886
0,0.017945020281828927,0.024611697108119498,356.58499544390196
0,0.0172524053068024,0.0187223100651666,356.36663702653914
0.07999999999999999,0,0,354.5070978762069
0.07549169622707082,0.005505667053939281,0,355.1776385706139
0.07333333333333332,0,0,354.47661123643735
0.010626477395675071,0,0.020153537918290398,354.12738572429777
0.016586687412650177,0,0.02336883436623846,354.28131505433777
0.016955395865995395,0,0.055901102354155116,354.7242142473913
0.021968007300768835,0,0.059202508783064045,354.8397052930509
0.021959870605509822,0,0.052880040575189226,354.7709769157803
0,0.02188903538465442,0.06841518221267492,357.8580734562863
0,0.016725121413931763,0.06432576098994475,356.8969535385136
0,0.021993839869143147,0.06202332134798333,357.81505107074986
0.0633333333333333,0,0.005773502691896262,354.52673312587876
0.05999999999999998,0,0,354.38938749836785
0,0.05,0.0641025641025641,364.42473254407
0,0.05,0.05769230769230769,364.3546284665677
0.04673016904932446,0,0.021063333870834353,354.65082057960416
0.041752898103394664,0.021674142386077105,0,357.4773410723988
0,0.05,0.05128205128205128,364.2770734558359
0.005556560628428353,0.05,0.04918144185979419,364.3755184526469
0.005556560628428353,0.05,0.0555916982700506,364.45563741734753
0.02162943955918342,0.05,0.049461510875068254,364.6962975206345
0.01729124492500299,0.05,0.04440993533191839,364.54916810493586
0.04685489570505748,0,0.0313661202469729,354.8136699795909
0.05346702799225984,0,0.032418762338710404,354.8944564240887
0.0393043220582444,0.03292084487445273,0,359.7453808284324
0.034910070512279755,0.03857783861094087,0,361.00612825108016
0.022334982784067356,0.004879671269686994,0,354.5557900874384
0.02900164945073402,0.004879671269686994,0,354.65404219000794
0.017569506424195674,0,0.03577731709850238,354.4838113254318
0.017258382797466033,0,0.04267797562239134,354.5718331231163
0.03740458501950826,0.05,0.015220938000363466,364.3834490772355
0.034045846264201665,0.05,0.019987460083994713,364.4278174801171
0.05999129062168636,0,0.01125292326810754,354.60310975250695
0,0.05,0.019230769230769232,363.77477635670994
0.006178123668146286,0.05,0.022970128535406927,363.9817890433739
0,0.05,0.02564102564102564,363.89136899822057
0.037059001935907145,0.0272704501512442,0,358.5090417186836
0.03057838662968044,0.02679084321396119,0,358.32148751526466
0.05096452951392145,0.010718556413940006,0,355.7390070579745
0.05312289240765895,0.016224223467879287,0,356.6361305270459
0.023612387721672734,0.05,0.004803220431142359,363.9527618651489
0.018453675701640183,0.05,0.004277035400582372,363.85029676682785
0.01666968188528506,0.05,0.05139047942553643,364.6307933382504
0,0.006212545085618486,0.0293977972811267,354.85376262384915
0,0.034051295714147126,0.020472518163183157,359.72549205792546
0,0.03244401122469586,0.015589964516370958,359.27679173531857
0.05999999999999999,0.05,0,364.30715344123786
0,0.02784188590208239,0.020560337727938104,358.3868344445822
0.02675625501329039,0,0.00928229954775044,354.19682995616375
0.011314446171008942,0,0.06492812841070573,354.7191974757631
0.005657223085504471,0,0.06772047446176313,354.6415966493669
0,0.03565858020359838,0.025355071809995355,360.17983486394564
0.005484959038639482,0.05,0.06782148645005423,364.58647614167484
0.010969918077278965,0.05,0.06513015238728795,364.67599461905047
0,0.05,0.07051282051282051,364.4876892091308
0,0.044142157431692405,0.06614189584804557,362.8392314332036
0.02706990401389977,0.05,0.052711883021251196,364.83026995001893
0.027550610794717757,0.05,0.0578912237179023,364.9004987292033
0.03749179327737248,0.05,0.035963229701463956,364.7516289337812
0.02994491554400856,0.05,0.02533385536774646,364.4636742797711
0.04869211439321944,0.021728229344118537,0,357.56592644012653
0.0553682125299962,0.021874618191087814,0,357.6593524391388
0,0,0.07051282051282054,354.5562610052051
0.006178123668146286,0.05,0.029380384945663335,364.0937255286071
0.006178123668146286,0.05,0.03579064135591975,364.19738603032664
0.01333333333333333,0,0,353.80979279089087
0.01746219770105237,0.0037487604507432694,0,354.3327300206651
0.011298172780490926,0,0.052283191994956096,354.5872898143328
0.06666666666666664,0,0.011547005383792525,354.65661022026364
0,0,0.025641025641025647,354.01680092539124
0.005960210016975106,0,0.0224460656787173,354.08024841609756
0,0,0.06410256410256412,354.49855928369874
0.04371205052732588,0.05,0.037740592746719336,364.8606838744974
0.0407406313421297,0.05,0.04256076478305332,364.89457912950746
0.0633246239550197,0,0.017026425960003803,354.7301218401141
0.019797180485119727,0.008628431720430263,0,355.0287657000348
0.017259378186172104,0.012377192171173532,0,355.5442485606585
0.030044794173311858,0,0.00464114977387522,354.15650691134834
0.033333333333333326,0,0,354.1104894136407
0.011787009034973511,0.049999999999999996,0.004277035400582371,363.72424163732666
0.006666666666666672,0.05,0,363.52245572852706
0.022289809688443893,0,0.03419260194543433,354.5363018131723
0.04351314290949616,0.05,0.005614497138078748,364.26150550559106
0.040458863964502205,0.05,0.010417717569221108,364.3262195005053
0.01173468429657464,0.05,0.04010028834391907,364.3788962943839
0.05684647624282948,0.05,0.0056144971380787485,364.4063541018963
0,0.005519930110591957,0.004277641007404566,354.3297474580689
0,0,0,353.56588297424554
0.09333333333333332,0,0,354.5419659764773
0,0.02213013995096419,0.0750690778835221,357.961426689787
0,0.05,0.03205128205128205,363.99968565621737
0,0.016631041221703072,0.004277641007404566,355.9935575305198
0,0.01666666666666667,0,355.91352779141386
0,0.05,0,363.3749169779692
0.005120342368306838,0.049999999999999996,0.004277035400582371,363.5860091813385
0.06333333333333332,0.05,0.005773502691896267,364.46561864032344
0.03348556365842878,0.01511862074634399,0,356.2260465039765
0.028791667490941253,0.020714928511511084,0,357.1273641108682
0.027004948352202074,0.01463901380906098,0,356.0560233458087
0.04399821822573191,0.027324537109285632,0,358.6068280372646
0,0.05,0.038461538461538464,364.09972633070043
0.005556560628428353,0.05,0.042771185449537785,364.28798712005573
0,0.05,0.04487179487179487,364.1921060772134
0.03452037409217631,0.05,0.04078340173779794,364.7827706965283
0.088820185549147,0.005527113041596334,0,355.22764861956273
0,0.011185015770784085,0.05998398960250188,355.96067542196346
0,0.005644910127636405,0.055642218215059006,355.1203620623539
0,0.016630045875772742,0.07710707421241801,356.99305354871126
0,0.006212545085618487,0.03580805369138312,354.9478359461278
0.06666666666666668,0.05,0.011547005383792535,364.6145880401535
0.040000000000000015,0.05,0,364.0892014175187
0.04881559809029405,0.005359278206970004,0,354.95766801152155
0.01690735140328035,0.05,0.008554070801164744,363.9147979571137
0.0220660634233129,0.05,0.009080255831724731,364.01882039202314
0.023527494210774318,0.019526856159871868,0,356.8333777411595
0.04037953123678685,0,0.04175593764548073,354.88678849067924
0.037334666418662156,0,0.04659294115609431,354.911569426407
0.019377328930711795,0,0.012876607073534243,354.1497071286087
0.021377728218678494,0,0.008758878423704732,354.1069364351935
0.0159992014240666,0,0.008235457299659023,354.0113090180819
0,0.0415105764620331,0.026568673381461447,361.62299082327826
0,0.038284314863384794,0.06818122759352703,361.37539604360063
0,0.03242647229507719,0.06381030292875209,359.9704630387677
0,0.038284314863384794,0.06177097118327062,361.3101857934375
0.055455169758595955,0.03868601252702373,0,361.27473385239773
0.010240684736613676,0.04999999999999999,0.008554070801164743,363.78587179569496
0.015361027104920516,0.049999999999999996,0.012831106201747114,363.9745048210389
0.011609296407220568,0,0.03897227706081073,354.4269440383514
0.013998802136099898,0,0.012353185949488532,354.05218430890176
0.06997010543786208,0,0.03989964162930028,355.12537367694864
0,0.005540105643147679,0.06203407907975059,355.17317407854824
0,0.02323976057946893,0.025530710939505253,357.5610798823817
0.012356247336292573,0.05,0.02670948784004462,364.17636727717553
0.031548954906980134,0.05,0.04560357377413192,364.8073903356218
0.011814627458405854,0.04361664145002102,0,361.88744568877723
0.005147960791739182,0.04361664145002102,0,361.75063277654743
0.03687330311854861,0,0.024850135210698815,354.5987532049614
0,0,0.0512820512820513,354.3638074335103
0.02475585572532369,0,0.01340002819757995,354.24149605217445
0.020671271568986935,0,0.018384431281909207,354.2651496394662
0.043486466233589795,0,0.025688406013034872,354.6902445600081
0.040242763417855126,0,0.0303134781552354,354.7240566206511
0.05053942872848845,0.05,0.016843491414236245,364.5766410963069
0.05395142521814365,0.05,0.022704165241794118,364.7228810513929
0.04718068997318185,0.05,0.021610013497867488,364.62962226375953
0.00809817570517586,0.03435361212328617,0,359.55658330921597
0.002573980395869591,0.035697209613899404,0,359.75097544781505
0.0820557654559666,0.03875930203329261,0,361.47028729068234
0.07538423000794013,0.03873563984441646,0,361.4342635173891
0,0.0379591618383512,0.010563777902234218,360.4491222506533
0,0.03825560254123036,0.0053671230634439,360.41372053687456
0.01067215610104545,0.036717488403852236,0,360.15386829128545
0.048788503091929294,0.03868601252702373,0,361.20639246857104
0.07999999999999999,0,0.023094010767585035,354.92488802700234
0.011048390618612536,0.030646138352106875,0,358.7968104094601
0.0046662673786999655,0,0.004117728649829511,353.73469254299215
0.05333333333333331,0,0,354.3328186332601
0.05664866062931626,0,0.03902421831834216,355.01640463753324
0.024669965568134715,0.009759342539373987,0,355.26818106965675
0.050937434515556684,0.027378624067327065,0,358.69434287085613
0.057613532652333446,0.02752501291429634,0,358.7883559619784
0,0,0.05769230769230771,354.43439462202855
0.08333333333333331,0,0.017320508075688777,354.84042421214656
0.022635301724631962,0.05,0.025102451860930575,364.33961218558676
0.026736232444825064,0.05,0.019756056577178827,364.3107728986121
0.005147960791739182,0.03806108589446547,0,360.36189579215335
0.002573980395869591,0.04125276516945496,0,361.09051844724235
0,0.01662031692944304,0.07071762185463634,356.93862726240974
0.04332462395501971,0,0.005479420576211276,354.33765229282
0.0046662673786999655,0,0.016938241470342334,353.96513807090355
0.009332534757399931,0,0.014645713709915433,354.01126638980213
0.032029661687798125,0.05,0.05078291447078303,364.8838384769136
0.011113121256856706,0.05,0.04708083243753711,364.4650094559056
0.03762697458918737,0,0.0514790627380713,354.9738974675063
0,0.01807000029887338,0.03751473585423547,356.80491240815826
0.009332534757399931,0,0.008235457299659021,353.89679298787746
0.03140047713400627,0,0.04971061026905313,354.87193437988844
0.026680173869758045,0,0.051295325422121174,354.8239105420865
0,0.01682992589842049,0.05793390012525318,356.8485887596027
0.04624353834806916,0.032974931832494156,0,359.8420966128772
0,0.03257126842249279,0.0520995225320723,359.87068397121175
0.011041519667067836,0.05,0.059310620617540735,364.6148076259189
0.005484959038639482,0.05,0.061411230039797815,364.520403599322
0.03527228279716796,0.021194535448794096,0,357.30615279166153
0,0.016639774822102445,0.08349652657019968,357.04085408870895
0.07098339245414165,0.011011334107878561,0,355.94024594362037
0.015292744774375039,0,0.017861010157863497,354.16931263269885
0.06431672578747497,0.011011334107878561,0,355.8969529806606
0.06647508868121248,0.016517001161817844,0,356.7949199952264
0.059798990544435715,0.016370612314848564,0,356.7200066520735
0,0.03888888888888889,0,360.45004692870737
0,0.044444444444444446,0,361.85511994994806
0,0.0413500234928374,0.0026835615317219496,361.1174978435914
0,0,0.012820512820512825,353.8042364923441
0,0.005519930110591957,0.010687897417660979,354.4492966466353
0.017880630050925318,0,0.028876658574613426,354.38819157381835
0.016947259170736386,0,0.04957863414628029,354.6522569668718
0.06671944018630813,0,0.03386127500409112,355.0202944987483
0,0.011732475196210443,0.020854925468018443,355.5124422475024
0,0.011039860221183913,0.014965538425065544,355.30598771721776
0,0,0.006410256410256413,353.6882643663573
0.03776921215693353,0.05,0.0473809368193873,364.9219522608641
0.01133293404536663,0,0.004117728649829511,353.8550775622656
0.011298172780490926,0,0.04587293558469969,354.51093222116975
0,0.045755288231016544,0.02289972130611534,362.6679762243885
0,0.03990329197258184,0.021686119734649248,361.1344636940544
0.050098598520792154,0,0.026741048104772378,354.7763081885119
0.011113121256856706,0.05,0.053491088847793515,364.54769237457504
0,0.044214555495400196,0.041055736418936443,362.55183445948813
0.02213216326918709,0.013508102990117257,0,355.8002526733379
0,0.03572513195743329,0.03557312774911584,360.3610551174777
0,0.03726586469304965,0.030237625456807554,360.6398201533791
0,0,0.03205128205128206,354.11327459674203
0.07307634501191018,0.03310345976662469,0,360.10066747250136
0.03415303378160574,0,0.039987485176462556,354.785658317403
0.012386593103157118,0.011246281352229806,0,355.2880110077703
0,0.02740735445177013,0.048010101309342135,358.7152543651494
0.05321816097917032,0,0.044577032206236405,355.0590259383148
0,0.040716737145178865,0.00805068459516585,361.07314665493044
0.056710730807994505,0,0.02779369019650988,354.85354490257373
0,0.03274045192757502,0.010393309677580637,359.24258029686564
0.04723394770753046,0.05,0.03223720940905661,364.8156313057708
0.004128864367719039,0.014859871561854383,0,355.6988342407356
0.009653059677025306,0.019071829626796707,0,356.51434841821924
0,0.0271577538398658,0.0661127425707135,358.86868538173894
0.060079160279462196,0,0.03347140443044791,354.9664159541448
0,0.02273867737532175,0.042762418581788794,357.7251295923439
0.05048278577228769,0.05,0.038834744490645966,364.95612430001603
0.007721941187608772,0.040424962175031526,0,360.99245894726175
0.022872565638619283,0.05,0.035500422687832184,364.517291547249
0.026698989325962468,0,0.039508545316255236,354.67622378447004
0.0046662673786999655,0,0.010527985060085922,353.85311994001034
0.05318275463789393,0.03302901879053559,0,359.92854091233227
0.002573980395869591,0.04680832072501051,0,362.54478545344983
0,0.043811158096785915,0.01177737947370031,361.94030185417745
0,0.043811158096785915,0.0053671230634439,361.80655862963675
0.018654709127759333,0.018395945340928144,0,356.55516880528904
0.05981395142923268,0.03305383244923196,0,359.99526118770564
0.062086366549934706,0.038710826185720096,0,361.33926989067163
0,0.04414215743169239,0.07255215225830197,362.8997411845948
0,0.023306312333303835,0.035748766878625736,357.7337134571986
0.06204431066677296,0.02202100703805709,0,357.7438156562764
0,0.03264366648620059,0.04624413233373241,359.8118070400214
0.043972006873998354,0.05,0.016032214707299854,364.4849983769409
0,0.02209864435363187,0.05563146048329175,357.7653376301985
0.04061326811869176,0.05,0.0207987367909311,364.5336731621081
0.013622371014482127,0.03301001463267294,0,359.3608172184907
0.031108168963481043,0,0.04482448868707614,354.8079574877116
0.03389144211001212,0.05,0.00960644086228472,364.2185470221505
0,0.044148003741565287,0.01801716765930314,362.1509072553741
0,0.03266757686138696,0.07046419859959926,360.0886485556669
0,0.011039860221183913,0.008555282014809132,355.18927073219675
0.08215351888248033,0.005527113041596335,0,355.2084754569855
0.008257728735438077,0.013053076457042095,0,355.4903286461877
0.013781924044744345,0.01726503452198442,0,356.2767264292099
0,0.02797498940975221,0.04099644960617907,358.73780645429997
0.08666666666666666,0,0,354.5288991457731
0,0.011075485666147515,0.004277641007404566,355.1129354140825
