% Model,3d_full_flux.mph
% Version,COMSOL 6.2.0.339
% Date,"Apr 17 2026, 16:35"
% Dimension,3
% Nodes,4286
% Expressions,1
% Description,Volume
% X,Y,Z,Temperature
0.17656132305921285,0.05,0.24539001097615984,366.2797874330367
0.17333333333333337,0.05,0.25,366.226847179058
0.16989465639254617,0.05,0.24539001097615984,366.3917188156494
0.09785108682395038,0.027726898495404904,0.25,361.34750570285394
0.1000925894728541,0.03328181003790619,0.25,362.55869637908313
0.10449794177632822,0.027733304452145127,0.25,361.3472191895143
0.2,0.03372003901035904,0.1861366274361847,362.60095197371237
0.2,0.03919779934264397,0.19030176612715233,363.85574542173146
0.19999999999999996,0.039044479335430135,0.18397741492575698,363.88708372803757
0.19577290344402273,0.04647521159494428,0.25,364.80547409849487
0.2,0.05,0.25,365.68630876998606
0.2,0.044444444444444446,0.25,364.165647506227
0.20000000000000004,0.03970541749367719,0.20937476088977364,363.7281781349845
0.20000000000000007,0.03438097716860609,0.20512371698994492,362.51703815943006
0.20000000000000007,0.034735275312425484,0.2114621041409145,362.5054185422009
0.1,0.05,0.25,366.83382899172244
0.09333333333333335,0.05,0.25,366.82883255093964
0.09666666666666666,0.05,0.24422649730810375,366.9688710340002
0.1625600087032334,0,0.21370454342262063,357.0198249289021
0.16684695288401208,0,0.21878578569668544,356.88622814934934
0.1698248161400387,0,0.21406754981159695,356.91522967935765
0.19438707888783163,0.05,0.1822849676352139,366.9468076861757
0.18877415777566323,0.05,0.1786724993729919,367.1056529116342
0.19438707888783163,0.05,0.17587471122495751,367.0082315090485
0.2,0,0.17948717948717946,356.79048164803436
0.2,0,0.18589743589743588,356.73039116170315
0.2,0.005771578769674226,0.18386806866697095,357.50239485376807
0.18868709546784304,0.05,0.19756523420086725,366.8947315221238
0.18303064320176457,0.05000000000000001,0.20019400514745475,366.9747979656807
0.18307417435567466,0.05000000000000001,0.19395276593864527,367.05471448776353
0.16981582660076117,0.006452880617861938,0.25,357.12326872240146
0.17333333333333334,0,0.25,356.23117013578803
0.16666666666666669,0,0.25,356.3264009795795
0.15015755669225445,0.05,0.2334557015909966,366.92004914496925
0.14343837112816962,0.05,0.2331969650354348,366.9964739184106
0.14694763162361918,0.05,0.22819754152879215,367.05911454912643
0.19577290344402276,0.04091965603938871,0.25,363.3541892012412
0.2,0.03888888888888889,0.25,362.75630580565115
0.15333333333333338,0.05,0.25,366.5147184475443
0.15005251889741816,0.05,0.24448523386366555,366.6827312900126
0.15671918556408485,0.05,0.24448523386366555,366.6022321600854
0.2,0.005771578769674226,0.19027832507722736,357.43686148424496
0.2,0.0117461274236881,0.19464571272414175,358.2743598572656
0.2,0.011543157539348451,0.18824895784676243,358.3133027011613
0.17439879130832187,0,0.2361551209948211,356.4838366285278
0.17286300173654562,0,0.24041232833601056,356.42776064030414
0.17796729044004905,0,0.24094895682681583,356.3387107856546
0.12894486494857954,0.03893184331585173,0.25,363.8023700843343
0.12447243247428977,0.044465921657925865,0.25,365.2446728224291
0.13113909914095645,0.04446592165792587,0.25,365.2032920018236
0.17378338179202923,0.05,0.23113407692858218,366.63148744213527
0.16635177127618772,0.05,0.23064234072270126,366.76077457770265
0.1704511838905785,0.05,0.225606384722804,366.7927131578236
0.2,0.011543157539348451,0.18183870143650602,358.3775100867872
0.18906352138794558,0.0055719509085705166,0.25,356.6848537108018
0.18479370944255785,0.011143901817141033,0.25,357.5729479952872
0.1914603761092245,0.011143901817141033,0.25,357.4499667029669
0.11112876645920328,0.04443154065046221,0.25,365.28839807353336
0.11779543312586994,0.04443154065046221,0.25,365.26696428538526
0.11559086625173987,0.03886308130092442,0.25,363.85126861777525
0.20000000000000004,0.02364562179344271,0.20954006726291835,360.1734342559005
0.20000000000000004,0.023291323649623313,0.20320168011194878,360.19341581122376
0.2,0.017923645962041622,0.20540985524843547,359.16996073395734
0.2,0.011949097308027748,0.20745272401177747,358.1434738672228
0.2,0.011949097308027748,0.20104246760152106,358.2284687058523
0.18833761674085844,0.049999999999999996,0.21093154387156796,366.7114546021022
0.19399406900693691,0.049999999999999996,0.2147130293352369,366.528619161917
0.18798813801387385,0.04999999999999999,0.21788759713201225,366.6059721946105
0.2,0.017720676077701975,0.19901310037105613,359.21787394983306
0.2,0.023088353765283662,0.19680492523456944,360.2364194292231
0.2,0.017517706193362327,0.19261634549367682,359.25883885819127
0.1222678656001597,0.03889746230838808,0.25,363.8317062294349
0.16666666666666669,0.05,0.25,366.33346310962
0.16322798972587949,0.05,0.2453900109761598,366.4928578048105
0.19999999999999998,0.02273206387373019,0.18408381915579478,360.3103766193173
0.2,0.01718909680365388,0.1797620180445905,359.33402041406123
0.19999999999999998,0.017314736309022676,0.18621959061629748,359.29285545903207
0.1503447691146056,0.05000000000000001,0.2122571894887252,367.3014267629441
0.14738869408490407,0.05,0.2055626676352261,367.43694453674954
0.15377522541388328,0.05,0.20619791260414663,367.3537717996381
0.06238288394882709,0.02218509910138524,0.25,360.0879332246808
0.05790990626386332,0.02777325317749974,0.25,361.1648309958798
0.06459318378107928,0.027730418415656065,0.25,361.2124304089736
0.16241957432729415,0.0402080935700942,0.25,363.7771186383639
0.15798329877630077,0.04467890330035319,0.25,364.99109639919743
0.16443627555099338,0.045529190269741004,0.25,365.12877801542373
0.2,0.027812817671170345,0.24586599720222807,360.35993595102434
0.2,0.03333333333333333,0.25,361.4582836682585
0.2,0.034124979123350746,0.24522166635949705,361.74234597678236
0.1897382458102191,0,0.24148558531762104,356.12626801191027
0.18307157914355246,0,0.24148558531762107,356.2442649336763
0.1882024562384429,0,0.24574279265881055,356.07158391841386
0.17776960888432675,0.04552919026974101,0.25,364.91251193363786
0.18000000000000002,0.05,0.25,366.1094388550444
0.19486912290510955,0,0.2393325362485541,356.06991569791205
0.18973824581021914,0,0.23507532890736466,356.2450229620315
0.2,0.05,0.1794871794871795,366.84263440963684
0.13596572080798194,0.02230999802459925,0.25,360.1247601192434
0.1407108552928532,0.016810353563536835,0.25,359.08479443754186
0.13376900970822336,0.016721875536483313,0.25,359.1242674889713
0.1819344121996306,0.05,0.24588594656694984,366.16984442258604
0.1886010788662973,0.05,0.24588594656694984,366.037234891587
0.18666666666666668,0.05,0.25,365.98043771891025
0.2,0.02860446346118776,0.24108766356172512,360.6244854158489
0.10666666666666667,0.05,0.25,366.8288749646422
0.10333333333333333,0.05,0.24422649730810372,366.96913978843236
0.1888934148492192,0,0.20291338323862482,356.7552438217338
0.19444670742460962,0,0.2008156659782868,356.6762452199071
0.18889341484921923,0,0.1965031268283684,356.83343802530413
0.2,0.04452223966771507,0.17532204079621183,365.37358362456206
0.19999999999999998,0.03899460469445523,0.17111575099836795,363.99346261910466
0.2,0.03904447933543014,0.1775671585155006,363.95000284221027
0.16619633506987896,0,0.24041232833601056,356.5226936939448
0.16976483420160615,0,0.24520616416800528,356.3800495857935
0.1753618412561346,0.018477712144294393,0.25,358.94885480633053
0.16944747980228353,0.019358641853585816,0.25,359.1981565615952
0.17408021231833157,0.022702098022697917,0.25,359.74756430185727
0.14677170446150295,0.05,0.23897046772733105,366.8413861185389
0.15343837112816963,0.05,0.23897046772733108,366.7658196594983
0.20000000000000004,0.03402667902478669,0.19878532983897534,362.5215299894716
0.2,0.03935111934985779,0.20303637373880407,363.7320054717736
0.20000000000000004,0.0393511193498578,0.19662611732854768,363.8172619543208
0.18268116447477997,0.05,0.20715005840789902,366.88308073435036
0.18868709546784304,0.05,0.20397549061112366,366.8075254429106
0.16556873426138863,0.029994307521289475,0.25,361.3587350664991
0.16040287310359488,0.0348869968704474,0.25,362.52388620584964
0.1668558498782875,0.03573728383983521,0.25,362.63029809262906
0.19999999999999998,0.01896477386853147,0.22344892682258616,359.08031741516885
0.19999999999999996,0.01264318257902098,0.21947877172787794,358.0752295413642
0.19999999999999996,0.01264318257902098,0.22588902813813433,357.97020041117537
0.12454358697469088,0.027775261478198008,0.25,361.29272971970283
0.12674029807444945,0.03336338396631394,0.25,362.4986596745265
0.1312205863231107,0.027809642485661663,0.25,361.25933794631396
0.1901787471714215,0.026479398806655667,0.25,360.2032160036852
0.18590893522603374,0.020940238604115074,0.25,359.2121072659942
0.1846273062882307,0.025164624482518598,0.25,360.04565342717217
0.14005251889741815,0.05,0.23871173117176928,366.9128072936485
0.13333333333333336,0.05,0.23845299461620745,366.9739306573192
0.13671918556408483,0.05,0.232938228479873,367.0626008804131
0.20000000000000004,0.04047218046892372,0.2340330763087377,363.48967065192636
0.2,0.04523609023446186,0.23881140994924066,364.6248883606055
0.20000000000000004,0.045236090234461866,0.23240115353898425,364.7554319803233
0.17999457377218264,0.021821168313406497,0.25,359.48214720616573
0.17871294483437963,0.026045554191810018,0.25,360.3271858632904
0.14022844605953438,0.05,0.22793880497323035,367.13041639422966
0.13701852099089915,0.05,0.2226806449110259,367.2563646233848
0.14373770655498397,0.05,0.2229393814665877,367.1901857066198
0.1781706571384524,0.05000000000000001,0.19062132489791728,367.1876161750406
0.1782141882923625,0.05,0.1843800856891078,367.2565723599896
0.18311770550958473,0.05,0.1877115267298358,367.1274324255326
0.18460736871532868,0,0.23722837797643162,356.2976195105237
0.17008440526988264,0,0.22451769009545436,356.7493934854806
0.16281959783307734,0,0.224154683706478,356.8547090687328
0.1660570502189479,0,0.22988658810524693,356.7154947922209
0.2,0,0.22435897435897437,356.2285598483877
0.1937921892525409,0,0.22701675333769988,356.308432865965
0.2,0,0.23076923076923075,356.121267991425
0.18,0,0.25,356.1268735122765
0.1764315008682728,0,0.24520616416800528,356.28043474721744
0.20000000000000004,0.040265948053210154,0.22807824037986868,363.5526618243369
0.08453700732554414,0.011075105617910135,0.24999999999999994,358.29031212376117
0.08226850366277207,0.005537552808955067,0.24999999999999997,357.46759632289184
0.07788712420736903,0.01106986781737865,0.25,358.26341280047467
0.19022146256083194,0.034049326159696094,0.25,361.82863768195296
0.19577290344402273,0.035364100483833164,0.25,362.01422386717064
0.19444855911680922,0.03201855900919626,0.25,361.28661936084444
0.13815995500035885,0.011177409700006717,0.25,358.17914335624806
0.18939546618185768,0,0.18497127593894058,356.9478587567801
0.18409319927278653,0,0.18130306775456473,357.07816934122826
0.1838421736064673,0,0.18706899319927864,357.0267854774997
0.19999999999999998,0.04452223966771507,0.18814255361672463,365.2451659197199
0.2,0.044522239667715076,0.18173229720646825,365.31309748667854
0.2,0.012296139943524364,0.21346574786982772,358.11238482792487
0.19999999999999998,0.018617731233034854,0.2174359029645359,359.11626476869446
0.2,0.01827068859753824,0.21142287910648572,359.14614587495726
0.15185083117842918,0.028324083797569843,0.25,361.1801650050573
0.14710569669355794,0.03382372825863225,0.25,362.4377888837057
0.15394989632890227,0.034036709901059586,0.25,362.4099967377678
0.2,0.023992664428939325,0.21555309112096854,360.1503053125424
0.17553921776865344,0.04105838053948202,0.25,363.7857764479916
0.16887255110198676,0.04105838053948201,0.25,363.89542659921545
0.17110294221766006,0.045529190269741004,0.25,365.02604117125657
0.11666666666666667,0.05,0.23267949192431123,367.18825072953814
0.12000000000000001,0.05,0.23845299461620745,367.0537492754122
0.11333333333333334,0.05,0.2384529946162075,367.07867976409756
0.1943435477339215,0.05,0.19493646325427977,366.80452946663786
0.18873062662175313,0.05000000000000001,0.1913239949920578,366.9713942669601
0.10890329407980237,0.022184798866384067,0.25,360.23135175903894
0.11562508497736734,0.022185968928233074,0.25,360.2138568147493
0.11338358232846363,0.016631057385731784,0.25,359.210413603384
0.14290756639261176,0.02239847605165277,0.25,360.08286513930926
0.14765270087748303,0.016898831590590357,0.25,359.0350765033765
0.2,0.005974548654013874,0.20308533636486312,357.3137469580471
0.2,0.005974548654013874,0.1966750799546067,357.39299239729417
0.16929450260481843,0,0.23561849250401584,356.5688511915368
0.2,0.040059715637496586,0.2221234044509996,363.6088527315948
0.20000000000000007,0.03529580587195845,0.2237553272207531,362.43300494590466
0.1433858522307515,0.05,0.24448523386366555,366.7529801836525
0.2,0.005771578769674226,0.17745781225671453,357.56115935620215
0.20000000000000004,0.0446755596749289,0.2008771612283764,365.12856508744966
0.2,0.05,0.19871794871794873,366.6236133415269
0.20000000000000004,0.0446755596749289,0.19446690481812,365.2114825575713
0.12333333333333335,0.05,0.24422649730810372,366.90908665641473
0.11666666666666668,0.05,0.24422649730810375,366.93901399526766
0.2,0.02229230200900736,0.24173199440445614,359.35433632585284
0.2,0.02225726211561479,0.24586599720222807,359.2627110573764
0.1683200915500978,0.05,0.19019968202527077,367.360627194962
0.17322360876732004,0.05,0.19353112306599873,367.2400711488715
0.16854590155227267,0.05,0.19504179713196446,367.2982646869189
0.2,0,0.23717948717948717,356.00737609270635
0.19486912290510955,0,0.23292227983829772,356.186239122332
0.16317516501584378,0.05,0.23526525581598517,366.7148295473691
0.15984296711439305,0.05,0.229737563610207,366.87250916996425
0.16271225449696736,0.05,0.19814303337375674,367.3467639816478
0.156878607441662,0.05,0.201244269615549,367.38523057465255
0.15665279743948712,0.05,0.1964021545088553,367.4527675711996
0.19333333333333333,0.05,0.25,365.8393943572242
0.18910623677735608,0.04647521159494428,0.25,364.9498080618886
0.1914603761092245,0.022255012928252143,0.25,359.3513884448585
0.18719056416383678,0.01671585272571155,0.25,358.4363827623611
0.14929993088593485,0.03935780660070639,0.25,363.7301647695565
0.1513166321096341,0.0446789033003532,0.25,365.07322813627763
0.15596659755260153,0.039357806600706396,0.25,363.6513330962098
0.12902387522335212,0.02222151999754573,0.25,360.15641021644177
0.1773492127066879,0,0.22488069648443065,356.6331860171904
0.17332185765575317,0,0.23024959449422325,356.6051294974395
0.17411176032081738,0,0.21914879208566176,356.77507039258825
0.18914444051553844,0,0.1907372013836545,356.89338887282895
0.18359114794014805,0,0.19283491864399255,356.9699206501973
0.18243957011068943,0.04647521159494428,0.25,365.0820997997304
0.18487914022137883,0.04295042318988855,0.25,364.09914247462166
0.18020917899501612,0.042004401864685285,0.25,363.9437094791845
0.17505705831805624,0.05,0.23666596851926947,366.4970610118158
0.18043014745847402,0.05,0.2371619041100595,366.3897394253766
0.17849573525884344,0.05,0.24127595754310968,366.33735971954576
0.0912323266764229,0.027721155529732377,0.24999999999999997,361.3384663575366
0.09344573452047625,0.033275404081165964,0.25,362.55239860566326
0.12666666666666668,0.05,0.23845299461620745,367.01883431288496
0.18137656775762268,0,0.2195117984746381,356.6530207507894
0.18866131215765045,0,0.22916980240676682,356.36830657334167
0.18353043506276,0,0.23132285147583376,356.4219929895109
0.16553787195926,0,0.20898630753753217,357.0475333745185
0.09000000000000001,0.05,0.24422649730810375,366.9589235483834
0.09333333333333332,0.05,0.2384529946162075,367.0935664929237
0.19999999999999998,0.01750278218740674,0.23288163667865153,358.6562727155685
0.2,0.023083947799024777,0.23695366076395322,359.5993729469783
0.2,0.023814943639587142,0.23223730583592053,359.8300952222184
0.17648249326742782,0.006452880617861938,0.25,357.022264145156
0.11782965185149741,0.011087761611104193,0.25,358.2843135420301
0.1201053732260286,0.01663222744758079,0.25,359.18672909776706
0.1943435477339215,0.05,0.2077569760747926,366.62904361220325
0.2,0.05,0.21153846153846154,366.4393524735587
0.07561862054459695,0.0055323150084235825,0.25,357.4379339076701
0.14245573125059052,0.03914482495827906,0.25,363.7474668130155
0.181324404778492,0.03513407198499265,0.25,362.24944952747853
0.18467002167764118,0.032734551835559025,0.25,361.64096166336145
0.1800000604512785,0.03178853051035575,0.25,361.51685176049523
0.18386882439926122,0.05,0.24177189313389968,366.2250574094497
0.2,0.011181190897896253,0.23532173799419975,357.57378842170306
0.2,0.005590595448948126,0.23945574079197168,356.68248214743
0.2,0.011181190897896253,0.2417319944044562,357.4518789727549
0.19526774553296394,0.05,0.24588594656694984,365.8925831350359
0.19526774553296394,0.05,0.2394756901566934,366.03473160891997
0.2,0.05,0.24358974358974358,365.8344543961917
0.2,0.05,0.22435897435897434,366.2230648082034
0.19399406900693691,0.049999999999999996,0.2275335421557497,366.3037310772477
0.19399406900693694,0.05,0.2211232857454933,366.4202968607982
0.2,0,0.25,355.7593392644886
0.19573018805461226,0.0055719509085705166,0.25,356.5576188703427
0.2,0.005555555555555555,0.25,356.4690264034428
0.11999999999999998,0,0.25,356.73909522793633
0.11555393047696622,0.005543295774627593,0.25,357.4759441360723
0.12227572137453119,0.005544465836476599,0.25,357.44984922140003
0.14255090029249434,0.005632943863530119,0.25,357.3262136222914
0.14666666666666667,0,0.25,356.5577227083348
0.13999999999999999,0,0.25,356.6166654418734
0.1356090547078645,0.005544465836476598,0.25,357.3700811150373
0.2,0.033873359017572865,0.19246097863758,362.5648135621443
0.2,0.028456031452865353,0.19459675009808272,361.3486995831846
0.09781524484015874,0.04442513469372199,0.25,365.30004778697975
0.1044620997925366,0.04443154065046221,0.25,365.2999052453762
0.10227734463269533,0.0388566753441842,0.25,363.8759819408681
0.13121810941572903,0.011088931672953196,0.25,358.2156911869679
0.1702223680169065,0.05,0.21512504952842812,366.97991296149945
0.16711898598912778,0.05,0.22007869251702578,366.94506884356446
0.162790757501065,0.05,0.2146333133225472,367.1017438012403
0.16000000000000003,0.05,0.25,366.42928664673053
0.20000000000000004,0.03570827070338558,0.2356649990784912,362.305271766687
0.20000000000000004,0.03550203828767201,0.22971016314962212,362.3725384888722
0.2,0.030127105091767543,0.23159297499318948,361.1339585659485
0.19526774553296394,0.05,0.233065433746437,366.1674834505623
0.2,0.05,0.23717948717948717,365.9732033901558
0.15631838347355684,0,0.22334321252971825,356.94767316958894
0.1595558358594274,0,0.22907511692848717,356.81334751803405
0.1784261463592566,0,0.23078622298502852,356.5162592421396
0.0934242711358437,0.01661840139253773,0.24999999999999994,359.2227656113545
0.08680551098831622,0.016612658426865202,0.24999999999999997,359.20792006388484
0.08901891883236956,0.02216690697829879,0.24999999999999994,360.2236401769439
0.1530546214999069,0,0.2282636457517274,356.9025682674162
0.15629207388577743,0,0.23399555015049628,356.765701916646
0.17296498653485567,0.012905761235723876,0.25,358.04602516159554
0.17887934798870678,0.012024831526432456,0.25,357.81179800068134
0.1957301880546123,0.011127506464126071,0.25,357.3636745238265
0.2,0.01111111111111111,0.25,357.27350585065227
0.2,0.005974548654013875,0.20949559277511953,357.2277464559529
0.1943870788878316,0.05,0.18869522404547032,366.8779384342277
0.18877415777566323,0.05,0.18508275578324834,367.0408584274826
0.1378057658076231,0.044465921657925865,0.25,365.1519215780504
0.14464996544296743,0.04467890330035319,0.25,365.1451096370706
0.2,0.02792400265111908,0.1625876600893198,361.53308647186554
0.19999999999999998,0.03346696972119538,0.16690946120052408,362.7159122624192
0.19999999999999998,0.03341709508022047,0.16045805368339144,362.7479086873082
0.12682716412359357,0.016633397509429795,0.25,359.153495657665
0.12234687587493231,0.022187138990082074,0.25,360.1868129359744
0.08679274339049997,0.03326123704347171,0.25,362.5344950430498
0.10892419958507318,0.03886308130092442,0.25,363.8693289343806
0.1133862993776098,0.03329462195138663,0.25,362.54210005873574
0.10673944442523194,0.03328821599464641,0.25,362.5552635301072
0.1782569250604138,0,0.18985627018137904,357.0919010644199
0.1726716765143603,0,0.19264354716347942,357.1491392410182
0.17800589939409456,0,0.19562219562609295,357.03200383705763
0.19486912290510955,0,0.24574279265881052,355.9468412632319
0.19333333333333333,0,0.25,355.8908276530864
0.177089623576844,0,0.2144305562005733,356.7997425447753
0.1777441417489127,0,0.20746023807192943,356.8876327680551
0.17280267939606533,0,0.20934931392650852,356.9386087471528
0.10004303128337118,0.016624144358210254,0.24999999999999997,359.2283086482313
0.09563767897989704,0.022172649943971313,0.24999999999999994,360.2355826233372
0.1707345954191824,0.02510161817213155,0.25,360.2678706075533
0.17536732793523047,0.028445074341243652,0.25,360.8772542734386
0.15319390635083796,0,0.238789385982491,356.7124592072296
0.14979085952625695,0,0.23318407897373655,356.8511793145544
0.1465272396841713,0,0.23878938598249103,356.78056287485515
0.11114479672870609,0.02773971040888535,0.25,361.33720205377904
0.20000000000000004,0.03508957345624488,0.21780049129188406,362.4866711377844
0.2,0.02971464026034041,0.21968330313545142,361.2565613627933
0.12000000000000002,0.05,0.25,366.7891870615662
0.11333333333333334,0.05,0.25,366.8139943212567
0.17332575004468523,0.05,0.2101714065398305,367.0075082501081
0.17367522877166983,0.05000000000000001,0.2032153532793862,367.1043641503234
0.1780034572597326,0.05,0.20866073247386474,366.9482675967703
0.2,0,0.21153846153846154,356.4227785001476
0.1944467074246096,0,0.20722592238854318,356.5936450353426
0.19379218925254088,0,0.21419624051718705,356.5088264772053
0.17306443704124716,0,0.19751127148067202,357.0872129302996
0.1681229746883998,0,0.1994003473352511,357.13668803415914
0.17345719756813405,0,0.20237899579786464,357.0213385144373
0.14993028650875231,0,0.24439469299124553,356.6388683833795
0.14326361984208566,0,0.24439469299124553,356.70239158396157
0.1845295600728648,0.05,0.23212594811016224,366.4141077051781
0.1858032365988918,0.05,0.23765783970084953,366.27507781563514
0.17850795072673303,0,0.1840903447366651,357.1463173282086
0.2,0.027777777777777773,0.25,360.26332726244556
0.19573018805461226,0.027794173130792736,0.25,360.3586887468243
0.18666666666666668,0,0.25,356.0133390690157
0.18153578957177624,0,0.24574279265881055,356.18734960092723
0.159115757486696,0.029144020551901663,0.25,361.26509666530563
0.17788279440642002,0.05,0.22609812092868492,366.6562771076974
0.1745505965049693,0.05,0.22057042872290672,366.81499653632426
0.18198220702081078,0.049999999999999996,0.2210621649287876,366.67141157163945
0.07571604458421816,0.02214750214007305,0.24999999999999994,360.16965297136517
0.0801556278701411,0.016607420626333715,0.24999999999999994,359.18378383253383
0.07350574475196599,0.016602182825802232,0.24999999999999997,359.1502023316931
0.19999999999999998,0.0335168443621703,0.1733608687176567,362.6765911080418
0.19999999999999998,0.03356671900314521,0.17981227623478935,362.62994522417563
0.2,0.029367597624843794,0.21367027927740118,361.27900439050944
0.2,0.04502985781874829,0.2264463176101152,364.8141476029594
0.0866666666666667,0.05,0.25,366.8138577947926
0.0911485781734921,0.04442513469372199,0.25,365.2919279899131
0.08448191150682546,0.04442513469372199,0.25,365.27382987748234
0.2,0.029920872676053978,0.22563813906432045,361.19866009694726
0.18758437850508178,0,0.22326427590616899,356.48568378575305
0.18245350141019134,0,0.22541732497523592,356.5404600695994
0.13000000000000003,0.05,0.24422649730810375,366.8692370100064
0.16968396917763845,0.05,0.2361700329284795,366.5970425749528
0.2,0.022885383880944014,0.1904081703571901,360.27247473970476
0.19999999999999998,0.028302711445651524,0.1882723988966874,361.3892923093273
0.08236592770239329,0.022152739940604536,0.24999999999999994,360.20064541789367
0.08457933554644662,0.027706988492038124,0.24999999999999997,361.31801719670483
0.12006329872602964,0.03332900295885029,0.25,362.5252667450112
0.1630981675349395,0,0.24520616416800528,356.4705986446495
0.16,0,0.25,356.41256604365077
0.09563048968031751,0.03885026938744398,0.25,363.87290432495996
0.08896382301365086,0.03885026938744398,0.25,363.86166117160957
0.19154580688804546,0.04295042318988855,0.25,363.9635601350724
0.18233168574779537,0.049999999999999996,0.2141061116683433,366.78195193633655
0.07127646129829522,0.027687583653812388,0.25,361.250035950252
0.06906616146604305,0.022142264339541567,0.25,360.129215255347
0.20000000000000004,0.0450298578187483,0.2200360611998588,364.92858727082853
0.20000000000000004,0.04005971563749659,0.2157131480407432,363.7172230110078
0.17797878787934282,0.03753359213442629,0.25,362.875510594399
0.1766544435521293,0.03418805065978939,0.25,362.11425547789884
0.2,0,0.1923076923076923,356.66353180828304
0.13666666666666671,0.05,0.24422649730810375,366.8193977604304
0.2,0,0.24358974358974356,355.8867331837276
0.2,0.005590595448948126,0.24586599720222807,356.55783046333636
0.17950308001182527,0,0.23669174948562638,356.39342606819014
0.09999999999999998,0.05,0.23845299461620745,367.09876565941994
0.163019573374737,0.05,0.22511464851692306,366.9156365505051
0.1596873754732863,0.05000000000000001,0.21958695631114486,367.0616284933603
0.06685586163379087,0.016596945025270746,0.25,359.1071755613629
0.15651076921294232,0.05,0.22420987140442877,367.0213187626118
0.1533008441443071,0.05000000000000001,0.21895171134222433,367.1552058251087
0.07565784075369829,0.038821935312055474,0.25,363.8026659572467
0.08231083188367457,0.038836102349749727,0.25,363.8370052763857
0.08013975226052368,0.033247070005777465,0.25,362.5069080565213
0.07792634441647034,0.027692821454343874,0.24999999999999997,361.28788461195796
0.11,0.05,0.2442264973081037,366.95904020000256
0.09666666666666665,0.05,0.23267949192431123,367.21804494705333
0.19999999999999998,0.01706345729828508,0.17330444547288348,359.3681845149586
0.19999999999999996,0.011417518033979654,0.175381128864799,358.41544903665505
0.18239685472127892,0.0055719509085705166,0.25,356.80311157859234
0.17915647093244702,0.05,0.2316300125193722,366.5264675853078
0.2,0.044675559674928894,0.2072874176386328,365.0379462998026
0.2,0.05,0.20512820512820512,366.53533356630544
0.13333333333333336,0.05,0.25,366.7096061838963
0.156596953175419,0,0.2443946929912455,356.5662547835951
0.20000000000000007,0.029396109251205182,0.23630932992122222,360.8873019382925
0.20000000000000007,0.034916624913368166,0.24044333271899415,362.02467534292526
0.19999999999999996,0.018233778027969105,0.22816528175061884,358.86921692304344
0.1631491599340945,0.006452880617861938,0.25,357.21520751992676
0.17330882665298014,0.03658757080922302,0.25,362.7292323981059
0.2,0,0.20512820512820512,356.50978466570643
0.18127620270998568,0.01759678243500297,0.25,358.69493020658575
0.2,0.05,0.23076923076923075,366.10255575187824
0.19999999999999998,0.00632159128951049,0.21550861663316973,357.18938323635706
0.19434354773392154,0.05000000000000001,0.2013467196645362,366.7206371981832
0.15969512071035846,0,0.23960085715925078,356.6218924388026
0.16279328824529793,0,0.23480702132725606,356.67159254230677
0.17326713992123016,0.05,0.1872898838571893,367.31246416531434
0.15012423788396315,0.05,0.22357462643550824,367.11060187980866
0.2,0.04523609023446186,0.24522166635949705,364.484948108646
0.14510180058498867,0.011265887727060237,0.25,358.1323506427925
0.17812712598454233,0.05000000000000001,0.19686256410672676,367.1114614057778
0.15333333333333332,0,0.25,356.4896895755939
0.2,0,0.19871794871794873,356.59003576841826
0.18926181453990087,0.05,0.22982974513295595,366.36262956326215
0.07782892037684917,0.044410967656027735,0.25,365.2424216496479
0.19469773309092886,0,0.18863948412331644,356.8096462457984
0.14000000000000004,0.05,0.25,366.65483134031
0.13816243190774052,0.02789812051271518,0.25,361.225265920611
0.19154580688804546,0.03739486763433299,0.25,362.58165160432395
0.0912036739922108,0.011075105617910135,0.24999999999999994,358.3072598929672
0.19999999999999996,0.038944730053480314,0.16466434348123532,364.0295976665106
0.15673130044358477,0.05,0.21289243445764575,367.2130517285141
0.11786658762627106,0.027740880470734357,0.25,361.31634773633135
0.19999999999999998,0.024545939480149506,0.22752095090788782,360.05897378210904
0.19999999999999998,0.024339707064435938,0.2215661149790188,360.12111012192145
0.1598346824713635,0.05000000000000001,0.20793879146904812,367.24883876996137
0.1957301880546123,0.02223861757523718,0.25,359.2617117569787
0.19573018805461226,0.016683062019681626,0.25,358.26452248556546
0.19146037610922453,0.01669945737269659,0.25,358.3523908709802
0.18889711823361846,0.03070378468505919,0.25,361.11286522005656
0.1859943660048547,0.03608009331019592,0.25,362.38214354130264
0.19999999999999998,0.02797387729209399,0.16903906760645243,361.4983323428049
0.19999999999999996,0.0280237519330689,0.17549047512358507,361.4562534842556
0.2,0.05,0.17307692307692307,366.9006875712311
0.19999999999999996,0.02260642436836139,0.17762624658408777,360.34771590177706
0.19999999999999996,0.0281493914384377,0.18194804769529205,361.42273987436516
0.16589413952884374,0.05,0.20967967033394955,367.13461027979406
0.1595821454472068,0,0.21842277930770912,356.98649402107236
0.1783529359867172,0.05000000000000001,0.20170467921342045,367.0425541625431
0.19999999999999998,0.022480784862992594,0.17116867401238078,360.37805433010504
0.2,0.01693781779291629,0.1668468729011765,359.3953477617242
0.2,0.0450298578187483,0.21362580478960239,365.034783456266
0.19444670742460962,0,0.19440540956803037,356.75209034162464
0.177653978532748,0.04999999999999999,0.21561678573430904,366.844569464314
0.19053549106592788,0.05,0.24177189313389968,366.0888394835856
0.16851573521528665,0,0.2042680716524437,357.0696193579217
0.2,0.05,0.21794871794871795,366.3353303820969
0.18798813801387385,0.04999999999999999,0.22429785354226867,366.49334968383465
0.1832558835468378,0.049999999999999996,0.22659405651947492,366.5462189571794
0.1405277814863487,0.05,0.21768122140438323,367.3132626174492
0.1826487491057055,0.03847961345962955,0.25,363.0192887549365
0.1937921892525409,0,0.22060649692744347,356.41202384861276
0.18758437850508178,0,0.21685401949591257,356.5855738940859
0.13341729742286929,0.0333977649737776,0.25,362.46227884728165
0.14500663154308485,0.02811110215514251,0.25,361.2078978508842
0.17312264611842565,0.05,0.24078002195231965,366.44232200633945
0.1687717115544476,0.05,0.1998839122386582,367.23146493160556
0.17344941876949493,0.05000000000000001,0.19837323817269248,367.1744362732327
0.06680348361333147,0.03327573772992689,0.25,362.4357085941872
0.149217566959161,0.005632943863530119,0.25,357.2628938864225
0.2,0.02243091022201768,0.16471726649524815,360.41556616333764
0.17839865992098142,0,0.20048991994328555,356.96732368157046
0.19053549106592788,0.05,0.23536163672364327,366.2249908051481
0.2,0.016701706560059235,0.2458659972022281,358.26527388216095
0.2,0.01114615100450368,0.24586599720222807,357.3641560186211
0.17202171103608127,0.030844594490677286,0.25,361.44489588639016
0.2,0,0.21794871794871795,356.32906335129525
0.08000000000000006,0.05,0.25,366.7889047232815
0.07123724108919391,0.011064630016847165,0.25,358.2270682076986
0.15994717528996433,0.05,0.23987524483982536,366.6623571113969
0.1566663608540491,0.05,0.23436047870349092,366.8224984040412
0.12455144274906238,0.011088931672953198,0.25,358.25464936464283
0.1356115316152462,0.03893184331585173,0.25,363.75440408037434
0.09782243413973829,0.011080848583582662,0.25,358.31582601890716
0.16899752155662245,0.05,0.2047260273453519,367.16022792902163
0.10225643912742452,0.02217839290964384,0.25,360.238222559138
0.1873187103320682,0.039425634784832825,0.25,363.16056687971854
0.1266666666666667,0.05,0.25,366.7543914243149
0.20000000000000004,0.028659001337205,0.20099350497546203,361.3106055630619
0.19999999999999998,0.00632159128951049,0.22832912945368256,356.9838506032607
0.19469773309092886,0,0.17581897130280363,356.92908164291424
0.19469773309092886,0,0.18222922771306005,356.8727483779008
0.15081915038418175,0.05,0.19950339075064755,367.48378870673235
0.20000000000000004,0.0396805346789063,0.24522166635949708,363.0579872611226
0.2,0.040472180468923716,0.2404433327189941,363.35793577421305
0.13,0.05,0.2326794919243112,367.11843003097687
0.20000000000000004,0.0290132994810244,0.2073318921264316,361.2983688703794
0.0734867611305474,0.03323290296808321,0.25,362.46963764607784
0.2,0.0055905954489481255,0.23304548438171524,356.8003828212634
0.1882388966771505,0,0.20988370136726872,356.67450851279204
0.16248644449479244,0.05,0.19330091826706303,367.4117137339428
0.16293806449914222,0.05,0.20298514848045046,367.2773769820823
0.2,0.02222222222222222,0.25,359.16815857506504
0.16733745363462604,0,0.1896648987008659,357.2589810712033
0.1677302141615129,0,0.1945326230180585,357.19980860525294
0.15333416295259839,0.05,0.2288327864977127,366.9741256464816
0.2,0.05,0.1923076923076923,366.7041917992231
0.10666179143089867,0.01662988732388278,0.25,359.22454917451563
0.1033333333333333,0.05,0.2326794919243112,367.21813461357425
0.18316123666349482,0.05,0.18147028752102634,367.1929517789877
0.1402614970582136,0.033610746616204924,0.25,362.45521625354365
0.1469143128153279,0.05000000000000001,0.2183164663733038,367.23908386647173
0.1439582377856264,0.05,0.21162194451980468,367.3801025069886
0.19999999999999998,0.00632159128951049,0.2219188730434261,357.09001109683646
0.2,0.05,0.1858974358974359,366.7771358189675
0.17292270218067954,0,0.18687762171876549,357.20658790486686
0.1466666666666667,0.05,0.25,366.58990001207076
0.16645597945175897,0.05,0.24078002195231962,366.5487764475513
0.16629831986818902,0.012905761235723876,0.25,358.1437376925751
0.1893954661818577,0,0.1785610195286842,357.00720366756485
0.15176846725165533,0.011265887727060237,0.25,358.0646539045931
0.16428161864448976,0.02425133120274374,0.25,360.1944832732481
0.1826856041017601,0,0.20557116221735033,356.8309227995751
0.07999999999999999,0,0.25,356.7397726612771
0.10666666666666666,0.05,0.23845299461620745,367.0939249138768
0.2,0.016666666666666663,0.25,358.17277760611705
0.1820310859296914,0,0.21254148034599424,356.7460714300643
0.15588423362582765,0.005632943863530119,0.25,357.1904837513512
0.2,0.016771786346844376,0.23759799160668427,358.44148479274423
0.1590333935599222,0.012085824481392057,0.25,358.108978306387
0.11110786095393244,0.011086591549255186,0.25,358.3044287849321
0.08666666666666668,0.05,0.2384529946162075,367.0786679624729
0.0601202060961155,0.03331857249177056,0.25,362.3917856704813
0.12333333333333334,0.05,0.2326794919243112,367.15833261717836
0.15701669233622292,0.02343139444841192,0.25,360.1296199412237
0.16218255349401667,0.018538705099253996,0.25,359.15336155779494
0.15491762718574986,0.017718768344922177,0.25,359.09900153838856
0.1335092604954496,0.05,0.22768006841766855,367.19142042789395
0.1497517660279561,0.0226114576940801,0.25,360.05519159359363
0.18334567735042767,0.02938901036092212,0.25,360.937021245895
0.2,0.011291878528610858,0.16892355629309203,358.446387132391
0.2,0.005645939264305429,0.17100023968500755,357.59587230090847
0.08333333333333337,0.05,0.24422649730810375,366.9389977474023
0.19999999999999998,0.04447236502674015,0.1688706332790792,365.4138572944849
0.2,0,0.17307692307692307,356.84380326727666
0.10444119428726578,0.011086591549255188,0.25,358.31508963425443
0.19999999999999998,0.011912186738458615,0.230605383066167,357.7729162741139
0.08999999999999998,0.05,0.23267949192431125,367.20791536849293
0.18334012227382881,0,0.19860084408870646,356.9075748593214
0.10999999999999999,0.05,0.2326794919243112,367.2081843680558
0.09999999999999999,0,0.25,356.78039683326233
0.09560183699610539,0.005537552808955067,0.24999999999999997,357.4980854827597
0.10222059714363288,0.005543295774627594,0.25,357.50037218717006
0.2,0.016736746453451808,0.24173199440445617,358.3548429443701
0.053436928578899555,0.033361407253614236,0.25,362.33786887495995
0.10666666666666663,0.049999999999999996,0.22690598923241495,367.3275810575647
0.10999999999999997,0.049999999999999996,0.22113248654051867,367.42761081521263
0.11333333333333331,0.05,0.22690598923241492,367.31259204936356
0.050160095864764935,0,0.24420294572750884,356.6434991583375
0.04698685839619656,0,0.23840589145501767,356.7216144895404
0.043493429198098274,0,0.24420294572750884,356.57096938093906
0.1780575154011003,0,0.17130883631222416,357.2637705210177
0.17771993212993958,0,0.16475660213047919,357.31533744293546
0.17235941480057482,0,0.16786683905162858,357.3781209886449
0.027416974020085777,0.024820057114777333,0.25,360.18387866909154
0.021758559067253984,0.02349469310667484,0.25,359.8316464991984
0.0232523344489236,0.029560843604865186,0.25,361.09059310567
0.2,0.044472365026740165,0.16246037686882278,365.4595974099719
0.2,0.05,0.16025641025641027,366.994648222288
0.2,0.044472365026740165,0.1560501204585664,365.49806078565854
0.1619964628391811,0,0.19760467010076035,357.24098731595797
0.16238922336606795,0,0.20247239441795295,357.1758001217848
0.11666666666666664,0,0.24422649730810372,356.86867940284236
0.11333333333333331,0,0.25,356.7618606143013
0.11666666666666664,0,0.2211324865405187,357.2814138485953
0.11999999999999997,0,0.22690598923241495,357.1739854719755
0.12333333333333331,0,0.2211324865405187,357.25391718844764
0.15358909753708538,0.05000000000000001,0.18818219567982974,367.5912286555775
0.1580377710159389,0.05,0.19074155697344639,367.5044180607299
0.15220412396063357,0.05000000000000001,0.19384279321523865,367.54073647263
0.2,0.04443216631252923,0.14963344232611003,365.51871904036017
0.2,0.03886433262505845,0.14542073080606624,364.1106623516866
0.2,0.03890453133926938,0.15183740893852257,364.0941992861537
0.1481250340131897,0.05,0.1885673569207943,367.65056814802136
0.05685169635469352,0,0.23255703124669,356.92571322891183
0.05365352506286322,0,0.23840589145501767,356.78950120653036
0.06002493382326189,0,0.23835408551918114,356.84673409511504
0.1430402710669918,0,0.21015720378042105,357.28390147365235
0.13616723533651937,0,0.2103031275929454,357.3380860918574
0.1394923067666724,0,0.21579528569614587,357.23221370131637
0.19999999999999998,0.01677007696452329,0.14760379815697994,359.4707914489925
0.19999999999999996,0.011180051309682193,0.14968458338670457,358.5386345339969
0.19999999999999998,0.016825990573987624,0.15401815640504546,359.4525552409488
0.13017592716211623,0.05,0.22190656572577228,367.32239269679343
0.1336851876575658,0.05,0.2169071422191296,367.3840755928368
0.015239198858463292,0.03956001991293895,0.25,363.2442536595231
0.018395946330727875,0.03549031973117513,0.25,362.3259954538326
0.014437172023827223,0.03230517977852652,0.25,361.5282484167017
0.09999999999999998,0,0.23845299461620745,357.00878817098436
0.1033333333333333,0,0.2326794919243112,357.1134876542761
0.09666666666666665,0,0.23267949192431123,357.11350462666474
0.18872029963953624,0,0.16545655116519423,357.1200780951597
0.18872029963953624,0,0.1590462947549378,357.15897467291614
0.18308044945930435,0,0.1616463652093298,357.24489665598725
0.18341803273046509,0,0.16819859939107476,357.1963684900881
0.055624619052599716,0.03890760483574283,0.25,363.6705998413208
0.06230789656981567,0.03886477007389915,0.25,363.7210244616397
0.12666666666666665,0,0.22690598923241495,357.14196433550853
0.12983076892222412,0,0.22127792048969316,357.2160986686915
0.1333333333333333,0,0.23845299461620745,356.8948086325966
0.12999999999999998,0,0.23267949192431123,357.022205762587
0.12666666666666665,0,0.23845299461620748,356.93576682520217
0.06759959277014435,0.05,0.23997855071783275,366.94720252702035
0.07426625943681103,0.05000000000000001,0.23997855071783278,366.9905492293459
0.07046646305173887,0.05,0.2449892753589164,366.85454901742366
0.017530608231417902,0.05,0.24545320055089792,366.16900561995953
0.020899428563683903,0.05,0.23955370031122347,366.3637441299145
0.02336882033226602,0.05,0.24410049976032555,366.3070301141767
0.13316410225555744,0,0.2270514231815894,357.09957076795473
0.2,0,0.16666666666666666,356.89055812859164
0.19436014981976812,0,0.16926673712105866,356.986380298923
0.03152305478486241,0.044070523873690065,0.25,364.6800658791514
0.026666666666666686,0.05,0.25,366.22573086928867
0.033333333333333354,0.05,0.25,366.3328001839408
0.13971519963683876,0,0.2046650456772206,357.38710228240774
0.13639012820668575,0,0.19917288757402016,357.4830759987711
0.13284216390636633,0,0.20481096948974495,357.43673139000634
0.12,0.05,0.22690598923241495,367.28762006126465
0.11666666666666667,0.05,0.22113248654051867,367.4076162484248
0.19999999999999996,0.022234214767616063,0.13908478931726462,360.4949650479798
0.19999999999999998,0.016680737921999242,0.13482963305818763,359.4898250555664
0.19999999999999996,0.016725407443261266,0.14121671560758378,359.4837172572796
0.16711174952568203,0,0.17720635021547396,357.3815430352477
0.17269699807173552,0,0.17441907323337358,357.3235153107086
0.16699889747121005,0,0.170977075972778,357.4332472931159
0.15147552462053035,0,0.19324559227711788,357.4153592579324
0.14752277528070318,0,0.18795326158830064,357.51325158812296
0.14618345032780344,0,0.1935887092601542,357.4650975216071
0.07139938915521651,0.05000000000000001,0.23496782607674915,367.0797958492182
0.07759959277014433,0.05000000000000001,0.23420504802593653,367.1313507412833
0.1329948711777816,0,0.21564985174697138,357.2828706427499
0.13632820451111494,0,0.22142335443886763,357.1695734141979
0.14266097048929396,0.04999999999999999,0.18895251816175884,367.70290945244017
0.13979175925004278,0.04999999999999999,0.19438124178026764,367.6645467427681
0.1357126693025989,0.04999999999999999,0.1891058054858233,367.76326206465205
0.1033333333333333,0,0.2211324865405187,357.3090129968253
0.10666666666666663,0,0.22690598923241495,357.21059427711526
0.10999999999999997,0,0.2211324865405187,357.2998028097839
0.14319390635083795,0,0.23301588329059475,356.9170685636713
0.14635800860639542,0,0.22738781454787296,356.98603596645626
0.13976105543097644,0,0.2272196188647312,357.0472435837586
0.17839509867226103,0,0.17786107049396915,357.2051559934128
0.05125614988905733,0.027713613260771548,0.25,361.0866034343532
0.0557291275740211,0.02212545918465705,0.25,360.0178850158667
0.049075371199215116,0.022065819267928857,0.25,359.9384782262047
0.044966895147619874,0.02733033471659019,0.25,360.93602186131807
0.1943512323705262,0.05000000000000001,0.16320640360348387,367.108593936627
0.18870246474105237,0.05,0.16615639695055748,367.21219309683585
0.1887024647410524,0.05000000000000001,0.1597461405403011,367.255120536795
0.1301673427701484,0.05,0.21100115265861547,367.5060262798629
0.1233247489413655,0.05,0.21022707347336186,367.55966040543393
0.126649497882731,0.05,0.20509516309810136,367.61839500218395
0.03637944290305813,0.03814104774738012,0.25,363.2505155215767
0.04266869764449559,0.038524326291561474,0.25,363.42911613718695
0.04085841909602465,0.03259485016525153,0.25,362.018180172648
0.16283017521072196,0,0.1808722238690182,357.4069772360753
0.16294302726519397,0,0.18710149811171414,357.34519923920277
0.16722460158015404,0,0.1834356244581699,357.3234542946102
0.1133333333333333,0,0.23845299461620745,356.9904196601198
0.10999999999999999,0,0.24422649730810375,356.8869571477337
0.048400618947185045,0.05,0.24074167490285392,366.74890688191186
0.05260092842077757,0.05,0.23611251235428093,366.8952969627381
0.05506728561385173,0.05,0.24074167490285395,366.82159552550144
0.05886708199892389,0.05000000000000001,0.23573095026177035,366.9660372478934
0.15013619966763062,0,0.1988810399489715,357.3633817163537
0.14326316393715818,0,0.1990269637614958,357.4281533723013
0.1465882353673112,0,0.20451912186469626,357.3276241453315
0.024268248895949904,0.05,0.23365420007154902,366.54769677876976
0.018430036795101787,0.05,0.23500690086212145,366.41360734383437
0.19999999999999998,0.0055900256548410965,0.1517653686164292,357.7029897776795
0.2,0.011235964919146527,0.15609894163477012,358.5176769287735
0.1837556160016258,0,0.17475083357281973,357.14079271850187
0.16331728120539135,0.05,0.1816667499289109,367.53008321948624
0.16776595468424488,0.05,0.18422611122252752,367.4359831890561
0.16387141807124428,0.05,0.1876403207316541,367.45806694710564
0.09999999999999998,0.04999999999999999,0.22690598923241495,367.3325232728064
0.10888726381029956,0.005543295774627593,0.25,357.49265725391604
0.10666666666666666,0,0.25,356.7756278160767
0.19999999999999996,0.022278884288878087,0.14547187186666077,360.4847760465405
0.19999999999999996,0.02231908300308902,0.1518885499991171,360.46669456237913
0.04666666666666669,0.05,0.25,366.5145914064143
0.0511456428596332,0.04445380241787142,0.25,365.0414698765214
0.04447897619296652,0.04445380241787141,0.25,364.9630996687667
0.1370099365989313,0.05,0.2117752318438691,367.4415772948346
0.1334920917115139,0.05,0.20586924228335496,367.5603100075147
0.10666666666666663,0,0.23845299461620745,357.00420976353763
0.12333333333333334,0.05,0.22113248654051867,367.3776059107446
0.12,0.05,0.2153589838486224,367.4932569652396
0.1133333333333333,0.049999999999999996,0.2153589838486224,367.5182570906142
0.1440459440657458,0.05,0.18329192062634997,367.75141144962646
0.13858188054185008,0.049999999999999996,0.18367708186731452,367.7989872646147
0.14044039289820898,0.05,0.20571595495929051,367.50420910085535
0.030035486998932683,0.05,0.24410049976032555,366.41965793346617
0.03670215366559935,0.05,0.24410049976032555,366.52150856187154
0.048957952385933035,0.03890760483574282,0.25,363.5993585245171
0.04459639500624859,0.010945350183390776,0.25,357.9741607811916
0.04896486416979095,0.005472675091695388,0.25,357.2220351525019
0.04229819750312429,0.005472675091695388,0.25,357.1471312038359
0.12997424682409653,0.05,0.19996325272284088,367.66946075548975
0.1369225480107916,0.05,0.1998099653987764,367.6187337300169
0.07639634258366057,0,0.23252877689144844,357.0601321901986
0.07306300925032724,0,0.2383022795833447,356.93724656407613
0.07986483795849694,0,0.23837763709977608,356.9687043034159
0.2,0.038944730053480314,0.15825408707097893,364.07045920205593
0.09666666666666662,0.04999999999999999,0.2211324865405187,367.4375094329821
0.0933333333333333,0.049999999999999996,0.22690598923241498,367.3274255760087
0.09033195060210442,0.049999999999999996,0.22192570468155143,367.41409232146333
0.08318189864435413,0,0.22189876785315765,357.268644045656
0.07977284796653122,0,0.2165084058175809,357.33981830577983
0.07638006993618443,0,0.22182341033672626,357.241504383286
0.08651523197768747,0,0.2161252651612614,357.36913200263683
0.12666666666666668,0.05,0.22690598923241495,367.2526635993236
0.06319817129183027,0,0.24415113979167233,356.7600008119186
0.06639634258366056,0,0.23830227958334466,356.8957128673328
0.04689459250937289,0.016418025275086165,0.25,358.8934932505145
0.05126306167291525,0.010945350183390776,0.25,358.0467958407169
0.1585486008957619,0,0.18453809752256242,357.4263297379638
0.12666666666666665,0,0.25,356.70737390892134
0.13,0,0.24422649730810375,356.80505689117507
0.12333333333333332,0,0.24422649730810375,356.8413966469853
0.18905788291069697,0,0.1720087853469392,357.067164684206
0.15942274459239075,0.05000000000000002,0.18508095943803748,367.54961296731
0.06379979638507219,0.05,0.24498927535891638,366.8055155125165
0.06000000000000003,0.05,0.25,366.6547348057065
0.05753364280692588,0.05,0.24537083745142696,366.7414081398242
0.09333333333333331,0,0.23845299461620745,357.00421189631226
0.08999999999999998,0,0.23267949192431123,357.1043669169348
0.08666666666666664,0,0.23845299461620748,356.9906172576233
0.06666666666666665,0,0.25,356.66659593615896
0.06986483795849693,0,0.24415113979167236,356.80578488692504
0.09999999999999998,0,0.22690598923241495,357.2151762369764
0.1233333333333333,0,0.2326794919243112,357.05875137537333
0.19436014981976812,0,0.16285648071080222,357.02920601845864
0.2,0.03329649893758768,0.14120801928602245,362.8065433720953
0.2,0.02774302209197086,0.13695286302694545,361.60414554883283
0.19999999999999998,0.027787691613232884,0.1433399455763416,361.5966933542415
0.08999999999999998,0,0.24422649730810375,356.8870874642002
0.08333333333333331,0,0.24422649730810375,356.86908583907075
0.14973688396050328,0,0.21103303498427547,357.207181847488
0.03867764040618242,0.026947056172408838,0.25,360.77708206000284
0.17280985012620753,0,0.18064834747606953,357.26824384917245
0.020000000000000018,0.05,0.25,366.1078843637525
0.019197973165363945,0.042745159865587565,0.25,364.12465467883743
0.016041225693099365,0.046814860047351387,0.25,365.14482936225494
0.12966979974762854,0,0.21015769364377093,357.38424326065683
0.07653150462516362,0,0.24415113979167236,356.8426049014577
0.04510277261278438,0.05,0.23484217466317947,366.835092667037
0.017593919496091806,0.028235479596762692,0.25,360.7119066887381
0.016987902334762724,0.02289800877366002,0.25,359.63377424404285
0.18873831125835777,0.05,0.1724144481617747,367.1624104119764
0.19435123237052618,0.05,0.16961666001374026,367.0618208689332
0.1399302865087523,0,0.23862119029934925,356.84212597027897
0.2,0.05,0.15384615384615385,367.03071343811604
0.1943512323705262,0.05000000000000001,0.1567961471932275,367.14809026452053
0.10333333333333328,0.04999999999999999,0.2211324865405187,367.43757524801725
0.15328484826082267,0,0.2053949530685507,357.24676552862894
0.056826762531431596,0,0.24420294572750884,356.70690841940973
0.2,0,0.16025641025641024,356.93057609951273
0.2,0.00564593926430543,0.16458998327475116,357.64095998328924
0.2,0.00564593926430543,0.15817972686449472,357.67931077527606
0.029712776236391465,0.038141047747380113,0.25,363.1503791414029
0.02485638811819574,0.04407052387369006,0.25,364.57107443629656
0.09999999999999995,0.049999999999999996,0.21535898384862245,367.53816693941343
0.10666666666666662,0.04999999999999999,0.21535898384862243,367.53322708200545
0.05333333333333331,0,0.25,356.5576296777346
0.04666666666666665,0,0.25,356.4895773562539
0.06899117408703162,0.038821935312055474,0.25,363.76145521014314
0.06449558704351582,0.044410967656027735,0.25,365.156487596686
0.0711622537101825,0.04441096765602774,0.25,365.20445312398215
0.16276314433953842,0.05,0.1756931791261677,367.59551573379093
0.16721181781839195,0.05,0.17825254041978433,367.5047554250744
0.03008783820957834,0.014013120126499135,0.25,358.27126750379244
0.026725225473052224,0.009342080084332755,0.25,357.4902945983926
0.025317181477087083,0.013416435793484314,0.25,358.1014270399334
0.14387084919748666,0.05,0.19965667807471196,367.5568430470978
0.10666666666666665,0,0.21535898384862245,357.39491498721435
0.11333333333333331,0,0.21535898384862245,357.381079041383
0.012082451386198713,0.04362972009470278,0.25,364.21538953367076
0.011280424551562642,0.03637487996029034,0.25,362.3974678131222
0.13666666666666666,0,0.24422649730810375,356.75962852569216
0.06020210525898488,0.016537305108542552,0.25,359.0453067052613
0.03456916435458719,0.032211571621070176,0.25,361.845798479072
0.11999999999999997,0,0.23845299461620745,356.9676810095239
0.1328434580633477,0.049999999999999996,0.19453452910433205,367.72008656161046
0.17766005142650956,0.05,0.1784065148863646,367.3267487906457
0.038189721451529074,0.044070523873690065,0.25,364.7782801311223
0.057916818047721245,0.011004990100118971,0.25,358.11940159879646
0.053548348884178885,0.01647766519181436,0.25,358.97407926831187
0.02405436128355967,0.03681568373927763,0.25,362.738548541028
0.08733056787087555,0.049999999999999996,0.21694542013068785,367.4935412207326
0.08399723453754224,0.05,0.2227189228225841,367.38147938287216
0.040000000000000015,0.05,0.25,366.4290923077088
0.06895195387793028,0.005532315008423582,0.25,357.3996710256737
0.17212301967221885,0.05,0.16908469104048565,367.5045491000977
0.1775883583918987,0.05,0.16589041246393016,367.4328358840719
0.1776242049092041,0.05,0.17214846367514738,367.3832797451001
0.12894238804119784,0.005544465836476598,0.25,357.41450947305503
0.05563153083645761,0.005472675091695388,0.25,357.28781858484194
0.12317236415873775,0,0.21001225969459647,357.42169369471867
0.12634472831747554,0,0.2046655355405705,357.4783887861716
0.08659094932217706,0,0.22728912988873443,357.19016024937423
0.09333333333333331,0,0.22690598923241495,357.21060351471874
0.08992428265551039,0,0.22151562719683818,357.2935225267567
0.021954568740560967,0.008745395751317938,0.25,357.3266792237235
0.062285287211263606,0.0055323150084235825,0.25,357.3524440832036
0.06457057442252724,0.011064630016847165,0.25,358.1826487760281
0.0508669761402592,0.05,0.24537083745142696,366.6725992013831
0.09366528393543774,0.04999999999999999,0.21615220198965515,367.5204519936092
0.07298729190583765,0,0.22713841485587166,357.13613083107015
0.07978912061400736,0,0.22721377237230303,357.16791793278827
0.06322310511509219,0,0.2325052253108535,356.9788324972055
0.047147673837462094,0.03297812870943288,0.25,362.182203637944
0.14618891966018388,0,0.2166711169000003,357.1596330656901
0.15288553255369536,0,0.21754694810385472,357.07772650560884
0.03307538897291758,0.02614542112287983,0.25,360.53538835216403
0.03158161359124796,0.020079270624689484,0.25,359.34387802707084
0.11999999999999998,0,0.21535898384862245,357.35806432140447
0.1429251576865339,0,0.2215915501220094,357.11304742871033
0.1496217705800454,0,0.22246738132586383,357.0350232613772
0.009374559026432692,0.046814860047351387,0.25,365.0104994698744
0.08666666666666666,0,0.25,356.7621812728469
0.1268425938287829,0.05,0.21613306303387603,367.44407370876684
0.1495100075896415,0.05,0.1829067593853854,367.6968374466132
0.0376046168047912,0.05,0.23357183697207806,366.76098169003296
0.040902463139191866,0.05,0.2394713372117525,366.68280634987934
0.03340430733119868,0.05,0.2382009995206511,366.60279913654404
0.19999999999999998,0.027827890327443816,0.14975662370879794,361.5815186739787
0.19999999999999998,0.027868089041654744,0.15617330184125428,361.559066975151
0.10999999999999997,0,0.23267949192431123,357.10431599976886
0.1133333333333333,0,0.22690598923241495,357.19683107471684
0.18308954362888397,0.05,0.1689541850985919,367.3058282451049
0.05781230952629988,0.04445380241787142,0.25,365.10955515156957
0.14223070098797624,0,0.18829637857133696,357.5589547055272
0.13931041459733098,0,0.19373463307267855,357.5243952495556
0.0211525419059249,0.018157222283572166,0.25,358.8342437447093
0.016381885173433645,0.01756053795055735,0.25,358.6469155920699
0.13333333333333333,0,0.25,356.6665639802337
0.1831253901461894,0.05,0.17521223630980912,367.25287741978775
0.07333333333333332,0,0.25,356.7076663289548
0.02336261273652611,0.004671040042166378,0.25,356.77539617655657
0.019999999999999993,0,0.25,356.1265722382845
0.018591956004034852,0.0040743557091515595,0.25,356.6180058910773
0.07713312971840555,0.05000000000000001,0.2449892753589164,366.8935855207004
0.07333333333333339,0.05,0.25,366.7541784190535
0.03999999999999999,0,0.25,356.4124045184471
0.017183912008069707,0.008148711418303119,0.25,357.15959205592225
0.2,0.016881904183451958,0.16043251465311098,359.4274073451927
0.2,0.01129187852861086,0.16251329988283564,358.4898076358375
0.04420030947359253,0.05,0.24537083745142696,366.5935053302355
0.15886860772653782,0.05000000000000002,0.17910738863529427,367.618289517977
0.09666666666666665,0,0.24422649730810372,356.8962218684215
0.15626271151684928,0,0.2006767171834622,357.27372090792886
0.15941136011004134,0,0.20719063030304144,357.15127944043326
0.2,0.033376896366009545,0.1540413755509351,362.774730600802
0.028910749401755396,0.030886207612967682,0.25,361.4685570357813
0.053333333333333365,0.05,0.25,366.5898055724136
0.2,0.02218954524635404,0.13269770676786846,360.49833603941875
0.09333333333333332,0,0.25,356.7757226635086
0.08893517032943873,0.005537552808955067,0.25,357.4872745132799
0.08046646305173885,0.05,0.23921577266702015,367.03903278872957
0.06133343919199804,0.05,0.24036011281034336,366.88901935442533
0.010863941564751229,0.05,0.24545320055089792,366.03608050700507
0.008394549796169113,0.05,0.24090640110179584,366.08522073056184
0.015061216462835786,0.05,0.24090640110179584,366.2232760743487
0.1033333333333333,0,0.24422649730810372,356.8962367080355
0.1488621002336029,0,0.18231781391644705,357.55575839677095
0.15281484957343008,0,0.18761014460526432,357.4616895416431
0.15415417452632982,0,0.1819746969334107,357.50237256748613
0.15586995098996242,0,0.1958089928662696,357.33702662003765
0.15720927594286216,0,0.190173545194416,357.3845018079346
0.09666666666666665,0,0.2211324865405187,357.30900526204005
0,0.05,0.25,365.68613660585135
0.004197274898084556,0.05,0.24545320055089792,365.89036769020566
0.006666666666666672,0.05,0.25,365.8395068956633
0.01259182469425367,0.05,0.23635960165269382,366.27069572692005
0.13659695317541895,0,0.23284768760745297,356.97407737968217
0.18305369711157857,0.05000000000000001,0.1626961338873747,367.35180425493945
0.13827795164814907,0,0.18300404788251973,357.64495326811397
0.14357002594087598,0,0.18266093089948338,357.60328529698023
0.1353576652575038,0,0.1884423023838613,357.6127785054767
0.042786116457777655,0.0216825407237475,0.25,359.79298031715035
0.02592319863841616,0.018753906616586984,0.25,359.0181001042165
0.05999999999999998,0,0.25,356.61656148288944
0.2,0.033336697651798614,0.14762469741847878,362.79427549573103
0.17271300305537723,0.05,0.18131631305444607,367.3852303776894
0.17215886618952428,0.05,0.17534274225170288,367.45141283198865
0.15643349685401475,0,0.21190886618812993,357.1211362968685
0.2,0,0.15384615384615385,356.96385718003995
0.14674006043673787,0.049999999999999996,0.19422795445620317,367.59784326647934
0.19436014981976812,0,0.15644622430054583,357.0652948476004
0.16160370231229423,0,0.19273694578356773,357.30222640498744
0.11666666666666663,0,0.2326794919243112,357.086121454434
0.020546524744595823,0.012819751460469495,0.25,357.9281147829423
0.06666666666666671,0.05,0.25,366.70945511319513
0.19999999999999998,0.02237499661255335,0.15830290824718263,360.44458620671463
0.06959451387549086,0,0.232453419375017,357.0236976491323
0.08079841365384328,0.05,0.22846198542426033,367.26112248856583
0.07779703092261442,0.05000000000000001,0.22348170087339678,367.3409698832382
0.013333333333333345,0.05,0.25,365.98008948163033
0.08379979638507215,0.05,0.23344226997512388,367.1740572477083
0.0869986172687711,0.05,0.22769920737344768,367.2983062987751
0.02673764066453202,0.05,0.2382009995206511,366.4953900035012
0.2,0.05,0.16666666666666666,366.9513062666597
0.08319817129183027,0,0.2326041344078798,357.0870219461328
0.1549740711135372,0.05000000000000001,0.18252159814442082,367.6352652555751
0.03010646099679802,0.05,0.23230149928097665,366.6729640317262
0.12951709247621332,0,0.1993188113865445,357.5281495957633
0.0027078923597660203,0.046814860047351387,0.25,364.86338187364885
0.005415784719532041,0.043629720094702784,0.25,364.0745246310318
0.1264974355888908,0,0.21550441779779692,357.32482084944587
0.0651332355770702,0.05000000000000001,0.23534938816925977,367.0275368767201
0.1584357488412899,0,0.17830882327986647,357.48541250830186
0.13243737886685858,0,0.1938805568852029,357.5738439480263
0.16665768095253902,0.05,0.17227896961704114,367.56694390301703
0.07459821003891547,0.05000000000000001,0.22922476347507298,367.21509029271624
0.16271732315624995,0,0.17464294962632224,357.4623707501785
0.09325761598884372,0,0.21574212450494193,357.3890499536764
0.015775868012104566,0.012223067127454676,0.25,357.75133073281916
0.08099585180631336,0.05,0.21773863827172057,367.4574346207838
0.05048028759429485,0,0.2326088371825265,356.86433984425133
0.00812367707929806,0.04044458014205417,0.25,363.31956487800005
0.2,0.016636068400737218,0.1284425505087915,359.48911484385286
0.09999999999999998,0,0.21535898384862245,357.39957215889876
0.0027078923597660203,0.04125930449179584,0.25,363.40593911000076
0.008572532191796621,0.0340044643573834,0.25,361.79358184110794
0.011729279664061204,0.029934764175619577,0.25,360.9601006414882
0.005864639832030602,0.03163404875447646,0.25,361.2088371841655
0.06385588764258772,0,0.22296783549422927,357.14591369802434
0.07011797878938608,0,0.22239562291547776,357.1977791110079
0.0672486656729345,0,0.2176528309750839,357.2539071776559
0.2,0.02770329131511238,0.12416808264417088,361.6079591139237
0.2,0.0332567681607292,0.12842323890324786,362.81899056570865
0.20000000000000004,0.03323690277229996,0.12203084871186058,362.81455769062535
0.1717363740454285,0,0.16197563206349325,357.4259877323798
0.1657528159609174,0,0.15919466199650728,357.52793207723295
0.16637585671606372,0,0.16508586898464264,357.4834764063578
0.03671690593941335,0.05,0.21352217384893457,367.1129779658754
0.0360013995435753,0.05,0.22070673132810711,366.98123642414055
0.031537473788474116,0.05,0.21793238432263157,366.96133534521675
0.03899414357298374,0.010143715133861766,0.25,357.7830105967172
0.03669594606985944,0.0046710400421663785,0.25,356.96793938224465
0.033391892139718896,0.009342080084332757,0.25,357.58756037735975
0.037183865024512805,0.020880905674218492,0.25,359.57057918955206
0.03569008964284319,0.014814755176028146,0.25,358.482976120916
0.06035379199864062,0,0.22776243337045962,357.03893604508903
0.08278170366485295,0,0.21030118577178436,357.4424622707221
0.0895240876760092,0,0.20991804511546489,357.4672046348325
0.17713748008037258,0.05,0.15979581503373133,367.48185392869846
0.04382252953983253,0,0.23235672320196077,356.79642045687507
0.040329100341734245,0,0.23815377747445193,356.6493379252797
0.1029138933948021,0,0.20940680517401664,357.4849278203166
0.10582778678960422,0,0.20345462649941082,357.5625960933144
0.09918036508196758,0,0.2035827257845396,357.5643849157961
0.12259195504561099,0,0.19871335686596467,357.5729912082896
0.12603622494081873,0,0.19354127796384396,357.61652261194973
0.11911108751021643,0,0.19293582344326413,357.65579488842343
0.14416398843975228,0,0.17064590240757146,357.70017140015625
0.1471070068355539,0,0.16446682967009735,357.71550713314963
0.1411737868800116,0,0.16605713350768447,357.7595206227648
0.02483309579399512,0.05,0.22861309873507873,366.65683268114026
0.030821967392636068,0.05,0.22511694180180414,366.8224025290117
0.15415517085719393,0.05000000000000002,0.16748329101223064,367.77997965361897
0.1502606342441933,0.05000000000000002,0.1708975005213572,367.7998559737014
0.14790391580952136,0.05000000000000001,0.16508545170982536,367.8710284571234
0.08579055936317469,0,0.20409396572598784,357.5368060018048
0,0.033288858411723216,0.2448323755310262,361.5618372262777
0,0.038844413967278765,0.2448323755310262,362.8613949812068
0,0.03888888888888889,0.25,362.7564949040416
0.10899304758893519,0.05,0.19796435789359657,367.7889357533268
0.11598678066732229,0.05,0.19863065617001133,367.7602935200793
0.11266203172595678,0.05,0.20376256654527183,367.69990106055536
0.2,0.011092854153865492,0.11768084642130724,358.5711056281872
0.2,0.005545356133579073,0.11973726042600742,357.7533664841224
0.2,0.011090712267158145,0.12408990546739945,358.5751335438897
0.2,0.005545356133579074,0.12614751683626385,357.7554814523171
0.18295966744382317,0.049999999999999996,0.15038589078297104,367.42210541957843
0.18860843507329697,0.04999999999999999,0.1474358974358974,367.319071423608
0.18865544990717467,0.05,0.15359101898809924,367.29040756563813
0.11249445345627089,0,0.20345462649941082,357.5498927150701
0.10958056006146877,0,0.20940680517401664,357.47624754535235
0.11239655053568856,0.05,0.19284280317605432,367.84609606515136
0.1196557648043439,0.05,0.2044288648216866,367.66473941438534
0.11633101586297838,0.05,0.2095607751969471,367.6013414645262
0.2,0.011090712267158147,0.1305001618776559,358.57266547415634
0.17111333329028217,0,0.15608442507535789,357.4680810337477
0.2,0.03886433262505846,0.13901047439580985,364.1299344913623
0.20000000000000004,0.03327663354915844,0.13481562909463518,362.8163191261987
0.15974522650417833,0,0.16291578688374908,357.58457174870216
0.00541578471953204,0.03807416453914723,0.25,362.67994070918473
0.11939028361407568,0.05,0.19350910145246908,367.8126663739205
0.16036826725932465,0,0.16880699387188444,357.5372521263001
0.11566681761500866,0,0.19810790234538483,357.60780033566584
0.1121859500796141,0,0.1923303689226843,357.68503467974716
0.1096643491963117,0.049999999999999996,0.20956077519694713,367.62085449366674
0.2,0.027705433201819726,0.11775902359807866,361.604077895677
0.011925289337368188,0.004074355709151559,0.25,356.5015807180007
0.01333333333333333,0,0.25,356.0131456442715
0.13187679772210925,0,0.1826647689611608,357.6948692752495
0.12888659616236858,0,0.1780760000612738,357.75574060036047
0.12547564379606946,0,0.18232549003980186,357.7362332895616
0.15261735267886525,0.05000000000000002,0.17670954933288902,367.721268239852
0.011729279664061204,0.024379208620064017,0.25,359.8222772653985
0.005864639832030602,0.020522937643365345,0.25,358.97583115645176
0.005864639832030602,0.026078493198920902,0.25,360.04246414062914
0.0523219640664005,0,0.22321822678698594,357.0423867007327
0.0558240597103476,0,0.2184236289107556,357.15143181913373
0.050661544894559055,0,0.21862221426767578,357.0985916720975
0.04050169119614963,0,0.22316469816334036,356.91272337321067
0.03550435231352876,0,0.2275085967020848,356.77706233034024
0.042162110367991085,0,0.22776071068265058,356.85663668293284
0.2,0.01664249406085926,0.10921537337051485,359.4701020156518
0.2,0.022173963631339492,0.11348719848429675,360.4892593373525
0.2,0.022184046121244295,0.1070849469932104,360.4751979883036
0.03016900447696929,0,0.24395083174694307,356.40360563726415
0.023502337810302625,0,0.24395083174694307,356.3038269002512
0.026666666666666658,0,0.25,356.2308983994888
0.16530504601796062,0.049999999999999996,0.15399517732644463,367.7115373951665
0.1712212630491666,0.049999999999999996,0.15689549618008797,367.6017649754408
0.16575592432948674,0.04999999999999999,0.16008977475664346,367.6700273846886
0.0715813975355156,0.05,0.2127108555369608,367.49041966594564
0.06831887730061893,0.05,0.2075146258958895,367.54917171077705
0.07447081133652003,0.05,0.20734617898957794,367.59154050730785
0.1595046692818142,0.05,0.1576919354542382,367.77521156379044
0.011123262502732123,0.019041737796961347,0.25,358.81126195893955
0,0.044444444444444446,0.25,364.1658350004021
0.2,0.04443216631252923,0.13681292950559726,365.5595782740609
0.20000000000000004,0.03884446723662922,0.13261808420442256,364.13701559243117
0.01086652727529418,0,0.24528252466774425,356.06369092261986
0.006666666666666665,0,0.25,355.8907028571609
0.2,0.0221696798579248,0.1263053165764812,360.4994781649996
0.2,0.016638210287444565,0.12203349146269926,359.4896817351126
0.09047464468617314,0.05,0.21084591893087612,367.6010828215745
0.0027078923597660203,0.03570374893624029,0.25,362.05945785544134
0.004197274898084556,0.05,0.23263268773038512,366.1642821497614
0.004197274898084556,0.05,0.23904294414064153,366.0320190084726
0,0.05,0.23717948717948717,365.9730300282091
0,0.02773330285616766,0.24483237553102621,360.365703277697
0,0.03324438349011309,0.2396647510620524,361.6604780595578
0.030029279403192773,0.0046710400421663785,0.25,356.8761921466423
0,0.04439996952283433,0.23842211912076977,364.41100917909006
0,0.03879993904566865,0.23325449465179598,363.09126405020703
0,0.04439996952283433,0.23201186271051338,364.5407159359773
0.004199860608627514,0,0.24528252466774422,355.9376981778196
0,0,0.25,355.75924387695267
0.2,0.02772315670354162,0.13056047283555816,361.609604488675
0.1020942584767697,0,0.19763054710993377,357.63853119004625
0.04564475744961573,0.05,0.2190708678598856,367.14044846627206
0.047963481106669675,0.05,0.22475141602468404,367.06683895435486
0.04046532529867649,0.05,0.2234810783335826,366.99481734617376
0.09626647168716546,0,0.2095349044591454,357.4825512531258
0.17709689137479326,0,0.15886539514234382,357.36084181716313
0.033333333333333326,0,0.25,356.32617582620964
0,0.0055555555555555575,0.25,356.46918948372416
0,0.009898111565874293,0.2451228726840512,357.18985335690047
0,0.011111111111111115,0.25,357.27363097870597
0.17167214136069273,0.05,0.16299009361028682,367.55650094788854
0.1059953650592901,0.049999999999999996,0.20376256654527186,367.7139269934619
0.09980704328038041,0.049999999999999996,0.20425449213816813,367.7109113846945
0.10280472581002548,0.05,0.19845628348649283,367.79067520756826
0.2,0.02772559818162933,0.10495452061590596,361.57841711868423
0.2,0.027715515691724528,0.11135677210699232,361.59477156111177
0.2,0.03325706775210956,0.10922634572968788,362.7984069425999
0.055913968846721715,0.05,0.2301563345664057,367.0504242436659
0.05922700927266587,0.05,0.22420015677853047,367.1957064230837
0.062180122424868034,0.05,0.22977477247389513,367.1159566423399
0.07634381049980143,0,0.21107105448688593,357.4043722385375
0.13870707822729644,0.049999999999999996,0.1728788962037335,367.90109456312416
0.14168922563107383,0.049999999999999996,0.1774798718148181,367.83231401659646
0.1355997331380727,0.04999999999999999,0.17907610625622988,367.87083219653346
0,0.027688827934557535,0.23966475106205237,360.46313287337927
0,0.03319990856850297,0.2344971265930786,361.7540388166099
0.06844627600301435,0.05000000000000002,0.22939321038138455,367.1722483846852
0.1322975485286677,0,0.17382651008274574,357.76977926513587
0.13823076848421,0,0.17223620624515862,357.738872106063
0.1352405669244693,0,0.16764743734527163,357.79574056554594
0.03683567114363595,0,0.24395083174694307,356.4943356397937
0.12895651133146402,0,0.18810302346250235,357.6590758410061
0.10299768252964502,0.04999999999999999,0.20956077519694716,367.630337388824
0.2,0.01113538178842017,0.13688724442705202,358.57048995959354
0.04278404895573044,0.05,0.22916162649838107,366.9190088345691
0.050282204763723616,0.05,0.23043196418948247,366.98512178651026
0.2,0.03882460184819997,0.12622569401303527,364.13699237890654
0.047159449250611954,0,0.22341681214390613,356.98572345814824
0.10874168018440636,0,0.197502447824805,357.63257697789226
0.09042808225220611,0.05,0.19944013467228539,367.76801033947885
0.09361872150147071,0.049999999999999996,0.2047464177310644,367.69918118373647
0.08728400543690852,0.05,0.20553963587209712,367.67392833859367
0.01372151849034411,0.05,0.22627739897975319,366.49225170155734
0.018994883693147006,0.05,0.2299657995256511,366.52488922320543
0.01315667159229889,0.05,0.23131850031622353,366.3841235832917
0.1258963946026279,0,0.1734872311613868,357.8112617240356
0.188608435073297,0,0.14102564102564102,357.23476908822295
0.1829126526099455,0,0.14423076923076925,357.3276187292901
0.188608435073297,0,0.14743589743589744,357.21471661679624
0.19430421753664848,0.049999999999999996,0.15064102564102563,367.18020215445057
0.027004675620605257,0,0.23790166349388614,356.47271543176174
0.021035531752263477,0,0.23923335641468732,356.35493152500817
0,0.008685112020637473,0.24024574536810234,357.10593351396665
0,0.01424066757619303,0.24024574536810236,357.9664776298528
0.1943042175366485,0,0.14423076923076925,357.1168239407257
0.1943042175366485,0,0.15064102564102566,357.0934627670462
0.010517245341403043,0.013704266973858674,0.25,357.89152044520284
0.18302451717618473,0,0.1558411665498096,357.2779340511551
0.1829685848930651,0,0.15003596789028942,357.3055080755894
0.17704095909167364,0,0.15306019648282365,357.39117014730084
0.1263840166924628,0.05,0.19417539972888384,367.7680539166582
0.12298051374570941,0.05,0.1992969544464261,367.7204685208001
0.07120829110162337,0.05,0.2021499493485066,367.6469716258911
0.07761488815181761,0.05,0.20124667778976618,367.6967974188362
0.09253294337433093,0,0.20371082506966837,357.55697703316883
0.19999999999999996,0.011180051309682193,0.14327432697644815,358.5614964350303
0.2,0.0055900256548410965,0.1453551122061728,357.72775566616224
0,0.027777777777777787,0.25,360.2631936057868
0,0.03333333333333334,0.25,361.4581163167699
0.06254004969861003,0.05,0.21824397899065529,367.3311435009917
0.056908285615611925,0.05,0.21851960861373204,367.27491200462356
0.08087740838671428,0.05,0.2064429074308375,367.6374742004921
0.07773333157141671,0.05,0.21254240863064927,367.5283615056055
0.025548602189833167,0.05,0.22142854125590622,366.801618670899
0.07484391777041224,0.05,0.21790708517803212,367.42391973799494
0.0716450968867133,0.05,0.22365014777970832,367.3027914878282
0.06869198373451113,0.05,0.2180755320843437,367.3818226980641
0.0966164040311158,0.05,0.1989482090793891,367.7837000696189
0.005258622670701521,0.015185466820262674,0.25,358.03193298822913
0.07351075681973286,0,0.2170806183963324,357.3009328120707
0.13528775008840838,0,0.17841527898263274,357.71004136734285
0.16620680264101287,0.049999999999999996,0.1661843721868423,367.621829553972
0.16040642590486648,0.05,0.16988113031463586,367.6786181355835
0.041180831694514544,0.05,0.21629652085441012,367.129873294519
0.012599581825882545,0,0.2358475740032327,356.2737215160297
0.008399721217255029,0,0.24056504933548845,356.10919072417863
0.015066387883921693,0,0.24056504933548847,356.22971723357097
0.2,0.03326715024201437,0.10282409423860153,362.7797594067938
0.17105740100716255,0,0.1502792264158377,357.49570029885535
0.1651297752057711,0,0.15330345500837195,357.5666143057411
0.005258622670701521,0.009629911264707115,0.25,357.1567882259226
0.010517245341403043,0.008148711418303117,0.25,357.04016830378185
0.02453786956256611,0,0.2331841881616304,356.5208294452376
0.018568725694224325,0,0.23451588108243157,356.4009906729756
0.2,0.044432166312529234,0.14322318591585365,365.54274047884724
0.07008171935300309,0,0.21164326706563744,357.36151594659765
0,0.04439996952283432,0.2448323755310262,364.27191424522454
0.11624722672813544,0,0.20940680517401664,357.4583884962409
0.019559730591192225,0.05,0.22492469818918082,366.6308713644705
0,0.05,0.24358974358974358,365.83427740551923
0.12255535740542417,0,0.18776374454114342,357.696821183712
0.07291477303307167,0,0.20563370315619098,357.4614723801901
0.0694857355663419,0,0.20019635182549606,357.5111187307378
0.06665268188627331,0,0.20620591573494249,357.4146452900199
0.18866436735641662,0,0.15324109609541764,357.1895773302231
0.13212243917096517,0.04999999999999999,0.18331795249186628,367.8548298576593
0.1518051186294045,0,0.1761387411789729,357.58008203889784
0.030507013430907892,0,0.23185249524082924,356.6332378328158
0.03367134228727192,0,0.23790166349388614,356.56794674458337
0.15995554759334035,0.05,0.16378653288443706,367.7302587598063
0.12279378656082907,0.05,0.18838754673492686,367.8574650554107
0.005258622670701521,0.004074355709151559,0.25,356.37613935182634
0.2,0,0.12820512820512822,357.03051004305655
0.2,0,0.13461538461538464,357.0238087816993
0.2,0.005545356133579074,0.13255777324652027,357.7508967867718
0.051276521532613833,0.05,0.21879523823680885,367.21134699305037
0.12925322793171398,0.04999999999999999,0.18874667611037507,367.81516703869835
0.15651188929186588,0.05,0.17329533982376244,367.7028422110118
0,0.05,0.23076923076923075,366.10239447392087
0.004762121796129776,0.05,0.2275915863939148,366.2746143432544
0.008959396694214333,0.05,0.22945504335506917,366.33226259236017
0.017533193941960845,0,0.24528252466774425,356.1806674743225
0.04129234107610804,0.015616390225557154,0.25,358.6903847031566
0.12930734696892704,0,0.16923774118285878,357.82416696149306
0.17698502680855402,0,0.14725499782330348,357.4160351067049
0.08413992862161095,0.05,0.21163913707190884,367.5704030990287
0.2,0.044412300924099986,0.11760002649369712,365.5618526662777
0.2,0.05,0.11538461538461539,367.09538780732305
0.2,0.044422383414004785,0.11119777500261077,365.55265321102155
0.2,0.00554749802028642,0.1133282013799152,357.7447437614575
0.12914029176718778,0.05,0.17871697688078167,367.9219619101132
0.03225298018431216,0.05,0.21074782684345905,367.0897624803411
0,0.01666666666666667,0.25,358.17256836189796
0.18300668227770087,0.05,0.15654101233517287,367.3902664226955
0.2,0.03882460184819997,0.11981543760277885,364.1349092940451
0.2,0.038834684338104775,0.1134131861116925,364.12803390637623
0.1943042175366485,0,0.13782051282051283,357.1334991056927
0.2,0,0.14102564102564105,357.01051092319193
0.11941959088687322,0,0.20406008101999065,357.51915699319585
0.2,0.05,0.14102564102564105,367.0810712694396
0.2,0.05,0.13461538461538464,367.09547472019136
0.18291265260994546,0.049999999999999996,0.14423076923076922,367.44732124558817
0.020275236987030272,0.05,0.2177401407100083,366.7710048467026
0.02626410858567122,0.05,0.2142439837767337,366.9358989795773
0.2,0.022171821744632145,0.11989625753038897,360.49782100150605
0.12963543833051794,0.05,0.16987415503406067,367.9968339672723
0.13261758573429533,0.049999999999999996,0.17447513064514528,367.9367810974193
0.1261581443634104,0.05,0.17411600126969706,367.98319793153405
0.13572493082351908,0.05,0.1682779205926489,367.9639790786189
0.05748447888218905,0,0.22301964143006575,357.0935193796829
0.05398238323824195,0,0.22781423930629613,356.98205219358806
0,0.03879993904566864,0.23966475106205237,362.9612149821442
0.2,0,0.14743589743589747,356.9905270559721
0.11907448987002962,0,0.1819862111184429,357.7690453110503
0.0759236287313934,0,0.19942648311039446,357.5570794900684
0.07935266619812317,0,0.2048638344410894,357.5034977759476
0.15370429254566778,0.05000000000000001,0.16138869358203178,367.82837525110926
0.1447965707202976,0.05,0.17128266176232176,367.85632774743266
0.12248544223632876,0,0.17773672113991487,357.7928878405546
0.03528589314773725,0.05,0.22789128880727966,366.83898920132515
0.17709046524649488,0.05,0.15364069348152953,367.51716935703763
0.009524243592259552,0.05,0.22441394201859885,366.43884287918655
0.14715328915496956,0.05000000000000001,0.17709471057385356,367.78029022223683
0.2,0.05,0.14743589743589744,367.0594841754144
0.15311459629229296,0,0.16074570478285555,357.6757488712069
0.15373763704743926,0,0.16663691177099088,357.6313387396447
0.008394549796169113,0.05,0.23449614469153945,366.22038256742775
0,0.015453667121429851,0.2451228726840512,358.0695941064396
0.0454990300787705,0,0.21882079962459594,357.04022096142705
0.08879941506149643,0,0.19788674568019132,357.6228494990282
0.09544683676913307,0,0.19775864639506255,357.63528869709154
0.04881986842245341,0,0.22801282466321632,356.92709641908965
0,0.004342556010318736,0.24512287268405117,356.4046084955716
0,0.022222222222222227,0.25,359.16801095416287
0.06098657452613615,0,0.21822504355383543,357.19874140253575
0.01428636538838933,0.05,0.2212362976432829,366.5950800817173
0.1494560627324792,0,0.17030278542453514,357.6511268941191
0.14651304433667758,0,0.17648185816200926,357.6312972065589
0.053595245189667774,0.05,0.22447578640160729,367.1349394463219
0.1711742482152889,0.04999999999999999,0.15074037462788614,367.63393366436304
0.08236152189644491,0,0.1986566143952929,357.59432307949845
0.11920355642919533,0.05,0.18259969374096985,367.9376941717473
0.12566299780008025,0.049999999999999996,0.18295882311641806,367.9010654933702
0.14122097004395068,0,0.17682497514504558,357.67665344514427
0,0.020964747755375282,0.23995524821507738,359.14174464634726
0,0.022177747300612102,0.24483237553102621,359.2693093884752
0.12268085039630289,0.05,0.17835784750533346,367.963484666359
0.19999999999999998,0.0055900256548410965,0.1389448557959164,357.74583554593255
0.188608435073297,0.049999999999999996,0.14102564102564102,367.3407101960003
0.1943042175366485,0.05,0.14423076923076925,367.20540690929596
0.1943042175366485,0.05,0.13782051282051283,367.22342802086797
0,0.01975174821013846,0.23507812089912855,359.01403768309086
0.06549316285081219,0.05,0.2238185946860199,367.2560309352763
0.15608669294436456,0,0.17247286752542867,357.5617079320686
0.17704345041261718,0.04999999999999999,0.14748557192932768,367.5458616145036
0.11563021997482185,0,0.1871582900205636,357.7305241241332
0.11580005348244195,0.05,0.18772124845851207,367.8956822046248
0.2,0.016640352174151912,0.11562443241660705,359.4833441257122
0.08402148520201186,0.05,0.20034340623102576,367.73714365669883
0.09680936075073532,0.04999999999999999,0.21005270078984342,367.6225667170479
0.15912218574903203,0,0.15702457989561375,357.6261179287374
0.2,0.033246985262204765,0.11562859722077423,362.8100063705438
0.06542946349961448,0.05,0.21287930244327238,367.4438956691439
0.2,0.044412300924099986,0.13042053931420994,365.56396472209525
0.06381962820620474,0,0.21221547964438894,357.31051951395256
0.037164771485370215,0,0.232104609221395,356.7193864530633
0.14181442331652022,0.05,0.16668168615123713,367.92204390856915
0.2,0.03884476682800958,0.10701093462060615,364.1141104108451
0.06672520075903929,0,0.22771062743462314,357.0875657802232
0,0.026475828389320714,0.23478762374610357,360.31097764458167
0.2,0.01109499604057284,0.11127178737521502,358.5601732118245
0.2,0,0.11538461538461539,357.0238136645508
0.2,0,0.1217948717948718,357.0305116706737
0,0.01302766803095621,0.23536861805215353,357.86321893213784
0.17721687014659399,0,0.1282051282051282,357.45178800493005
0.17152108768324248,0,0.13141025641025642,357.53778726900924
0.17721687014659399,0,0.1346153846153846,357.44513245919785
0.1533008457707366,0,0.15385601881055525,357.7102449509637
0.14729325631399753,0,0.15757714369779705,357.7544994128459
0.027266831330605742,0.05,0.2013734727251811,367.1461705088937
0.032542503899573846,0.05,0.20444077994822088,367.1887101924937
0.026977307615344056,0.05,0.20768051962041928,367.05063096846226
0.16559346188185103,0,0.14084474141304706,357.6054520010641
0.15954027856551561,0,0.14390553712565102,357.67578380960146
0.16536161854381107,0,0.1470740982107095,357.589219420661
0.07355205252131315,0.05,0.19646359865130927,367.73846607353306
0.06866964443296508,0.05,0.19743512255068352,367.6937614178891
0.2,0.03886837033413453,0.08773918897770863,364.02704478894015
0.2,0.044434185167067264,0.09194651756577739,365.47670312298214
0.2,0.04443418516706727,0.08553626115552099,365.43594361459475
0.1829126526099455,0,0.13141025641025642,357.35404197067015
0.1357542116468838,0,0.15639642161885398,357.8606019926539
0.13007781405254878,0,0.1523612175932323,357.91905161195785
0.12982099169134154,0,0.15798672545644113,357.8926804559014
0.024958151709243905,0,0.22789229776795844,356.61921642709905
0.030896562639615634,0,0.22460324487107408,356.76201785435103
0.021991158761637642,0.05,0.19830616550214133,367.094773642578
0.021701635046375956,0.05,0.2046132123973795,367.0026422738675
0.2,0.005547498020286421,0.1069179449696588,357.7291149924599
0.2,0.005547498020286421,0.10050768855940238,357.7067661205346
0.2,0,0.10256410256410256,356.99053097290516
0.01940928998757992,0,0.22393210029508764,356.5960470039807
0.01898900784090212,0,0.2292239906887596,356.5008594134796
0.188608435073297,0,0.11538461538461539,357.24792340403314
0.188608435073297,0,0.10897435897435898,357.2345608505669
0.1829126526099455,0,0.11217948717948718,357.343968129961
0.12995881384955973,0.05,0.16432402076512234,368.03645019745267
0.13604830634256088,0.05000000000000001,0.16272778632371057,368.0015032317033
0.188608435073297,0.05,0.08974358974358976,367.25395128324976
0.1829126526099455,0.05,0.09294871794871795,367.38931247361955
0.18291265260994552,0.05000000000000001,0.08653846153846156,367.34949105778475
0.2,0.05,0.08333333333333334,366.95131810962937
0.2,0.04443418516706727,0.0791260047452646,365.38790134849233
0.10846516419716569,0,0.18612678880086353,357.75899931025197
0.15348709524918022,0,0.14696633283825494,357.7368907765517
0.15930843522747568,0,0.15013489392331344,357.6561178085548
0,0.008685112020637473,0.23383548895784595,357.22545223093033
0,0.004342556010318736,0.23871261627379475,356.5280523701281
0,0.004342556010318736,0.23230235986353837,356.6447930264362
0.188608435073297,0,0.1282051282051282,357.25456212851867
0.1829126526099455,0,0.125,357.357314254713
0,0.04454547129639714,0.2193393142581054,364.81166853328807
0,0.03909094259279427,0.21431965415723647,363.49968230568646
0,0.04454547129639714,0.21292905784784902,364.9169945559572
0.12364361233167714,0,0.16716727193747502,357.8702179557552
0.12023265996537802,0,0.17141676191600308,357.8547212706422
0.11823670005563452,0,0.15947129482888245,357.9424961724804
0.11231614305717741,0,0.16302633344670753,357.9400328121732
0.11797987769442728,0,0.1650968026920913,357.90883990598195
0.13637168186160264,0.05,0.15717765205477222,368.0334377297715
0.142137798835562,0.05,0.16113155188229877,367.9574759845577
0.020988436016703114,0.05,0.2111766765536939,366.8909895579731
0.014999564418062172,0.05,0.21467283348696853,366.72031751537315
0.177216870146594,0.05,0.13461538461538464,367.57909366863646
0.17721687014659404,0.05000000000000001,0.12820512820512822,367.5863539409358
0.1829126526099455,0.05,0.1314102564102564,367.4761539264419
0.09757932253706111,0,0.1788917074593427,357.83459704743746
0.09108919650885107,0,0.1809590039525471,357.8082194040062
0.09465268671187288,0,0.18522338686629225,357.77248829428294
0.013860428265915936,0,0.21997190282221687,356.56372956346064
0.019798839196287665,0,0.2166828499253325,356.7158617611424
0,0.0336364138891914,0.21571025046662393,362.18721441859185
0,0.03349091211562859,0.22197254250877546,362.0500430810366
0,0.0276422569473553,0.21716315406720677,360.8609882680714
0.01571276344773501,0.05,0.20810936933065413,366.83722295365305
0.010237442621932394,0.05,0.21144022145202807,366.673397865412
0.15970777167232236,0.04999999999999999,0.1508460588885132,367.8079533039626
0,0.03334541034206578,0.22823483455092702,361.90565121370935
0,0.027351253400229678,0.2296877381515099,360.5853084272808
0.2,0.005555146845306129,0.08124706883631977,357.5998838482394
0.2,0,0.08333333333333334,356.8905273896197
0.2,0.005555146845306129,0.08765732524657618,357.6425424691651
0.2,0.044371788298881075,0.07274765741320223,365.3160691511685
0.2,0.04437178829888107,0.06633740100294581,365.2534202731073
0.2,0.03874357659776215,0.0685722379033275,363.8389817233375
0.1829126526099455,0.05,0.13782051282051283,367.46532115536473
0.18291265260994552,0.05000000000000001,0.125,367.47981955881966
0.20000000000000004,0.04441230092409999,0.12401028290395354,365.56648152158937
0.07995864957150739,0.05,0.19556032709256888,367.7839218058614
0.08230241099119717,0.05,0.18987397639537154,367.86372418697755
0.08636524662170164,0.05,0.19465705553382845,367.81989798310724
0.05481523018260212,0,0.19700049799833133,357.43494311315885
0.05697327298236645,0,0.20110755745418415,357.40444937657816
0.06107146147458984,0,0.19654489518398727,357.494913223578
0.10502089430195793,0,0.19129886770298424,357.70923826925537
0.0888020922794523,0.05,0.18788359524681558,367.9080087037457
0.2,0.05,0.12820512820512822,367.10259140404116
0.188608435073297,0.05,0.13461538461538464,367.3551068960973
0.07879803169342309,0,0.19439223148154774,357.6304979080548
0.036283450730944244,0,0.21301009596257447,357.014906867903
0.031286111848323375,0,0.2173539945013189,356.8820708074268
0.035893901522236496,0,0.22025934633232963,356.9003481333514
0.005475320825802617,0.05,0.2082076094170876,366.61816535814734
0.010950641651605234,0.05,0.20487675729571367,366.78704710053165
0.09773861922545807,0.05,0.17911975381124673,368.0140997844209
0.1014900953466171,0.05,0.18540128850536333,367.9495955472407
0.09530177356770742,0.05,0.1858932140982596,367.94197930746975
0.2,0.05,0.10256410256410257,367.05942451187553
0.1943042175366485,0.05,0.10576923076923075,367.2052734195004
0.1943042175366485,0.05,0.09935897435897437,367.1801440981075
0.1597721219035556,0,0.13767618032798856,357.6890772761314
0.1537189385872202,0,0.1407369760405925,357.75361766372504
0.04089124040485737,0,0.21591544779358518,357.03051495769756
0.09905324968886645,0.05,0.19217474879237623,367.8716024774446
0.10864507441452952,0.05,0.18656126848193771,367.92858151291045
0.10489359829337049,0.05,0.18027973378782108,368.0005165208185
0.1120485773612829,0.05,0.18143971376439547,367.9750479832606
0.2,0.05,0.12179487179487182,367.10256243308504
0.19430421753664853,0.05000000000000001,0.125,367.237737416624
0.19430421753664853,0.05000000000000001,0.11858974358974361,367.23410766715637
0.17128924434520254,0,0.14404986961817529,357.51491064747984
0.10976203922974928,0.05,0.17496761331974084,368.042670907131
0.2,0.011094996040572841,0.10486153096495862,358.54219696818825
0,0.05,0.21153846153846154,366.4391511694043
0.004762121796129777,0.05,0.214771073573402,366.499440330812
0,0.05,0.21794871794871795,366.33508800698166
0.188608435073297,0,0.1346153846153846,357.24797872058656
0.1943042175366485,0,0.13141025641025642,357.14339363751407
0.004199860608627514,0,0.2388722682574878,356.0602956978481
0.004199860608627514,0,0.23246201184723142,356.1761899996283
0,0,0.23717948717948717,356.00727872300286
0.1598811914062992,0.04999999999999999,0.14438612798482656,367.8314157393944
0.16565188548591422,0.049999999999999996,0.1410753155190713,367.7577180458934
0.16547846575193742,0.04999999999999999,0.14753524642275795,367.73832990082695
0.10130010841950952,0,0.18509528758116348,357.77657829243714
0.009524243592259554,0.05,0.21800368560834246,366.5514166349164
0.004762121796129776,0.05,0.22118132998365841,366.39112187173583
0.1943042175366485,0,0.09935897435897437,357.09332032631255
0.1943042175366485,0,0.10576923076923078,357.11673591868345
0.1715210876832425,0.049999999999999996,0.13782051282051283,367.6721264525638
0.1713476679492657,0.04999999999999999,0.1442804437241995,367.6567322387604
0.188608435073297,0,0.08333333333333334,357.1141197368825
0.1829126526099455,0,0.08653846153846154,357.2367066367082
0.188608435073297,0,0.08974358974358974,357.1542666125158
0.1943042175366485,0.05,0.13141025641025644,367.23422151128557
0.18860843507329703,0.05000000000000002,0.12820512820512822,367.3623364574951
0.17152108768324248,0,0.13782051282051283,357.5277484615878
0.165825305219891,0,0.13461538461538464,357.6153120469507
0.07523454149040129,0,0.19012784856780257,357.66096110298776
0.08167243465545279,0,0.189357979852701,357.697982898063
0.07810894445243098,0,0.18509359693895586,357.72698214714546
0,0.05,0.22435897435897434,366.2228357751538
0,0.04454547129639713,0.2257495706683618,364.69815344121366
0.05855024020176863,0.05,0.21276026417394875,367.3864860309869
0.1943042175366485,0,0.08653846153846155,357.0265818743707
0.1943042175366485,0,0.09294871794871795,357.0633008911766
0.04723836728263991,0,0.21306825317257336,357.14586581049684
0.04263057760872678,0,0.21016290134156262,357.13497658185645
0.2,0.022191694946264003,0.1006448400906406,360.4534670323428
0.2,0.027733247006649038,0.09851441371333616,361.5541702512203
0.05414021930229787,0,0.2071171213636306,357.29981312791494
0.05071704169037873,0,0.20156316026852822,357.33884948518113
0.06322950427435417,0,0.2006519546398401,357.46187245843043
0.16582530521989103,0.05,0.13461538461538464,367.76970183036616
0.08473925664894782,0.05,0.18310051610835865,367.9480064752442
0.09123893793720295,0.05,0.1811101349598027,367.98621008635445
0.025347700917951646,0,0.22064304739820328,356.74351381644755
0.2,0.0444223834140048,0.10478751859235436,365.53353474346693
0.2,0.03884476682800958,0.10060067821034974,364.09027195063805
0.2,0,0.07692307692307694,356.8438366974135
0.2,0.005554183934070786,0.07489619351663704,357.5507249619938
0.06732769276657756,0,0.1960892923696432,357.5467065244523
0.17721687014659399,0,0.14102564102564102,357.4318506890342
0.13594046112532743,0,0.14950673564655367,357.8909161568834
0,0.013903093041865171,0.23026873245755983,358.097166852026
0,0.009560537031546435,0.22873560336325224,357.4454586425866
0.038358860525570054,0.05,0.20776282940915128,367.2263643797389
0.044464740866827945,0.05,0.2047778319748435,367.3525465862454
0.04282278628067124,0.05,0.2105371764146268,367.244729128142
0,0.02749675517379249,0.22342544610935833,360.7267586125621
0,0.0216481000055192,0.2186160576677896,359.65195396269024
0.2,0.011109330779376914,0.07922018542987987,358.4040237932382
0.2,0.011108367868141572,0.07286931011019715,358.3521534165557
0.07236013852837159,0,0.1951621001966493,357.589006630852
0.2,0.05,0.09615384615384616,367.03069334568727
0.2,0.04442238341400479,0.09837726218209794,365.5072499302693
0.188608435073297,0.05,0.09615384615384615,367.29009135061233
0.188608435073297,0.05,0.10256410256410255,367.3190086431312
0.1829126526099455,0.05,0.09935897435897435,367.42191111461074
0.048977704486509316,0,0.20731570672055077,357.2454086517482
0.052400882098428456,0,0.2128696678156532,357.20225340391545
0.1295641693301343,0,0.16361223331964997,357.8610522390798
0.13549738928567656,0,0.16202192948206282,357.8307998094825
0.2,0.03885656858107205,0.09416993359402918,364.06231657934796
0.06516964996681324,0,0.19198223291379038,357.57847603281726
0.05756339691421702,0,0.21267108245873304,357.2531104336999
0.013440146119238138,0,0.2252637932158888,356.47174136431994
0.11691701829766171,0.05,0.17612759329631522,368.01041224937927
0.17152108768324253,0.05000000000000001,0.13141025641025644,367.6829813647846
0.032832027614835536,0.05,0.1981337330529827,367.28008870642975
0.2,0.005555146845306129,0.09406758165683259,357.6785013229769
0.2,0,0.08974358974358976,356.9305183147121
0.2,0,0.09615384615384616,356.9638094726907
0.03864838424083174,0.05,0.2014557825139131,367.3214370124184
0.08459907048064103,0,0.18302630044575147,357.77234777057555
0.2,0.027693490733352456,0.07292370182894997,361.3730743776488
0.2,0.02214682283368931,0.06869389060032242,360.2254342861979
0.2,0.022209219701875504,0.07507223793238478,360.29520548039113
0.03802278793481365,0,0.20725754951055186,357.1181852671509
0.03167566105703112,0,0.2101047441315637,356.9933966920434
0.188608435073297,0,0.10256410256410257,357.2144511660397
0,0.03894544081923146,0.22699220260964442,363.24578900137493
0.188608435073297,0,0.09615384615384616,357.18773315364126
0.10740386955047199,0,0.16831479145091927,357.91457637895854
0.1096566518214227,0,0.17463475067483106,357.862041633743
0.11456892532812814,0,0.16934629267061932,357.89075177321325
0.057449844505931685,0.05,0.20191187280985934,367.53879953838464
0.05057062120808585,0.05,0.20179283454053576,367.4683090998606
0.0549111978372734,0.05,0.19719704601203628,367.577184111954
0.19430421753664853,0.05000000000000001,0.08653846153846155,367.1079282857528
0.19430421753664853,0.05000000000000001,0.08012820512820515,367.06088843457337
0.2,0.022199343771283714,0.0942047331880708,360.42478227479734
0.2,0.027745048759711517,0.09208366909701562,361.52397313838475
0.06039645059428559,0,0.20666151854928655,357.3613176137398
0.2,0.03880597346594834,0.07495058523538987,363.9138783128751
0.2,0.03886837033413453,0.08132893256745224,363.9815720113367
0.02573725012665939,0,0.2133937970284481,356.8590841373366
0.12419498175091857,0.05,0.1620937665561041,368.08730223870253
0.11810777413323563,0.05,0.1654136466160242,368.09365525381844
0.11843114965227741,0.05,0.15986351234708585,368.1296704744573
0.1943042175366485,0,0.11217948717948718,357.13343140812646
0.1943042175366485,0,0.1185897435897436,357.14339037696993
0.1943042175366485,0.05,0.09294871794871795,367.1476853792172
0.027556355045867433,0.05,0.19506642582994294,367.2341408511088
0.188608435073297,0.05,0.11538461538461539,367.35497140251175
0.18291265260994552,0.05000000000000001,0.11858974358974358,367.47613046710563
0.18291265260994552,0.05000000000000001,0.11217948717948717,367.46528627441853
0.12390043469288439,0,0.1615417640742662,357.9054887277979
0,0.014778518052774133,0.22516884686296612,358.3294643754628
0,0.010435962042455397,0.22363571776865854,357.6638146577915
0.054560430704927235,0.05,0.20727654935724224,367.4322078972766
0.061439654002773084,0.05,0.20739558762656587,367.496157935617
0.01642596247740785,0.05,0.20154590517433973,366.945796396557
0.08523592485847462,0,0.19362236276644618,357.6632720153573
0.10524157146777613,0.05,0.19168282319947993,367.8745408702094
0.2,0.016650142885878967,0.10277526646794503,359.4508869711942
0.1306055648876433,0.05,0.15322375222724566,368.0989136927647
0.13657478425211084,0.05,0.15033177548904725,368.0668165245327
0.15411049732668414,0.049999999999999996,0.14769694045058182,367.89518193283203
0.15428391706066094,0.05,0.14123700954689516,367.9153142980353
0.008399721217255029,0,0.23415479292523206,356.2270167320864
0.14831012059053772,0.05,0.1513936985783754,367.9475625905434
0.14254400361657837,0.05,0.14743979875084884,368.0249197208693
0.1485132229810459,0.05,0.14454782201265043,367.973223281775
0.2,0,0.10897435897435898,357.0105323701919
0.14234090122607018,0.05,0.1542856753165738,367.995399977873
0,0,0.24358974358974358,355.88661290910187
0.2,0.011102644865592549,0.0984214240623888,358.5184570471807
0.2,0.0333025555012018,0.08353186038963989,362.68171834356116
0.2,0.027755887601538652,0.07930204916101233,361.439737574545
0.2,0.027756850512773996,0.08565292448069507,361.4864596064316
0.09286492790995676,0.05,0.19266667438527246,367.85994949248914
0.11234394203459447,0.05,0.16318339240700597,368.12934018884886
0.1943042175366485,0,0.08012820512820513,356.98316309045094
0.188608435073297,0.05,0.10897435897435898,367.34053611972854
0.2,0.01665779171089868,0.09633515956537522,359.4247181251519
0.07020209572860725,0,0.1910550407407965,357.62241954750056
0.2,0.02221018261311085,0.08142311325206751,360.34585742989407
0.2,0.0166635147134477,0.07719330202343996,359.30270392821853
0.2,0.016664477624683045,0.0835441773431227,359.3505284003604
0.15390739493617595,0.05,0.1545428170163068,367.8659807171302
0.12387160623187679,0.05,0.16764390082504244,368.04948651329283
0.009240285510610624,0,0.22357101213788816,356.42259130540583
0.06613099776430678,0.05,0.19272029575286043,367.7348209666269
0.059251774466460946,0.05,0.19260125748353682,367.6777978360351
0.0635923510956485,0.05,0.18800546895503734,367.7701502721043
0.14747950579244115,0,0.15068745772549674,357.7856414383732
0.008820003363932826,0,0.2288629025315601,356.32714459374756
0.004620142755305312,0,0.22717012145355947,356.2750952238041
0.06847475918399656,0.05,0.18703394505566312,367.81888880212955
0.2,0.011110293690612259,0.091981317159819,358.4877633245883
0.12451835726996036,0.05,0.15654363228716575,368.11952830909604
0.13028218936860153,0.05,0.158773886496184,368.0704767726168
0.188608435073297,0,0.1217948717948718,357.25455724035737
0.1829126526099455,0,0.1185897435897436,357.3540055509081
0.2,0.03327895199507684,0.096393349622281,362.7543954715005
0.2,0.03329075374813932,0.08996260500596044,362.7217151170896
0.07335716727234465,0.05,0.18606242115628888,367.8620016951247
0.07101340585265487,0.05,0.1917487718534862,367.78154255946146
0.2,0.022211145524346193,0.08777398857175026,360.3897519844196
0.1168217075990789,0,0.1756662518945311,357.83375593950564
0.05891341867482552,0,0.19243783572813444,357.52413570337603
0.14810701820002953,0.05,0.15823957514410036,367.91349764899286
0.11463048016612809,0.05,0.1696554928516606,368.0742942550799
0.10747550109821566,0.05,0.1684955128750862,368.1014577590699
0.09837347259432129,0,0.191426966988113,357.71017037625535
0.04892866662192914,0.05,0.20755217898031902,367.36606059751745
0.07589581394100293,0.05,0.19077724795411194,367.82263851526596
0.05291847611877053,0.05,0.21303589379702556,367.3252966329233
0.047286712035772435,0.05,0.21331152342010234,367.2567737196545
0.2,0.05,0.07692307692307694,366.90070635502803
0.11190943409237344,0,0.18095470989874285,357.80179209377957
0.07307649869063695,0,0.18602078911194975,357.6921991425704
0.044754264582089635,0.05,0.19847078507960533,367.4437441394519
0,0.020627173221047426,0.22997823530453487,359.2681770343845
0.10474437831471728,0,0.17992320867904277,357.8236426725753
0.14161685871966248,0,0.15354193967217536,357.827407055014
0.1829126526099455,0.05,0.10576923076923075,367.4472869807582
0.1829126526099455,0,0.13782051282051283,357.34414346219586
0.2,0.01666544053591839,0.08989505266280542,359.3915954775251
0.18860843507329703,0.05000000000000001,0.1217948717948718,367.3622515843219
0,0.021502598231956386,0.22487834970994114,359.5206659892269
0,0,0.23076923076923075,356.12124131865545
0.2,0.05,0.10897435897435898,367.08098933242076
0.2,0.03317776176482941,0.07077516572551515,362.5474050532864
0.2,0.033240158633015604,0.07715351305757752,362.6181631439616
0.044369914812596195,0,0.20441035488954004,357.23333619819687
0.06432906780377753,0.05,0.20203091107918297,367.59835371372793
0.14143060924121886,0,0.16043162564447566,357.79275383305117
0.06179042113511924,0.05,0.1973160842813599,367.6409408965118
0.01301986397256034,0,0.23055568360956075,356.3750720151763
0.08816256068366285,0,0.18729068335949667,357.7399825911727
0.07823957536069272,0.05,0.18509089725691463,367.8994889510896
0.2,0.05,0.08974358974358974,366.99464710651574
0.1829126526099455,0,0.10576923076923078,357.3272019918722
0.1943042175366485,0,0.125,357.14674182411204
0.12415725705409164,0,0.15591625621105737,357.93550243907526
0.2,0.03874357659776215,0.0621619814930711,363.77178016915406
0.2,0.03311536489664322,0.06439681839345279,362.4694440715352
0.18860843507329703,0.05000000000000001,0.08333333333333336,367.21048333549226
0.2,0.044371788298881075,0.0599271445926894,365.18334048536644
0.2,0.05,0.06410256410256412,366.77708304147046
0,0.03909094259279426,0.22072991056749286,363.3930934227708
0.2,0.027631093865166267,0.06654535449688762,361.29920828967647
0.2,0.011110293690612259,0.0855710607495626,358.4491367749433
0.033121551330097226,0.05,0.19182668615774456,367.3638980221495
0.038937907956093434,0.05,0.19514873561867493,367.40894044688156
0.1943042175366485,0.05,0.11217948717948718,367.2232363952502
0.12039431226476925,0.05,0.17188574706067883,368.0329879960545
0,0.015653943063683097,0.22006896126837242,358.56011150244836
0.2,0.05,0.07051282051282053,366.842610153089
0.1829126526099455,0,0.09294871794871795,357.27362028382305
0.1829126526099455,0,0.09935897435897437,357.3037854022111
0.17721687014659399,0.049999999999999996,0.14102564102564102,367.56466625763784
0,0.005217981021227698,0.22720247426894466,356.85085792986047
0.10260706016183686,0.05,0.17380763334316646,368.0630442909271
0.16005461114027597,0.05,0.1379261970811399,367.8474738142324
0.06804405292884294,0,0.18694798128494367,357.6520141787995
0.09172605088668466,0,0.19155506627324181,357.7019057781465
0.1476657552708848,0,0.14379777175319644,357.8089332097316
0.1418031081981061,0,0.14665225369987506,357.85421002280805
0.0630116071670489,0,0.18787517345793753,357.6064272558327
0.10249159604376656,0,0.173603249455131,357.8794311240467
0.2,0.016662551802212357,0.07084242670375723,359.2481220610993
0.2,0.05,0.05769230769230771,366.7041250201723
0,0.05,0.1987179487179487,366.62296352574003
0,0.05,0.1923076923076923,366.7031307838002
0.005475320825802618,0.05,0.19538709659657477,366.794317557168
0.028229529424978854,0.05,0.1823650221497186,367.39054378396247
0.02782837321422416,0.05,0.18869145990243347,367.315281830997
0.022535195098351092,0.05,0.18555623364712243,367.2577717267427
0.2,0.03466550781010187,0.04060840144243962,362.5211245742943
0.2,0.038747330654621034,0.04344443915038403,363.5333624007413
0.2,0.04029184248279136,0.03811695109801684,363.8362143794171
0.18282701345071714,0,0.08023851813479553,357.1954732299571
0.18852279591406865,0,0.07703338992966732,357.06974582603715
0.177216870146594,0,0.1217948717948718,357.4517526701718
0.2,0.05,0.051282051282051294,366.6236017315658
0.1947627570153012,0.05000000000000001,0.048416402366831736,366.7081107360126
0.2,0.05,0.044871794871794886,366.5352642402397
0.16012952275653952,0.05,0.125,367.86122720355394
0.16012952275653952,0.05,0.1185897435897436,367.8576280080919
0.16582530521989103,0.05,0.1217948717948718,367.77703322509814
0.07911560225457351,0.05,0.17911460126472398,367.96516752439464
0,0.033782811097852375,0.20968751999520724,362.3137203065319
0,0.039237339801455245,0.20829692368581978,363.6284188985309
0.2,0.0362100196382722,0.03528091339007244,362.79942837553006
0.2,0.031396569125891984,0.030241051710534587,361.62017740755863
0.2,0.029852057297721658,0.03556853976290178,361.3707469145625
0.054893029955468214,0.05000000000000002,0.17914748720410384,367.7824137848535
0.05437827092065181,0.05000000000000002,0.18411217353465156,367.7266088559977
0.04977123083315346,0.05000000000000001,0.18216552582445866,367.6963391968415
0.2,0.0331191189535021,0.05208953246102214,362.3266247929955
0.2,0.038747330654621034,0.04985469556064044,363.6226776999695
0.2,0.03312099598193155,0.045935889494806814,362.2450691755203
0.2,0.04437366532731052,0.04095298880596125,364.9313768576325
0.2,0.05,0.03846153846153847,366.43911254619405
0.2,0.04591817715548084,0.03562550075359406,365.2610254162102
0.2,0.016839829326822302,0.05818552245328966,359.14967029011314
0.2,0.011285645392751517,0.05380214944947315,358.1838546057491
0.2,0.011197006630446545,0.06013060157470694,358.2418897671312
0.06921028222556017,0,0.1768682279331848,357.7543887003155
0.06476095111212476,0,0.17275554343029925,357.75760414187386
0.06417783646376614,0,0.1777954201061787,357.7115038765367
0.2,0.0211892272588518,0.020934365862633975,359.3887310522245
0.2,0.024346072053271623,0.016837319794807605,359.91669079247373
0.2,0.020540965278492876,0.015149473336901049,359.16250213281296
0,0,0.22435897435897434,356.22851913870824
0,0.005217981021227698,0.22079221785868824,356.9554729079985
0.18892531065263585,0.05,0.06453064245491803,367.03341834567965
0.1833879659789538,0.05,0.0679498098362232,367.18245870428285
0.18368806766793705,0.05,0.06166499353969848,367.1090812146559
0.16012952275653952,0.05,0.13141025641025644,367.8575624488322
0.16582530521989103,0.05,0.12820512820512822,367.7769995028241
0.17721687014659399,0.05,0.10256410256410256,367.5428956843107
0.2,0,0.05769230769230771,356.6635052744028
0.2,0.005554183934070785,0.062075680696124215,357.4315647751733
0.2,0.005642822696375759,0.05574722857089043,357.374952174564
0.034325019962361314,0.05,0.17284737289959984,367.5772464379465
0.033923863751606616,0.05,0.17917381065231475,367.5135108294855
0.028630685635733552,0.05,0.17603858439700368,367.4584252067901
0.08561528354282863,0.05,0.17712422011616802,368.01022628071735
0.19446265532631793,0.05,0.06111147507361287,366.8739737843095
0.19476275701530119,0.05,0.054826658777088144,366.7921107140446
0.058985311008150146,0.05,0.18605882124484444,367.75121254775195
0.0546447343789626,0.05,0.19065460977334392,367.65590668607257
0.04395883332415594,0,0.1914451851450381,357.3844621534001
0.044743429347571306,0,0.19817358171351085,357.3160432931376
0.049932445666963365,0,0.19483476370005548,357.412124984887
0.14866304621357296,0.05,0.13151594067088346,368.00168256489945
0.15443374029318802,0.05,0.1282051282051282,367.93586550399095
0.15435882867692446,0.05,0.13472106887601168,367.9293569712196
0.10666754487813773,0.05,0.16239044821850154,368.14696724935214
0.10867131882615767,0.05,0.15879344324950548,368.1663615871273
0.17721687014659399,0.05,0.09615384615384616,367.5138674837296
0.1362946762392121,0,0.14330675800789977,357.9101210803262
0.14858813459730943,0.05,0.13803188134176694,367.9912199935436
0.17711618239823854,0,0.08350587109194446,357.3135676382885
0.17703054323901019,0,0.07720592768827846,357.26900757125026
0.2,0.027719732627471235,0.06021690237165381,361.2502556724208
0.2,0.03311724192507266,0.05824317542723746,362.40141642500043
0.048363253620132635,0,0.18137797056311,357.53584589786675
0.049147849643548,0,0.18810636713158274,357.47779045578227
0.05324603813577139,0,0.18354370486138583,357.56510573533814
0.18952551403060236,0.05000000000000002,0.05196100986186859,366.8708302582206
0.1839881693569203,0.05000000000000002,0.055380177243173755,367.02835619746173
0.18428827104590353,0.05000000000000001,0.04909536094664903,366.9402836527001
0.2,0.017512526874348483,0.04484348170410167,359.100961080601
0.2,0.0223259773867287,0.04988334338363952,360.0482544840388
0.2,0.022910036171949904,0.04286975475968532,360.0654744757613
0.17142039993488706,0,0.08671099929707266,357.42266027068496
0.17721687014659399,0,0.08974358974358973,357.3510980477684
0.18876687286296645,0.05000000000000001,0.0771371160992539,367.1581096120551
0.18307109039961494,0.05000000000000001,0.08034224430438211,367.3007256457743
0.1832295281892844,0.05000000000000001,0.07414602707030266,367.245048194607
0.2,0.02830754546955133,0.040896027815268965,361.1235648240283
0.1715210876832425,0,0.125,357.54111548122177
0.2,0,0.07051282051282054,356.79044597768507
0.19421857837742015,0,0.07382826172453913,356.93564867551135
0.1311404593942027,0,0.13376128467727064,357.9676447842376
0.1366488913530967,0,0.1371067803692459,357.92294679417677
0.13700629220608063,0,0.13084085645151378,357.9294335722583
0.12042775606436694,0,0.1463752654814029,357.9939744748381
0.12525278505845786,0,0.1493682415373176,357.9596939866553
0.1256070001723425,0,0.14316826389866372,357.9795773350162
0.03947375691929203,0.05,0.17595342387455276,367.6250891464438
0.03907260070853733,0.05,0.18227986162726767,367.558179242622
0.17721687014659399,0,0.11538461538461538,357.4450681479362
0.17152108768324248,0,0.11217948717948718,357.5276481393632
0.17152108768324248,0,0.11858974358974358,357.5377084800293
0.0804438152286954,0,0.17292027472020144,357.8457537971319
0.07927637984056318,0,0.17900693582957866,357.7895923683829
0.08576650586877324,0,0.17693963933637427,357.8312954205886
0.09211496483108374,0.05,0.17513383896761203,368.04497112399605
0.177216870146594,0.05,0.12179487179487179,367.5863852224188
0.177216870146594,0.05,0.11538461538461536,367.5790935455348
0.11933222806000074,0,0.15292328015514267,357.97191761615017
0.11925371698824502,0.05,0.15352838515734443,368.16198795145846
0.12534092460592797,0.05,0.15020850509742434,368.1469124063439
0.17721687014659399,0,0.10897435897435898,357.4316549085586
0,0.010435962042455397,0.21722546135840215,357.7657667940146
0,0.005217981021227698,0.21438196144843186,357.0533758172999
0.0646218691652813,0.05,0.1780760962939419,367.8822511100788
0.06898951821881297,0.05,0.18206925872511537,367.8757943236436
0.0641071101304649,0.05,0.1830407826244896,367.82849648879255
0.08568335421663148,0.05,0.16504285946739272,368.11032861492515
0.09130700861100581,0.05,0.1690287743110274,368.0950305804215
0.0864913104367094,0.05,0.17114792412397736,368.06574041148434
0,0.044691868505058116,0.1940858145559195,365.22069676528713
0,0.044691868505058116,0.20049607096617592,365.138242282866
0,0.011074501839288122,0.20591747501324292,358.02756134621586
0,0.016292482860515822,0.20876097492321322,358.83989117811694
0,0.01075523194087176,0.21157146818582254,357.8992014122222
0,0.03392920830651336,0.2036647895237906,362.4337309524969
0,0.02810792405443264,0.2054864304232105,361.1335821159716
0.016969998814121305,0.05,0.18879597331932085,367.11698811208385
0.01122265981996196,0.05,0.1920915349579478,366.96109055381106
0.011494677988318687,0.05,0.18571656903043837,367.0394975058949
0.2,0.011157239002476088,0.015384674329586073,357.5830442929021
0.2,0.017384120484073052,0.019246519404727415,358.67430986051636
0.2,0.016735858503714132,0.013461626878994493,358.4552894524182
0.07387192630716105,0.05,0.18109773482574112,367.9174665214646
0.07474795320104183,0.05,0.17512143883355047,367.97962831166205
0.1662895751512548,0.05,0.07799973499896713,367.5750067390659
0.17183060097081837,0.05,0.0808459771787986,367.5089607383091
0.16613481850746686,0.049999999999999996,0.0840511053839268,367.62467793962406
0.11398907670652966,0.05,0.15051313802752309,368.1964852466715
0.11316650937056207,0.05,0.15684826521726453,368.1665910456033
0.10949388616212527,0.05,0.15245831605976404,368.1993091173187
0.2,0.011869704177972722,0.040378304415262536,358.1006925460403
0.2,0.006226881481596965,0.0359131271264234,357.19720945096606
0.2,0.005642822696375758,0.0429267157503776,357.21512996746793
0.13732725979642374,0.05,0.13134415788562975,368.1139157145328
0.14295769719686657,0.05,0.13468801961369836,368.05724380981525
0.1372523481801602,0.05,0.13786009855651324,368.1034418699567
0.18843715675484027,0,0.0643231901157449,356.9587102985832
0.1826557351322604,0,0.0676386313274635,357.0934289357935
0.1884371567548403,0,0.07073344652600132,357.0188460883046
0.004620142755305312,0,0.22075986504330308,356.3787679726819
0.03876981700476389,0,0.1947840031584935,357.28379849774973
0.03798522098134852,0,0.18805560659002077,357.3473607185686
0.032796204661956464,0,0.19139442460347614,357.24211509901744
0.2,0.01110836786814157,0.06645905369994072,358.29310370407217
0.043174237300740576,0,0.18471678857656537,357.4452709848518
0.2,0.011805500982835008,0.021169566855318997,357.78739781856484
0.2,0.01245376296319393,0.026954459381051923,357.9875991451634
0.2,0.01803238246443197,0.02503141193046034,358.88917806955055
0.005475320825802618,0.05,0.2017973530068312,366.7101544310269
0.1487379578298365,0,0.125,357.82715962924686
0.15443374029318802,0,0.1282051282051282,357.7650269245055
0.15443374029318802,0,0.12179487179487179,357.7649966874007
0.2,0.018680644444790895,0.030816304456193266,359.09989407952065
0.1428721250179586,0,0.1279204282257569,357.88260518726133
0.1483805569768526,0,0.13126592391773215,357.8275951685808
0.032049175592006235,0,0.2038679709555345,357.08277779279405
0.03839630246978877,0,0.2010207763345227,357.2042293649967
0.032422690126981346,0,0.19763119777950533,357.1656839284521
0.06001482907778295,0.05,0.176129448583749,367.86077209789386
0.059500070042966556,0.05,0.1810941349142967,367.808288120524
0.2,0,0.019230769230769235,356.1213989259279
0.2,0.006226881481596965,0.02309261430591058,356.9947674272992
0.2,0.005578619501238044,0.017307721780177653,356.80508078407206
0.026398349909312724,0,0.20708159887741434,356.9575255866307
0.050037694291464256,0.05,0.18870796206315102,367.628349568708
0.044221337665468055,0.05000000000000002,0.18538591260222065,367.59470253355965
0,0.02196736990393556,0.21296206449521,359.80038828242846
0,0.02796152684577166,0.21150916089462712,361.01542972760666
0.1601295227565395,0,0.13141025641025642,357.69441106374006
0.1540763394402041,0,0.13447105212286037,357.76257780036815
0.004620142755305312,0,0.21434960863304667,356.47572865272315
0,0,0.21794871794871795,356.3290848899246
0.11031645349809287,0.05,0.1461231888700226,368.224899991824
0.10582126295368847,0.05000000000000002,0.14806836690226355,368.22549659631505
0.2,0.016928468089127274,0.051857070328055865,359.0902125679582
0.058128822651410145,0,0.18570943915966168,357.58863285466003
0.1656239297231801,0,0.08367840885055558,357.4856259381717
0.17131971218653158,0,0.08047328064542739,357.3818320844391
0.2,0.01245376296319393,0.033364715791308334,358.0895852019887
0.2,0.01809658565956969,0.03782989308014746,359.10418825112185
0.1947627570153012,0.05000000000000001,0.04200614595657533,366.6162965552609
0.1719890387604878,0.05,0.07464975994471915,367.45417973290824
0.17753006458005138,0.05,0.07749600212455063,367.3820156358431
0.2,0.011285645392751516,0.04739189303921673,358.1042785479698
0.100991147721681,0.05,0.16159750402999712,368.1571581404066
0.10299492166970094,0.05,0.15800049906100105,368.17862502342774
0,0.01597321296209946,0.21441496809579286,358.7025386823896
0.009901385293263962,0,0.21084855757659804,356.62688229858094
0.009240285510610626,0,0.21716075572763177,356.5226589831086
0.014521528048569276,0,0.21365970467118314,356.670412611681
0.17152108768324248,0.04999999999999999,0.09935897435897434,367.62856435760074
0.165825305219891,0.04999999999999999,0.10256410256410256,367.73342174037094
0.165825305219891,0.049999999999999996,0.09615384615384615,367.7042930006283
0,0.05,0.20512820512820512,366.53497032094145
0.2,0.02503860678534144,0.030528678083363927,360.2934819076563
0.07365961333899557,0,0.1809809124360703,357.74418136873936
0.06862716757720155,0,0.1819081046090642,357.7053474545625
0.17152108768324248,0,0.09294871794871794,357.4570670599284
0.17721687014659399,0,0.09615384615384615,357.38468612583995
0.2,0.04437366532731052,0.04736324521621767,365.02411035426945
0.2,0.04437366532731052,0.053773501626474075,365.1090296481868
0.08693394125690544,0,0.17085297822699708,357.8837942781132
0.09225663189698327,0,0.17487234284316988,357.86350448279484
0.054030634159186755,0,0.19027210142985856,357.5038294386538
0.03867144449778264,0.05,0.18860629937998258,367.48388880866224
0.04448780112377885,0.05,0.19192834884091298,367.5232335386025
0.165825305219891,0,0.12820512820512822,357.622003806134
0.2,0.02183748923921072,0.026719258388366897,359.6108077725719
0.19446265532631796,0.05,0.06752173148386928,366.94315554684925
0.18892531065263587,0.05,0.07094089886517446,367.09882384946087
0.14215732331199077,0,0.14045227606122118,357.87004293600813
0.14251472416497468,0,0.13418635214348903,357.8795795678876
0.177216870146594,0.05,0.08974358974358976,367.4776165083049
0.010950641651605236,0.05,0.19846650088545728,366.87520609475354
0.2,0.04183635431096168,0.032789463045649656,364.14131476055474
0.17152108768324253,0.05,0.11858974358974358,367.68304636854174
0.1715210876832425,0.05,0.11217948717948717,367.67215210648783
0.17152108768324253,0.05,0.125,367.6866458417551
0.14288278558060305,0.05,0.14120396028458182,368.0430085316428
0.08086765604233509,0.05,0.1671620092803427,368.07640764688546
0.0799916291484543,0.05,0.17313830527253332,368.02414042299324
0.020459938978941,0,0.21037065177429873,356.8184240098996
0.021121038761594338,0,0.20405845362326502,356.91429191895014
0.026771864444287842,0,0.20084482570138515,357.04406653790033
0.13043202916643343,0,0.14616123995457841,357.94162854564325
0.059295051948127384,0,0.17562968580790284,357.69115538153915
0.05382915278413001,0,0.17850382818550642,357.61723596687017
0.058711937299768764,0,0.18066956248378224,357.6420401331046
0.021494553296569456,0,0.1978216804472358,356.9979927207387
0.17721687014659399,0.05,0.10897435897435896,367.56464676767774
0.17123407302730326,0,0.07417333724176138,357.33394535711386
0.044622493876222746,0.05,0.1790594748495057,367.6647867327422
0.03352270754085192,0.05,0.18550024840502963,367.4423946908864
0.1207819711782516,0,0.14017528784274902,358.01116423787454
0.14802315612386868,0,0.1375318478354643,357.8215196954091
0.2,0,0.04487179487179488,356.5098001372979
0.2,0,0.051282051282051294,356.59004628661467
0.2,0.005642822696375759,0.04933697216063401,357.2984346517802
0.10179910394175894,0.05,0.16770256868658182,368.1135643907732
0.09932229846126414,0.05000000000000002,0.15361054990350057,368.20375220478445
0.10499869561772088,0.05000000000000002,0.154403494092005,368.19685239268665
0.06950427725362937,0.05,0.17710457239456762,367.9281082497555
0.07038030414751016,0.05,0.171128276402377,367.9867532568457
0.07037771761369238,0,0.17078156682380757,357.8107888806815
0.1369135662161355,0.05,0.14409593702278023,368.0886092820235
0.19421857837742015,0,0.06741800531428271,356.8788854207864
0.2,0.005554183934070785,0.06848593710638062,357.49450474588775
0.16598006186367892,0.04999999999999999,0.09010247576888647,367.667773360145
0.1715210876832425,0.049999999999999996,0.09294871794871795,367.5958838225861
0.17152108768324248,0.04999999999999999,0.10576923076923075,367.65400426915556
0.16582530521989103,0.049999999999999996,0.10897435897435898,367.755258405891
0.1892254123416191,0.05,0.05824582615839331,366.95579806573386
0,0.044691868505058116,0.20690632737643233,365.0479618537062
0,0.03938373701011623,0.20227419321440315,363.7506602494004
0.19446265532631793,0.05,0.0739319878941257,367.00490639970934
0.2,0.024994334033630543,0.02262221232054053,360.1501282231984
0.05030415774977505,0.05,0.19525039830184338,367.5523395363811
0.2,0.023494094957171113,0.035856166135731116,360.07517312536163
0.07482704872712778,0,0.17489425132669312,357.8036865695411
0.15443374029318802,0.05,0.1217948717948718,367.93589734097645
0.1487379578298365,0.05,0.125,368.00461099584214
0.2,0.037754531466442524,0.029953425337705245,363.07998057922765
0.09531475056522426,0.05,0.16080455984149272,368.15991286201233
0.0973185245132442,0.05,0.15720755487249663,368.1834522902795
0.2,0.02772160965590068,0.05406325940543849,361.17844650555867
0.2,0.022324100358299254,0.056036986349854837,360.12384517122854
0.17768850236972078,0.05,0.07129978489047117,367.32333038798043
0.1827413742914888,0,0.07393857473112952,357.1477139963188
0.010562485075917298,0,0.20453635942556428,356.72441127434666
0.005281242537958649,0,0.2080374104820129,356.5774922354476
0,0.005537250919644061,0.20872796827585222,357.1778178737739
0.02226317692999437,0.05,0.1919311995746319,367.1800114381472
0.17152108768324248,0,0.10576923076923077,357.5108623166126
0.17152108768324248,0,0.09935897435897435,357.48732956895645
0.165825305219891,0,0.10256410256410256,357.58154993512613
0.1601295227565395,0,0.125,357.69774182477937
0.165825305219891,0,0.1217948717948718,357.62196035191226
0.13094434685166798,0.05,0.14698791376097864,368.124410396973
0.17721687014659399,0,0.10256410256410256,357.4115256751845
0.2,0.02223546159599428,0.06236543847508862,360.1780503409338
0.2,0.016751190564517328,0.06451397457852344,359.2023067878269
0.18952551403060236,0.05000000000000001,0.04555075345161217,366.7833535907629
0.005747338994159344,0.05,0.18901213066906533,366.87675186403266
0.01724201698247803,0.05,0.18242100739181139,367.19136770938707
0.14303260881313012,0.05,0.12817207894281488,368.0639449475747
0.13078624428031804,0,0.1399612623159245,357.95782626973653
0,0.02825432126309362,0.19946369995179383,361.2452392623616
0,0.022433037011012902,0.20128534085121375,360.0535468067428
0.13128312881569265,0.05,0.14075207529471165,368.1429469316237
0.12007628432421262,0.05,0.147193257967603,368.1869487727736
0.16572461747153555,0,0.08991612750220086,357.52333050418105
0.12567970656995264,0.05,0.14397266663115732,368.1694741246157
0.2,0.027723486684330126,0.04790961643922317,361.0998733532262
0.17737162679038193,0.05,0.08369221935863008,367.4337888445487
0,0.034075605515174336,0.19764205905237392,362.54724635648694
0.12596121528622717,0,0.13696828626000984,357.99308147378497
0.09612270678530221,0.05,0.1669096244980774,368.11823485302784
0.09049905239092788,0.05,0.16292370965444272,368.13816368663413
0.07599448411526,0,0.16880759021731592,357.85674297785437
0.12601848853397732,0.05,0.1377368281648903,368.18507567332983
0.17167584432703042,0.05,0.08689734756375828,367.55571017046634
0.13162191077971735,0.05,0.13451623682844466,368.1545232967165
0.1601295227565395,0,0.11858974358974358,357.6943373724136
0.165825305219891,0,0.11538461538461539,357.6151816842857
0.16552324197482465,0,0.07744069019891031,357.44149997515996
0.11450719906590981,0,0.14993030409922797,358.00197090671054
0.19421857837742013,0,0.061007748904026306,356.815402411453
0,0,0.21153846153846154,356.4229385723045
0.2,0,0.06410256410256412,356.73033550334816
0.01669798064576458,0.05,0.1951709392468303,367.03513100780725
0.11560272707027602,0,0.1433822894254882,358.0218930765064
0.06359472181540751,0,0.1828352967820581,357.6611115811897
0.0651366282000977,0.05,0.17311140996339414,367.9314141359627
0.11341167106154361,0,0.15647831877296775,357.9746841519328
0.2,0.038745453626191584,0.056008338526855765,363.7006109272969
0.12041506628823728,0.05,0.14095741950133597,368.20657550510884
0,0.022286639802351925,0.2073080713226304,359.9437479179528
0,0.016611752758932185,0.20310698175063363,358.9721689896306
0.165825305219891,0,0.09615384615384616,357.5546136731878
0,0.03938373701011623,0.19586393680414674,363.8354019561827
0.02714537897926296,0,0.19460805252535598,357.12413252407725
0.09693066300538014,0.05,0.17301468915466206,368.06963049383074
0.07562398009492263,0.05,0.16914514284135984,368.0350844271532
0.10132607240928407,0.05000000000000001,0.15001354493450447,368.2208126055271
0.165825305219891,0,0.10897435897435898,357.6017392721586
0.11481164404249727,0.05,0.14417801083778164,368.2190227920537
0.02293635130910579,0.05,0.17922979589440752,367.32979896393687
0.2,0,0.03846153846153847,356.4227668264526
0.17694490407978183,0,0.07090598428461245,357.2179216773249
0.01584372761387595,0,0.20103530836911565,356.86369568900164
0.16582530521989103,0.05,0.11538461538461539,367.7698029971885
0.015182627831222612,0,0.20734750652014938,356.7704013201946
0.08161125061682761,0,0.16683361361082427,357.89546643339236
0.2,0.02815117882805037,0.018525166252714165,360.7178554314004
0.1549380622052844,0.04999999999999999,0.09014076601660459,367.82255337380366
0.1546859012492362,0.04999999999999999,0.09635243429035356,367.8608206333468
0.14924227974193288,0.04999999999999999,0.09334589422173278,367.90990746643257
0.09387467923107008,0.05,0.15291922518782103,368.2030241840622
0.0992511032714228,0,0.15342406285163218,358.00846944380993
0.10293913609955094,0,0.1578395288481418,357.98532238787675
0.10494007740092112,0,0.1541954014536882,358.0023437415441
0.050613296574929204,0.05,0.17010137590757626,367.81635152502145
0.055314062826356085,0.05,0.17311541224566263,367.8419753831787
0.05019226370404134,0.05000000000000002,0.17613345086601748,367.7596643283557
0.04504352674711062,0.05,0.17302739989106453,367.72516866661545
0.08223950893445736,0.05,0.16075452978271706,368.1268167738608
0,0.028182205435824052,0.1871372515017048,361.376004533534
0,0.022488265937624423,0.18290524259493515,360.275363650863
0,0.0279827448546734,0.18086445285780534,361.3981299544587
0.16581537755843687,0,0.07113627890069787,357.3850660865628
0.16020768344277828,0,0.07447267006673382,357.4871870988245
0.2,0.027800841723460264,0.004487208959664831,360.3650799272351
0.2,0.03333333333333333,0,361.4579260553237
0.2,0.027777777777777776,0,360.263222707865
0.16610751314204908,0,0.06483186760248544,357.3220267406807
0.17152620861091544,0,0.06786892594354894,357.2738333636324
0.17181834419452768,0,0.06156451464533651,357.20711591286613
0.1262001913265134,0.05,0.13124829795804824,368.1949254884887
0.1260632022436271,0.05,0.12464564042842936,368.1991939745566
0.13148492169683107,0.05,0.12791357929882577,368.16279186743736
0.15441073148742268,0,0.09616678258287933,357.69787919902154
0.1601295227565395,0,0.09935897435897435,357.64381375177777
0.1601065139507742,0,0.09296165437775113,357.6138247110477
0.09989697749308549,0.05000000000000001,0.13994312503681677,368.2568825698591
0.0991824300349862,0.05000000000000001,0.13490791508797295,368.26795428598103
0.10439216803748988,0.05000000000000001,0.13799794700457585,368.25952844552654
0.2,0.016689730612349154,0.004487208959664831,358.27026096114645
0.2,0.02222222222222222,0,359.1680944743202
0.2,0.016666666666666663,0,358.17254135468926
0.2,0.03160594849823901,0.006175055417571388,361.2100581249909
0.2,0.03535903982594984,0.004980320531011902,362.02935519760103
0.10510671549558917,0.05000000000000001,0.1430331569534197,368.24483360960215
0.10960190603999359,0.05000000000000001,0.14108797892117875,368.24321794755065
0.19523271442437912,0,0.02241475744500802,356.27115295544195
0.2,0,0.025641025641025647,356.22862063748477
0.1668298030505706,0.05,0.06534188589341472,367.4460886759047
0.1722591527101457,0.05,0.06832083539194295,367.38922397262235
0.1665596891009127,0.05,0.07167081044619092,367.5142126848342
0.07165671673387303,0.05,0.15954687648885663,368.0787556364884
0.0730285696259953,0.05,0.153139396991231,368.1232468500572
0.07763403928022633,0.05,0.15694696338697403,368.1287802877515
0.16120224554478782,0.05,0.06871318443565905,367.5643977825018
0.19580272510191543,0,0.017367312269614882,356.1731595518877
0.1910354395262946,0,0.020551300483853667,356.3198239634278
0.2,0.022245286167904707,0.004487208959664831,359.26788288723384
0.0790058921723486,0.05,0.1505394838893484,368.1684236931598
0.0849832147187019,0.05,0.14793957078746584,368.20421473322006
0.08361136182657963,0.05,0.15434705028509144,368.1694191359723
0.2,0.011157239002476088,0.008974417919329661,357.46199716558596
0.2,0.016712794558031645,0.008974417919329661,358.36451032705605
0.2,0.011134175056793599,0.004487208959664831,357.36947107397975
0.19454356051953797,0,0.04822615455784076,356.662368960609
0.09516390572099073,0.05000000000000001,0.1442870102699811,368.2409688823371
0.09043083394889596,0.05,0.14863089550314537,368.2165915257621
0.08971628649079666,0.05,0.14359568555430152,368.2339249198599
0.12059676908077335,0.05,0.1344688892944939,368.2203837827305
0.1099653116250657,0.05,0.1281109185074946,368.2645139489243
0.11535675242010546,0.05,0.12471242021725543,368.24973770102685
0.11517504962756939,0.05,0.1312009504240975,368.24702783512913
0.12077847187330942,0.05,0.12798035908765182,368.22666362325884
0.16053644035637563,0.04999999999999999,0.08709593570026569,367.728162717143
0.15509281884907233,0.04999999999999999,0.08408939563164491,367.77982060361666
0.16069119700016354,0.049999999999999996,0.08104456531530602,367.68196073177035
0.15533375344403866,0.04999999999999999,0.07808693930477414,367.72974767980674
0,0.028381666016974706,0.19341005014560428,361.3472083909232
0,0.03387614493402368,0.19136926040847443,362.57760061616415
0.2,0.03135229637418109,0.02233458594771119,361.4726607368088
0.2,0.0319042701557612,0.01733043136615468,361.50037489920413
0.011391564926703013,0.05,0.16666666666666669,367.2103271320428
0.01708734739005452,0.05,0.1634615384615385,367.3491023237411
0.017138903920862356,0.05,0.1697813614382961,367.3037769970285
0.14289561973024384,0.05,0.11515916500293957,368.05758717595364
0.14289561973024384,0.05,0.121569421413196,368.0651505356696
0.13705328163065117,0.05,0.118138842826392,368.11564735878693
0.1603816837125877,0.04999999999999999,0.09314730608522537,367.76778892247825
0.2,0.026073456888365945,0.010662264377236219,360.1402964986752
0.2,0.022268350113587198,0.008974417919329661,359.3642010595999
0.09524922066868244,0,0.1607123176405394,357.9675539193362
0.10093819479818075,0,0.16148365624259542,357.9652558350694
0.09725016197005262,0,0.15706819024608576,357.989534281143
0,0.039184276428965575,0.18959113816024725,363.86091947755904
0.1601295227565395,0,0.10576923076923077,357.66740814568755
0.2,0,0.03205128205128206,356.32907660432636
0.19523271442437912,0,0.028825013855264436,356.37518481236697
0.1953848793226117,0.05,0.029270600631469648,366.39605472236525
0.1953848793226117,0.05,0.022860344221213236,366.28006366710105
0.2,0.05,0.025641025641025647,366.22318656204607
0.027327189041510117,0,0.18832267516030782,357.1954460495537
0,0.022687726518775077,0.18917804123883464,360.24812562531866
0,0.022560381764893986,0.19523169104502416,360.1539243574093
0.0398947897901799,0.05,0.16992134891611158,367.682527882676
0.18876213889695806,0,0.05795185217981577,356.886229317375
0.2,0,0.012820512820512824,356.00744257437157
0.005281242537958649,0,0.20162715407175652,356.66092673136234
0.16093213159512992,0.05,0.07504210898843525,367.6283334245274
0.15443374029318802,0,0.10256410256410256,357.72453587415094
0.15443374029318802,0,0.10897435897435898,357.74478840003235
0.07626218638810406,0.05,0.16335444288459966,368.0813301174794
0.010926105200411618,0,0.1855553482852116,356.94800833538466
0.010744295138164458,0,0.19184072565025972,356.87941182383156
0.016207347738370268,0,0.1884645536390194,357.0133387211149
0.06641304078646057,0.05,0.16153001004987377,368.0290705307469
0.0710185104406916,0.05,0.1653375764456168,368.03582595474256
0.19579993187426453,0.05,0.011127816268776835,366.035581781862
0.19159986374852905,0.05,0.015845376127297257,366.2273367044643
0.19159986374852905,0.05,0.009435119717040844,366.09226908299
0.18683816462821,0,0.01868784352269931,356.36426074454704
0.19160545020383085,0,0.015503855308460525,356.22068595098096
0.18740817530574627,0,0.013640398347306168,356.2639781232078
0.1486919402183059,0,0.09297459080678432,357.74337658603497
0.1543877226816574,0,0.08976946260165611,357.664467688677
0.10662716892767908,0,0.16225499484465147,357.95608213268173
0.10862811022904925,0,0.15861086745019787,357.97423487648956
0.10171489542097366,0,0.1675434528488632,357.92546714560035
0.09602592129147533,0,0.16677211424680716,357.9294822941212
0.09680262191426824,0,0.17283191085307495,357.8851633368217
0.12592621316074082,0.05,0.11804298289881049,368.195719946063
0.13134793261394478,0.05,0.1213109217692069,368.1633179235966
0.01144312145751085,0.05,0.1729864896434243,367.1614903892994
0.017190460451670192,0.05,0.17610118441505374,367.25119879224377
0.12545465870373995,0,0.11724657012155754,358.00264408429643
0.1310759010987626,0,0.12071455137770677,357.97288722314016
0.13104362195104255,0,0.11419118472792485,357.96493867011935
0.13694173391064052,0,0.1177941231519499,357.928469501865
0.005747338994159343,0.05,0.18260187425880892,366.9464713150035
0.2,0.04647015093706095,0.004980320531011902,364.8213647315315
0.2,0.04294030187412191,0.009960641062023804,363.9947537645444
0.2,0.04647015093706096,0.011390576941268315,364.9614353112864
0.1558448019886629,0.05,0.06575555842512715,367.6060664708173
0.1614723594944457,0.05,0.06238425988288283,367.4931321857784
0,0,0.1923076923076923,356.66369304821643
0,0.005537250919644061,0.19590745545533939,357.3412188507223
0,0,0.19871794871794873,356.590128395883
0.005281242537958649,0,0.19521689766150008,356.7376743876399
0.19160545020383085,0,0.009093598898204113,356.10246448461294
0.19580272510191543,0,0.010957055859358468,356.05707064292557
0.061074068241852256,0.05,0.1643066736685476,367.96598150393885
0.06171227453503369,0.05,0.1585159737117874,368.00924982869657
0.1487379578298365,0.05,0.11217948717948714,367.9900185332412
0.1487379578298365,0.05,0.11858974358974357,368.00095828483524
0.18491039335321405,0.05,0.04277007203179976,366.8379304329551
0.1795845638100807,0.05,0.03973131216302285,366.89446701911186
0.1855325156605246,0.05,0.0364447831169505,366.72775071063325
0.1487379578298365,0.05,0.10576923076923074,367.9717917410599
0.15443374029318802,0.05,0.10897435897435895,367.91403908074585
0.15443374029318802,0.05,0.10256410256410255,367.8921685765472
0.2,0,0.006410256410256412,355.88674919322307
0.19046542884875828,0,0.025598745659246806,356.4147137208347
0.1856981432731374,0,0.028782733873485594,356.5520812221064
0.19046542884875828,0,0.03200900206950322,356.515555723128
0.2,0.03738474631856635,0.009960641062023804,362.61192663573934
0.2,0.040914595381505395,0.004980320531011902,363.37023189478253
0.10972363823341547,0,0.1520628527764581,358.00493763320344
0.11081916623778168,0,0.1455148381027183,358.0282758049354
0.2,0.005555555555555555,0,356.469067217757
0.2,0.01111111111111111,0,357.273474741826
0.2,0.05,0,365.68547327070013
0.2,0.044444444444444446,0,364.1660347260072
0.2,0.006226881481596965,0.02950287071616699,357.0993713114903
0.09587845317909002,0.05000000000000002,0.14932222021882494,368.2221241498645
0.06536506983459829,0,0.16676561336471815,357.80625118615825
0.17795861631937868,0.05,0.06497086033769497,367.2542129216404
0.2,0.03941045281118286,0.014940961593035706,363.20564036973883
0.2,0.042940301874121914,0.016370897472280217,364.1261720454681
0.1198979746041574,0,0.12682532216497217,358.03372139536106
0.12551921699918006,0,0.13029330342112141,358.00498347996586
0.12548693785145998,0,0.12376993677133949,358.00733703962186
0.2,0.038306505248022635,0.02494927075614873,363.12584179627623
0.2,0.034553413920311804,0.026144005642708218,362.26003578608453
0.05573509569724395,0.05,0.1670833372872214,367.8948990466553
0.05637330199042538,0.05,0.16129263733046123,367.9418220230053
0.1890871210390759,0,0.045170257833630226,356.72687483684734
0.18431983546345504,0,0.0419439896376126,356.76939111943943
0.18363068155861384,0,0.0485246175196761,356.8672054177827
0,0.005537250919644061,0.20231771186559583,357.26286178206675
0.14289561973024384,0.05,0.10874890859268316,368.0427367756506
0.2,0.05,0.03205128205128206,366.3353301752462
0.16012952275653952,0.049999999999999996,0.09935897435897434,367.80300232973667
0.16012952275653952,0.05,0.10576923076923075,367.8285019517072
0.2,0.04183635431096168,0.02637920663539324,364.03080593972044
0.2,0.0423883280925418,0.02137505205383673,364.08047630270005
0.1862681539506737,0,0.023735288698092452,356.4602951108465
0,0,0.20512820512820515,356.50987690391236
0.10125204457279297,0,0.14977993545717855,358.02435940733704
0,0.03367668435287303,0.18509646176457495,362.60128415415534
0.13705328163065117,0.05,0.11172858641613559,368.1041733503621
0.10061152495118478,0.05000000000000001,0.14497833498566062,368.2411686763744
0.15557468803900504,0.05,0.07208448297790337,367.67314370063696
0.1907697586452234,0.05,0.026489919211657238,366.44908459348136
0,0.011074501839288122,0.1995072186029865,358.1107108311937
0.19118481119687625,0.05,0.02116764766947725,366.34114728408474
0.08842706000087602,0.05,0.15222790047214146,368.1954519949001
0.06043586194867082,0.05,0.17009737362530777,367.91657016303003
0.06577483449327913,0.05,0.16732071000663395,367.98331384143034
0.07098183633616592,0,0.1647916367582265,357.8567764396746
0.07158595505863946,0,0.1588017066926454,357.89673202038966
0.06596918855707183,0,0.16077568329913705,357.8488662521647
0.09187090528305014,0.05,0.1565162301568171,368.1806847044975
0.1953848793226117,0.05,0.03568085704172606,366.5036845353772
0.19579993187426453,0.05,0.017538072679033248,366.1678236319373
0,0.016993787020575447,0.184946032332065,359.2499980596735
0.1487149490240712,0,0.09937191078800754,357.7734557307788
0,0.05,0.1794871794871795,366.842564059356
0.005747338994159343,0.05,0.17619161784855253,367.00855276282454
0.19454356051953794,0,0.04181589814758435,356.5787286397373
0.19523271442437912,0,0.03523527026552084,356.4724509245767
0.18977627494391708,0,0.03858962995156672,356.62482883009545
0.1428398458702385,0,0.11498680516571855,357.8753768003204
0.1428398458702385,0,0.12139706157597493,357.8825431549074
0.1487379578298365,0,0.11858974358974358,357.8238093724896
0.19014763633791287,0.05,0.03922546453676291,366.67587097094855
0.10978360883252963,0.05,0.13459944871433666,368.25763016678417
0.11499334683503332,0.05,0.13768948063093955,368.2367895321381
0.021858173421063772,0,0.18525092571713955,357.1408910734167
0.021676363358816612,0,0.19153630308218766,357.07267858593275
0.05103432944581708,0.05,0.16406930094913508,367.86640078683837
0.2,0.03363165499085552,0.01115537594858329,361.76427618722335
0.2,0.03565736148347203,0.01613569647959519,362.329636545317
0.16012952275653952,0.05,0.11217948717948717,367.8467094994553
0.011494677988318686,0.05,0.17930631262018193,367.10540076848366
0,0.016739097512813272,0.19705333194444408,359.07095496240197
0.10457387083002595,0.05,0.13150941679773376,368.27058614390904
0,0.04449240792390746,0.18781301591202001,365.24137754836244
0.022884794778297954,0.05,0.1729099729176499,367.38614989131577
0.1604998190263905,0,0.06816825876852138,357.42791286936273
0.16079195461000273,0,0.061863847470308944,357.3620331826162
0.15518426049434414,0,0.06520023863634489,357.4633397279463
0.022833238247490117,0.05,0.16659014994089227,367.43524794062245
0.2,0.05,0.012820512820512825,365.97326562791727
0.2,0.04647015093706096,0.017800833351524728,365.0918524910864
0.2,0.05,0.019230769230769235,366.1026817065936
0,0.016866442266694356,0.19099968213825452,359.1635646524163
0.2,0.028195451579761263,0.026431632015537557,360.86886794344497
0.14997630988791377,0.049999999999999996,0.07512931329424226,367.7690182184911
0.14973537529294745,0.04999999999999999,0.08113176962111304,367.82206781422786
0.1599051384540633,0,0.08048621707446058,357.53789809542195
0.15458957992201694,0,0.07751819694228407,357.578853291295
0.15428703493330193,0,0.08353174395001083,357.6262456390605
0.19454356051953794,0,0.05463641096809717,356.7392221199521
0.1548921249107319,0,0.07150464993455732,357.5254542982725
0.2,0.03885847902960275,0.019945116174592218,363.1677283931133
0.2,0.03510538770189192,0.021139851061151703,362.2968234758065
0.17252926665980356,0.05,0.06199191083916673,367.31693825763864
0.10603560540528731,0,0.14764738677994843,358.02909791521216
0.1601295227565395,0,0.11217948717948718,357.6842556146917
0.13719027071353745,0.05,0.12474150035601089,368.1186527939406
0.16000582620241874,0,0.08672393572610584,357.579072101736
0.010562485075917298,0,0.19812610301530786,356.80434193456824
0.01602553767612311,0,0.1947499310040675,356.94175389391336
0.18908712103907588,0,0.05158051424388663,356.8071221677454
0.2,0.05,0.006410256410256413,365.834196149286
0.1369740130583606,0,0.12431748980173182,357.9324747945524
0.1907697586452234,0.05,0.03290017562191365,366.5605618485574
0.16709991700022847,0.05,0.059012961340638506,367.37063471227754
0.17282936834878682,0.05,0.055707094542642006,367.2372905292239
0.18656969051948794,0.05,0.02479722265992125,366.50610990210515
0.18698474307114077,0.05,0.01947495111774126,366.39660204825185
0.1829807172743782,0,0.06126729339153437,357.02464726487784
0.18330569941649602,0,0.05489595545560523,356.9492394255409
0.19579993187426453,0.05,0.004717559858520422,365.8936865318318
0,0.01120184659316921,0.19345356879679698,358.20275378860157
0.18739979562279357,0.05,0.014152679575561267,366.2812209241747
0.11471873049618184,0,0.13003232374771137,358.0505739026265
0.1203399728912045,0,0.1335003050038606,358.02612807837227
0.1428398458702385,0,0.10857654875546213,357.8614341728441
0.1487379578298365,0,0.11217948717948717,357.81368284284315
0.2,0,0,355.75931878248235
0.2,0.005578619501238044,0.004487208959664831,356.56334027560735
0.2,0.02987856366314469,0.012350110835142775,360.96336791701634
0.17756202180551184,0,0.05823023505047087,357.08246894086733
0.17723703966339405,0,0.06460157298640001,357.1541315789593
0.2,0.005578619501238044,0.010897465369921241,356.6875790446358
0.2,0.04591817715548084,0.02921524434333765,365.1538798203191
0.04546455961799849,0.05,0.1669953249326233,367.77891266564006
0.13110818024648263,0,0.1272379180274887,357.97378926117966
0.17214332633664547,0,0.05519317670940737,357.13257230759774
0.17788700394762966,0,0.05185889711454173,357.0041801343541
0.1494944406979811,0.049999999999999996,0.08713422594798381,367.8685863546048
0.15443374029318802,0.05,0.11538461538461536,367.9286117311547
0.1486689314125406,0,0.08657727082556109,357.70654260607586
0.2,0.04591817715548084,0.02280498793308124,365.03837298217576
0,0.05,0.1858974358974359,366.77666642315296
0.08705520710875375,0.05,0.15863537996976707,368.15679368734453
0.154433740293188,0,0.11538461538461539,357.7582806801612
0,0.03898481584781492,0.18331833951634774,363.87976627724925
0,0.04449240792390746,0.18140275950176363,365.3088818912533
0.07659860283773354,0,0.16281766015173485,357.9000710515561
0.14957656637868555,0,0.06853662980238083,357.5563015735042
0.0907032306513975,0,0.16275274963063435,357.9485414834073
0.15021724448288015,0.05,0.06912685696737149,367.70943756739445
0.09147993127419039,0,0.16881254623690212,357.9091466491435
0.08615724063411256,0,0.1647931816207293,357.9245123214261
0.1802066861173912,0.05,0.03340602324817359,366.7812794771663
0.17825871800836193,0.05,0.05868604404117024,367.17770031261955
0.1850089893682962,0,0.03536336175554909,356.66434972088064
0,0.011329191347050297,0.18739991899060743,358.28862046325213
0.06657330727954537,0,0.15478575323355595,357.8854493398932
0.005463052600205809,0,0.18893152029645194,356.8097559612548
0.11516072878322894,0,0.1367073065865998,358.0399187513209
0.1487379578298365,0,0.10576923076923078,357.7967800403075
0.16639964872566132,0,0.058527456304273015,357.2523819375138
0.067051247079642,0.05,0.1557393100931136,368.06868420391226
0.14897147640125558,0,0.08056372381783433,357.66246890714245
0.1736366119596368,0.05,0.04301784120909521,367.05039130588483
0.1683107824165035,0.05,0.0399790813403183,367.09197339491294
0.17425873426694735,0.05,0.03669255229424595,366.94202244689245
0.13694173391064052,0,0.11138386674169348,357.917487049448
0,0.04449240792390746,0.1749925030915072,365.36874823099424
0.1789624415027702,0.05,0.046056601077872114,366.99982805848055
0.2,0.03888888888888889,0,362.75685232088176
0,0.05,0.17307692307692307,366.90082369240923
0.11986569545643734,0,0.12030195551519024,358.032284037731
0.12064148279042314,0.05,0.12137770155803296,368.2269320246738
0,0.0056645956735251485,0.18985380564914986,357.42651879276656
0.09444935826289143,0.05,0.13925180032113724,368.25517143744696
0.19580272510191543,0,0.0045467994491020566,355.93424470437117
0,0.03347722377172238,0.1788236631206755,362.6182969704605
0.1489901187858847,0.049999999999999996,0.09955756249548176,367.9443092619178
0.028579129104925716,0.05,0.16971876142024606,367.5112959786909
0.11427673220913476,0,0.12335734090882296,358.05385853042304
0.13121094353105853,0.05000000000000001,0.11470826423958803,368.15610146519435
0.14927402138997056,0,0.07455017681010759,357.6123885629516
0,0.03898481584781492,0.17690808310609135,363.9412393236781
0.1861546379678351,0.05,0.030119494202101242,366.60974448573467
0.17855881969734516,0.05,0.052401227744645514,367.0938401760314
0.016389157800617428,0,0.1821791762739713,357.07845017060646
0.005695782463351506,0.05,0.16987179487179488,367.0609009215989
0.09153987358041504,0,0.1563138559233339,357.9868183962056
0.08699388356313009,0,0.15835428791342884,357.96576000662617
0.1432699790921824,0.05,0.1024601473801737,368.01735640449846
0.14352214004823058,0.05,0.09624847910642473,367.98650877683014
0.06215673707205201,0.05,0.14544758415555076,368.0759036140397
0.06741980537521149,0.05,0.14928376444299887,368.10307491266667
0.061788178776482516,0.05,0.15190312980566545,368.04550010909287
0.06092336550118714,0,0.1576012348837183,357.8283326694362
0.10385814090464623,0,0.12488926266103384,358.07369723432043
0.10917127398153792,0,0.12712917958598557,358.0661340451839
0.10896359913224307,0,0.12111742398387124,358.06568958752683
0.1040658157539411,0,0.13090101826314818,358.0706312293573
0.10961327226858501,0,0.13380416242487397,358.059191745572
0.05111023368726591,0.05,0.15745645704301314,367.9093717784122
0.08244789354584514,0,0.16039471990352377,357.9396848909942
0.03417469478010904,0.05,0.15384615384615385,367.7043423026608
0.03422480317419313,0.05,0.16017989353063583,367.6691971895575
0.028478912316757532,0.05,0.15705128205128205,367.5958263506016
0.18926207606266154,0.025978509711246704,0,360.1204269633423
0.1954231524771158,0.02767413980269262,0,360.3404446750021
0.19383892358554572,0.031637703241887416,0,361.21592246221144
0.022032778965321527,0,0.1789456746324644,357.20261038598187
0.02226550882846722,0,0.17270646202832016,357.25826789243644
0.016621887663763123,0,0.175939963669827,357.1376272978143
0.19542315247711584,0.016563028691581515,0,358.25004023282196
0.19542315247711584,0.022118584247137064,0,359.24545489695515
0.0990128866228642,0.05000000000000001,0.12889668417393005,368.27530516203075
0.10440432741790395,0.05000000000000001,0.12549818588369088,368.2745174677938
0.15907773314948248,0.05,0.034144554763873465,367.1336118017925
0.15732480753487707,0.05,0.03992240564561294,367.2498440043094
0.15270828290136657,0.05,0.037005142357390525,367.26178568083697
0.0284789123167575,0,0.15705128205128205,357.45716057041096
0.022783129853406005,0,0.16025641025641024,357.351146430824
0.02819402115496441,0,0.16326212121904768,357.4170664581394
0.13824930564041127,0,0.08645916190675042,357.80019629004687
0.14374772248983028,0,0.08351571948827452,357.73380072635086
0.13882651356711997,0,0.08045416815098794,357.75440642522864
0.15947910060655618,0.05,0.026848785883557786,367.00140954757825
0.16449699269714035,0.05,0.02247028029146453,366.84902441299045
0.16409562524006668,0.05,0.029766049171780207,366.9879561033591
0.03979457300201172,0.05,0.1572538695471476,367.76803082685575
0.045414451223914395,0.05,0.16066158524814134,367.8220503215816
0.03984468139609581,0.05,0.16358760923162957,367.7288894423333
0.17254889167995913,0,0.048810300755156626,357.0500617389222
0.17295445702327272,0,0.04242742480090589,356.9607772754728
0.16721077941228857,0,0.04576170439577153,357.08836997312505
0.11005527055563212,0,0.1404791452637624,358.04487892245106
0.10527170972313775,0,0.14261169394099252,358.04673069396824
0.08469576078229651,0.05,0.14122380366759246,368.22664104890595
0.08942883255439127,0.05,0.13687991843442818,368.2514655263777
0.08412085290948573,0.05,0.12779226942784577,368.2473231457329
0.08897183520586388,0.05,0.12415292040051193,368.2628356520392
0.08914137861798588,0.05,0.13016415131455483,368.26094928804724
0.1432165321746522,0,0.10231535320648344,357.8379252474212
0.1373184202150542,0,0.1051226711927148,357.8973334618908
0.07339712792156479,0.05,0.14668385134111628,368.15414625979383
0.06778836367078098,0.05,0.14282821879288415,368.1300030584684
0.07376568621713428,0.05,0.1402283056910016,368.1775831065779
0.08440830684589112,0.05,0.13450803654771915,368.24101051974355
0.0790869965315127,0.05,0.13736817111936034,368.2132692053738
0.07879954259510732,0.05,0.13065240399948702,368.2226497620206
0.17506146918109472,0.05,0.022101014533614592,366.67237906481563
0.16951488478772453,0.05,0.018091774699371267,366.686935758028
0.17547652173274755,0.05,0.0167787429914346,366.5609321539852
0.016854617526908817,0,0.16970075106568275,357.1903845689749
0.011391564926703006,0,0.16666666666666666,357.11410823578314
0.011158835063557313,0,0.17290587927081094,357.064285744095
0.16750353880565347,0.05,0.0526683346738651,367.2854239572004
0.16113408855753755,0.05,0.05552892226738215,367.416474672716
0.16153771036296255,0.05,0.04918429560060876,367.3275800611241
0.17300992319181635,0.05,0.012061183132914178,366.50535468416393
0.19084630495423163,0.022014946272051916,0,359.31830888531476
0.05652511047332304,0.05,0.14806694951821733,368.0132160495046
0.14987897354597202,0.05,0.06227151935187081,367.6403486704421
0.14954070260906388,0.05,0.05541618173637014,367.5624312033595
0.15550653105175477,0.05,0.05890022080962649,367.53319326581
0.0727305029443944,0,0.14586090468463542,357.96174257071135
0.06688121223628278,0,0.14828384493284646,357.9160649416511
0.07242259798765699,0,0.15236281298534493,357.9341074310159
0.10907760639697134,0.05,0.11513856553847177,368.25869606426403
0.1146385906041331,0.05,0.11775129816227549,368.2475848305662
0.10979576821294369,0.05,0.1220996875934517,368.2650257206443
0.027501794585767868,0,0.1820174240756327,357.2602644705695
0.027676400130025623,0,0.1757121729909576,357.3185018681294
0.1679071606110785,0.05,0.04632370800709171,367.1925368514123
0.17323299015421184,0.05,0.04936246787586861,367.14767909290987
0.09896035752634427,0,0.13467285694031078,358.06735008294305
0.09972425320849383,0,0.1397085497792667,358.05735207253525
0.10450781404098819,0,0.1375760011020366,358.06003125793
0.16680521406897494,0,0.052144580350022264,357.1737629027062
0.07303840790113181,0,0.13935899638392596,357.9823680872104
0.07857979365250602,0,0.1434379644364244,357.99928709899154
0.13217368086428358,0,0.09540759808098881,357.89499840683226
0.1258625040779789,0,0.09812802254910126,357.9458851854709
0.13179699455986987,0,0.10166879362996747,357.924826999332
0.09416190432648604,0.05,0.1325360332012639,368.2678263347966
0.19333333333333336,0.05,0,365.8390243805902
0.13871344682467746,0.05,0.08671976342490384,367.974957219137
0.13365259264507615,0.05,0.08340271601713192,367.993179795249
0.13937273233877845,0.049999999999999996,0.08050013113243999,367.9230797376033
0.07937445046791809,0.05,0.1440839382392337,368.1958318038787
0.04878332972824532,0,0.17532937977008767,357.59333139489377
0.049203405836358,0,0.1692807889770653,357.64478793668053
0.04376891895311101,0,0.1723629466988679,357.5609127432342
0.11358567773995794,0,0.11016502795982511,358.03784418374704
0.11393120497454634,0,0.11676118443432403,358.0494655451348
0.11952016822184894,0,0.11370579904069132,358.0249715684501
0.19084630495423166,0.01645939071649636,0,358.32303267667936
0.13969223762258057,0,0.06947140441946487,357.656684840668
0.14435281246726026,0,0.071488625472821,357.6340742774776
0.14491599153400586,0,0.06651940874902469,357.58300663237975
0.027909129993171317,0,0.1694729603868133,357.37063975383063
0.1314203082554562,0,0.10792998917894617,357.94814042042776
0.09382281750224203,0.05,0.12051357137317809,368.2706295020242
0.09867379979862018,0.05,0.11687422234584427,368.2707046956879
0.09884334321074217,0.05,0.12288545325988715,368.27622196526636
0.10423478400578196,0.05,0.119486954969648,368.2720147188646
0.17829256929094328,0,0.04547602116029099,356.9177780318104
0.09354081488178521,0,0.15266972852888028,358.0076786230564
0.1323340216168742,0.05,0.09584198060205962,368.08168306922107
0.13780200035452828,0.05,0.09915106399111664,368.05398684721877
0.1319596622549356,0.05,0.10213074181456908,368.11357881158614
0.12510913146915154,0,0.11065041364705862,357.992412131023
0.03875450817797671,0,0.16939651362764813,357.52182927239704
0.03360491245652281,0,0.16626783218168512,357.47533713768615
0.03332002129472972,0,0.17247867134945072,357.42612461704886
0.188016671123505,0.04636078620794362,0,364.94124919821996
0.1866666666666667,0.05,0,365.9802851796079
0.18913326520759788,0.05,0.004717559858520422,366.0396933139765
0.13742764099258975,0.05,0.10543982520362612,368.0826249039774
0.13158530289299708,0.05,0.10841950302707855,368.13838494357714
0.12520805134476848,0.05000000000000002,0.11108186084383057,368.18700825931853
0.09399236091436403,0.05,0.126524802287221,368.27244495481744
0.1446745211133461,0.05,0.07781472221334113,367.84995384345046
0.1444335865183798,0.05,0.08381717854021191,367.89982945120704
0.032970810206214216,0,0.185089173518801,357.31003262848384
0.13767209771370256,0,0.0924641556625129,357.83995421163877
0.13275088879099228,0,0.08940260432522633,357.8588174486842
0.12558241070670706,0.05,0.1047930996313211,368.16572784015426
0.12595677006864558,0.05,0.09850433841881161,368.13735781061615
0.14405026747854527,0,0.07750217248054776,357.6869408245428
0.15557188192027166,0.05,0.04570025652735241,367.35891302256573
0.16194133216838758,0.05,0.042839668933835354,367.2310090988211
0.11324015050536954,0,0.10356887148532617,358.01899444626
0.10827254466306627,0,0.10792511103487339,358.04402044714857
0.1437743010042788,0.049999999999999996,0.09003681083267576,367.9487418328191
0.18143815867777058,0.05,0.015465711283497934,366.42569387603413
0.1849331970818624,0.05,0.009435119717040846,366.23073153738915
0.10365046605535139,0,0.1188775070589195,358.070783935438
0.16096764491312257,0,0.04880366973684823,357.2101188488566
0.05636579720662413,0,0.14774909723169816,357.8338520961353
0.050715855428265906,0,0.15056457888186048,357.7679281392573
0.05581961046472653,0,0.1540829068827894,357.8018912385578
0,0.011329191347050297,0.180989662580351,358.3519049589865
0.06146955224308475,0,0.15126742523262704,357.8634115522252
0.06177745719982215,0,0.14476551693191755,357.89055996615684
0.10861807189765467,0,0.1145212675093723,358.0584692053873
0.034174694780109,0,0.15384615384615385,357.5547644028497
0.03388980361831591,0,0.16005699301391946,357.51821706628635
0.17897156013683937,0.05,0.010748151424977512,366.37266044773077
0.1401489883000347,0.05,0.06974671716649425,367.81987901714405
0.134847199525467,0.05,0.07243212608559313,367.8913380658342
0.1353825208917569,0.05,0.06768116844651817,367.84012197017637
0.13961366693374477,0.05,0.07449767480556921,367.86984706246716
0.14491545570831246,0.05,0.07181226588647036,367.7935471803341
0.09875268267704942,0,0.12866110133819644,358.0739265505266
0.09854500782775456,0,0.12264934573608212,358.0745237142644
0.1431935233688869,0,0.09591803322526021,357.81090784701155
0.14317051456312158,0,0.089520713244037,357.7771356113867
0.08412117940388023,0,0.14751693248892286,358.0070243109208
0.08783052649214762,0,0.15191539420612837,357.99997519340053
0.0898314677935178,0,0.14827126681167474,358.01971528529515
0.13503166277790088,0,0.06745418336610873,357.6740601073519
0.14025541668932617,0,0.06450218769566855,357.60447639474916
0.13559484184464649,0,0.06248496664231243,357.6207108606122
0.14034603872941642,0.05,0.058140421911918636,367.6904828461239
0.14068430966632456,0.05,0.0649957595274193,367.76569402412247
0.13591784225804676,0.05,0.06293021080744321,367.7846889268201
0.18626945743134746,0.01635575274141121,0,358.3915186862616
0.05126204217016356,0.05,0.14423076923076922,367.97183202514765
0.05118613792871474,0.05,0.15084361313689118,367.9445155245152
0.04556625970681205,0.05,0.1474358974358974,367.89219515698915
0.050169668686368296,0,0.1568983885329517,357.73240965645863
0.022498238691612913,0,0.1664672494241759,357.3075055428438
0.05424922889224269,0,0.17245523739248408,357.6714808078464
0.13769510651946787,0,0.09886147564373612,357.87066470292945
0.04549035546536323,0.05,0.1540487413420194,367.8610363620208
0.038334432069864026,0,0.1754451044206705,357.46936319649905
0.14545077707460236,0.05,0.0670613082473954,367.74061023764733
0.04962348194447069,0,0.16323219818404297,357.6902155232271
0.054669305000355384,0,0.16640664659946172,357.7196966935824
0.05527342372282891,0,0.16041671653388062,357.76325473054766
0.07743524576675107,0,0.15637876644443435,357.9408679856701
0.038159826525606275,0,0.18175035550534563,357.41165246926187
0.03314541575047197,0,0.17878392243412586,357.37136913449433
0.059715128056240074,0,0.1695810950148805,357.74215956646475
0.1380541613105765,0.05,0.09293939571736769,368.01977407102453
0.13299330713097518,0.05,0.08962234830959578,368.04096174705813
0.15516826011484663,0.05,0.05204488319412581,367.45149149067237
0.0603192467787136,0,0.16359116494929937,357.7882621070895
0.03427491156827722,0.05,0.16651363321511783,367.6268319013193
0.16056207956980895,0,0.05518654569109897,357.29187687832706
0.10048814889064339,0,0.1447442426182226,358.04302184733325
0.13332809671770096,0,0.08339761056946385,357.8166045473099
0.1254858177735652,0,0.10438921809807994,357.972406243949
0.005695782463351503,0,0.16987179487179488,356.9831500465545
0.00546305260020581,0,0.17611100747593916,356.9298424782915
0.01092610520041162,0,0.17914509187495523,357.0080433963596
0.00546305260020581,0,0.18252126388619555,356.8731707788388
0.16911351733065086,0.05,0.025387543579686946,366.83259688455104
0.14477423520078608,0.05,0.05335063301639405,367.58748159256606
0.14511250613769422,0.05,0.06020597063189472,367.66846020017186
0.039870477243460545,0.05,0.15064102564102563,367.80303191616025
0.19542315247711584,0.011007473136025958,0,357.351420911373
0.13912905855583496,0,0.07444062114326118,357.70476032054614
0.06718911719302019,0,0.14178193663213698,357.93967092021245
0.06208536215655957,0,0.13826360863120807,357.91069875689203
0.17650496159590817,0.05,0.006030591566457089,366.3127946540724
0.18246659854093122,0.05,0.004717559858520423,366.1734097852486
0.09477786050100581,0,0.14398990829547073,358.0426065682903
0.09554175618315537,0,0.14902560113442664,358.0254936507672
0.15095535728676115,0.05,0.04278299323913,367.37231701562206
0.01708734739005451,0,0.16346153846153846,357.23672198408843
0.0674970221497576,0,0.1352800283314275,357.9562672755773
0.108359444580999,0.05,0.10817744348349183,368.2435857233778
0.10351662218980959,0.05,0.11252583291466804,368.26150827656465
0.09401396481885625,0,0.13895421545651482,358.0553872710191
0.0625252953676215,0.05,0.13899203850543604,368.098844556034
0.18270000891367663,0.04272157241588724,0,364.0816966927752
0.18135000445683833,0.04636078620794362,0,365.0715660768299
0,0.0056645956735251485,0.18344354923889347,357.4915583277303
0.06815692196635047,0.05,0.13637267314276946,368.14946864131747
0,0,0.1858974358974359,356.7304876224097
0.08328453647486268,0,0.15395582619622333,357.97687085017037
0.15472451041395657,0,0.05184563507792492,357.3223348951808
0.1551300757572702,0,0.045462759123674173,357.2374378710474
0.07827188869576861,0,0.14993987273713388,357.9746324213584
0,0.0056645956735251485,0.17703329282863706,357.54985474456277
0,0,0.1794871794871795,356.7905390784715
0.18000000000000002,0.05,0,366.1092556677531
0.09833733297845972,0,0.1166375901339678,358.06914157415673
0.043348842844998334,0,0.17841153749189026,357.5059369567717
0.05667370216336154,0,0.14124718893098864,357.85753332224067
0.19468333779017166,0.04080523065238806,0,363.3495629525126
0.1343118781591771,0.05,0.07718308372466809,367.9383372137936
0.1806080535744649,0.05,0.026110254367857914,366.6466486407178
0.18102310612611774,0.05,0.020787982825677925,366.53910789348794
0.11955132729167421,0,0.10084844701721371,357.98721719861356
0.11917464098726054,0,0.1071096425661924,358.01043072306993
0.14920243167215574,0.05,0.04856084412086947,367.4756851661468
0.18936667558034329,0.04272157241588724,0,363.9500334237002
0.0390393993397698,0,0.16318567445988252,357.56765933904273
0.0441889950612237,0,0.16631435590584553,357.60985957445644
0.04447388622301679,0,0.16010351673807993,357.6523071871104
0.056449206231874216,0.05,0.1546797934243393,367.98143265899034
0.18320559916588902,0.03547038676888577,0,362.2928773441178
0.18936667558034329,0.03716601686033168,0,362.57131385594346
0.18405001337051494,0.03908235862383086,0,363.1396475155885
0.19084630495423163,0.010903835160940806,0,357.4248606466447
0.1954231524771158,0.005451917580470403,0,356.54746067871827
0.18767784717109146,0.0299420731504415,0,360.973229774437
0.18852226137571737,0.03355404500538659,0,361.75051998338625
0.17466010172402105,0.05,0.02939678341393027,366.8125250463014
0.1199233209744508,0.05,0.11441657950305302,368.2214997460713
0.1488869412581042,0,0.048504724464750876,357.343755988075
0.028529020710841624,0.05,0.16338502173576405,367.5571712522136
0.022783129853406026,0.05,0.16025641025641027,367.47741302429495
0.18468522853977737,0.020319316180606,0,359.12027705510735
0.18310099964820728,0.024282879619800794,0,359.8997201570203
0.17967087710062565,0,0.032314765396163986,356.70953382178294
0.19468333779017163,0.03524967509683251,0,362.01074003585524
0.154461208515972,0.05,0.03122729147565105,367.1440911617911
0.1687121498735772,0.05,0.032683312460002625,366.96760943017927
0.1823611849612631,0.031858414913940675,0,361.48961083625505
0.163694257782993,0.05,0.037061818052095886,367.1162392128331
0.05689366876889253,0.05,0.14161140386810261,368.039632350644
0.08906757211136823,0,0.14323557397271883,358.03527868034496
0.19468333779017163,0.04636078620794362,0,364.79864200873726
0.11920515915847846,0.05,0.10745545744807308,368.20728678296285
0.11392042878816075,0.05,0.11079017610729555,368.2366512755998
0.119579518520417,0.05,0.10116669623556361,368.1824424662516
0.1613732102564362,0,0.04242079378259748,357.12158692461236
0.1815167707566372,0.028246443058995586,0,360.72984799200043
0.17898172319578448,0,0.03889539327822749,356.81726947690447
0.17364361092811392,0,0.035846796918842384,356.85757446400413
0.1676163447556022,0,0.03937882844152078,356.99620314877023
0.13446848371115527,0,0.07242340008990505,357.7232763880511
0.051262042170163516,0,0.14423076923076925,357.7967709716233
0.07347823228072889,0.05,0.13351253857112821,368.1900315938821
0,0,0.17307692307692307,356.8438474164022
0.03932429050156289,0,0.15697483529211687,357.6071568136513
0.11320226697218842,0.05,0.10382905405231563,368.21693703612743
0.103304938820763,0,0.1122813505844206,358.06073615644743
0.13390530464440967,0,0.07739261681370137,357.76835970270946
0.0871090055595147,0.05,0.10551610175845594,368.22401532439517
0.09254197214397761,0.05,0.10863034857873367,368.24656489607776
0.08780786662969432,0.05,0.11064572870528878,368.2414806442299
0.17248369934019003,0.021251191909749237,0,359.49883757888756
0.1785844639399837,0.02078525404517762,0,359.31305700519573
0.1770002350484136,0.024748817484372413,0,360.0974497755525
0.09709396469769513,0,0.10623111229656229,358.04528177077873
0.09192412552834842,0,0.1028988794961726,358.0281209889397
0.09254580966873072,0,0.10810211841487535,358.04586874508516
0.17312968336878015,0.0278473372316806,0,360.78908263759996
0.16666666666666669,0.05,0,366.3333496411578
0.16000000000000003,0.05000000000000001,0,366.42915104980744
0.16330170523924564,0.045847334100306725,0,365.23083042508574
0.022783129853406026,0.05,0.15384615384615385,367.5138078835171
0.01708734739005452,0.05,0.15705128205128205,367.3891168282144
0.12799347382875512,0.05,0.08576684605928721,368.0500891627498
0.12733418831465412,0.05,0.09198647835175104,368.09439849176914
0.06166759400277475,0,0.11901386945818171,357.9188580593772
0.06187647807966715,0,0.12543361083956667,357.923493055938
0.06707925399597278,0,0.12244054556865754,357.96152457709155
0.1814916169682861,0,0.015024783469166216,356.39162925863616
0.18092160629074983,0,0.020072228644559355,356.4902481798076
0.09797493872844056,0.05,0.11174459539901141,368.2606585475725
0.091843111073798,0.05,0.10350072163190083,368.2280012498984
0.15689042682974438,0,0.03957281296004482,357.1370380281056
0.1801686928315538,0.016821690605982827,0,358.57934896790607
0.07834618654242881,0,0.13657259070417158,358.0153056746026
0.0728048007910546,0,0.13249362265167314,357.9935020349001
0.04502007296491441,0,0.15376970708698867,357.6917495067949
0.0883898509177791,0.05,0.11739932455290036,368.25625352718276
0,0.016747320644974972,0.1728701582539115,359.31676663375123
0,0.011082724971449824,0.16891378850219751,358.41373726554457
0,0.016624087457174735,0.1668322212148347,359.3408929777542
0.1458135835234432,0.05,0.042978374464300986,367.43200647726195
0.14756650913804864,0.05,0.03720052358256151,367.32368564162925
0.09771564883807743,0,0.11143435121526504,358.05949549290375
0.1026832546803807,0,0.10707811166571785,358.047986590423
0.17663503857257895,0.04584733410030672,0,365.0183347588426
0.17432432944070178,0,0.028651705342630895,356.73753881943503
0.1803515956132135,0,0.025119673819952497,356.5846188459393
0.17500504795328964,0,0.021456613766419406,356.6088317887693
0.18246939176858207,0,0.004546799449102056,356.1771560559659
0.1765528334311219,0,0.005931184570962103,356.30055901328086
0.179022225199704,0,0.010477984020064158,356.34846721105066
0.18913605843524878,0,0.0045467994491020566,356.0602320991445
0.19333333333333333,0,0,355.89081789196314
0.04556625970681204,0.05,0.13461538461538458,367.9286266189206
0.05126204217016356,0.05000000000000001,0.13782051282051283,367.9900620056309
0.04556625970681205,0.05,0.14102564102564102,367.9140609393308
0.034174694780109025,0.05,0.1474358974358974,367.7334101019971
0.03417469478010902,0.05,0.141025641025641,367.75521425813247
0.03987047724346053,0.05,0.14423076923076922,367.82849870699926
0.10281776111962995,0.05,0.1073962059678352,368.2482428879813
0.005695782463351503,0,0.15064102564102563,357.09336606587794
0,0,0.15384615384615385,356.9638155502475
0.005695782463351504,0,0.15705128205128205,357.06329088544953
0.17849063328162967,0.03495693466124887,0,362.25946928826124
0.17933504748625556,0.03856890651619396,0,363.1016002620527
0.1259616082363708,0.05,0.06471411026342803,367.87456921236236
0.1304044038809189,0.05,0.06857311817451058,367.8865939592851
0.1254262868700809,0.05,0.06946506790250298,367.92723643737526
0.08295688433331617,0.05,0.11428507773262261,368.2334216321537
0.0823749000452314,0.05,0.10753148188501106,368.21418473821944
0.09316749380911299,0,0.1133053573335781,358.05904886035853
0.005695782463351504,0,0.16346153846153846,357.0265895745772
0,0,0.16666666666666666,356.8905750115009
0,0.01687055383277521,0.17890809529298823,359.2864683277244
0,0.01120595815925006,0.17495172554127425,358.3859070932776
0.07259591671416218,0,0.12607388127028812,357.99679633647804
0.06728813807286518,0,0.1288602869500425,357.9622978011085
0,0.022365032749824185,0.1768673055558584,360.30824228042957
0.12928116207080026,0.05,0.04963448262438069,367.66847630628916
0.1359215852712521,0.05,0.04927660312321028,367.6144384555599
0.13149338879988243,0.05,0.054066392018734866,367.71207129171825
0.14417766098933613,0.05,0.03161805392599304,367.2661345651404
0.14242473537473072,0.05,0.03739590480773251,367.3794080858814
0.13903588722601817,0.05,0.03181343515116403,367.31788999200484
0.0836539651837258,0,0.1337861850244172,358.0410218955094
0.08342035807364859,0,0.12692081129216437,358.04630745408934
0.07811257943235159,0,0.12970721697191875,358.0235154277375
0.09336500801018933,0,0.12006533052003332,358.06865030558157
0.0935726828594842,0,0.12607708612214766,358.07084250551105
0.09378035770877906,0,0.132088841724262,358.0670554015948
0.13253273712253955,0.05,0.0436941334666418,367.5609182941673
0.13578431217427886,0.05,0.037753784308902916,367.44405618940596
0.13917316032299137,0.05,0.043336253965471395,367.5015753170405
0.15300334759006384,0.05,0.011578260047412248,366.7828239476833
0.15650167379503194,0.05,0.005789130023706124,366.61120109539416
0.15967330205760677,0.05,0.011819721590163212,366.70262899250474
0.03987047724346052,0.05,0.1314102564102564,367.85760323333335
0.03987047724346053,0.05,0.1378205128205128,367.8467018546373
0.17310566686224382,0,0.011862369141924206,356.46659043112345
0.15280914613901325,0.05,0.026607324340806822,367.0824884794094
0.15782703822959743,0.05,0.02222881874871356,366.93765796317143
0.1041245288673103,0.05,0.09865740539127625,368.2129746144115
0.09858284540594126,0.05,0.09787616787561962,368.2109674701637
0.10058847422380125,0.05,0.09426699424589355,368.19253633777765
0.16381427984149824,0,0.029335756042756633,356.8979539872597
0.1644949983540861,0,0.02214066446654514,356.7711629482119
0.15933149641480643,0,0.026487775220203975,356.90923606075023
0.16829706326819005,0,0.032183736865309294,356.88104683547544
0.1689777817807779,0,0.0249886452890978,356.75721913608413
0.16965850029336574,0,0.01779355371288631,356.6247200505963
0.18,0,0,356.1266257970685
0.1337056155289646,0.05,0.05849830141308904,367.75080883189526
0.10765086052268397,0,0.10272187211617063,358.0281673963527
0.04556625970681202,0.05,0.12820512820512817,367.9358954474241
0.11733452171021402,0.05,0.08427547385113393,368.094509990614
0.11595710346420549,0.05,0.0907933339181945,368.14339723832927
0.11242104882069642,0.05,0.08640292277281178,368.12625678617235
0.10211890004945032,0.05,0.10226657902100234,368.23016958719364
0.10766058351081936,0.05,0.10304781653665898,368.2271010943265
0.16313356132891038,0,0.036530847618968125,357.0160736402109
0.12986908251462903,0.05,0.07332407581358553,367.93642714577123
0.12420996369830799,0.05,0.07568820585574082,367.99271665370566
0.11976716805375989,0.05,0.07182919794465828,367.97943346295324
0.12098349122553281,0.05,0.06560605999142044,367.91076508860573
0,0.011082724971449824,0.1625035320919411,358.45717980883444
0.0972760776582609,0.05,0.10661496845217855,368.2458044872529
0.12865275934285608,0.05,0.07954721376682337,367.9987192040844
0.11457968521819695,0.05,0.09731119398525505,368.1842062535004
0.011391564926703008,0,0.16025641025641027,357.1542596967299
0.011391564926703006,0,0.15384615384615385,357.18774216933537
0.17764621907700373,0.03134496280630378,0,361.4608419780778
0.03417469478010901,0.05,0.13461538461538458,367.76975477106686
0.05126204217016353,0.05000000000000001,0.12499999999999999,368.00463141333927
0.05689366876889251,0.05,0.12879089104758978,368.06284288290595
0.05126204217016354,0.05,0.1314102564102564,368.0009951350281
0.05126204217016351,0,0.13782051282051283,357.8136925798494
0.14468611649381208,0,0.05984210696981471,357.51709228820044
0.1400255416491324,0,0.05782488591645858,357.5360405384367
0.056893668768892514,0.05,0.13520114745784623,368.05488604231806
0.06252529536762148,0.05,0.13258178209517962,368.11112195889865
0.06208536215655956,0,0.13185335222095165,357.9213243029506
0.1755750586308259,0,0.01640916859102626,356.5118765677656
0.0398704772434605,0,0.14423076923076925,357.6674051644279
0.0398704772434605,0,0.15064102564102563,357.64384731978856
0.04556625970681201,0,0.14743589743589744,357.72451617604645
0.13813381200033426,0.05,0.05370851251756445,367.65488937346805
0.09324083321415724,0.05,0.11375997552556652,368.2603206300527
0.04556625970681201,0,0.14102564102564102,357.7447565743284
0,0.04448128413779783,0.16870220219933024,365.41768574063775
0.05667370216336154,0,0.13483693252073226,357.87130689938306
0.056673702163361525,0,0.1284266761104758,357.87829643868326
0.0512620421701635,0,0.13141025641025642,357.82383015023316
0.1849387835371642,0,0.009093598898204113,356.2229401646789
0.17807887368777128,0.011369773025512423,0,357.7227441626533
0.1759890545439888,0.00591785544504202,0,356.9557168310703
0.18208981914378247,0.005451917580470403,0,356.7920126197964
0.18666666666666665,0,0,356.01325356349184
0.034174694780109004,0,0.13461538461538464,357.61517578071744
0.034174694780109,0,0.14102564102564102,357.6017768198023
0.0398704772434605,0,0.13782051282051283,357.6842248440264
0.022783129853406026,0.05,0.1474358974358974,367.54289009619316
0.01708734739005452,0.05,0.15064102564102563,367.4218186861419
0,0.005541362485724912,0.1709953557895603,357.5813887450939
0.16317162826257486,0.05,0.006030591566457089,366.52601224893743
0.18875648581044915,0.005451917580470404,0,356.67426836823336
0.0784620053138076,0.05,0.12398379676488364,368.22375689886377
0.07314069499942917,0.05,0.12684393133652486,368.19410717842584
0.17377566739737027,0.03444348255361197,0,362.2214595736162
0.1692591316891467,0.030945856978988794,0,361.51033910910843
0,0.022241799562023948,0.17082936851678163,360.334948947972
0,0.022230675775914324,0.16453906762460468,360.3785268763356
0.083887572293803,0,0.14065155875667001,358.02792751445327
0.1746200816019962,0.038055454408557066,0,363.05895134972843
0.056464818086469123,0,0.12200693472909085,357.87660341912675
0,0.03346609998561276,0.17253336222849852,362.6714778784721
0.087375970499384,0,0.10476988561448566,358.02482207488646
0.08799765463976628,0,0.10997312453318842,358.0415362241803
0,0.05,0.16025641025641024,366.99473300915037
0,0.04448128413779784,0.1558816893788174,365.5014971964261
0,0.05,0.15384615384615383,367.03076469992175
0.09657721658808127,0.05,0.1014853415053457,368.226142514729
0.17798504302941726,0.042208120308250344,0,364.0360574070136
0.06218775808632177,0.05,0.12591317486057624,368.11323396021675
0.056556131487592795,0.05,0.12212228381298643,368.0600228532978
0.06185022080502206,0.05,0.11924456762597287,368.10741969227746
0,0.027848387880763537,0.1685362149265516,361.4757963637285
0,0.02783726409465391,0.16224591403437463,361.51710702390943
0.07788002102572282,0.05,0.11723020091727204,368.2155718961365
0.07729803673763803,0.05,0.11047660506966048,368.19919613531283
0,0.027859511666873164,0.17482651581872855,361.42741694554087
0.08883396500129104,0,0.136370200240466,358.05156434739905
0.08282781547041958,0,0.10664089173279873,358.016603665622
0.15240764340305257,0,0.03672483213749216,357.14686405330514
0.1506472923305784,0,0.04261477830112152,357.248469586593
0.1511570837620545,0.05,0.0219873572059626,367.0157979610373
0.14766737237569533,0.05,0.026802705565977816,367.1447488836925
0.14252559861237735,0.05,0.026998086791148807,367.20083177143533
0.1061301576851703,0.05,0.09504823176155018,368.1925235538086
0.12299364052653505,0.05,0.08191134380897865,368.05077679635787
0.17333333333333334,0.05,0,366.2267178471397
0.1699683719059123,0.045847334100306725,0,365.1299977846484
0.034174694780109,0,0.14743589743589744,357.5816396938462
0.08353886862140095,0.05,0.1210386735802342,368.24446776799147
0.06714431012245133,0.05,0.11636685143895932,368.14682193027824
0.07222117343004468,0.05,0.11342172825430989,368.176741865999
0.07280315771812947,0.05,0.12017532410192147,368.1902564937122
0.022783129853406005,0,0.15384615384615385,357.38471436244197
0.022783129853406005,0,0.14743589743589744,357.41154912457404
0.01708734739005451,0,0.15064102564102566,357.3037683441676
0.07238703263726978,0,0.11965413988890317,357.99328688850784
0.06687036991908038,0,0.11602080418727256,357.9539476035265
0,0.005541362485724912,0.15817484296904746,357.6648206663323
0,0.005541362485724912,0.16458509937930388,357.6264738142883
0,0,0.16025641025641024,356.9305643894494
0.14256200847170392,0.05,0.048918723622039875,367.5501747421791
0.1740679282317601,0.017287628470554442,0,358.76017987315413
0.011391564926703013,0.05,0.16025641025641027,367.2538318059854
0,0.03345497619950313,0.16624306133632155,362.7175900284771
0.10750757593117884,0.05,0.08853037169448962,368.15170316182457
0.10259410304166122,0.05,0.09065782061616745,368.1708491175708
0.1287274985181266,0.05,0.05939025114108145,367.7968400047314
0.011391564926703013,0.05,0.15384615384615385,367.2901739255643
0.045566259706812,0,0.1346153846153846,357.758277125745
0.01708734739005451,0,0.15705128205128205,357.27361174887096
0,0.05,0.16666666666666666,366.95141933997945
0,0.04448128413779784,0.16229194578907383,365.4632324577317
0.10206157053999841,0,0.1018748727470151,358.0306693835266
0.14911681629829798,0,0.05518202624396086,357.42206021298153
0.1444562414536183,0,0.05316480519060472,357.443722247591
0.14934669133849177,0,0.061859328023170845,357.4929087414578
0.15495438545415036,0,0.0585229368571349,357.3965651597787
0.022783129853406005,0,0.14102564102564102,357.43165858381644
0.01708734739005451,0,0.14423076923076925,357.3271917699781
0.08860035789121382,0,0.12950482650821318,358.06004119197695
0.15865077790221857,0,0.03368286679641547,357.030319053358
0.1628449303201816,0.05,0.017850313156620303,366.7831239265587
0.005695782463351507,0.05,0.15064102564102563,367.1803889993966
0.005695782463351506,0.05,0.15705128205128205,367.1477192647124
0,0.03897369206170529,0.17061778221391438,363.99229853250563
0.10966621232867935,0.05,0.0994386429069329,368.20788619332745
0.17197810908797762,0.01183571089008404,0,357.8915120327161
0.005695782463351506,0.05,0.16346153846153846,367.1079510823554
0.16983829492924152,0.05,0.006030591566457089,366.4248186441891
0.16796716363196643,0.01775356633512606,0,358.9340114020057
0.02847891231675751,0.05,0.1378205128205128,367.6721810302947
0.02847891231675752,0.05,0.14423076923076922,367.654023119034
0,0.03896256827559566,0.1643274813217374,364.03628898332653
0.15416799447552676,0,0.030834885973862802,357.0389393882114
0.011391564926703015,0.05,0.14743589743589744,367.3192033985971
0,0.033443852413393496,0.15995276044414458,362.75663342047545
0,0.03896256827559567,0.157917224911481,364.076786769944
0.06748184740375104,0.05,0.12303545867356269,368.15563043654856
0.15617497585263868,0.05,0.01760885161386934,366.86881854277436
0.14950502138509575,0.05,0.01736739007111837,366.9440196066749
0.1309397252472088,0.05,0.06382216053543563,367.83254382510046
0.028478912316757504,0,0.14423076923076925,357.51089904398395
0.028478912316757504,0,0.13782051282051283,357.52765325406284
0.06781938468505075,0.05,0.12970406590816608,368.15651267356174
0.1663432565251497,0.05,0.012061183132914178,366.61194048501096
0.12374938150728862,0.05,0.060282200869073856,367.83704166654894
0.12651527178904443,0.05,0.05495834174672727,367.7562787391101
0.07790369535545918,0,0.12328747559053377,358.02407350536214
0.08302532967149591,0,0.11340086491925394,358.034067068088
0.12233435501243407,0.05,0.08813097610144249,368.0986741322333
0.14601530999873655,0.05,0.022182738431133588,367.0762083096586
0.08819516884084264,0,0.11673309771964363,358.05506864802487
0.01708734739005452,0.05,0.14423076923076922,367.4472078975232
0.028478912316757532,0.05,0.15064102564102563,367.62860156457236
0.18417963828756498,0.010903835160940808,0,357.5469769161941
0.17327007714515788,0.04169466820061344,0,363.98581646246345
0.16990511571773684,0.03754200230092016,0,363.0117007786157
0.08839268304191897,0,0.12349307090609885,358.0610389322258
0.14931943475265408,0.05,0.03142267270082204,367.20820162173595
0.12095693676642554,0.05,0.09464883616850304,368.1445974155145
0.09647228055731283,0,0.10102787337785954,358.02650040778184
0.16660341047849125,0.04169466820061345,0,364.0916803346884
0.02278312985340602,0.05,0.14102564102564102,367.56466540578015
0.11104363057468788,0.05,0.09292078283987233,368.17111060602195
0.045566259706811996,0,0.1282051282051282,357.76501363931953
0.08322284387257226,0,0.12016083810570916,358.04396833091045
0.0398704772434605,0,0.13141025641025642,357.69434433863375
0.028478912316757504,0,0.15064102564102566,357.4874066688644
0.011391564926703006,0,0.14743589743589744,357.21449147245477
0.11855084488198696,0.05,0.0780523358978961,368.0406817636228
0.0512620421701635,0,0.125,357.8271836827749
0.16861314766055657,0.024349711657057425,0,360.15110931690515
0.11024151208222177,0.05,0.06317047448865253,367.92219865996464
0.11712891737604497,0.05,0.06111878395801401,367.87750907150644
0.11409608593170963,0.05,0.06765775052205895,367.9597825144049
0.16988616676445523,0,0.005931184570962103,356.4004975067973
0,0.02784139730806673,0.15581681452174806,361.5554319055896
0.0674691732175722,0.05,0.10994230878675687,368.1357228858689
0.06187193184652469,0.05,0.11292282177052745,368.0976024619597
0.15546510028791827,0.0385656670395086,0,363.4628234382369
0.15319765043187739,0.032848500559262896,0,362.1493844815531
0.15876680552716388,0.03441300113981532,0,362.43615469060296
0.045566259706811996,0,0.12179487179487179,357.7649941772533
0.005695782463351503,0,0.13782051282051283,357.1334496858367
0.011391564926703006,0,0.13461538461538464,357.2479525518252
0.005695782463351504,0,0.13141025641025644,357.1434442270715
0.061502369336147195,0,0.11240338148691986,357.90743111965105
0.056299593419841566,0,0.11539644675782901,357.86827980080113
0,0.03881624881002446,0.13882306162011648,364.11883221306937
0,0.03881624881002446,0.1452333180303729,364.09938538336166
0,0.033224373215036684,0.14092690012248243,362.79060500870804
0.15701699193710228,0,0.02083768099162704,356.8424258193193
0.15470248745939816,0,0.015187586763050112,356.76918968878977
0.1495389855201185,0,0.019534697516708943,356.9018521166143
0.09133897626136901,0.05,0.0889723373317824,368.1524465739367
0.09058136702883636,0.05,0.08267344098750526,368.10672647194025
0.09620893041898246,0.05,0.08351618262969777,368.1215059500586
0.13034421260343204,0.05,0.017654309153148133,367.1226312119733
0.133562808402288,0.049999999999999996,0.011769539435432089,366.97701574980596
0.1367311488639866,0.05,0.017558669459138213,367.07248772492784
0.06716676507100623,0,0.10965634025102036,357.9432792885377
0,0,0.13461538461538464,357.02382989749
0.09063460191646208,0,0.08235746510117062,357.9159311117701
0.09611722862334518,0,0.08318661553361924,357.92935711299083
0.09526330551589368,0,0.07676026562079677,357.8806459023301
0.12937993341565585,0.04999999999999999,0.038687124273289256,367.50629307655237
0.12612835836391653,0.049999999999999996,0.044627473431028145,367.61732811896405
0.12297555465703283,0.04999999999999999,0.039620464237675596,367.55899954515934
0.1118155439090189,0,0.07943483916727198,357.8892343675705
0.11777731130586572,0,0.0835707256806965,357.90055101616105
0.1187788433227584,0,0.07745858590701532,357.85182649406187
0.14680376835552103,0,0.036961132632393645,357.2075688396
0.14856411942799522,0,0.03107118646876429,357.10176512542074
0.14296024438046367,0,0.031307486963665775,357.1581697225524
0.06811889940781396,0.05,0.097093223482352,368.0913933298189
0.07287089962028644,0.05,0.100572642949905,368.1396572878971
0.06779403631269308,0.05,0.10351776613455443,368.1172466857159
0.10674996669864617,0.05,0.08223147535021245,368.1082506555516
0.10107888457659593,0.05,0.07806002792761314,368.0797529748245
0.10599235746611353,0.05,0.07593257900593531,368.0574594178324
0,0.0333706926806079,0.15361080700359053,362.775099759756
0,0.027768237575281123,0.149474861081194,361.5702936346285
0,0.03329753294782229,0.14726885356303648,362.7864236225002
0.13050682557951865,0,0.05284322684273301,357.5482506291857
0.12811318888271497,0,0.058580543314969556,357.62856266612727
0.13305083371208257,0,0.057664096742522715,357.5871115992054
0.0739830705622836,0.05,0.09410534755143128,368.1145159377911
0.14311808512454116,0.05,0.017463029765128292,367.01295052316163
0.0894946923971246,0,0.09231240084698283,357.9755293611261
0.0884353314482543,0,0.09854114323073423,358.00351495325845
0.09298348647721871,0,0.09667013711242119,358.00385638881215
0.011391564926703006,0,0.14102564102564102,357.23457030999947
0.01708734739005451,0,0.13782051282051283,357.34396171239484
0,0.05,0.1474358974358974,367.05942706514463
0.005695782463351507,0.05,0.14423076923076922,367.20545932763207
0.1558511849298861,0.0224357495535495,0,359.95215318790014
0.15092801386318974,0.027467394294928442,0,361.0117580820987
0.1486583772945021,0.022086288030593988,0,359.9666434742966
0.05130546425316879,0.05,0.11235650828910915,367.99091815476896
0.051327175294671415,0.05,0.10603476243366373,367.97343288575433
0.05659955357059805,0.05,0.1094787921020956,368.03980611378506
0.05109681750353594,0,0.11838951202873815,357.82196338584987
0.16,0,0,356.41242796238134
0.16321950009778857,0,0.005931184570962103,356.49131944936045
0.16666666666666666,0,0,356.3262771248972
0.022783129853406008,0,0.13461538461538464,357.4450810295909
0.16103425538320476,0.040130167620061025,0,363.7769176081439
0.16433596062245037,0.03597750172036774,0,362.7235934562904
0.14504341728304684,0,0.042851078796023,357.3070534219733
0.13806870934599702,0,0.042690289622087145,357.3648488659295
0.14191223332105438,0,0.048343935290815016,357.4073663635538
0,0.01108685818486264,0.15607443257931453,358.4944777031069
0,0.01663235388400037,0.1539740221895816,359.418931640114
0,0.01662822067058755,0.16040312170220816,359.3833609652073
0,0.02223480898932714,0.1581099681119781,360.41892331090236
0.01708734739005452,0.05,0.125,367.47962586816084
0.022783129853406015,0.05,0.1282051282051282,367.58623353536603
0.01708734739005452,0.05,0.1314102564102564,367.4760587356635
0.10405540316678738,0,0.09834628691402535,358.01494605431105
0,0.05,0.141025641025641,367.08086390362496
0.005695782463351507,0.05,0.1378205128205128,367.2233041291249
0.09697115173079665,0,0.08961296544644169,357.9710947136147
0.09148852502391355,0,0.08878381501399307,357.9594802667613
0.0949773191040077,0,0.09314155127943144,357.9889062879764
0.08822117650151187,0.05,0.09904880635998223,368.2009473012298
0.10604923579357636,0,0.0948177010810356,357.99636125156957
0.10756162272707509,0,0.08815165247949239,357.95736353291477
0.10245377843767976,0,0.09044211587889031,357.9763626652842
0.028478912316757504,0,0.125,357.54111724235594
0.034174694780109004,0,0.12820512820512822,357.6219444509268
0.034174694780109004,0,0.1217948717948718,357.6219647766595
0.12317554405334738,0,0.05949698988741639,357.66479816306884
0.12078190735654373,0,0.06523430635965294,357.73511398383016
0.1257195521859113,0,0.0643178597872061,357.70219517940444
0.07254603652516556,0.05,0.10699718560210746,368.16188815481996
0.11475253743886826,0,0.09690282288378295,357.9873664975314
0.11626492437236699,0,0.09023677428223972,357.94788535416507
0.11115708008297168,0,0.09252723768163766,357.9752590115364
0.08348707098722857,0.05,0.10106418648653734,368.1946594268205
0.08388717641928986,0,0.1004121493490473,357.99825402249354
0.07886442305410266,0,0.0971743228976197,357.96476157474945
0.07780506210523236,0,0.10340306528137111,357.9853368411389
0.07750866695330651,0,0.10976752921762334,358.0032644849951
0.1310940014089472,0,0.04252950044815129,357.4124912552329
0.13422518537093966,0,0.037036643953359275,357.31383299825063
0,0,0.14743589743589747,356.9905058667125
0.03987047724346052,0.05,0.12499999999999997,367.8612773077
0,0.03888940854281006,0.15157527147092695,364.09165731492106
0,0.044408124405012225,0.14953973593826336,365.51277194709957
0.1126694670164704,0,0.08586118908009444,357.93209298320704
0.15773255014395915,0.0442828335197543,0,364.8894122943218
0.028478912316757504,0,0.13141025641025644,357.53772820319506
0.07770618115438285,0,0.11652750240407855,358.0174500650004
0.10964469314947295,0,0.09919328628318089,358.0105718452281
0.16304399256527008,0.022785211076505003,0,359.92687991486326
0.16077435599658244,0.017404104812170553,0,358.9714708073598
0.09696653965151511,0.05,0.08981507897397492,368.1653053538818
0.06219679494164557,0.05,0.10649827911832502,368.0829747146405
0.12795209893818632,0,0.08545698019179555,357.8647326986682
0.13678140420114399,0.04999999999999999,0.005884769717716044,366.82109228591133
0.1399497446628426,0.04999999999999999,0.011673899741422168,366.9221894485863
0.10074593222277678,0,0.07758941605324539,357.88953696273416
0.10159985533022828,0,0.08401576596606786,357.9364366190277
0.10670769961962359,0,0.08172530256666992,357.9159712019682
0.05128375321166616,0.05,0.11867825414455456,368.0013176639641
0.1462496149502911,0,0.02542109224018736,357.0339386046228
0.14064573990275955,0,0.025657392735088845,357.08784737220566
0.07873507077475608,0.05,0.0975847670189843,368.15825442661145
0,0.00554549569913773,0.1453354870461645,357.7216876787035
0,0.00554549569913773,0.15174574345642092,357.6969484674238
0.11989480765780079,0.05,0.05579492483566743,367.8017350066568
0.15358154836119847,0.017054643289215046,0,358.99814722607357
0.15092582715054298,0.011136787844173025,0,358.0536975283781
0.15811863478592697,0.011486249367128533,0,358.02603660672753
0.05692441666571893,0.05,0.10305424944989316,368.0216496635558
0.0398704772434605,0,0.11858974358974358,357.69434520230027
0.039870477243460496,0,0.125,357.69771894270525
0.08494653736816016,0,0.09418340696529588,357.9732259088609
0.07992378400297295,0,0.09094558051386828,357.9375078378557
0.12415484110227304,0,0.0753992162846836,357.8113117721268
0.11978037533965107,0,0.07134644613333413,357.7966808166182
0.05657784252909542,0.05,0.115800537957541,368.05345736345134
0.16932238787732212,0.00591785544504202,0,357.05594913362603
0.17333333333333334,0,0,356.2310097364595
0.1636899765938602,0.02938135639843637,0,361.25417074692484
0.12737489101147761,0,0.09146197394755803,357.9042708255897
0.16531144242131096,0.01183571089008404,0,357.9875926984364
0.14638874072581448,0.016705181766259538,0,359.01404065814677
0.10183649380912857,0.05,0.08435892427189029,368.12897041192076
0.1128797627599367,0.05,0.07388088847529678,368.0242165336797
0.1195078942326729,0.05,0.0454640565199683,367.6637945626283
0.1226606979395566,0.05,0.05047106571332084,367.71892143642503
0.11604023380831295,0.05,0.051307648802261005,367.7592663594348
0.15546291357527148,0.005568393922086513,0,357.1864932964563
0.1306571970152789,0,0.06340141321475927,357.66406080499837
0.005695782463351506,0.05,0.1314102564102564,367.2337310483711
0.011391564926703013,0.05,0.1282051282051282,367.36191459930376
0.011391564926703013,0.05,0.1346153846153846,367.3549175734321
0.11166343958816377,0.05,0.08010402642853462,368.0812304792763
0.14633668092339716,0.049999999999999996,0.011578260047412248,366.8579694326461
0.09295528201579514,0.05,0.09703342623342709,368.20139051496653
0.1518534899978226,0,0.025184791745285873,356.9736086969621
0.07762289983275891,0.05,0.10405206241745803,368.18058775736387
0,0.05,0.1346153846153846,367.09507521536267
0,0.044408124405012225,0.13671922311775053,365.5536556152876
0.09496091083365513,0.05,0.093424252603701,368.18497597833453
0.07278230874004513,0,0.10016523882994352,357.94705532783905
0.06775955537485792,0,0.09692741237851592,357.90175912572244
0.06746316022293207,0,0.10329187631476813,357.9258831292697
0.0954513211864498,0.05,0.07721728628542061,368.0703678147891
0.10032127534406327,0.05,0.07176113158333598,368.0231968062821
0,0.044408124405012225,0.14312947952800695,365.53682654456486
0.15106588347729247,0.0442828335197543,0,364.97099740744187
0.14439921681062579,0.04428283351975429,0,365.0423632908134
0.1487984336212516,0.038565667039508596,0,363.540537844568
0.01708734739005452,0.05,0.13782051282051283,367.46525274545104
0.011391564926703015,0.05,0.14102564102564102,367.3406816898451
0.14666666666666667,0.049999999999999996,0,366.58984345987733
0.15333333333333335,0.05,0,366.5146068697168
0.14983500712836526,0.05,0.005789130023706125,366.6915017478302
0.06179876448807304,0,0.10603891755066766,357.89331632765726
0,0.01109099139827546,0.14964533306668798,358.52487828483277
0,0.01663648709741319,0.14754492267695504,359.4476050024742
0.1361386623518228,0.05,0.027093726485158728,367.2594996943246
0.1411998933079895,0,0.037197433127295135,357.26185248581703
0.09846611318410181,0,0.0974992875448698,358.0126493004752
0.15812082149857373,0.02781685581788395,0,360.99867094137903
0.08600589831703047,0,0.08795466458154447,357.9415193247238
0.022783129853406005,0,0.12820512820512822,357.45178716175377
0.03417469478010901,0.05,0.12820512820512817,367.77707353871347
0.03417469478010902,0.05,0.12179487179487175,367.7771101724452
0.062095159639998884,0,0.09967445361441543,357.87247369138413
0.14316834046169857,0.049999999999999996,0.005789130023706125,366.7615831705176
0.028478912316757518,0.05,0.12499999999999997,367.68660882491446
0.12953083888178768,0,0.07333984666235188,357.7640578955313
0.128529306864895,0,0.07945198643603307,357.8191626285205
0.1557414936808048,0,0.0046282010960440045,356.556633672964
0.15896099377859338,0,0.010559385667006108,356.6338171435686
0.13999999999999999,0.049999999999999996,0,366.65486082028934
0.02847891231675751,0.05,0.1314102564102564,367.682943169668
0.10941976967706929,0.05,0.05214423189120116,367.789511075318
0.11327434352655713,0.05,0.05663150792460758,367.8370910670772
0.11281707592591159,0,0.07332269939359079,357.83754476571687
0.03970525257683294,0,0.11197925561848175,357.68179568256693
0.034174694780109004,0,0.11538461538461539,357.6152367579156
0.13493752538400455,0,0.048183146116879155,357.4608236843798
0.10638693823273394,0.05,0.0586831984552461,367.8774528181944
0.1514829873616096,0,0.009256402192088009,356.69371423455954
0.13263150846739516,0.049999999999999996,0.03274677511555037,367.38595394150093
0.12973428359319977,0.049999999999999996,0.028027066449545068,367.3240899773402
0.13748153351656847,0,0.05300401601666886,357.5010629657147
0.028478912316757504,0,0.1185897435897436,357.5377579370402
0.1251563731191657,0,0.06928707651100241,357.75297598923817
0.1300940179485333,0,0.06837062993855557,357.7161258332852
0,0.022165782469954355,0.1453389151587975,360.46367955171985
0,0.027695077842495523,0.14313290764063996,361.5780128871311
0.12315330908538036,0,0.08151135605836479,357.863226399671
0.1332414374776274,0.05,0.02237401781915343,367.19441343431413
0.16218049387638195,0,0.01649057023796821,356.7028731565991
0.08933334744350903,0.05,0.09258151096150849,368.1701006026353
0.1058537765121721,0,0.07529895265384745,357.8676052609848
0.08571141287122291,0.05,0.08812959568958989,368.13227277773547
0.08459924192922574,0.05,0.09459689108806361,368.16735543999255
0.16643900019557717,0,0.011862369141924206,356.5620834787653
0.06252165803676644,0.05,0.10007373646612258,368.0609698115774
0.022783129853406005,0,0.1217948717948718,357.45179656986625
0.11982275095014913,0.049999999999999996,0.034613455044323053,367.4934905848749
0.12332990483457676,0.04999999999999999,0.02896040641393141,367.37914984181634
0.12622712970877215,0.04999999999999999,0.03368011507993671,367.4444874724575
0.017087347390054512,0,0.13141025641025644,357.3540153411999
0.02847891231675752,0.05,0.11858974358974357,367.68299234624624
0.10720868063788647,0.05,0.06970944105269747,367.99725975363026
0.12796281744695473,0,0.04802235694294331,357.5041279505531
0.12556918075015105,0,0.05375967341517984,357.5878028186432
0.12257610115867167,0,0.08751634981412726,357.906121695366
0.16265572121065547,0.00591785544504202,0,357.1470648852284
0.039870477243460524,0.05,0.11858974358974356,367.857669248152
0.034174694780109025,0.05,0.11538461538461536,367.7698646722624
0.139628373738182,0.05,0.022278378125143508,367.1400077293467
0.11635509052578918,0.049999999999999996,0.04045704732661576,367.6014873023517
0,0.00554549569913773,0.13892523063590811,357.73974135593227
0,0.01109099139827546,0.14323507665643156,358.5476663909271
0,0,0.14102564102564105,357.0105106491267
0.005695782463351503,0,0.14423076923076925,357.1167506428827
0.11381860794280427,0,0.0672105596199096,357.77943400851876
0.13735636933293213,0,0.03154378745856726,357.2081531796062
0.11288743010142924,0.05,0.046300639608908456,367.70016079916616
0.04560968178981728,0.05,0.10915138008398094,367.91511875485736
0.04556625970681202,0.05,0.12179487179487176,367.9359248285111
0.14393511047258695,0,0.01977099801161043,356.95968619472626
0.07248591358811929,0,0.10652970276619572,357.96808115154084
0.07218951843619345,0,0.11289416670244795,357.9823791309632
0.1268370587190044,0.049999999999999996,0.023307357783539772,367.25553005084925
0.022783129853406022,0.05,0.12179487179487179,367.58624607821235
0.07984724171675325,0.05,0.09111747162051059,368.12814242042987
0.12106371422517294,0,0.0941823984156705,357.95059604430855
0.10685530852906477,0,0.06918681288016626,357.81295057937666
0.022783129853406015,0.05,0.13461538461538458,367.5790688994307
0,0.022238942202739958,0.15168086859935154,360.45242243292256
0.056430763905139854,0,0.10242149485031496,357.8352107227274
0.05613436875321401,0,0.10878595878656717,357.8527719917264
0.07384166968891542,0,0.09393649644619209,357.9242544381885
0.04558797074831465,0.05,0.11547312593942635,367.92906467159406
0.03989218828496315,0.05,0.11226799773429814,367.84726268369343
0.011391564926703008,0,0.12820512820512825,357.25461848003926
0.14722448104241437,0,0.013884603288132014,356.8236696471682
0.1004599458108908,0,0.09397070171188006,357.99593671964266
0.05093159283690838,0,0.1117790240574763,357.80955889817574
0.1033541067883986,0.05,0.06522216501929104,367.955348061849
0.01708734739005451,0,0.12500000000000003,357.3573526563934
0.05076636817028082,0,0.10516853608621449,357.78997021975243
0.09989200911532531,0,0.07116306614042293,357.83566369640386
0.04540103504018444,0,0.11518438382360995,357.7561092689242
0.04523581037355688,0,0.10857389585234811,357.74004016984594
0,0.011082870209064092,0.130305176251151,358.57157698905917
0,0.011082870209064092,0.12389491984089458,358.57385895584775
0,0.016624305313596138,0.12815007206903417,359.4871115316536
0.08346448102565135,0.05,0.06355780615903008,367.9073006596762
0.0867501860806536,0.05,0.06994856982906687,367.98550012775223
0.07996464144894877,0.05,0.06904228895193232,367.95068439503024
0.09025002565735618,0.05,0.06446408703616463,367.9375895499182
0.06852125632411055,0.05,0.09182958797486873,368.0656559900628
0.14879624690860482,0.005568393922086513,0,357.25829589085714
0.1464975770066641,0.0330314976921693,0,362.2643853151183
0,0.016632426502807503,0.14107997247431475,359.4677920780911
0,0.02216172187534867,0.13887396495615723,360.48170585898936
0.011391564926703013,0.05,0.12179487179487178,367.36221661485524
0.005695782463351506,0.05,0.11858974358974358,367.2341625867195
0.01139156492670301,0.05,0.11538461538461536,367.3550558550125
0,0.016652855413169868,0.11534098398671525,359.4849915145661
0,0.011097145258850957,0.1174903757997351,358.5715309307297
0,0.011111420308637822,0.11108583175857566,358.56234423921
0.023104346373060275,0.05,0.08997635915311021,367.4848452868832
0.01708734739005452,0.05,0.08653846153846155,367.3494581854415
0.022728133430646752,0.05,0.0840579630034401,367.4382381935263
0.03438591845424474,0.05000000000000001,0.08501536208306733,367.63953696608183
0.028368919471238988,0.05,0.08157746446841865,367.51795903960584
0.03400970551183122,0.05,0.07909696593339721,367.58862072368066
0.03986555562458848,0,0.10549355941973812,357.6665105305485
0.10909843019804077,0,0.03939970621382436,357.46038903093313
0.1057690600065814,0,0.04527238217294888,357.546004558375
0.11198296020133147,0,0.04471538922461003,357.52725258212394
0.011391564926703002,0.05,0.10256410256410253,367.3190300333915
0.005695782463351501,0.05,0.10576923076923075,367.2053785059683
0.005695782463351501,0.05,0.09935897435897435,367.1801603558333
0.12011473753447735,0.05,0.011658272409612314,367.0558423179905
0.11333333333333334,0.05,0.011547005383792538,367.0787800962453
0.11666666666666668,0.05,0.005773502691896269,366.9390601814633
0.01708734739005451,0,0.1185897435897436,357.35399764505183
0.022783129853406008,0,0.11538461538461539,357.44506279434694
0,0.038833442876169515,0.13248175803992954,364.1346823723512
0,0.033258761347326804,0.12824429296210854,362.8189469158571
0,0.038850636942314574,0.1261404544597426,364.14375947594425
0.011391564926703008,0,0.12179487179487182,357.25460438528216
0.005695782463351504,0,0.12500000000000003,357.1467908126312
0.02912134535606603,0.05000000000000001,0.09341425676775889,367.60915112887733
0.029121345356066024,0.05,0.09982451317801527,367.6413038946098
0.023104346373060268,0.05,0.09638661556336661,367.52084527621196
0.13333333333333333,0.04999999999999999,0,366.70963745562165
0.12666666666666668,0.049999999999999996,0,366.75437954860905
0.13103247671874585,0.0444658306526607,0,365.2038456964383
0.11531233039279085,0,0.038842713265485516,357.43683656469733
0.11864170058425022,0,0.032970037306361,357.33840580022746
0.11242780038950015,0,0.033527030254699844,357.36675875644795
0.017087347390054516,0.05,0.09294871794871795,367.38930539836673
0.01139156492670301,0.05,0.09615384615384615,367.29008923439693
0.011391564926703015,0.05,0.08974358974358976,367.25392279935323
0,0,0.11538461538461539,357.02380407371237
0,0,0.1217948717948718,357.0305285554407
0.005695782463351504,0,0.11858974358974361,357.1434215243885
0,0.005555710154318911,0.11323522357159552,357.7457310949742
0.03476213139665826,0.05000000000000001,0.09093375823273744,367.68412196199625
0.04083794543925657,0.05000000000000001,0.08703041681373193,367.7467255419915
0.041214158381670085,0.05,0.09294881296340203,367.78863944222854
0.07287219392078541,0.05,0.07721564095724558,367.9889458403461
0.07833400815895847,0.05,0.07949140053380814,368.03831208391017
0.0747877843948768,0.05,0.08357807653646476,368.05122503581725
0.0629051003152018,0,0.08756691559566725,357.8161745330285
0.05716606118706423,0,0.08892401292937421,357.77656258895985
0.062462808280961075,0,0.09292571265394507,357.8434029412525
0,0,0.12820512820512822,357.0305371633665
0,0.027568895777805302,0.10460634648529862,361.54440603484
0,0.033105170761310344,0.10892852963075389,362.76312990007796
0,0.02765428810388606,0.11109357636088246,361.5813470663225
0.13111814641670483,0,0.03201920407449851,357.2596141123591
0.13752786701276315,0.027833388560741263,0,361.2171400301477
0.14422794043797646,0.027650391427834854,0,361.1193599240931
0.1397975035814508,0.03321449482507571,0,362.36956441274396
0.13550183585368064,0.005533202114776835,0,357.3693593268235
0.13100367170736132,0.01106640422955367,0,358.21360318402986
0.128835169187014,0.005533202114776835,0,357.413625426253
0.028800128836411774,0.05000000000000001,0.10600200017875122,367.66016807617405
0.02278312985340601,0.05,0.10897435897435895,367.5646990579732
0.023104346373060265,0.05,0.102796871973623,367.5496196294916
0.09996130995204193,0.05,0.04645802953860144,367.721165177017
0.10310123317773169,0.05,0.052292434785209306,367.80044434628724
0.0967826966783941,0.05,0.05244063767921746,367.80233880023934
0.08036607603721367,0,0.08558678345559047,357.9068087868263
0.07828523278146102,0,0.07914276093121705,357.85251193715254
0.07472625375739687,0,0.08321890232963647,357.8645487663454
0.1448163206949429,0,0.009256402192088009,356.7595036962027
0.1490748270141381,0,0.0046282010960440045,356.62812822104917
0.14240816034747145,0,0.0046282010960440045,356.6905163875199
0.13860968821454359,0,0.009646563369564331,356.81998008991224
0.08696432060235393,0.05,0.05807332336612784,367.8554706737243
0.09374986523405876,0.05,0.058979604243262394,367.88123272148596
0.04002585867234403,0,0.0990078632209945,357.64427489685977
0.045763762062274616,0,0.09533945869313411,357.6959102890213
0.040393507313306216,0,0.09225912226052413,357.61635043347377
0.06320119509416487,0.05,0.09310952569669832,368.03149147356726
0.017087347390054516,0.05,0.11858974358974358,367.4760531507648
0.12528362259556103,0,0.021026736982494316,357.1141998276589
0.12240305573414428,0,0.015810227238936908,357.03598474902185
0.11908209472848888,0,0.02178187740087025,357.15544844195483
0,0.05,0.12179487179487179,367.10252253927115
0,0.04442531847115729,0.12396766312730718,365.57013754618225
0,0.04442531847115729,0.11755740671705078,365.5652883616176
0.11841936934702568,0,0.043860153144346284,357.4955485748573
0.09318246226014104,0,0.07031624309642337,357.82331138535056
0.10666666666666665,0,0.02309401076758503,357.210591952062
0.11288056686141673,0,0.022537017819246184,357.1886825874879
0.10999999999999997,0,0.017320508075688773,357.1043574960599
0.11620152786707214,0,0.01656536765731284,357.0741783569222
0.046610435366869964,0.05,0.09600968231382076,367.8752354447249
0.04728997242426839,0.05,0.08904547154439652,367.8432940814294
0.05268624940946827,0.05,0.09210634089481526,367.9241917848385
0.0797633685497725,0,0.06862259700842424,357.77005621784343
0.08184421180552515,0,0.07506661953279764,357.8350427032398
0.08647291540495677,0,0.0694694200524238,357.8014422258304
0,0.022118013120381017,0.10677139321542721,360.46156442747116
0.08024959863304984,0.05,0.08585383611302733,368.0956173264257
0.15333333333333332,0,0,356.48962759690846
0.01708734739005451,0,0.11217948717948718,357.34394228714535
0.022783129853406005,0,0.10897435897435898,357.43162867226283
0.05200671235206984,0.05,0.09907055166423949,367.95322287041444
0.05760395372311736,0.05,0.0960900386804689,367.9968054868808
0.045930898309471536,0.05,0.102973893083245,367.8983557377844
0.03481712781941753,0.05,0.10302964138314348,367.745024646071
0.035138344339071786,0.05000000000000001,0.09685215438240756,367.72237571142426
0.04053462132427166,0.05,0.09991302373282628,367.81467001300774
0.011391564926703006,0,0.10897435897435898,357.2345222538417
0.01708734739005451,0,0.10576923076923078,357.3271865826742
0,0.027708211314034892,0.13032665385781272,361.6066386174882
0,0.022174855346888046,0.12606771117332996,360.5006768351527
0,0.02772540538017995,0.12398535027762578,361.61262575323445
0.06820184740909864,0,0.0915686153202381,357.87756904963726
0.10621390019475008,0,0.03408402320303869,357.3870719857957
0,0.005541435104532046,0.119639767612755,357.7527564698674
0,0.005541435104532046,0.1260500240230114,357.7549777273372
0.0896067512477705,0,0.051774668585897105,357.6205839963554
0.09595569750180437,0,0.051379134118509584,357.62531697481353
0.09307116749851366,0,0.04606345110772391,357.55479328336605
0.01708734739005451,0.05,0.09935897435897434,367.42192697524257
0.07428396172315616,0,0.08857769938791428,357.8968098746313
0.034495911299763274,0.05,0.10920712838387941,367.7608542996838
0.04021340480461741,0.05,0.10609051073356221,367.83437598886763
0.13481121608161573,0,0.014664925643084654,356.9423614767054
0.12860458360121643,0,0.015055086820560976,356.9897766723588
0.13152184551178833,0,0.02055132036656307,357.0694280980752
0.1248557784927199,0,0.043004917064082535,357.4551315751751
0.12152640830126052,0,0.04887759302320705,357.5480162436201
0.1097758354939137,0,0.06232847922793681,357.74070427540573
0.11673913490765318,0,0.06035222596768014,357.70065984067946
0.11269636245876265,0,0.05547014557570734,357.6588397969051
0.11913277160445684,0,0.0546149094954436,357.62767780398195
0.1324030557341443,0,0.01003672454704065,356.87250267087825
0,0.02218913039667491,0.11966316713217051,360.50101021021953
0.1028845300032907,0,0.03995669916216321,357.4759017702961
0.005695782463351502,0.05,0.11217948717948717,367.22341378442997
0.011391564926703004,0.05,0.10897435897435895,367.3407001618686
0.13772847799218765,0,0.02016115918908675,357.01853405277257
0.028478912316757518,0.05,0.11217948717948716,367.6722129767042
0.11327425031671637,0.05,0.023084823731900222,367.31259712414374
0.12005565451786039,0.049999999999999996,0.023196090757719997,367.2892342849691
0.11654850063343275,0.049999999999999996,0.028849139388111636,367.40767837123616
0.05113401681124301,0,0.0984197951257441,357.7679411953418
0.05150166545220519,0,0.09167105416527373,357.7383638117058
0,0.022157661280742987,0.1324090147535169,360.4927139337016
0,0.03301977843522959,0.10244129975517005,362.7221683285265
0,0.038679852290153055,0.1067557382983185,364.07266847146525
0.10281253608017424,0,0.06430473248819346,357.76994525630136
0.10573306304502317,0,0.05744639883596401,357.694608641669
0.11321516730009941,0.04999999999999999,0.034622642080007884,367.51823846261914
0.10974750687573948,0.05,0.04046623436230058,367.62106127455877
0.10313992322568975,0.05,0.04047542139798542,367.63078173391915
0.10660758365004969,0.049999999999999996,0.03463182911569271,367.53313282751697
0.09942011375254753,0,0.0456679166403364,357.55458710074095
0.10230464375583824,0,0.050983599651122063,357.6216735935307
0.14209836019603828,0.038748664172415,0,363.6531895832476
0.135398286770825,0.03893166130532141,0,363.7560195859876
0,0.0331905630873911,0.11541575950633773,362.79672655253535
0.017087347390054512,0.05,0.11217948717948717,367.4652855000677
0.07264541050164422,0,0.07677487980526305,357.8052773195218
0.13313325194929948,0.016634798151640182,0,359.11360222105736
0.13763141609561882,0.011101596036863347,0,358.1715010365991
0.139760996337557,0.01666998995894986,0,359.06846934286
0.13533055948103134,0.022234093356190723,0,360.1151185275531
0,0.05,0.1282051282051282,367.1023930164742
0.12953486120040547,0,0.005018362273520325,356.7929318213764
0.1333333333333333,0,0,356.6666006042858
0.12666666666666665,0,0,356.70740863337795
0.10627984645137953,0.05,0.046309826644593294,367.71456086583584
0,0.016667130462956734,0.1089364399455558,359.47364350642016
0.12433700504069464,0.01106640422955367,0,358.2522424997228
0.005695782463351506,0.05,0.125,367.2375409567026
0,0.005541435104532046,0.13246028043326782,357.7504831110046
0.12356280840228802,0.05,0.017543042127328358,367.16151115079333
0.14101784856201505,0,0.014274764465608334,356.8869924683085
0.05679841254610204,0,0.09567275388984457,357.8096608354564
0.1376991433854125,0.0444658306526607,0,365.15266593460746
0.12798696245471236,0,0.03751206056929052,357.3608836245982
0,0.027691017247889832,0.13666795743799967,361.59387842605315
0.11999999999999995,0,0,356.73913180839605
0.11666666666666661,0,0.005773502691896257,356.8687066925299
0.12286819453373878,0,0.0050183622735203255,356.82863243488026
0.12174873953848506,0,0.03798747718522177,357.3998908583999
0.09303517053695542,0,0.05823746777073904,357.70171286963773
0.08632562368177116,0,0.05739064472673948,357.6779534393986
0.13620152786707213,0,0.005018362273520325,356.7481463537986
0.028745132413652508,0.05,0.08749586061808877,367.56672070748505
0.10865359000987213,0,0.05058806518373456,357.6096538525071
0.12689614173562136,0.05,0.011769539435432089,367.02256314479047
0.045396113421312424,0,0.10208819965360448,357.7208870329196
0.05760835322130494,0,0.08356521587109639,357.7462958485969
0.03433499782786455,0,0.10889891918587176,357.603819590805
0.03449530087562009,0,0.10241322298712813,357.58545194202406
0.0897540429709561,0,0.06385344391158143,357.755350232341
0.028639215364513047,0,0.10569379098074357,357.51303530506686
0.0993841167909893,0,0.05784193330335153,357.7023489355238
0.08866577655474497,0.05,0.07631100540828606,368.05021238551717
0,0.016638580363383,0.1217455280278747,359.4894808563105
0.09653558374925682,0,0.04035223362955072,357.4810471140045
0.14666666666666667,0,0,356.55772084982124
0.14212958024193817,0.005568393922086513,0,357.32099210364345
0.13999999999999999,0,0,356.6167077211198
0,0.044425318471157285,0.13037791953756359,365.56779845243227
0.11576113372283348,0,0.027753527562803592,357.2666986888771
0,0.03327595541347186,0.12190298938192157,362.82295828589855
0,0.038850636942314574,0.11973019804948618,364.1411198623326
0,0.05,0.11538461538461538,367.09546378375353
0.06864413944333936,0,0.08620981826196028,357.84856242882347
0.06908643147758008,0,0.08085102120368245,357.8147392632813
0.0633473923494425,0,0.08220811853738942,357.78412958007584
0.14195830386928882,0.0222692851635004,0,360.0668463247201
0.09646358982614037,0,0.06470026695558098,357.77340610298734
0.028478912316757504,0,0.11217948717948718,357.52764539734335
0,0.011086930803669775,0.13677012645379127,358.56313080627166
0.12487992350047752,0,0.03249462069042976,357.3030316525661
0.08304449611577183,0,0.06300662086758185,357.7277775132279
0.12870281509277384,0.022198901548881045,0,360.15409492387016
0.0461314107032368,0,0.08859071773266375,357.6633851858976
0.02294343290116155,0,0.10248866277561536,357.4138256548205
0,0.01662836590820182,0.13461502227167443,359.4809609211509
0.08392505506127781,0,0.08151064205717105,357.8921970721999
0.08855375866070943,0,0.0759134425767972,357.8626027270184
0,0.03876524461623382,0.11324296817390234,364.11057662644595
0,0.04433992614507653,0.11107017684146693,365.53043362320756
0.053365786466866696,0.05,0.08514213012539101,367.8863396290268
0.058283490780515784,0.05,0.08912582791104467,367.96314023996985
0.13011473753447733,0.049999999999999996,0.005884769717716044,366.87125430106965
0.12436581005207918,0.04446583065266071,0,365.2449909159243
0.12873162010415834,0.03893166130532141,0,363.803602474317
0.02278312985340602,0.05,0.11538461538461536,367.57907003474344
0.10954723352808339,0,0.028310520511142436,357.29182984927445
0.11678140420114401,0.05,0.017431775101508583,367.19004969466806
0.11000000000000001,0.05000000000000001,0.017320508075688808,367.2082468435976
0.12196266158990562,0,0.026998387144427656,357.23040953694846
0.017087347390054505,0.05,0.10576923076923074,367.4473229160695
0.04691375948185487,0.05,0.08312707539472641,367.7977200303831
0,0.027739680429966815,0.1175808062364663,361.6109231787109
0.1257363890674776,0,0.010036724547040651,356.9121807228678
0.05868584769681237,0.05,0.08386219240356141,367.93080920508146
0.06360355201046146,0.05,0.08784589018921507,368.002457286245
0.011391564926703006,0,0.11538461538461539,357.2479134928443
0.040461732496843046,0.05,0.08111202066406181,367.6984803952678
0.0764184176848671,0.05,0.07312896495458895,367.97280867005276
0,0.05,0.10256410256410256,367.0594800551876
0.11333333333333329,0,0.011547005383792514,356.9904485884178
0.09353573071235843,0.05,0.07085485070620143,368.00967093150285
0.1330974301562375,0.033397491957982126,0,362.4649217744299
0.11508999915556634,0,0.04973282910347081,357.58319154427153
0,0.05,0.10897435897435898,367.0810633553072
0,0.044339926145076536,0.10465992043121053,365.51123234176157
0.08188023192304014,0.05,0.0754047245311515,368.01941202727363
0.10994091698338304,0.05,0.028858326423796467,367.42753524645224
0.08379582239713153,0.05,0.08176716011037069,368.07994148817545
0.03465560392337563,0,0.09592752678838451,357.56013381157294
0,0.022203405446461773,0.11325862309101105,360.4944849188848
0.02879951841226859,0,0.09920809478199993,357.49147473112
0.09364277345270433,0.05,0.046606232432609584,367.718730671181
0.09046416017905651,0.05,0.052588840573225604,367.7951944371743
0.1033333333333333,0,0.02886751345948128,357.30892128279885
0.12820088450613293,0,0.026522970528496413,357.190336598326
0,0.03867985229015306,0.10034548188806208,364.0486663370195
0.005695782463351503,0,0.11217948717948718,357.1333947508544
0.06892361324040713,0.05,0.08656595246738547,368.03489018209314
0.06400590892675805,0.05,0.0825822546817318,367.96839463070927
0.06932597015670372,0.05,0.0813023169599022,367.9990959059101
0.13443910742236023,0,0.026047553912565163,357.1422202671577
0.10333333333333332,0.05,0.028867513459481298,367.4375386088216
0.10006840173339634,0.05,0.05883140134925424,367.88386217834875
0,0.044339926145076536,0.09824966402095413,365.48484818864216
0.09999999999999998,0,0.03464101615137753,357.39934548827074
0,0.033241567281181744,0.1345855965422955,362.8081624901269
0.09703557028906101,0.05,0.06537036791329918,367.9572335111886
0.10666666666666666,0.05,0.023094010767585053,367.32756299683155
0.14425916048387633,0.011136787844173025,0,358.1201030826525
0.005695782463351507,0.05,0.09294871794871795,367.1476746986709
0.126505507561042,0.016599606344330504,0,359.1494392927389
0.12344807086781069,0.05,0.005884769717716044,366.91138177388314
0.11953486120040545,0,0.010791864965416582,356.95532189002415
0.09682138672635215,0.05,0.040623624291993565,367.63305708531226
0.07620438952570836,0,0.07269873840684364,357.7903829710426
0.13090012262450568,0.027798196753431585,0,361.25925575110045
0.12000000000000002,0.05,0,366.7890870992515
0,0.05,0.09615384615384615,367.0307138833946
0.09999999999999998,0.05,0.034641016151377546,367.53817367956805
0.0743854274785802,0.05,0.08884171204394803,368.08538472091095
0.1221685025203473,0.005533202114776835,0,357.44880667160857
0.051869314093167376,0,0.08492231320480335,357.70123806884436
0.03776880940963978,0.05,0.06967571847470894,367.5593519685438
0.04186745672824738,0.05,0.066239594372458,367.58119849712875
0.04220700014904642,0.05,0.07222471772889531,367.645443661024
0.10644707417106275,0.03323358551473454,0,362.54354137348037
0.1020720289781963,0.03881253381290946,0,363.8652209954644
0.09976901276352616,0.033204015923993836,0,362.54121149378864
0.03259430026239444,0,0.06547570127013244,357.31036005851763
0.03320350704973218,0,0.07146854910725778,357.37446354272754
0.03698363278985108,0,0.0682198480306757,357.39608680156874
0,0.05,0.08974358974358974,366.994635107153
0,0.04438326199800216,0.09202656074966196,365.46374351700547
0,0.044383261998002174,0.08561630433940556,365.423082387907
0.05725352101724949,0.05,0.039928896234572596,367.4164744562041
0.06077541819745408,0.05,0.03442551289690987,367.36067370699016
0.06400044411725138,0.05,0.04011333302947481,367.479653242158
0.10666666666666666,0.05,0.011547005383792538,367.0937382632995
0.06090428537822819,0.05,0.06742971419345495,367.80605482275365
0.0573394324710989,0.05,0.06193169709893598,367.71306110830784
0.06408635557110079,0.05,0.06211613389383819,367.7756347544116
0.07679325961824784,0.05,0.0631911837328231,367.87313010710534
0.07043980759467432,0.05,0.06265365881333065,367.82904838749255
0.07362187778754692,0.05,0.0573400785137139,367.7868526540237
0.02251731000593473,0.05,0.07816150073554562,367.38850012930556
0.028158096046526963,0.05,0.07568100220052418,367.46586007823726
0,0.05,0.08333333333333334,366.9512753077981
0,0.044383261998002174,0.07920604792914916,365.37514023569526
0,0.05,0.07692307692307693,366.90063448533004
0.005695782463351506,0.05,0.08012820512820513,367.06082168660333
0.011391564926703006,0,0.08333333333333334,357.1140775640143
0.005695782463351503,0,0.08653846153846154,357.02656393948797
0.011391564926703006,0,0.08974358974358973,357.1542455862266
0.08029309919495042,0.05,0.05770670093992086,367.8262314911608
0.09666666666666668,0.05,0.017320508075688766,367.21817123256676
0.09333333333333332,0.05,0.02309401076758501,367.32754996301645
0.09000000000000001,0.05,0.017320508075688745,367.2081662523969
0.06725773740180171,0.05,0.0679672391129474,367.8635965936473
0.011391564926703008,0,0.10256410256410257,357.21445793508957
0.005695782463351504,0,0.10576923076923078,357.1167274400129
0.06057785361604297,0,0.07753589505070607,357.72743954539527
0.057808314882643416,0,0.07286367156402271,357.6655333317681
0.0548388144879054,0,0.07889299238441304,357.6873426883426
0.09666666666666664,0,0.017320508075688773,357.11350542103355
0.09333333333333331,0,0.011547005383792514,357.00410447668065
0.08999999999999998,0,0.017320508075688773,357.1043489315825
0.09000000000000001,0.05,0.005773502691896248,366.9586255750759
0.08666666666666668,0.05,0,366.81380503334407
0.09333333333333335,0.05,0,366.8288192083597
0.03759283957718882,0,0.07421269586780103,357.45697789956574
0.041372965317307726,0,0.07096399479121895,357.4765938329647
0.09666666666666665,0,0.02886751345948128,357.3089064115622
0.08333333333333334,0.05,0.005773502691896248,366.9385789439066
0.08666666666666667,0.05,0.011547005383792497,367.0783250660077
0.08000000000000002,0.05,0.011547005383792516,367.0534939251603
0.0771217173642495,0.05,0.05185559572081165,367.7364391574883
0.07363366397123068,0.05,0.04587298758019563,367.63409928112225
0.08030488537863419,0.05,0.04623961000640261,367.6742049723825
0.02823759168806478,0,0.08048708514240925,357.37536232596466
0.03381271383706992,0,0.07746139694438312,357.4325724337654
0.02819903231021775,0,0.07448961088622366,357.3281025050231
0,0,0.08974358974358974,356.930550075123
0,0,0.09615384615384616,356.9638174293322
0.005695782463351503,0,0.09294871794871794,357.0632816276988
0.011391564926703013,0.05,0.08333333333333334,367.2104295866406
0.01118074150199099,0.05,0.07743687106543884,367.1594472762288
0.04585044734113489,0,0.08243534111799661,357.62025860041666
0.04963057308125379,0,0.07918664004141453,357.6377562415494
0.09015472005968551,0.05,0.040623624291993565,367.6232851990253
0.09333333333333334,0.05,0.034641016151377546,367.5331895691059
0.005695782463351503,0,0.08012820512820513,356.9831041121772
0.011353005548855974,0,0.07733585907714774,357.06973229965087
0.10333333333333333,0.05,0.017320508075688787,367.21819809630045
0.0866666666666667,0.05,0.02309401076758501,367.3125777306423
0.06354735401078099,0,0.07150657423031574,357.70066926612094
0.06077781527738144,0,0.06683435074363239,357.635809999121
0.05377457956396961,0.05,0.056433680004417015,367.61157340028694
0.0605215026639715,0.05,0.056618116799319225,367.6798321676214
0.09548685221581366,0.005527113041596334,0,357.4967149511729
0.09999999999999999,0,0,356.77995953362296
0.10215081948531732,0.0055375592533634015,0,357.4997419222697
0.016876523965342494,0.05,0.08064199927056706,367.3020810183689
0.11982115785934534,0.016603963482917074,0,359.18299219151027
0,0.011111420308637824,0.10467557534831926,358.5441705163788
0,0.005555710154318912,0.10682496716133912,357.7300090820931
0.0319850934750567,0,0.059482853433007105,357.2402619811359
0.036374426002513345,0,0.06222700019355036,357.3292011103997
0.046697947814625884,0,0.061853477841134805,357.4506748565755
0.050361332464078236,0,0.06742164605763538,357.5452384998803
0.05190618922127748,0,0.06155983018413331,357.50247675306065
0.12424269109862628,0.027753417802595957,0,361.2897933843516
0.03437464056127373,0,0.08977215017371737,357.52385882798905
0.04011254395120431,0,0.08610374564585699,357.57664964894144
0.06987587176824467,0,0.07210265631857969,357.74971939208416
0.06631689274418053,0,0.07617879771699909,357.76031235417435
0,0.033063114288155226,0.09621819648387792,362.7044602871383
0,0.02760635606588941,0.09203308954148168,361.4946831278168
0,0.033106450141080865,0.08999509321258577,362.67989879138884
0.0668133757818765,0,0.056669119785261055,357.57499990385844
0.06379559552962896,0,0.06175173526444672,357.608535370983
0.07012411328709267,0,0.062347817352710666,357.65817159369027
0.10422284846351364,0.027683426399606192,0,361.33709475191034
0.10199862275596452,0.022133267284477842,0,360.22956466257165
0.10867668416350111,0.02216283687521855,0,360.2275060685219
0.01708734739005451,0,0.09294871794871795,357.2735968389711
0.022943432901161548,0,0.08966814995510253,357.3532539447104
0.01708734739005451,0,0.08653846153846154,357.2367093049157
0.02266246953905965,0,0.0835127733404354,357.3100746163481
0.11536103386519778,0.022158479736631986,0,360.20938998016584
0.11313680815764866,0.016608320621503636,0,359.20707156617596
0.11765265533899799,0.011070761368140235,0,358.28233749569443
0.005695782463351506,0.05,0.08653846153846154,367.1078887041938
0.07361118942537524,0.05,0.06850476403243985,367.91180645107266
0.11333333333333334,0.05,0,366.8139387498429
0.09999999999999999,0.05,0.023094010767585032,367.3325455381422
0.09666666666666665,0.05,0.028867513459481277,367.43755243874017
0.08000000000000003,0.05,0.023094010767585032,367.28761599244024
0.08333333333333338,0.05,0.02886751345948128,367.40757680715564
0,0.016661254898115204,0.10258628627303099,359.45206838006106
0,0.011105544743796294,0.09832542167579443,358.51848646775
0.07343485079230881,0,0.06802651492016029,357.7336940252741
0.07025847273248473,0.05,0.028795679041325403,367.33792063707074
0.07333333333333336,0.05,0.02309401076758505,367.2527051323632
0.07666666666666672,0.05,0.028867513459481298,367.3775975655141
0.08348805339301887,0.05,0.040623624291993565,367.60349402398975
0.0866666666666667,0.05,0.034641016151377546,367.5181861698955
0,0.016649503768432147,0.08988597892798136,359.38873427229146
0,0.02210626199069796,0.09407108587037759,360.4063081722198
0,0.016655379333273677,0.09623613260050617,359.4237653020181
0.005695782463351504,0,0.09935897435897437,357.0933348839756
0,0,0.10256410256410256,356.9905382226548
0.1264399986303581,0.0333527130071465,0,362.49829159709816
0,0.011099669178954764,0.09197526800326962,358.4860744674373
0.11000000000000001,0.05,0.005773502691896269,366.9589650902861
0.06718361213163607,0.05,0.03449734731506576,367.4142274455473
0.06385027879830271,0.05,0.02872384462316951,367.28885322838545
0.11758525957274689,0.027708638851760333,0,361.31062492638694
0.12204538356689444,0.022154122598045417,0,360.1818003677041
0.10999999999999996,0,0.005773502691896257,356.8868883230368
0.07981263576063151,0,0.04600072968111668,357.51685705403537
0.07661038534470802,0,0.040289512202943495,357.42501463041503
0.07322077068941601,0,0.045938008254509444,357.48398534997455
0.07666666666666669,0.05,0.0057735026918962675,366.9088608969746
0.07333333333333336,0.05,0.011547005383792535,367.01871366243796
0.07645263104455635,0,0.06294389944097462,357.6994212693926
0.07973375861055568,0,0.05732792330013225,357.65406035955885
0.0731418935393402,0,0.05726520187352501,357.6211370626938
0.09666666666666666,0.05,0.005773502691896248,366.96880923401005
0.10333333333333333,0.05,0.005773502691896269,366.9689794524804
0.1,0.05,0.011547005383792518,367.09862878041577
0.011391564926703006,0,0.09615384615384615,357.1877159813927
0.11090090987105022,0.0277129959903469,0,361.332251252539
0.11312513557859934,0.03326315510547525,0,362.5359129687873
0.07040863805143338,0.05,0.0401851674476307,367.5284567427864
0.10666666666666663,0,0.011547005383792514,357.0041083197407
0.0604785469370468,0.05,0.04561671636713753,367.5320084573639
0.06722547003704869,0.05,0.045801153162039754,367.590046018423
0.05260007347599181,0,0.0731573192210242,357.6195193196111
0.05556957387072983,0,0.06712799840063388,357.59336842159996
0.048908366927111556,0.05,0.05688663981548016,367.5629316352963
0.052473219834240845,0.05,0.06238465690999912,367.66794188688476
0.04760700719738279,0.05,0.06283761672106225,367.6172445761484
0.09097370443162733,0.011054226083192668,0,358.30375842334325
0.09763767170113101,0.011064672294959735,0,358.3133815525196
0.08986891708259015,0,0.040352233629550725,357.47174902918084
0.086404500831847,0,0.04606345110772392,357.54069854107087
0.022306486581222702,0.05,0.07226503846765112,367.3325527251802
0.027818552625727924,0.05,0.06969587884408684,367.40439826138095
0.016665700540630473,0.05,0.07474553700267257,367.2484945113915
0.07681683198561537,0.05,0.04025700186578659,367.5678697631727
0.07359180606581807,0.05,0.034569181733221654,367.45839070386273
0.08000000000000007,0.05,0.034641016151377546,367.4931634819364
0.11104171185953313,0.04442105170182509,0,365.2857355655483
0.11770837852619981,0.04442105170182509,0,365.2644472625291
0.022623910161212613,0,0.0775152990842498,357.2658210022845
0.02258535078336558,0,0.07151782482806421,357.215661999071
0,0.011099669178954765,0.08556501159301323,358.44745442178305
0,0.005549834589477383,0.08765430066830149,357.64182515318583
0.06119868066726619,0.05,0.07795805375958272,367.90738701109353
0.05839145240777435,0.05,0.07333385283743363,367.8406945588665
0.06371151363772003,0.05,0.07205391511560402,367.87608668308377
0.03810835283043882,0.05,0.07566084183114626,367.62014039516845
0.04230861528716924,0,0.05910933108059155,357.3709722410706
0.04076375852996999,0,0.06497114695409362,357.4129205280085
0.048659027134058244,0.05,0.07423977245955991,367.74517292810515
0.04456037981545065,0.05,0.07767589656181086,367.72493486450264
0.070450495956846,0.05,0.05148897329460468,367.69185203578496
0.028518555050166684,0,0.08664246175707638,357.4213349576231
0,0.03876652399600433,0.08148901893522138,363.95775668767806
0.017048788012207477,0,0.08054098728227593,357.19546189772996
0.017010228634360445,0,0.07454351302609034,357.1483091013945
0.08666666666666664,0,0.02309401076758503,357.19691085258205
0.09333333333333331,0,0.023094010767585025,357.21057422599944
0,0.02764969191881505,0.08580998627018954,361.4650599436408
0.04824280457182513,0,0.05599166196763272,357.4036874420652
0.08000000000000002,0.05,0,366.78892788609323
0.01708734739005451,0,0.09935897435897435,357.30375593155736
0.06651874189721188,0.05,0.07667811603775311,367.9404337108026
0.11548415281865063,0.005537559253363401,0,357.4754437647805
0.07666666666666667,0.05,0.01732050807568878,367.1583286609962
0.0379192827597126,0,0.056365184320048285,357.2860499139104
0,0.005555710154318912,0.1004147107510827,357.7075618240161
0.106452458455952,0.016612677760090202,0,359.2216774167361
0.11096830563730131,0.011075118506726801,0,358.30295896756047
0.08,0,0.034641016151377546,357.3582914390684
0.0832022504159235,0,0.04035223362955073,357.4532676886419
0.08666666666666666,0,0.03464101615137754,357.3811593778512
0.09000000000000001,0.05,0.028867513459481277,367.42757426732214
0.08436365045199654,0.044391482111084374,0,365.2646997598562
0.0910303171186632,0.04439148211108438,0,365.2828073123117
0.06370357285684411,0.05,0.05130453649970248,367.6389556996206
0.0672684257639734,0.05,0.05680255359422144,367.7375671587554
0.08333333333333334,0.05,0.017320508075688766,367.18822201763396
0.10430163897063466,0.011075118506726801,0,358.3136478833074
0,0,0.10897435897435898,357.0105337707815
0.09754478705597705,0.027653856808865486,0,361.33197996689705
0.09533465548646086,0.022122821072710776,0,360.2256441086091
0.09333333333333335,0.05,0.011547005383792497,367.0935411810956
0.06710633303484512,0,0.06743043283189634,357.6889452856999
0,0.03872318814307869,0.09412237861676995,364.029259980507
0.06013221088017662,0,0.056183567047946144,357.51890353702333
0.057114430627929084,0,0.061266182527131806,357.5485903053471
0.12207418857827895,0.03888688235448579,0,363.8300155589536
0.04739183206934021,0,0.0734509668780257,357.5678169632554
0.09539396757065971,0.03878296422216875,0,363.8560361987227
0.07642302110533952,0,0.05164922573268263,357.5726939476418
0.03409367719917183,0,0.08361677355905026,357.4813383687199
0.08872730090399306,0.03878296422216875,0,363.84469824106253
0.02879951841226859,0,0.0927978383717435,357.46106211359614
0.09769698378532986,0.044391482111084374,0,365.2910518925319
0.05345104597847673,0,0.055698014310631226,357.4534729691173
0.04978766132902438,0,0.05012984609413065,357.35045799043115
0.04515309105742663,0,0.06771529371463687,357.49142023396223
0.10875009038573288,0.038842103403650165,0,363.8644475078215
0.09978849118644835,0.01660223154832314,0,359.2241717262571
0,0.03876652399600433,0.08789927534547778,364.00300016963337
0.09312452391694469,0.016591785336556072,0,359.21730923738977
0.005657223085504472,0,0.07413073087201955,356.9356609906362
0.055878619437320524,0.05,0.07923799148141232,367.86745616095754
0.083792938771653,0.05,0.05222221814701863,367.770886624618
0.016454877115918448,0.05,0.06884907473477808,367.18869866450956
0.021966943160423667,0.05,0.0662799151112138,367.26696078082205
0.09999999999999998,0,0.023094010767585025,357.2151599063434
0.07000000000000002,0.05,0.0173205080756888,367.11848618248365
0.03742926598884075,0.05,0.06369059511827162,367.49201043338417
0.10666666666666667,0.05,0,366.8288998538058
0.016971669256513413,0,0.06854603876990475,357.0952509159093
0.021976143996027844,0,0.06552497699093887,357.15041680892705
0.08999999999999998,0,0.028867513459481284,357.29982401117746
0.010969918077278967,0.05,0.07154040879754436,367.1022556259124
0.083014886176555,0,0.05171194715928987,357.6011540805112
0,0.005549834589477383,0.08124404425804509,357.59913931415406
0,0.005549834589477383,0.09406455707855789,357.6777688531176
0.044470176187704914,0.05,0.05433764056129378,367.4767997869769
0.05020972665684033,0.05,0.05093566290989805,367.50159169869096
0.02294343290116155,0,0.09607840636535893,357.38690402050014
0.039831580589102404,0,0.07994836903118986,357.5307033887237
0,0.033149785994006496,0.08377198994129362,362.64848384127805
0.04316881645797615,0.05,0.06028861746687589,367.53251263992956
0.027589825522880012,0,0.06849676304909832,357.2664254644322
0.10333333333333332,0,0.005773502691896257,356.89597566559513
0.005484959038639483,0.05,0.07423174286031065,367.0062342328524
0,0,0.08333333333333334,356.89054058181387
0,0,0.07692307692307694,356.84378894940477
0.05603807274137014,0.05,0.06788267400451808,367.7644581448979
0.05101240680046247,0.05,0.07969095129247546,367.8191092973652
0.053525239770916305,0.05,0.07378681264849676,367.7957227881424
0.08333333333333331,0,0.028867513459481284,357.2815583550774
0.09333333333333332,0,0.03464101615137753,357.39484406091856
0.06314999113242414,0,0.051100951568760475,357.4829559297127
0.06983115603412404,0,0.05158650430607539,357.53520359774706
0.09309095135598958,0.03317444633325313,0,362.5289233297122
0,0.022149597843623595,0.08784798259908544,360.37847675397865
0.10437504519286644,0.04442105170182509,0,365.29713332193904
0.10666666666666665,0,0,356.7754445798294
0.10881748615198397,0.005537559253363401,0,357.4921399874995
0.03367016209103218,0.05,0.07311184257695988,367.5312890343262
0.03333061867023314,0.05,0.06712671922052256,367.467404236437
0.027479009204928885,0.05,0.06371075548764951,367.33638333598986
0.07006496566129355,0.05,0.07259144003509649,367.92911363330234
0.05117186010451208,0.05,0.06833563381558122,367.717283377729
0.05695664975684221,0.05,0.05112009970480026,367.5755355872559
0.1033333333333333,0,0.017320508075688773,357.1135082758594
0.0436117063292213,0,0.07669966795460778,357.5516549421902
0.056468826230724266,0,0.05061539883144556,357.42137406060755
0.038730625718569514,0.05,0.05773961821268951,367.4419246640843
0.11541675705239957,0.038842103403650165,0,363.84672255237433
0,0.027563020212963772,0.09825619281277381,361.5174528576315
0,0.02211213755553949,0.10042123954290241,360.4373002756874
0.11978256710447872,0.03330793405631087,0,362.52195532855075
0.09666666666666665,0,0.005773502691896257,356.8959746773608
0.08697610678603769,0.05,0.046606232432609584,367.70417100906906
0.1,0.05,0,366.83397041114
0.09999999999999998,0,0.011547005383792514,357.0086832155234
0.06692513939915137,0.05,0.023022176349429158,367.20812405354997
0.04630564746765402,0.05,0.06878859362664436,367.66453052124695
0.03299107524943411,0.05,0.06114159586408524,367.39696633001313
0.011314446171008944,0,0.07133838482096216,357.01948164613776
0.11333333333333329,0,0,356.7618353380871
0.08646055664744103,0.016581339124789003,0,359.20108995013396
0.026980618735542274,0,0.06250391521197299,357.1987538306692
0.043853472044368486,0,0.053247515207089466,357.32278191700897
0.053731623837044905,0.05,0.04543227957223532,367.46344712010443
0.09088081978647339,0.02764341059709842,0,361.3216445494507
0.08867068821695721,0.022112374860943713,0,360.212366756258
0.05106091821263131,0.04434300626351187,0,365.0114026286041
0.046666666666666676,0.05,0,366.5141075832054
0.04439425154596466,0.04434300626351186,0,364.9329580194321
0.07666666666666666,0,0.02886751345948129,357.25409496743424
0.07335972009315406,0,0.03425114557773433,357.32040343319034
0.07,0.05,0.005773502691896267,366.86898990055465
0.06669305342648738,0,0.022704140193941826,357.09444869323437
0.0600176773815071,0,0.022410058078256842,357.0391561649582
0.06338610685297479,0,0.028087772312194868,357.15948222635353
0.0253142133495135,0.025602770862321975,0,360.3060323427258
0.027100932488252683,0.03167868556477208,0,361.61301156860844
0.021836759208085747,0.030490613213132865,0,361.2658076525753
0.05736342170779886,0.05,0.02856483906935199,367.2281633387359
0.06043828230864751,0.05,0.022863170795611638,367.1518577857843
0.010795531034385705,0.0037487604507432694,0,356.4380728432317
0.014924395402104745,0.007497520901486539,0,357.02647505343
0.008257728735438079,0.007497520901486539,0,356.9040655939107
0,0.005540105643147679,0.068444335490007,357.4921939749045
0,0.011080211286295358,0.06637585046719346,358.2878730384516
0,0.011080211286295358,0.07278610687744988,358.3470400657532
0.07974788045993664,0.033127121955500834,0,362.4780617185827
0.08420928433844692,0.027619748408222275,0,361.2986258477585
0.0864194159079631,0.033150784144376985,0,362.5083427065256
0.06435878167063672,0.04436781992220823,0,365.1440514748471
0.06871756334127345,0.038735639844416456,0,363.7385065867922
0.0710254483373034,0.044367819922208236,0,365.19211256977223
0.005524195309306268,0.03198973584272011,0,361.2799100647965
0,0.03333333333333334,0,361.45837447430307
0,0.027777777777777783,0,360.2632872265713
0.026387865699232824,0,0.04640920384014419,357.0034513914598
0.02197868606171425,0,0.04109326046932329,356.8634370510996
0.021667562434984605,0,0.047993918993212245,356.94942634927634
0.055482264756960706,0.005359278206970003,0,357.270948371004
0.06215836289373747,0.005505667053939281,0,357.34788526073913
0.05764062765069821,0.010864945260909285,0,358.095247461841
0,0.011289820255272809,0.04718187232755388,358.10214724550855
0,0.005644910127636404,0.042821705394546175,357.2139786704083
0,0.011857455213254892,0.04016822062439082,358.09578965863363
0.029419258662905345,0,0.024371195350491495,356.724022227678
0.025334674506568587,0,0.02935559843482075,356.7433119405947
0.03278871896221186,0,0.029834538295028072,356.85985887189656
0,0.024847045068920187,0.030413264586317452,360.25398852366294
0,0.029449170391533656,0.025442891374750302,361.11655932705577
0,0.03105645488098492,0.030325445021562505,361.5472005739341
0.005960210016975106,0,0.02885632208897371,356.39886124523724
0.011920420033950212,0,0.032071618536921774,356.5603468688812
0.011920420033950212,0,0.025661362126665362,356.4593851833835
0.06666666666666665,0,0,356.6665573217346
0.06882502956040415,0.005505667053939281,0,357.3954015029748
0.06666666666666667,0.05,0,366.70945338496796
0.07333333333333335,0.05,0,366.7541910036496
0.07002638675982073,0,0.028477642885838077,357.2113401165901
0.005120342368306838,0.04999999999999999,0.010687291810838781,366.0473219386153
0.010240684736613676,0.04999999999999999,0.014964327211421153,366.2479552949126
0.005120342368306838,0.049999999999999996,0.01709754822109519,366.17893425499744
0.04003608479499824,0,0.010120570350086497,356.6132529227494
0.036711460839978526,0,0.004641149773875221,356.4649563732285
0.03342292167995706,0,0.009282299547750441,356.5115419430792
0.07769211500397008,0.044367819922208236,0,365.2301729284592
0.04429786284725479,0.010718556413940006,0,357.93568615757795
0.04644679427088219,0.01607783462091001,0,358.82994139328315
0.039966178964655485,0.015598227683627,0,358.6704940105086
0.037254529363385164,0.05,0.025565258874562343,366.93243863266866
0.04382195121787526,0.05,0.02637653558149873,367.036589621479
0.04046321246256866,0.05,0.03114305766512998,367.0766447427507
0.043424396054911545,0,0.036918934134867146,357.1027136359127
0.04660602869196796,0,0.04352439011449889,357.2312053177352
0.0500365283421139,0,0.037971576226604645,357.19063554234555
0.01652647870570732,0.05,0.06302954296503085,367.1287886622852
0.059899325880870206,0,0.045062584943551316,357.38027903775026
0.06658049078257008,0,0.04554813768086623,357.4374768347737
0.06332982553101615,0,0.039509771055657075,357.3315150699438
0.01771505728527921,0.03620169390766243,0,362.480215677951
0.022979230565446148,0.03738976625930165,0,362.8571251884264
0.026972482040283262,0,0.05618144700409816,357.13054684049575
0,0.03290868142769673,0.07711809427044644,362.54250256498364
0,0.027639962972485346,0.07942053391240786,361.4165089489478
0,0.027398858406175574,0.07276663824156068,361.31032713252375
0.0733333333333333,0,0.011547005383792525,356.9357935737791
0.07666666666666665,0,0.005773502691896262,356.84143580424825
0.06999999999999998,0,0.005773502691896262,356.80506129164036
0.03674754563497677,0,0.014761720123961715,356.65785746420534
0.03013438251993559,0,0.013923449321625661,356.55219955437855
0.0335038428192421,0,0.019386792266162238,356.6969403134833
0.053315914576706085,0,0.010958841152422554,356.77417394148307
0.046649247910039424,0,0.010958841152422554,356.7058606207802
0.04997387186505914,0,0.01643826172863383,356.84186343894095
0,0.016934730382909213,0.051542039260561584,359.0873069299923
0,0.017502365340891293,0.04452838755739852,359.09489204362626
0,0.02217104241733967,0.04977607028495186,360.01744077169707
0.02604979836359883,0,0.018907852405954915,356.581039287883
0.005657223085504471,0,0.06131021805150672,356.81611441190734
0.011306309475749933,0,0.05860566020283092,356.89465087433973
0.005649086390245463,0,0.0549877498436319,356.7470750903033
0.05772758487929797,0.04434300626351186,0,365.0794884528812
0.05333333333333333,0.05,0,366.58959069907417
0.03694572105500607,0.05,0.004803220431142359,366.4991189133539
0.0302790543883394,0.05,0.004803220431142359,366.39826140366785
0.033333333333333354,0.05,0,366.33261353615836
0.07533733011352123,0.022067266684410513,0,360.152230042432
0.07753774889042046,0.027596086219346127,0,361.26590678131
0.07087592623501095,0.027574640231689075,0,361.2241176182252
0.005649086390245462,0,0.04216723702311907,356.5873268107291
0,0,0.044871794871794886,356.5097789208781
0.005649086390245462,0,0.04857749343337549,356.6705704649259
0,0.022547145604442397,0.019641323896552352,359.6209096096137
0,0.02185453062941587,0.01375193685359945,359.3797280771784
0,0.027149270927055866,0.014670950684985206,360.4374323759051
0.039999999999999994,0,0,356.41244284482633
0.04214893142362739,0.005359278206970003,0,357.12985330809244
0.035668316117400685,0.004879671269686994,0,356.9826929167168
0,0.027742152332814185,0.004277641007404566,360.34843220627107
0,0.022150971332295027,0.008555282014809132,359.3333738154718
0,0.02218659677725863,0.004277641007404566,359.25227969427345
0.07333333333333332,0,0.023094010767585042,357.14207038904465
0.07666666666666665,0,0.017320508075688783,357.0587745752484
0.06999999999999998,0,0.017320508075688787,357.02221770389957
0,0.022139868897293892,0.08145853024130377,360.3327840618806
0.06644514822057143,0.03307864610792832,0,362.38831492208385
0.0642447294436722,0.02754982657299271,0,361.17222098182503
0,0.027445711629935025,0.009474295846194886,360.39543719995504
0.05017980957616282,0.05,0.0056144971380787485,366.68744451481865
0.05369295248565897,0.05,0.011228994276157497,366.85064412466426
0.047026285818992306,0.05,0.011228994276157497,366.77562296601496
0.029743854144087162,0,0.03467154180564165,356.89048645405114
0.03719789859973043,0,0.03515048166584898,357.0000110367262
0.02005004006934656,0.02441469851068276,0,359.9815902324804
0.016572585927918805,0.029302540861493642,0,360.9175518773381
0.016963532561254407,0,0.06222357056202994,357.03354072963407
0.04666666666666665,0,0,356.4896485230844
0.015177254986331575,0.02328378769173903,0,359.6747536149778
0,0.03549802723440269,0.007880216370512269,362.1238623834926
0,0.03303689263045418,0.005196654838790319,361.50603019996447
0,0.035794467937281846,0.00268356153172195,362.0804487620389
0.04356116387384327,0,0.04836139362511248,357.25960056647943
0.04336070875001795,0,0.015599990926297772,356.7544120923928
0.04011700593428328,0,0.020225063068498295,356.79739400043377
0.032365105768419625,0.0328667579164113,0,361.9591636254376
0.028243403845613087,0.038577838610940864,0,363.2329828396976
0.07999999999999997,0,0.011547005383792521,356.96771041062345
0.011048390618612536,0.025090582796551318,0,359.9491428816749
0.005524195309306268,0.02643418028716455,0,360.1071199488641
0.005524195309306268,0.020878624731608994,0,359.03414034744156
0.08199915276893074,0.022088712672067565,0,360.1869099760601
0.07979873399203151,0.01655989313713195,0,359.17351924596255
0,0.0055555555555555575,0,356.4691322445528
0.004128864367719039,0.009304316006298826,0,357.08594311081737
0,0.011111111111111115,0,357.27354786860894
0,0.029515722145368566,0.03566094731387079,361.30010950607755
0.027224775443345447,0.05,0.009606440862284718,366.4561839704568
0.030837163165018167,0.05,0.014409661293427078,366.61764947301714
0.025678451144985615,0.05,0.013883476262867091,366.5213476818474
0,0.005644910127636404,0.04923196180480259,357.2973946423629
0,0.011289820255272809,0.053592128737810295,358.18200147323114
0.005960210016975106,0,0.03526657849923012,356.4961665534258
0,0,0.03846153846153847,356.42280120469155
0.020000000000000018,0.05,0,366.10818934197226
0.024121701922806552,0.04428891930547043,0,364.61599141187594
0.026666666666666686,0.05,0,366.2259214226686
0.03781724754102808,0.010238949476656996,0,357.78238227050286
0.073136911336622,0.016538447149474896,0,359.13656737916295
0.06867550745811171,0.02204582069675346,0,360.1081689461759
0.08666666666666664,0,0.011547005383792514,356.99044745201314
0.08999999999999998,0,0.005773502691896257,356.88689229194165
0.08333333333333331,0,0.005773502691896257,356.8687126065881
0.05059268646283706,0.05,0.02747068732542536,367.1378525445683
0.054004682952492264,0.05,0.03333136115298324,367.27694951449865
0,0.022222222222222227,0,359.16801049334964
0.032510368468616116,0.05,0.05596225516743414,367.32762962850444
0.03824991893775152,0.05,0.05256027751603841,367.36988711127134
0.04184928680210452,0.038631925568982296,0,363.44514464827313
0.037455035256139885,0.04428891930547044,0,364.8258981020111
0.023378127506645197,0,0.00464114977387522,356.2742861525698
0.026666666666666665,0,0,356.2309972449962
0.019999999999999997,0,0,356.12672259330776
0.017999600712033298,0,0.004117728649829512,356.1767084478559
0.030788368589473217,0.04428891930547044,0,364.72646474054676
0,0.02726255832435453,0.05972088170602192,361.1497226227377
0,0.02733495638806233,0.05386549150768202,361.0956620385093
0,0.03249887035878499,0.05795491273041219,362.258404202347
0,0.006212545085618486,0.02298754087087029,356.99101544381807
0,0,0.019230769230769235,356.12147466065625
0,0.005519930110591957,0.01709815382791739,356.7933571677982
0.031336632234801376,0.009759342539373987,0,357.62111404895626
0.017912807964720927,0.05,0.03742939123830036,366.81130162202527
0.012356247336292574,0.05,0.033119744250301036,366.62985986096055
0.01853437100443886,0.05,0.030448847144682323,366.707499124118
0,0.0383567129270926,0.05591558098493073,363.6043530220924
0,0.044214555495400196,0.05387624923944926,365.0685980037063
0,0.0441421574316924,0.059731639437789155,365.1204158170752
0.031692785304531484,0,0.05459673185103012,357.1816130297347
0,0.01863763525685546,0.030501084151072402,359.08682923526345
0,0.012425090171236972,0.033154568921227756,358.0816877265484
0,0.012425090171236972,0.026744312510971344,357.9794669686872
0.0469608885920831,0.05,0.04433812782830869,367.370733206437
0.04398946940688692,0.05,0.04915829986464267,367.4020613828597
0,0.03829600748313057,0.01680356608783705,362.97021841472855
0,0.03520158653152353,0.013076871209302588,362.1622661872124
0,0.04105358278995824,0.014290472780768679,363.6028349711694
0.006666666666666665,0,0,355.8907308307443
0.0041288643677190396,0.0037487604507432694,0,356.3111513993346
0.05664924791003941,0,0.016732343844318813,356.91119247239857
0.053342301336526815,0,0.022115975962571855,356.9746526915439
0.02721076027279971,0.05,0.04055199823098206,367.02782572981425
0.026589197233081778,0.05,0.047532542324600094,367.11955434204833
0.02225100259890135,0.05,0.04248096678145022,366.9701679884755
0.021965214207262072,0,0.02389225549028417,356.60208682010955
0,0.016559790331775872,0.0128329230222137,358.4131993019054
0,0.01659541577673947,0.008555282014809132,358.3361560392082
0.08430703776496068,0.01105422608319267,0,358.2865345112562
0.07764521510955116,0.011032780095535617,0,358.2567091322641
0,0.03842911099080039,0.04364993437633442,363.4585382006473
0,0.0442145554954002,0.04746599282919285,364.9837697744994
0,0.038429110990800396,0.05006019078659084,363.5475658956057
0,0.045755288231016544,0.029309977716371748,365.1122170498711
0,0.04575528823101655,0.035720234126628156,365.21920223660567
0,0.0415105764620331,0.03297892979171786,364.06160636796966
0,0.03852541942969456,0.07483512326437422,363.84405264114935
0,0.011089940232625061,0.07917555923523154,358.40069609263423
0,0.005540105643147679,0.0748545919002634,357.5484570453596
0.015907313729202937,0.04680832072501051,0,365.1408141881216
0.013333333333333345,0.05,0,365.9802989764897
0.009240647062536264,0.04680832072501051,0,365.0058817380567
0.021577520424792513,0.05,0.019229871546618836,366.5567959487053
0.020519739124953064,0.049999999999999996,0.013357291232307103,366.41840316489635
0,0.05,0.00641025641025641,365.83512810272026
0,0.04690557904839296,0.00909381794197836,365.0310825592502
0,0.04690557904839296,0.00268356153172195,364.8875537229862
0,0.034184399221816944,0.04090863004142413,362.41389826341106
0,0.03996984372641675,0.03831443208402614,363.7589052727381
0,0.05,0.01282051282051282,365.97342394702935
0,0.04690557904839296,0.01550407435223477,365.1646444065941
0.018857528642639614,0.043100846953831214,0,364.21042816616233
0.014764842371842533,0.03990916767884173,0,363.32146238112665
0.022038544750212538,0.05,0.060460383341466584,367.2041290055027
0.01659808029549619,0.05,0.05721001119528365,367.06272125022076
0.02211014634000141,0.05,0.05464085157171937,367.13513982034334
0.0570262858189923,0.05,0.01700249696805376,367.0051800174905
0.06351314290949615,0.05,0.01716150252187128,367.06664353660153
0.06017980957616282,0.05,0.011387999829975015,366.91698677496754
0.02584398482381546,0.05,0.030680250651498205,366.8435964203275
0.03315359864319206,0.05,0.03091165415831409,366.9666449598717
0.030182179457995884,0.05,0.03573182619464807,367.0006150784479
0.05665795728835303,0,0.005479420576211277,356.6990848204643
0.04999129062168637,0,0.005479420576211277,356.6354799222225
0.01747658970459941,0.05,0.024576266830370584,366.58196085164155
0.011298466036453125,0.05,0.02083690752573289,366.386868190238
0.016418808404759965,0.05,0.018703686516058853,366.4490664509902
0,0.017945020281828927,0.024611697108119498,358.8663783227983
0,0.0172524053068024,0.0187223100651666,358.641835011679
0.07999999999999999,0,0,356.7391443953073
0.07549169622707082,0.005505667053939281,0,357.4338059391678
0.07333333333333332,0,0,356.70740676154225
0.010626477395675071,0,0.020153537918290398,356.3438288032257
0.016586687412650177,0,0.02336883436623846,356.5040714602655
0.016955395865995395,0,0.055901102354155116,356.9652208673335
0.021968007300768835,0,0.059202508783064045,357.0854582207028
0.021959870605509822,0,0.052880040575189226,357.01388995645294
0,0.02188903538465442,0.06841518221267492,360.1738113154967
0,0.016725121413931763,0.06432576098994475,359.1957578272715
0,0.021993839869143147,0.06202332134798333,360.12851457678295
0.0633333333333333,0,0.005773502691896262,356.75957497298987
0.05999999999999998,0,0,356.61659607588444
0,0.05,0.0641025641025641,366.77711296032015
0,0.05,0.05769230769230769,366.70421206109114
0.04673016904932446,0,0.021063333870834353,356.8887444057448
0.041752898103394664,0.021674142386077105,0,359.77856510405644
0,0.05,0.05128205128205128,366.62358329763583
0.005556560628428353,0.05,0.04918144185979419,366.725600098335
0.005556560628428353,0.05,0.0555916982700506,366.8088908009251
0.02162943955918342,0.05,0.049461510875068254,367.0584634803716
0.01729124492500299,0.05,0.04440993533191839,366.9056340567579
0.04685489570505748,0,0.0313661202469729,357.05828503590874
0.05346702799225984,0,0.032418762338710404,357.1423968220067
0.0393043220582444,0.03292084487445273,0,362.0699981718767
0.034910070512279755,0.03857783861094087,0,363.3361974163431
0.022334982784067356,0.004879671269686994,0,356.7871699322225
0.02900164945073402,0.004879671269686994,0,356.8894487083941
0.017569506424195674,0,0.03577731709850238,356.7149006168227
0.017258382797466033,0,0.04267797562239134,356.80655034280596
0.03740458501950826,0.05,0.015220938000363466,366.733406455763
0.034045846264201665,0.05,0.019987460083994713,366.77944020942414
0.05999129062168636,0,0.01125292326810754,356.83908353447475
0,0.05,0.019230769230769232,366.1017528024185
0.006178123668146286,0.05,0.022970128535406927,366.3165095168221
0,0.05,0.02564102564102564,366.222807115305
0.037059001935907145,0.0272704501512442,0,360.82163918144124
0.03057838662968044,0.02679084321396119,0,360.62942259376723
0.05096452951392145,0.010718556413940006,0,358.0087301434702
0.05312289240765895,0.016224223467879287,0,358.9260391402895
0.023612387721672734,0.05,0.004803220431142359,366.2863639267751
0.018453675701640183,0.05,0.004277035400582372,366.18000563375887
0.01666968188528506,0.05,0.05139047942553643,366.990496428316
0,0.006212545085618486,0.0293977972811267,357.0957435386542
0,0.034051295714147126,0.020472518163183157,362.0411216099245
0,0.03244401122469586,0.015589964516370958,361.5863121980855
0.05999999999999999,0.05,0,366.65471503004807
0,0.02784188590208239,0.020560337727938104,360.69115973100213
0.02675625501329039,0,0.00928229954775044,356.41611180625995
0.011314446171008942,0,0.06492812841070573,356.9600256282793
0.005657223085504471,0,0.06772047446176313,356.8792534249028
0,0.03565858020359838,0.025355071809995355,362.50117267258827
0.005484959038639482,0.05,0.06782148645005423,366.9449487211681
0.010969918077278965,0.05,0.06513015238728795,367.03773198614044
0,0.05,0.07051282051282051,366.8425871017331
0,0.044142157431692405,0.06614189584804557,365.19077799691183
0.02706990401389977,0.05,0.052711883021251196,367.19762326683554
0.027550610794717757,0.05,0.0578912237179023,367.2706297875757
0.03749179327737248,0.05,0.035963229701463956,367.11577896682564
0.02994491554400856,0.05,0.02533385536774646,366.8166599968366
0.04869211439321944,0.021728229344118537,0,359.87047544061943
0.0553682125299962,0.021874618191087814,0,359.9669749929917
0,0,0.07051282051282054,356.7904298357962
0.006178123668146286,0.05,0.029380384945663335,366.4327541250513
0.006178123668146286,0.05,0.03579064135591975,366.5404444835828
0.01333333333333333,0,0,356.013205894357
0.01746219770105237,0.0037487604507432694,0,356.5560359224666
0.011298172780490926,0,0.052283191994956096,356.82266644437476
0.06666666666666664,0,0.011547005383792525,356.89478218232824
0,0,0.025641025641025647,356.22871009246717
0.005960210016975106,0,0.0224460656787173,356.294762686583
0,0,0.06410256410256412,356.73033927492577
0.04371205052732588,0.05,0.037740592746719336,367.2290842211236
0.0407406313421297,0.05,0.04256076478305332,367.2643154213724
0.0633246239550197,0,0.017026425960003803,356.9713105607181
0.019797180485119727,0.008628431720430263,0,357.273921259165
0.017259378186172104,0.012377192171173532,0,357.80179838791173
0.030044794173311858,0,0.00464114977387522,356.37413854682364
0.033333333333333326,0,0,356.3262373288358
0.011787009034973511,0.049999999999999996,0.004277035400582371,366.04914962954166
0.006666666666666672,0.05,0,365.839857618996
0.022289809688443893,0,0.03419260194543433,356.7695390131412
0.04351314290949616,0.05,0.005614497138078748,366.60701298511214
0.040458863964502205,0.05,0.010417717569221108,366.67407237079783
0.01173468429657464,0.05,0.04010028834391907,366.72884810287167
0.05684647624282948,0.05,0.0056144971380787485,366.7575172596303
0,0.005519930110591957,0.004277641007404566,356.5511464354665
0,0,0,355.7592974024696
0.09333333333333332,0,0,356.775451787452
0,0.02213013995096419,0.0750690778835221,360.2801936720503
0,0.05,0.03205128205128205,366.33530717849374
0,0.016631041221703072,0.004277641007404566,358.2559376967858
0,0.01666666666666667,0,358.1725442746379
0,0.05,0,365.68686526949097
0.005120342368306838,0.049999999999999996,0.004277035400582371,365.90574263331314
0.06333333333333332,0.05,0.005773502691896267,366.8191181678967
0.03348556365842878,0.01511862074634399,0,358.5030822932625
0.028791667490941253,0.020714928511511084,0,359.4189367991362
0.027004948352202074,0.01463901380906098,0,358.32770624154494
0.04399821822573191,0.027324537109285632,0,360.92301162294234
0,0.05,0.038461538461538464,366.4392529919847
0.005556560628428353,0.05,0.042771185449537785,366.634618469498
0,0.05,0.04487179487179487,366.5352636079337
0.03452037409217631,0.05,0.04078340173779794,367.1481537236907
0.088820185549147,0.005527113041596334,0,357.485849122044
0,0.011185015770784085,0.05998398960250188,358.23841901094977
0,0.005644910127636405,0.055642218215059006,357.37407158549814
0,0.016630045875772742,0.07710707421241801,359.2961677955532
0,0.006212545085618487,0.03580805369138312,357.19367838302446
0.06666666666666668,0.05,0.011547005383792535,366.9737085520417
0.040000000000000015,0.05,0,366.42826568244163
0.04881559809029405,0.005359278206970004,0,357.2049781401675
0.01690735140328035,0.05,0.008554070801164744,366.24688116048947
0.0220660634233129,0.05,0.009080255831724731,366.35485392836375
0.023527494210774318,0.019526856159871868,0,359.11830835388264
0.04037953123678685,0,0.04175593764548073,357.13442530616607
0.037334666418662156,0,0.04659294115609431,357.16023672152164
0.019377328930711795,0,0.012876607073534243,356.36705883374253
0.021377728218678494,0,0.008758878423704732,356.32252999646613
0.0159992014240666,0,0.008235457299659023,356.22297929578434
0,0.0415105764620331,0.026568673381461447,363.95158180799143
0,0.038284314863384794,0.06818122759352703,363.72273919537184
0,0.03242647229507719,0.06381030292875209,362.3077118146485
0,0.038284314863384794,0.06177097118327062,363.6549157349277
0.055455169758595955,0.03868601252702373,0,363.61446140275683
0.010240684736613676,0.04999999999999999,0.008554070801164743,366.11305951753747
0.015361027104920516,0.049999999999999996,0.012831106201747114,366.308815922164
0.011609296407220568,0,0.03897227706081073,356.6557062304153
0.013998802136099898,0,0.012353185949488532,356.2655351370927
0.06997010543786208,0,0.03989964162930028,357.38281636987557
0,0.005540105643147679,0.06203407907975059,357.4291994571875
0,0.02323976057946893,0.025530710939505253,359.85799874339483
0.012356247336292573,0.05,0.02670948784004462,366.5184249573886
0.031548954906980134,0.05,0.04560357377413192,367.17376901334615
0.011814627458405854,0.04361664145002102,0,364.20685053989496
0.005147960791739182,0.04361664145002102,0,364.06487600524747
0.03687330311854861,0,0.024850135210698815,356.8345347770117
0,0,0.0512820512820513,356.5900176082454
0.02475585572532369,0,0.01340002819757995,356.4626136395044
0.020671271568986935,0,0.018384431281909207,356.48723865052403
0.043486466233589795,0,0.025688406013034872,356.92978424108577
0.040242763417855126,0,0.0303134781552354,356.96498294496365
0.05053942872848845,0.05,0.016843491414236245,366.9340956251503
0.05395142521814365,0.05,0.022704165241794118,367.08597064478937
0.04718068997318185,0.05,0.021610013497867488,366.9890732489455
0.00809817570517586,0.03435361212328617,0,361.86338006201515
0.002573980395869591,0.035697209613899404,0,362.0552910728182
0.0820557654559666,0.03875930203329261,0,363.8171445137707
0.07538423000794013,0.03873563984441646,0,363.7798904217226
0,0.0379591618383512,0.010563777902234218,362.7626822744762
0,0.03825560254123036,0.0053671230634439,362.7235107572301
0.01067215610104545,0.036717488403852236,0,362.4659081017147
0.048788503091929294,0.03868601252702373,0,363.54341408517644
0.07999999999999999,0,0.023094010767585035,357.17408051854073
0.011048390618612536,0.030646138352106875,0,361.0996358658083
0.0046662673786999655,0,0.004117728649829511,355.9350260851908
0.05333333333333331,0,0,356.55769960010366
0.05664866062931626,0,0.03902421831834216,357.2693671439313
0.024669965568134715,0.009759342539373987,0,357.5208311483015
0.050937434515556684,0.027378624067327065,0,361.0137062694167
0.057613532652333446,0.02752501291429634,0,361.11060762715493
0,0,0.05769230769230771,356.66351726679346
0.08333333333333331,0,0.017320508075688777,357.08615165114264
0.022635301724631962,0.05,0.025102451860930575,366.6878326043394
0.026736232444825064,0.05,0.019756056577178827,366.6578827206391
0.005147960791739182,0.03806108589446547,0,362.67126571381465
0.002573980395869591,0.04125276516945496,0,363.40095821519026
0,0.01662031692944304,0.07071762185463634,359.23953801058565
0.04332462395501971,0,0.005479420576211276,356.5627204227421
0.0046662673786999655,0,0.016938241470342334,356.1749206170596
0.009332534757399931,0,0.014645713709915433,356.22294077587185
0.032029661687798125,0.05,0.05078291447078303,367.2532305229488
0.011113121256856706,0.05,0.04708083243753711,366.81836628160846
0.03762697458918737,0,0.0514790627380713,357.2251347629452
0,0.01807000029887338,0.03751473585423547,359.0947328120501
0.009332534757399931,0,0.008235457299659021,356.10377199673184
0.03140047713400627,0,0.04971061026905313,357.11898118787536
0.026680173869758045,0,0.051295325422121174,357.0689905612069
0,0.01682992589842049,0.05793390012525318,359.14501413374023
0.04624353834806916,0.032974931832494156,0,362.17015492328915
0,0.03257126842249279,0.0520995225320723,362.2028721763939
0.011041519667067836,0.05,0.059310620617540735,366.97410415965703
0.005484959038639482,0.05,0.061411230039797815,366.8762364516676
0.03527228279716796,0.021194535448794096,0,359.60273311883213
0,0.016639774822102445,0.08349652657019968,359.3458998827885
0.07098339245414165,0.011011334107878561,0,358.21750259064385
0.015292744774375039,0,0.017861010157863497,356.387469122277
0.06431672578747497,0.011011334107878561,0,358.1724313520228
0.06647508868121248,0.016517001161817844,0,359.09023434973545
0.059798990544435715,0.016370612314848564,0,359.0128034591069
0,0.03888888888888889,0,362.7560984676141
0,0.044444444444444446,0,364.1655953993434
0,0.0413500234928374,0.0026835615317219496,363.4281147733034
0,0,0.012820512820512825,356.00742329176217
0,0.005519930110591957,0.010687897417660979,356.67558899354975
0.017880630050925318,0,0.028876658574613426,356.61534215105803
0.016947259170736386,0,0.04957863414628029,356.89029132900754
0.06671944018630813,0,0.03386127500409112,357.27341238791996
0,0.011732475196210443,0.020854925468018443,357.7704123744447
0,0.011039860221183913,0.014965538425065544,357.557265381548
0,0,0.006410256410256413,355.8866975390332
0.03776921215693353,0.05,0.0473809368193873,367.29278715441137
0.01133293404536663,0,0.004117728649829511,356.0603464488544
0.011298172780490926,0,0.04587293558469969,356.7431568521677
0,0.045755288231016544,0.02289972130611534,364.99667761343864
0,0.03990329197258184,0.021686119734649248,363.45827928594764
0.050098598520792154,0,0.026741048104772378,357.0193894294578
0.011113121256856706,0.05,0.053491088847793515,366.9043189233334
0,0.044214555495400196,0.041055736418936443,364.89125061904565
0.02213216326918709,0.013508102990117257,0,358.0650204730274
0,0.03572513195743329,0.03557312774911584,362.6890148131735
0,0.03726586469304965,0.030237625456807554,362.9664653860768
0,0,0.03205128205128206,356.3291522738124
0.07307634501191018,0.03310345976662469,0,362.4380803658833
0.03415303378160574,0,0.039987485176462556,357.0291388735911
0.012386593103157118,0.011246281352229806,0,357.5380399861978
0,0.02740735445177013,0.048010101309342135,361.03537704062956
0.05321816097917032,0,0.044577032206236405,357.3137470396559
0,0.040716737145178865,0.00805068459516585,363.3875604598769
0.056710730807994505,0,0.02779369019650988,357.09980431298266
0,0.03274045192757502,0.010393309677580637,361.5486761078919
0.04723394770753046,0.05,0.03223720940905661,367.1822731930856
0.004128864367719039,0.014859871561854383,0,357.95531560427276
0.009653059677025306,0.019071829626796707,0,358.78833137891047
0,0.0271577538398658,0.0661127425707135,361.196535916851
0.060079160279462196,0,0.03347140443044791,357.21731830325734
0,0.02273867737532175,0.042762418581788794,360.03122103888023
0.05048278577228769,0.05,0.038834744490645966,367.3282554031247
0.007721941187608772,0.040424962175031526,0,363.30629839729215
0.022872565638619283,0.05,0.035500422687832184,366.87240243340494
0.026698989325962468,0,0.039508545316255236,356.91521378130784
0.0046662673786999655,0,0.010527985060085922,356.05831054304264
0.05318275463789393,0.03302901879053559,0,362.2596338796748
0.002573980395869591,0.04680832072501051,0,364.8583982959805
0,0.043811158096785915,0.01177737947370031,364.25991362574695
0,0.043811158096785915,0.0053671230634439,364.12111878644805
0.018654709127759333,0.018395945340928144,0,358.8335471608727
0.05981395142923268,0.03305383244923196,0,362.3288327600144
0.062086366549934706,0.038710826185720096,0,363.68134235390954
0,0.04414215743169239,0.07255215225830197,365.2537134189324
0,0.023306312333303835,0.035748766878625736,360.03725696085303
0.06204431066677296,0.02202100703805709,0,360.054141117175
0,0.03264366648620059,0.04624413233373241,362.14111573678946
0.043972006873998354,0.05,0.016032214707299854,366.83888850647395
0,0.02209864435363187,0.05563146048329175,360.07625432785227
0.04061326811869176,0.05,0.0207987367909311,366.8893941952022
0.013622371014482127,0.03301001463267294,0,361.66965926173003
0.031108168963481043,0,0.04482448868707614,357.052366455558
0.03389144211001212,0.05,0.00960644086228472,366.5622468435458
0,0.044148003741565287,0.01801716765930314,364.47536528283945
0,0.03266757686138696,0.07046419859959926,362.4289118894405
0,0.011039860221183913,0.008555282014809132,357.43578040194507
0.08215351888248033,0.005527113041596335,0,357.46588599298065
0.008257728735438077,0.013053076457042095,0,357.7438141747927
0.013781924044744345,0.01726503452198442,0,358.54824965126437
0,0.02797498940975221,0.04099644960617907,361.05535246136174
0.08666666666666666,0,0,356.76184674134686
0,0.011075485666147515,0.004277641007404566,357.3562516751397
