% Model,3d_full_flux.mph
% Version,COMSOL 6.2.0.339
% Date,"Apr 17 2026, 16:33"
% Dimension,3
% Nodes,4286
% Expressions,1
% Description,Volume
% X,Y,Z,Temperature
0.17656132305921285,0.05,0.24539001097615984,361.1380427809669
0.17333333333333337,0.05,0.25,361.08908401407854
0.16989465639254617,0.05,0.24539001097615984,361.24083661232544
0.09785108682395038,0.027726898495404904,0.25,356.21259593071176
0.1000925894728541,0.03328181003790619,0.25,357.40055599461266
0.10449794177632822,0.027733304452145127,0.25,356.21241927933113
0.2,0.03372003901035904,0.1861366274361847,357.4458355374195
0.2,0.03919779934264397,0.19030176612715233,358.68867343862706
0.19999999999999996,0.039044479335430135,0.18397741492575698,358.7144920943797
0.19577290344402273,0.04647521159494428,0.25,359.70444079016676
0.2,0.05,0.25,360.59168863182543
0.2,0.044444444444444446,0.25,359.0742695205948
0.20000000000000004,0.03970541749367719,0.20937476088977364,358.5812995838408
0.20000000000000007,0.03438097716860609,0.20512371698994492,357.37966235440575
0.20000000000000007,0.034735275312425484,0.2114621041409145,357.37474419035243
0.1,0.05,0.25,361.6457245999099
0.09333333333333335,0.05,0.25,361.64114564454223
0.09666666666666666,0.05,0.24422649730810375,361.7701598397833
0.1625600087032334,0,0.21370454342262063,352.0768864553736
0.16684695288401208,0,0.21878578569668544,351.954915149678
0.1698248161400387,0,0.21406754981159695,351.9813809802364
0.19438707888783163,0.05,0.1822849676352139,361.74952340548685
0.18877415777566323,0.05,0.1786724993729919,361.895582065933
0.19438707888783163,0.05,0.17587471122495751,361.80573600160795
0.2,0,0.17948717948717946,351.8672563201971
0.2,0,0.18589743589743588,351.8124286424832
0.2,0.005771578769674226,0.18386806866697095,352.52523933194914
0.18868709546784304,0.05,0.19756523420086725,361.7024640255393
0.18303064320176457,0.05000000000000001,0.20019400514745475,361.77624721440344
0.18307417435567466,0.05000000000000001,0.19395276593864527,361.84945539977593
0.16981582660076117,0.006452880617861938,0.25,352.18117504465766
0.17333333333333334,0,0.25,351.35682116506644
0.16666666666666669,0,0.25,351.4437710698518
0.15015755669225445,0.05,0.2334557015909966,361.7262907324029
0.14343837112816962,0.05,0.2331969650354348,361.79636875183706
0.14694763162361918,0.05,0.22819754152879215,361.8539869660553
0.19577290344402276,0.04091965603938871,0.25,358.26054345501313
0.2,0.03888888888888889,0.25,357.6746746186242
0.15333333333333338,0.05,0.25,361.3532654458716
0.15005251889741816,0.05,0.24448523386366555,361.50790680244387
0.15671918556408485,0.05,0.24448523386366555,361.4340825587915
0.2,0.005771578769674226,0.19027832507722736,352.4654305343465
0.2,0.0117461274236881,0.19464571272414175,353.25505446781233
0.2,0.011543157539348451,0.18824895784676243,353.2894712367009
0.17439879130832187,0,0.2361551209948211,351.5875340901591
0.17286300173654562,0,0.24041232833601056,351.53633989602395
0.17796729044004905,0,0.24094895682681583,351.45502223706336
0.12894486494857954,0.03893184331585173,0.25,358.6352294506948
0.12447243247428977,0.044465921657925865,0.25,360.06546273569785
0.13113909914095645,0.04446592165792587,0.25,360.0275524335391
0.17378338179202923,0.05,0.23113407692858218,361.4615237288315
0.16635177127618772,0.05,0.23064234072270126,361.58022639714517
0.1704511838905785,0.05,0.225606384722804,361.60960742350323
0.2,0.011543157539348451,0.18183870143650602,353.34808193690776
0.18906352138794558,0.0055719509085705166,0.25,351.77829828999324
0.18479370944255785,0.011143901817141033,0.25,352.61119519984896
0.1914603761092245,0.011143901817141033,0.25,352.4988488204608
0.11112876645920328,0.04443154065046221,0.25,360.1047790604479
0.11779543312586994,0.04443154065046221,0.25,360.0851520463684
0.11559086625173987,0.03886308130092442,0.25,358.6787351056715
0.20000000000000004,0.02364562179344271,0.20954006726291835,355.08938528328804
0.20000000000000004,0.023291323649623313,0.20320168011194878,355.1037522782646
0.2,0.017923645962041622,0.20540985524843547,354.11638885510587
0.2,0.011949097308027748,0.20745272401177747,353.13668663339377
0.2,0.011949097308027748,0.20104246760152106,353.21429955854427
0.18833761674085844,0.049999999999999996,0.21093154387156796,361.5345319893271
0.19399406900693691,0.049999999999999996,0.2147130293352369,361.36642014827817
0.18798813801387385,0.04999999999999999,0.21788759713201225,361.437814398676
0.2,0.017720676077701975,0.19901310037105613,354.1584453286326
0.2,0.023088353765283662,0.19680492523456944,355.14083428970906
0.2,0.017517706193362327,0.19261634549367682,354.19416366178007
0.1222678656001597,0.03889746230838808,0.25,358.66145342831516
0.16666666666666669,0.05,0.25,361.18697712824735
0.16322798972587949,0.05,0.2453900109761598,361.3336646294772
0.19999999999999998,0.02273206387373019,0.18408381915579478,355.2045552031503
0.2,0.01718909680365388,0.1797620180445905,354.2600909576157
0.19999999999999998,0.017314736309022676,0.18621959061629748,354.22354385454804
0.1503447691146056,0.05000000000000001,0.2122571894887252,362.0764015726864
0.14738869408490407,0.05,0.2055626676352261,362.20065250493326
0.15377522541388328,0.05,0.20619791260414663,362.12438869105085
0.06238288394882709,0.02218509910138524,0.25,354.99567493377003
0.05790990626386332,0.02777325317749974,0.25,356.046083758053
0.06459318378107928,0.027730418415656065,0.25,356.0890860355936
0.16241957432729415,0.0402080935700942,0.25,358.6357077455355
0.15798329877630077,0.04467890330035319,0.25,359.83749705244077
0.16443627555099338,0.045529190269741004,0.25,359.9816820920805
0.2,0.027812817671170345,0.24586599720222807,355.3095926970792
0.2,0.03333333333333333,0.25,356.3929039259137
0.2,0.034124979123350746,0.24522166635949705,356.6655593130931
0.1897382458102191,0,0.24148558531762104,351.26100600426224
0.18307157914355246,0,0.24148558531762107,351.3687757065952
0.1882024562384429,0,0.24574279265881055,351.21107585371504
0.17776960888432675,0.04552919026974101,0.25,359.78312921305627
0.18000000000000002,0.05,0.25,360.9812250857029
0.19486912290510955,0,0.2393325362485541,351.20953153465996
0.18973824581021914,0,0.23507532890736466,351.3694300333776
0.2,0.05,0.1794871794871795,361.6533647060691
0.13596572080798194,0.02230999802459925,0.25,355.0306423710704
0.1407108552928532,0.016810353563536835,0.25,354.02964390691596
0.13376900970822336,0.016721875536483313,0.25,354.0650063877973
0.1819344121996306,0.05,0.24588594656694984,361.03696438720846
0.1886010788662973,0.05,0.24588594656694984,360.9149847336835
0.18666666666666668,0.05,0.25,360.86259877156164
0.2,0.02860446346118776,0.24108766356172512,355.5621445714914
0.10666666666666667,0.05,0.25,361.6411879320565
0.10333333333333333,0.05,0.24422649730810372,361.7704291251151
0.1888934148492192,0,0.20291338323862482,351.83524622438864
0.19444670742460962,0,0.2008156659782868,351.76308821140174
0.18889341484921923,0,0.1965031268283684,351.9066047050307
0.2,0.04452223966771507,0.17532204079621183,360.18425408911645
0.19999999999999998,0.03899460469445523,0.17111575099836795,358.8108723112619
0.2,0.03904447933543014,0.1775671585155006,358.77205802739854
0.16619633506987896,0,0.24041232833601056,351.62302087613136
0.16976483420160615,0,0.24520616416800528,351.4927682298632
0.1753618412561346,0.018477712144294393,0.25,353.9190997785925
0.16944747980228353,0.019358641853585816,0.25,354.154771258491
0.17408021231833157,0.022702098022697917,0.25,354.68979866672254
0.14677170446150295,0.05,0.23897046772733105,361.65383212983176
0.15343837112816963,0.05,0.23897046772733108,361.5845446601893
0.20000000000000004,0.03402667902478669,0.19878532983897534,357.37807884710463
0.2,0.03935111934985779,0.20303637373880407,358.57822978304563
0.20000000000000004,0.0393511193498578,0.19662611732854768,358.6563110568886
0.18268116447477997,0.05,0.20715005840789902,361.6922292842116
0.18868709546784304,0.05,0.20397549061112366,361.62256386866403
0.16556873426138863,0.029994307521289475,0.25,356.2534451201665
0.16040287310359488,0.0348869968704474,0.25,357.3942869191746
0.1668558498782875,0.03573728383983521,0.25,357.50568667153055
0.19999999999999998,0.01896477386853147,0.22344892682258616,354.0434353009172
0.19999999999999996,0.01264318257902098,0.21947877172787794,353.078373604574
0.19999999999999996,0.01264318257902098,0.22588902813813433,352.9824507175095
0.12454358697469088,0.027775261478198008,0.25,356.16313142034994
0.12674029807444945,0.03336338396631394,0.25,357.34689743026667
0.1312205863231107,0.027809642485661663,0.25,356.13303110687616
0.1901787471714215,0.026479398806655667,0.25,355.14955776077915
0.18590893522603374,0.020940238604115074,0.25,354.1821996608281
0.1846273062882307,0.025164624482518598,0.25,354.98975002097615
0.14005251889741815,0.05,0.23871173117176928,361.7193213756612
0.13333333333333336,0.05,0.23845299461620745,361.7753601337384
0.13671918556408483,0.05,0.232938228479873,361.85699628351904
0.20000000000000004,0.04047218046892372,0.2340330763087377,358.3767641954324
0.2,0.04523609023446186,0.23881140994924066,359.51272390505744
0.20000000000000004,0.045236090234461866,0.23240115353898425,359.63268671854365
0.17999457377218264,0.021821168313406497,0.25,354.43792393553656
0.17871294483437963,0.026045554191810018,0.25,355.2578280034498
0.14022844605953438,0.05,0.22793880497323035,361.9193592765168
0.13701852099089915,0.05,0.2226806449110259,362.0349562661973
0.14373770655498397,0.05,0.2229393814665877,361.9742896647087
0.1781706571384524,0.05000000000000001,0.19062132489791728,361.9714735611363
0.1782141882923625,0.05,0.1843800856891078,362.03460236883143
0.18311770550958473,0.05,0.1877115267298358,361.91604788555065
0.18460736871532868,0,0.23722837797643162,351.4174820328845
0.17008440526988264,0,0.22451769009545436,351.82998470875833
0.16281959783307734,0,0.224154683706478,351.92614881308776
0.1660570502189479,0,0.22988658810524693,351.79904979689246
0.2,0,0.22435897435897437,351.3543763113828
0.1937921892525409,0,0.22701675333769988,351.42731461977627
0.2,0,0.23076923076923075,351.25641075912716
0.18,0,0.25,351.26160280941576
0.1764315008682728,0,0.24520616416800528,351.40181856198416
0.20000000000000004,0.040265948053210154,0.22807824037986868,358.43075979162563
0.08453700732554414,0.011075105617910135,0.24999999999999994,353.2661228068753
0.08226850366277207,0.005537552808955067,0.24999999999999997,352.49301195373283
0.07788712420736903,0.01106986781737865,0.25,353.2415320902033
0.19022146256083194,0.034049326159696094,0.25,356.74353966997876
0.19577290344402273,0.035364100483833164,0.25,356.93447032911945
0.19444855911680922,0.03201855900919626,0.25,356.21602992794436
0.13815995500035885,0.011177409700006717,0.25,353.16516866688903
0.18939546618185768,0,0.18497127593894058,352.01100666404045
0.18409319927278653,0,0.18130306775456473,352.1299781809079
0.1838421736064673,0,0.18706899319927864,352.08309246787144
0.19999999999999998,0.04452223966771507,0.18814255361672463,360.0667368695161
0.2,0.044522239667715076,0.18173229720646825,360.1289102362656
0.2,0.012296139943524364,0.21346574786982772,353.1102851430967
0.19999999999999998,0.018617731233034854,0.2174359029645359,354.0732632005389
0.2,0.01827068859753824,0.21142287910648572,354.0975810519351
0.15185083117842918,0.028324083797569843,0.25,356.06734086379305
0.14710569669355794,0.03382372825863225,0.25,357.298423519273
0.15394989632890227,0.034036709901059586,0.25,357.27634286145536
0.2,0.023992664428939325,0.21555309112096854,355.07209730560464
0.17553921776865344,0.04105838053948202,0.25,358.6595682239965
0.16887255110198676,0.04105838053948201,0.25,358.7602279888519
0.17110294221766006,0.045529190269741004,0.25,359.88738855967176
0.11666666666666667,0.05,0.23267949192431123,361.9721327795243
0.12000000000000001,0.05,0.23845299461620745,361.84848791716996
0.11333333333333334,0.05,0.2384529946162075,361.87132822686544
0.1943435477339215,0.05,0.19493646325427977,361.61925916040735
0.18873062662175313,0.05000000000000001,0.1913239949920578,361.7726791857555
0.10890329407980237,0.022184798866384067,0.25,355.12677498758603
0.11562508497736734,0.022185968928233074,0.25,355.1107951140786
0.11338358232846363,0.016631057385731784,0.25,354.1429916646873
0.14290756639261176,0.02239847605165277,0.25,354.99326973563393
0.14765270087748303,0.016898831590590357,0.25,353.9849206180797
0.2,0.005974548654013874,0.20308533636486312,352.3536326350406
0.2,0.005974548654013874,0.1966750799546067,352.4259771893373
0.16929450260481843,0,0.23561849250401584,351.66516681153513
0.2,0.040059715637496586,0.2221234044509996,358.4784896470251
0.20000000000000007,0.03529580587195845,0.2237553272207531,357.31749784283903
0.1433858522307515,0.05,0.24448523386366555,361.5723111616109
0.2,0.005771578769674226,0.17745781225671453,352.5788689122673
0.20000000000000004,0.0446755596749289,0.2008771612283764,359.9632190034613
0.2,0.05,0.19871794871794873,361.45282727139374
0.20000000000000004,0.0446755596749289,0.19446690481812,360.0391623141896
0.12333333333333335,0.05,0.24422649730810372,361.7153880570768
0.11666666666666668,0.05,0.24422649730810375,361.7428109326551
0.2,0.02229230200900736,0.24173199440445614,354.3257205989246
0.2,0.02225726211561479,0.24586599720222807,354.24150905519156
0.1683200915500978,0.05,0.19019968202527077,362.1303600813946
0.17322360876732004,0.05,0.19353112306599873,362.01976667617373
0.16854590155227267,0.05,0.19504179713196446,362.0732462657104
0.2,0,0.23717948717948717,351.15241863997886
0.19486912290510955,0,0.23292227983829772,351.3157396087919
0.16317516501584378,0.05,0.23526525581598517,361.5379475521729
0.15984296711439305,0.05,0.229737563610207,361.6827891023501
0.16271225449696736,0.05,0.19814303337375674,362.11783612855663
0.156878607441662,0.05,0.201244269615549,362.15319038013735
0.15665279743948712,0.05,0.1964021545088553,362.2150619721459
0.19333333333333333,0.05,0.25,360.73275328693586
0.18910623677735608,0.04647521159494428,0.25,359.8372811072081
0.1914603761092245,0.022255012928252143,0.25,354.3226593669092
0.18719056416383678,0.01671585272571155,0.25,353.4362081882286
0.14929993088593485,0.03935780660070639,0.25,358.5769166198338
0.1513166321096341,0.0446789033003532,0.25,359.9128142727607
0.15596659755260153,0.039357806600706396,0.25,358.5046431968561
0.12902387522335212,0.02222151999754573,0.25,355.05865419855195
0.1773492127066879,0,0.22488069648443065,351.7238738768623
0.17332185765575317,0,0.23024959449422325,351.6982702986767
0.17411176032081738,0,0.21914879208566176,351.8534197116683
0.18914444051553844,0,0.1907372013836545,351.961305986128
0.18359114794014805,0,0.19283491864399255,352.0312061516503
0.18243957011068943,0.04647521159494428,0.25,359.9589022537647
0.18487914022137883,0.04295042318988855,0.25,358.9836978403564
0.18020917899501612,0.042004401864685285,0.25,358.82258303360874
0.17505705831805624,0.05,0.23666596851926947,361.337950570132
0.18043014745847402,0.05,0.2371619041100595,361.23929997772143
0.17849573525884344,0.05,0.24127595754310968,361.19110399197325
0.0912323266764229,0.027721155529732377,0.24999999999999997,356.20425230077836
0.09344573452047625,0.033275404081165964,0.25,357.39468009276925
0.12666666666666668,0.05,0.23845299461620745,361.8164996193245
0.18137656775762268,0,0.2195117984746381,351.7419775460921
0.18866131215765045,0,0.22916980240676682,351.48199708078437
0.18353043506276,0,0.23132285147583376,351.53104111671354
0.16553787195926,0,0.20898630753753217,352.1021735021728
0.09000000000000001,0.05,0.24422649730810375,361.7610485011715
0.09333333333333332,0.05,0.2384529946162075,361.88495851411477
0.19999999999999998,0.01750278218740674,0.23288163667865153,353.64342791323907
0.2,0.023083947799024777,0.23695366076395322,354.5581689605696
0.2,0.023814943639587142,0.23223730583592053,354.77719656697735
0.17648249326742782,0.006452880617861938,0.25,352.0889282264996
0.11782965185149741,0.011087761611104193,0.25,353.2607428917191
0.1201053732260286,0.01663222744758079,0.25,354.12135939252653
0.1943435477339215,0.05,0.2077569760747926,361.4584659767602
0.2,0.05,0.21153846153846154,361.28395353869195
0.07561862054459695,0.0055323150084235825,0.25,352.465917888559
0.14245573125059052,0.03914482495827906,0.25,358.5888437460007
0.181324404778492,0.03513407198499265,0.25,357.146645073952
0.18467002167764118,0.032734551835559025,0.25,356.55146812306026
0.1800000604512785,0.03178853051035575,0.25,356.42377687976034
0.18386882439926122,0.05,0.24177189313389968,361.08783846345614
0.2,0.011181190897896253,0.23532173799419975,352.6121637996025
0.2,0.005590595448948126,0.23945574079197168,351.7761850921968
0.2,0.011181190897896253,0.2417319944044562,352.5007830854879
0.19526774553296394,0.05,0.24588594656694984,360.781785909674
0.19526774553296394,0.05,0.2394756901566934,360.9126572866485
0.2,0.05,0.24358974358974358,360.72818534696256
0.2,0.05,0.22435897435897434,361.0854928821193
0.19399406900693691,0.049999999999999996,0.2275335421557497,361.1600034569076
0.19399406900693694,0.05,0.2211232857454933,361.2670275986771
0.2,0,0.25,350.9259325702335
0.19573018805461226,0.0055719509085705166,0.25,351.66209028112917
0.2,0.005555555555555555,0.25,351.5811257207289
0.11999999999999998,0,0.25,351.82054122127926
0.11555393047696622,0.005543295774627593,0.25,352.50065266184873
0.12227572137453119,0.005544465836476599,0.25,352.47683723015706
0.14255090029249434,0.005632943863530119,0.25,352.36418610750934
0.14666666666666667,0,0.25,351.65496542235996
0.13999999999999999,0,0.25,351.7087849969258
0.1356090547078645,0.005544465836476598,0.25,352.40400418999633
0.2,0.033873359017572865,0.19246097863758,357.41522905525494
0.2,0.028456031452865353,0.19459675009808272,356.2230898249594
0.09781524484015874,0.04442513469372199,0.25,360.1153220196704
0.1044620997925366,0.04443154065046221,0.25,360.1153140893128
0.10227734463269533,0.0388566753441842,0.25,358.70124116969976
0.13121810941572903,0.011088931672953196,0.25,353.1980785445956
0.1702223680169065,0.05,0.21512504952842812,361.78141408686406
0.16711898598912778,0.05,0.22007869251702578,361.7494718807514
0.162790757501065,0.05,0.2146333133225472,361.8932290717317
0.16000000000000003,0.05,0.25,361.2749044282095
0.20000000000000004,0.03570827070338558,0.2356649990784912,357.20704759624647
0.20000000000000004,0.03550203828767201,0.22971016314962212,357.26540558993975
0.2,0.030127105091767543,0.23159297499318948,356.049337213195
0.19526774553296394,0.05,0.233065433746437,361.03474079307074
0.2,0.05,0.23717948717948717,360.85589419154763
0.15631838347355684,0,0.22334321252971825,352.0110277099243
0.1595558358594274,0,0.22907511692848717,351.8883852984131
0.1784261463592566,0,0.23078622298502852,351.6171201434488
0.0934242711358437,0.01661840139253773,0.24999999999999994,354.154192563974
0.08680551098831622,0.016612658426865202,0.24999999999999997,354.140587379603
0.08901891883236956,0.02216690697829879,0.24999999999999994,355.119554729723
0.1530546214999069,0,0.2282636457517274,351.96985654301596
0.15629207388577743,0,0.23399555015049628,351.8448867670269
0.17296498653485567,0.012905761235723876,0.25,353.0533177095247
0.17887934798870678,0.012024831526432456,0.25,352.8341812264481
0.1957301880546123,0.011127506464126071,0.25,352.41990623452637
0.2,0.01111111111111111,0.25,352.33741766500935
0.2,0.005974548654013875,0.20949559277511953,352.2751233359659
0.1943870788878316,0.05,0.18869522404547032,361.6864812954673
0.18877415777566323,0.05,0.18508275578324834,361.836278646374
0.1378057658076231,0.044465921657925865,0.25,359.9804852031116
0.14464996544296743,0.04467890330035319,0.25,359.97871160859535
0.2,0.02792400265111908,0.1625876600893198,356.38448097367655
0.19999999999999998,0.03346696972119538,0.16690946120052408,357.5469075326702
0.19999999999999998,0.03341709508022047,0.16045805368339144,357.5753599182313
0.12682716412359357,0.016633397509429795,0.25,354.0910080607237
0.12234687587493231,0.022187138990082074,0.25,355.08609618092913
0.08679274339049997,0.03326123704347171,0.25,357.3780514254439
0.10892419958507318,0.03886308130092442,0.25,358.6952684955478
0.1133862993776098,0.03329462195138663,0.25,357.38558781861497
0.10673944442523194,0.03328821599464641,0.25,357.3975252365612
0.1782569250604138,0,0.18985627018137904,352.14258169461317
0.1726716765143603,0,0.19264354716347942,352.19487514370786
0.17800589939409456,0,0.19562219562609295,352.08792795330515
0.19486912290510955,0,0.24574279265881052,351.0971561833785
0.19333333333333333,0,0.25,351.0460022085734
0.177089623576844,0,0.2144305562005733,351.8759287775326
0.1777441417489127,0,0.20746023807192943,351.9561574708675
0.17280267939606533,0,0.20934931392650852,352.00271126234145
0.10004303128337118,0.016624144358210254,0.24999999999999997,354.1592983965084
0.09563767897989704,0.022172649943971313,0.24999999999999994,355.13052913687517
0.1707345954191824,0.02510161817213155,0.25,355.1923816899013
0.17536732793523047,0.028445074341243652,0.25,355.791578320583
0.15319390635083796,0,0.238789385982491,351.7962901601277
0.14979085952625695,0,0.23318407897373655,351.922950359396
0.1465272396841713,0,0.23878938598249103,351.8584651645565
0.11114479672870609,0.02773971040888535,0.25,356.20333596805557
0.20000000000000004,0.03508957345624488,0.21780049129188406,357.3633243549447
0.2,0.02971464026034041,0.21968330313545142,356.1559289643715
0.12000000000000002,0.05,0.25,361.60483864070596
0.11333333333333334,0.05,0.25,361.62755927898843
0.17332575004468523,0.05,0.2101714065398305,361.80666556640165
0.17367522877166983,0.05000000000000001,0.2032153532793862,361.89542489935974
0.1780034572597326,0.05,0.20866073247386474,361.7521958579693
0.2,0,0.21153846153846154,351.53169896282185
0.1944467074246096,0,0.20722592238854318,351.6877061345813
0.19379218925254088,0,0.21419624051718705,351.610288246897
0.17306443704124716,0,0.19751127148067202,352.1383537577366
0.1681229746883998,0,0.1994003473352511,352.1835414747514
0.17345719756813405,0,0.20237899579786464,352.07822783184366
0.14993028650875231,0,0.24439469299124553,351.72907942090245
0.14326361984208566,0,0.24439469299124553,351.78707671039973
0.1845295600728648,0.05,0.23212594811016224,361.2617196584371
0.1858032365988918,0.05,0.23765783970084953,361.1338473144457
0.17850795072673303,0,0.1840903447366651,352.19223483273623
0.2,0.027777777777777773,0.25,355.2206488124585
0.19573018805461226,0.027794173130792736,0.25,355.3082246128042
0.18666666666666668,0,0.25,351.15789228830084
0.18153578957177624,0,0.24574279265881055,351.31681596543893
0.159115757486696,0.029144020551901663,0.25,356.15604062505764
0.17788279440642002,0.05,0.22609812092868492,361.4843027949008
0.1745505965049693,0.05,0.22057042872290672,361.6300428787766
0.18198220702081078,0.049999999999999996,0.2210621649287876,361.4981362898853
0.07571604458421816,0.02214750214007305,0.24999999999999994,355.07001608886895
0.0801556278701411,0.016607420626333715,0.24999999999999994,354.1185000114328
0.07350574475196599,0.016602182825802232,0.24999999999999997,354.0877763266317
0.19999999999999998,0.0335168443621703,0.1733608687176567,357.5117536577925
0.19999999999999998,0.03356671900314521,0.17981227623478935,357.46989829359813
0.2,0.029367597624843794,0.21367027927740118,356.1716971165677
0.2,0.04502985781874829,0.2264463176101152,359.682319917237
0.0866666666666667,0.05,0.25,361.6274226079739
0.0911485781734921,0.04442513469372199,0.25,360.10789110318376
0.08448191150682546,0.04442513469372199,0.25,360.0913161054964
0.2,0.029920872676053978,0.22563813906432045,356.1057659591801
0.18758437850508178,0,0.22326427590616899,351.5891702154312
0.18245350141019134,0,0.22541732497523592,351.63920628778277
0.13000000000000003,0.05,0.24422649730810375,361.6788783095905
0.16968396917763845,0.05,0.2361700329284795,361.42979909167747
0.2,0.022885383880944014,0.1904081703571901,355.17157816077395
0.19999999999999998,0.028302711445651524,0.1882723988966874,356.25815345022284
0.08236592770239329,0.022152739940604536,0.24999999999999994,355.0984032762689
0.08457933554644662,0.027706988492038124,0.24999999999999997,356.1853622403887
0.12006329872602964,0.03332900295885029,0.25,357.3707137745728
0.1630981675349395,0,0.24520616416800528,351.57544944687686
0.16,0,0.25,351.52245252377173
0.09563048968031751,0.03885026938744398,0.25,358.6983071839568
0.08896382301365086,0.03885026938744398,0.25,358.6880243063512
0.19154580688804546,0.04295042318988855,0.25,358.85908186138437
0.18233168574779537,0.049999999999999996,0.2141061116683433,361.5995256427056
0.07127646129829522,0.027687583653812388,0.25,356.12292574506927
0.06906616146604305,0.022142264339541567,0.25,355.0329925848381
0.20000000000000004,0.0450298578187483,0.2200360611998588,359.7873478086347
0.20000000000000004,0.04005971563749659,0.2157131480407432,358.5778677132815
0.17797878787934282,0.03753359213442629,0.25,357.76079869703966
0.1766544435521293,0.03418805065978939,0.25,357.007671163044
0.2,0,0.1923076923076923,351.7514217474849
0.13666666666666671,0.05,0.24422649730810375,361.6332116338356
0.2,0,0.24358974358974356,351.04225924368103
0.2,0.005590595448948126,0.24586599720222807,351.66233139841574
0.17950308001182527,0,0.23669174948562638,351.50497249727556
0.09999999999999998,0.05,0.23845299461620745,361.8897396020961
0.163019573374737,0.05,0.22511464851692306,361.72243446518934
0.1596873754732863,0.05000000000000001,0.21958695631114486,361.8564232958103
0.06685586163379087,0.016596945025270746,0.25,354.04841632519975
0.15651076921294232,0.05,0.22420987140442877,361.81941141510396
0.1533008441443071,0.05000000000000001,0.21895171134222433,361.94227604840756
0.07565784075369829,0.038821935312055474,0.25,358.63349511012467
0.08231083188367457,0.038836102349749727,0.25,358.665189422388
0.08013975226052368,0.033247070005777465,0.25,357.3525633298186
0.07792634441647034,0.027692821454343874,0.24999999999999997,356.157612751699
0.11,0.05,0.2442264973081037,361.76116602149233
0.09666666666666665,0.05,0.23267949192431123,361.9994135135352
0.19999999999999998,0.01706345729828508,0.17330444547288348,354.29025411840735
0.19999999999999996,0.011417518033979654,0.175381128864799,353.38201103114125
0.18239685472127892,0.0055719509085705166,0.25,351.8863267402448
0.17915647093244702,0.05,0.2316300125193722,361.3650227290669
0.2,0.044675559674928894,0.2072874176386328,359.8801880135747
0.2,0.05,0.20512820512820512,361.37193424462185
0.13333333333333336,0.05,0.25,361.531921693664
0.156596953175419,0,0.2443946929912455,351.66279088158626
0.20000000000000007,0.029396109251205182,0.23630932992122222,355.81342228216846
0.20000000000000007,0.034916624913368166,0.24044333271899415,356.9369405365375
0.19999999999999996,0.018233778027969105,0.22816528175061884,353.8441438030614
0.1631491599340945,0.006452880617861938,0.25,352.2651534119502
0.17330882665298014,0.03658757080922302,0.25,357.6105421185238
0.2,0,0.20512820512820512,351.6111046358208
0.18127620270998568,0.01759678243500297,0.25,353.6795787551717
0.2,0.05,0.23076923076923075,360.9748151655804
0.19999999999999998,0.00632159128951049,0.21550861663316973,352.2411281585423
0.19434354773392154,0.05000000000000001,0.2013467196645362,361.54240640816283
0.15969512071035846,0,0.23960085715925078,351.71358764658845
0.16279328824529793,0,0.23480702132725606,351.7589589177399
0.17326713992123016,0.05,0.1872898838571893,362.0860475053871
0.15012423788396315,0.05,0.22357462643550824,361.9013143274463
0.2,0.04523609023446186,0.24522166635949705,359.38397322101883
0.14510180058498867,0.011265887727060237,0.25,353.12289798122737
0.17812712598454233,0.05000000000000001,0.19686256410672676,361.9017290538433
0.15333333333333332,0,0.25,351.59285459797525
0.2,0,0.19871794871794873,351.6843455640418
0.18926181453990087,0.05,0.22982974513295595,361.2143190132734
0.07782892037684917,0.044410967656027735,0.25,360.0622750048953
0.19469773309092886,0,0.18863948412331644,351.88482118623284
0.14000000000000004,0.05,0.25,361.48172782774014
0.13816243190774052,0.02789812051271518,0.25,356.1030091248396
0.19154580688804546,0.03739486763433299,0.25,357.4887063023075
0.0912036739922108,0.011075105617910135,0.24999999999999994,353.2816041390139
0.19999999999999996,0.038944730053480314,0.16466434348123532,358.84298510580874
0.15673130044358477,0.05,0.21289243445764575,361.99534328944645
0.11786658762627106,0.027740880470734357,0.25,356.1842894335595
0.19999999999999998,0.024545939480149506,0.22752095090788782,354.9947997814184
0.19999999999999998,0.024339707064435938,0.2215661149790188,355.0492992796956
0.1598346824713635,0.05000000000000001,0.20793879146904812,362.0281470219504
0.1957301880546123,0.02223861757523718,0.25,354.240411161002
0.19573018805461226,0.016683062019681626,0.25,353.2788209817086
0.19146037610922453,0.01669945737269659,0.25,353.35928757675975
0.18889711823361846,0.03070378468505919,0.25,356.03801504219734
0.1859943660048547,0.03608009331019592,0.25,357.2837189819954
0.19999999999999998,0.02797387729209399,0.16903906760645243,356.35340048437627
0.19999999999999996,0.0280237519330689,0.17549047512358507,356.31561850575935
0.2,0.05,0.17307692307692307,361.70648647875214
0.19999999999999996,0.02260642436836139,0.17762624658408777,355.2373013328137
0.19999999999999996,0.0281493914384377,0.18194804769529205,356.2866733495004
0.16589413952884374,0.05,0.20967967033394955,361.9233441210782
0.1595821454472068,0,0.21842277930770912,352.04646386012104
0.1783529359867172,0.05000000000000001,0.20170467921342045,361.8385844895443
0.19999999999999998,0.022480784862992594,0.17116867401238078,355.26366352020096
0.2,0.01693781779291629,0.1668468729011765,354.3140333369229
0.2,0.0450298578187483,0.21362580478960239,359.884744107864
0.19444670742460962,0,0.19440540956803037,351.8323055434443
0.177653978532748,0.04999999999999999,0.21561678573430904,361.65712151508023
0.19053549106592788,0.05,0.24177189313389968,360.96250547054734
0.16851573521528665,0,0.2042680716524437,352.1223250005187
0.2,0.05,0.21794871794871795,361.18853900648986
0.18798813801387385,0.04999999999999999,0.22429785354226867,361.33444383167597
0.1832558835468378,0.049999999999999996,0.22659405651947492,361.38314931691696
0.1405277814863487,0.05,0.21768122140438323,362.0871988283628
0.1826487491057055,0.03847961345962955,0.25,357.90915527269107
0.1937921892525409,0,0.22060649692744347,351.521902842182
0.18758437850508178,0,0.21685401949591257,351.680381107987
0.13341729742286929,0.0333977649737776,0.25,357.31413878569634
0.14500663154308485,0.02811110215514251,0.25,356.08991600251824
0.17312264611842565,0.05,0.24078002195231965,361.2875674496251
0.1687717115544476,0.05,0.1998839122386582,362.01204905319537
0.17344941876949493,0.05000000000000001,0.19837323817269248,361.9596374861821
0.06680348361333147,0.03327573772992689,0.25,357.2878540380099
0.149217566959161,0.005632943863530119,0.25,352.3063590321216
0.2,0.02243091022201768,0.16471726649524815,355.2973721132404
0.17839865992098142,0,0.20048991994328555,352.0288925757521
0.19053549106592788,0.05,0.23536163672364327,361.0877515093592
0.2,0.016701706560059235,0.2458659972022281,353.27964868581284
0.2,0.01114615100450368,0.24586599720222807,352.42044064522184
0.17202171103608127,0.030844594490677286,0.25,356.3443053099122
0.2,0,0.21794871794871795,351.44613904594775
0.08000000000000006,0.05,0.25,361.60455549020486
0.07123724108919391,0.011064630016847165,0.25,353.2083050569004
0.15994717528996433,0.05,0.23987524483982536,361.4895793788714
0.1566663608540491,0.05,0.23436047870349092,361.6367780990813
0.12455144274906238,0.011088931672953198,0.25,353.23365950997186
0.1356115316152462,0.03893184331585173,0.25,358.59128885576365
0.09782243413973829,0.011080848583582662,0.25,353.28945882825207
0.16899752155662245,0.05,0.2047260273453519,361.9467684438497
0.10225643912742452,0.02217839290964384,0.25,355.13300419219075
0.1873187103320682,0.039425634784832825,0.25,358.0556118454779
0.1266666666666667,0.05,0.25,361.57295863131924
0.20000000000000004,0.028659001337205,0.20099350497546203,356.1909822755976
0.19999999999999998,0.00632159128951049,0.22832912945368256,352.05344253691277
0.19469773309092886,0,0.17581897130280363,351.99379574336143
0.19469773309092886,0,0.18222922771306005,351.94239807343934
0.15081915038418175,0.05,0.19950339075064755,362.2435595006236
0.20000000000000004,0.0396805346789063,0.24522166635949708,357.965854162426
0.2,0.040472180468923716,0.2404433327189941,358.2557595424926
0.13,0.05,0.2326794919243112,361.90817332744876
0.20000000000000004,0.0290132994810244,0.2073318921264316,356.18459053175985
0.0734867611305474,0.03323290296808321,0.25,357.31821580589343
0.2,0.0055905954489481255,0.23304548438171524,351.8838715088283
0.1882388966771505,0,0.20988370136726872,351.7615604604129
0.16248644449479244,0.05,0.19330091826706303,362.17732883240296
0.16293806449914222,0.05,0.20298514848045046,362.0542600278794
0.2,0.02222222222222222,0.25,354.15461697151216
0.16733745363462604,0,0.1896648987008659,352.2951608034521
0.1677302141615129,0,0.1945326230180585,352.2411534090625
0.15333416295259839,0.05,0.2288327864977127,361.77603389396813
0.2,0.05,0.1923076923076923,361.52663261900756
0.10666179143089867,0.01662988732388278,0.25,354.15590487720607
0.1033333333333333,0.05,0.2326794919243112,361.99950348034616
0.18316123666349482,0.05,0.18147028752102634,361.97602467172777
0.1402614970582136,0.033610746616204924,0.25,357.31102216068666
0.1469143128153279,0.05000000000000001,0.2183164663733038,362.01920122592514
0.1439582377856264,0.05,0.21162194451980468,362.1485322808464
0.19999999999999998,0.00632159128951049,0.2219188730434261,352.1503867565729
0.2,0.05,0.1858974358974359,361.5934134194876
0.17292270218067954,0,0.18687762171876549,352.2472957069178
0.1466666666666667,0.05,0.25,361.4222065790485
0.16645597945175897,0.05,0.24078002195231962,361.38529618396655
0.16629831986818902,0.012905761235723876,0.25,353.14259299019
0.1893954661818577,0,0.1785610195286842,352.0651535434552
0.15176846725165533,0.011265887727060237,0.25,353.0610634050175
0.16428161864448976,0.02425133120274374,0.25,355.11551675740276
0.1826856041017601,0,0.20557116221735033,351.904365591977
0.07999999999999999,0,0.25,351.82125482017545
0.10666666666666666,0.05,0.23845299461620745,361.88531776625746
0.2,0.016666666666666663,0.25,353.19480840307483
0.1820310859296914,0,0.21254148034599424,351.8269183632596
0.15588423362582765,0.005632943863530119,0.25,352.24024070691485
0.2,0.016771786346844376,0.23759799160668427,353.44128763145
0.1590333935599222,0.012085824481392057,0.25,353.10605050200354
0.11110786095393244,0.011086591549255186,0.25,353.2791072138245
0.08666666666666668,0.05,0.2384529946162075,361.87131479225883
0.0601202060961155,0.03331857249177056,0.25,357.2483297020617
0.12333333333333334,0.05,0.2326794919243112,361.9447270475614
0.15701669233622292,0.02343139444841192,0.25,355.0470807411017
0.16218255349401667,0.018538705099253996,0.25,354.1065989871534
0.15491762718574986,0.017718768344922177,0.25,354.04998210701626
0.1335092604954496,0.05,0.22768006841766855,361.97528109922604
0.1497517660279561,0.0226114576940801,0.25,354.9702001160011
0.18334567735042767,0.02938901036092212,0.25,355.85885926867263
0.2,0.011291878528610858,0.16892355629309203,353.40955618309863
0.2,0.005645939264305429,0.17100023968500755,352.61017999766653
0.08333333333333337,0.05,0.24422649730810375,361.742793081359
0.19999999999999998,0.04447236502674015,0.1688706332790792,360.22002729264904
0.2,0,0.17307692307692307,351.9159047806266
0.10444119428726578,0.011086591549255188,0.25,353.28881416565366
0.19999999999999998,0.011912186738458615,0.230605383066167,352.79801945453937
0.08999999999999998,0.05,0.23267949192431125,361.99012062290427
0.18334012227382881,0,0.19860084408870646,351.97431923224434
0.10999999999999999,0.05,0.2326794919243112,361.9903905233372
0.09999999999999999,0,0.25,351.8583156307945
0.09560183699610539,0.005537552808955067,0.24999999999999997,352.520846889411
0.10222059714363288,0.005543295774627594,0.25,352.52295108351643
0.2,0.016736746453451808,0.24173199440445617,353.36180842860455
0.053436928578899555,0.033361407253614236,0.25,357.1996427980485
0.10666666666666663,0.049999999999999996,0.22690598923241495,362.1000577914015
0.10999999999999997,0.049999999999999996,0.22113248654051867,362.19190889008297
0.11333333333333331,0.05,0.22690598923241492,362.0863276258176
0.050160095864764935,0,0.24420294572750884,351.7332991216331
0.04698685839619656,0,0.23840589145501767,351.80465056764115
0.043493429198098274,0,0.24420294572750884,351.66708216902657
0.1780575154011003,0,0.17130883631222416,352.2993904590282
0.17771993212993958,0,0.16475660213047919,352.34643988420504
0.17235941480057482,0,0.16786683905162858,352.4037909127887
0.027416974020085777,0.024820057114777333,0.25,355.11233670758804
0.021758559067253984,0.02349469310667484,0.25,354.77521038065237
0.0232523344489236,0.029560843604865186,0.25,356.001905911005
0.2,0.044472365026740165,0.16246037686882278,360.2618569191408
0.2,0.05,0.16025641025641027,361.79242732899655
0.2,0.044472365026740165,0.1560501204585664,360.29702707820246
0.1619964628391811,0,0.19760467010076035,352.27876229937186
0.16238922336606795,0,0.20247239441795295,352.2192661235268
0.11666666666666664,0,0.24422649730810372,351.9388732676739
0.11333333333333331,0,0.25,351.841324496839
0.11666666666666664,0,0.2211324865405187,352.3157263204652
0.11999999999999997,0,0.22690598923241495,352.21764528193313
0.12333333333333331,0,0.2211324865405187,352.2906219759343
0.15358909753708538,0.05000000000000001,0.18818219567982974,362.34191180075817
0.1580377710159389,0.05,0.19074155697344639,362.2623326035735
0.15220412396063357,0.05000000000000001,0.19384279321523865,362.29570181802745
0.2,0.04443216631252923,0.14963344232611003,360.3150509042732
0.2,0.03886433262505845,0.14542073080606624,358.91558119575194
0.2,0.03890453133926938,0.15183740893852257,358.9012929936254
0.1481250340131897,0.05,0.1885673569207943,362.39633158546667
0.05685169635469352,0,0.23255703124669,351.9909892033703
0.05365352506286322,0,0.23840589145501767,351.86662848320367
0.06002493382326189,0,0.23835408551918114,351.91886180675056
0.1430402710669918,0,0.21015720378042105,352.3180167396633
0.13616723533651937,0,0.2103031275929454,352.36748304132266
0.1394923067666724,0,0.21579528569614587,352.27085877456926
0.19999999999999998,0.01677007696452329,0.14760379815697994,354.381577549447
0.19999999999999996,0.011180051309682193,0.14968458338670457,353.49312875460265
0.19999999999999998,0.016825990573987624,0.15401815640504546,354.3653671890533
0.13017592716211623,0.05,0.22190656572577228,362.0954935920096
0.1336851876575658,0.05,0.2169071422191296,362.1521204820617
0.015239198858463292,0.03956001991293895,0.25,358.134897637904
0.018395946330727875,0.03549031973117513,0.25,357.22249493967695
0.014437172023827223,0.03230517977852652,0.25,356.44175163477513
0.09999999999999998,0,0.23845299461620745,352.066818286546
0.1033333333333333,0,0.2326794919243112,352.16240025701944
0.09666666666666665,0,0.23267949192431123,352.16241721061783
0.18872029963953624,0,0.16545655116519423,352.1681361589137
0.18872029963953624,0,0.1590462947549378,352.20361777494617
0.18308044945930435,0,0.1616463652093298,352.28209580692777
0.18341803273046509,0,0.16819859939107476,352.237817885361
0.055624619052599716,0.03890760483574283,0.25,358.5140895108218
0.06230789656981567,0.03886477007389915,0.25,358.5594938999296
0.12666666666666665,0,0.22690598923241495,352.18841266862484
0.12983076892222412,0,0.22127792048969316,352.2561058396497
0.1333333333333333,0,0.23845299461620745,351.9627567823816
0.12999999999999998,0,0.23267949192431123,352.07907360283485
0.12666666666666665,0,0.23845299461620748,352.0001430596944
0.06759959277014435,0.05,0.23997855071783275,361.75069469762366
0.07426625943681103,0.05000000000000001,0.23997855071783278,361.7903965113703
0.07046646305173887,0.05,0.2449892753589164,361.6653116949516
0.017530608231417902,0.05,0.24545320055089792,361.03616693990415
0.020899428563683903,0.05,0.23955370031122347,361.2153950052328
0.02336882033226602,0.05,0.24410049976032555,361.16306406878493
0.13316410225555744,0,0.2270514231815894,352.1497197315498
0.2,0,0.16666666666666666,351.9585565442335
0.19436014981976812,0,0.16926673712105866,352.04607248348
0.03152305478486241,0.044070523873690065,0.25,359.5396016490498
0.026666666666666686,0.05,0.25,361.0879669564189
0.033333333333333354,0.05,0.25,361.1863112286684
0.13971519963683876,0,0.2046650456772206,352.4122056618333
0.13639012820668575,0,0.19917288757402016,352.4998007736924
0.13284216390636633,0,0.20481096948974495,352.4575134977651
0.12,0.05,0.22690598923241495,362.06345485555954
0.11666666666666667,0.05,0.22113248654051867,362.1735963037572
0.19999999999999996,0.022234214767616063,0.13908478931726462,355.3677448880417
0.19999999999999998,0.016680737921999242,0.13482963305818763,354.3981956635532
0.19999999999999996,0.016725407443261266,0.14121671560758378,354.3929949548269
0.16711174952568203,0,0.17720635021547396,352.4069755252882
0.17269699807173552,0,0.17441907323337358,352.3539699840016
0.16699889747121005,0,0.170977075972778,352.45414889267846
0.15147552462053035,0,0.19324559227711788,352.4379552414007
0.14752277528070318,0,0.18795326158830064,352.5273056312994
0.14618345032780344,0,0.1935887092601542,352.4833661197993
0.07139938915521651,0.05000000000000001,0.23496782607674915,361.87254191538455
0.07759959277014433,0.05000000000000001,0.23420504802593653,361.91985352889384
0.1329948711777816,0,0.21564985174697138,352.3170812725379
0.13632820451111494,0,0.22142335443886763,352.21364812212795
0.14266097048929396,0.04999999999999999,0.18895251816175884,362.4443233176594
0.13979175925004278,0.04999999999999999,0.19438124178026764,362.4092166123261
0.1357126693025989,0.04999999999999999,0.1891058054858233,362.4996380856744
0.1033333333333333,0,0.2211324865405187,352.3409394743587
0.10666666666666663,0,0.22690598923241495,352.251073829017
0.10999999999999997,0,0.2211324865405187,352.3325190436044
0.14319390635083795,0,0.23301588329059475,351.9830873405662
0.14635800860639542,0,0.22738781454787296,352.0460765408793
0.13976105543097644,0,0.2272196188647312,352.1019460862265
0.17839509867226103,0,0.17786107049396915,352.245913080078
0.05125614988905733,0.027713613260771548,0.25,355.97374517410145
0.0557291275740211,0.02212545918465705,0.25,354.93100288545946
0.049075371199215116,0.022065819267928857,0.25,354.8577818379137
0.044966895147619874,0.02733033471659019,0.25,355.83103830349324
0.1943512323705262,0.05000000000000001,0.16320640360348387,361.8975484505153
0.18870246474105237,0.05,0.16615639695055748,361.9930619105506
0.1887024647410524,0.05000000000000001,0.1597461405403011,362.0323223537526
0.1301673427701484,0.05,0.21100115265861547,362.2639519609071
0.1233247489413655,0.05,0.21022707347336186,362.3131045632194
0.126649497882731,0.05,0.20509516309810136,362.36695538891126
0.03637944290305813,0.03814104774738012,0.25,358.1152800511079
0.04266869764449559,0.038524326291561474,0.25,358.28583570371944
0.04085841909602465,0.03259485016525153,0.25,356.89510210754264
0.16283017521072196,0,0.1808722238690182,352.4302332708511
0.16294302726519397,0,0.18710149811171414,352.3738754563568
0.16722460158015404,0,0.1834356244581699,352.3539794955461
0.1133333333333333,0,0.23845299461620745,352.05003635197
0.10999999999999999,0,0.24422649730810375,351.95556716054216
0.048400618947185045,0.05,0.24074167490285392,361.5688917834521
0.05260092842077757,0.05,0.23611251235428093,361.7034204502433
0.05506728561385173,0.05,0.24074167490285395,361.6355364146154
0.05886708199892389,0.05000000000000001,0.23573095026177035,361.7683005880575
0.15013619966763062,0,0.1988810399489715,352.39052575764396
0.14326316393715818,0,0.1990269637614958,352.44965931160823
0.1465882353673112,0,0.20451912186469626,352.3579057340215
0.024268248895949904,0.05,0.23365420007154902,361.3845472002815
0.018430036795101787,0.05,0.23500690086212145,361.2613068449157
0.19999999999999998,0.0055900256548410965,0.1517653686164292,352.7077431078108
0.2,0.011235964919146527,0.15609894163477012,353.47430621923047
0.1837556160016258,0,0.17475083357281973,352.187112010021
0.16331728120539135,0.05,0.1816667499289109,362.2856695199005
0.16776595468424488,0.05,0.18422611122252752,362.19936952530855
0.16387141807124428,0.05,0.1876403207316541,362.21972777785396
0.09999999999999998,0.04999999999999999,0.22690598923241495,362.1045809367574
0.10888726381029956,0.005543295774627593,0.25,352.5158977755433
0.10666666666666666,0,0.25,351.8539159666774
0.19999999999999996,0.022278884288878087,0.14547187186666077,355.35891889229396
0.19999999999999996,0.02231908300308902,0.1518885499991171,355.34284606312036
0.04666666666666669,0.05,0.25,361.35313672235
0.0511456428596332,0.04445380241787142,0.25,359.87901170270374
0.04447897619296652,0.04445380241787141,0.25,359.8071486585395
0.1370099365989313,0.05,0.2117752318438691,362.2048769478269
0.1334920917115139,0.05,0.20586924228335496,362.3137270164498
0.10666666666666663,0,0.23845299461620745,352.06264086214674
0.12333333333333334,0.05,0.22113248654051867,362.14610850705395
0.12,0.05,0.2153589838486224,362.2521965571559
0.1133333333333333,0.049999999999999996,0.2153589838486224,362.27509156422343
0.1440459440657458,0.05,0.18329192062634997,362.4887030688829
0.13858188054185008,0.049999999999999996,0.18367708186731452,362.53231780014306
0.14044039289820898,0.05,0.20571595495929051,362.2623135155892
0.030035486998932683,0.05,0.24410049976032555,361.2665394056857
0.03670215366559935,0.05,0.24410049976032555,361.3600650721002
0.048957952385933035,0.03890760483574282,0.25,358.4487943144118
0.04459639500624859,0.010945350183390776,0.25,352.97673706667837
0.04896486416979095,0.005472675091695388,0.25,352.26864366262316
0.04229819750312429,0.005472675091695388,0.25,352.20024635274996
0.12997424682409653,0.05,0.19996325272284088,362.41374903423156
0.1369225480107916,0.05,0.1998099653987764,362.36726669949076
0.07639634258366057,0,0.23252877689144844,352.11369404996765
0.07306300925032724,0,0.2383022795833447,352.0015113313998
0.07986483795849694,0,0.23837763709977608,352.03023182518024
0.2,0.038944730053480314,0.15825408707097893,358.88034419995506
0.09666666666666662,0.04999999999999999,0.2211324865405187,362.20096650254004
0.0933333333333333,0.049999999999999996,0.22690598923241498,362.0999011582933
0.09033195060210442,0.049999999999999996,0.22192570468155143,362.1794943373927
0.08318189864435413,0,0.22189876785315765,352.30407159590806
0.07977284796653122,0,0.2165084058175809,352.369049158835
0.07638006993618443,0,0.22182341033672626,352.27929422846347
0.08651523197768747,0,0.2161252651612614,352.39581099551714
0.12666666666666668,0.05,0.22690598923241495,362.03143409715153
0.06319817129183027,0,0.24415113979167233,351.8396535607598
0.06639634258366056,0,0.23830227958334466,351.9635742822961
0.04689459250937289,0.016418025275086165,0.25,353.8517527894855
0.05126306167291525,0.010945350183390776,0.25,353.0430756967742
0.1585486008957619,0,0.18453809752256242,352.4479420801269
0.12666666666666665,0,0.25,351.7915775460059
0.13,0,0.24422649730810375,351.88079062288267
0.12333333333333332,0,0.24422649730810375,351.91396559917575
0.18905788291069697,0,0.1720087853469392,352.119858828071
0.15942274459239075,0.05000000000000002,0.18508095943803748,362.3036709003277
0.06379979638507219,0.05,0.24498927535891638,361.6203914952842
0.06000000000000003,0.05,0.25,361.48163230836604
0.05753364280692588,0.05,0.24537083745142696,361.56160703398956
0.09333333333333331,0,0.23845299461620745,352.0626428816917
0.08999999999999998,0,0.23267949192431123,352.15408133496254
0.08666666666666664,0,0.23845299461620748,352.0502409666599
0.06666666666666665,0,0.25,351.75435737604124
0.06986483795849693,0,0.24415113979167236,351.88146516612727
0.09999999999999998,0,0.22690598923241495,352.2552546127208
0.1233333333333333,0,0.2326794919243112,352.1124344849207
0.19436014981976812,0,0.16285648071080222,352.08513917329964
0.2,0.03329649893758768,0.14120801928602245,357.6269994274098
0.2,0.02774302209197086,0.13695286302694545,356.4469607710639
0.19999999999999998,0.027787691613232884,0.1433399455763416,356.4407261849481
0.08999999999999998,0,0.24422649730810375,351.95570330371567
0.08333333333333331,0,0.24422649730810375,351.93929879506413
0.14973688396050328,0,0.21103303498427547,352.2479553439999
0.03867764040618242,0.026947056172408838,0.25,355.6807343909659
0.17280985012620753,0,0.18064834747606953,352.30354417663557
0.020000000000000018,0.05,0.25,360.9796730136831
0.019197973165363945,0.042745159865587565,0.25,359.0032290240658
0.016041225693099365,0.046814860047351387,0.25,360.0237535462614
0.12966979974762854,0,0.21015769364377093,352.4096053194201
0.07653150462516362,0,0.24415113979167236,351.9151184784519
0.04510277261278438,0.05,0.23484217466317947,361.6483126891668
0.017593919496091806,0.028235479596762692,0.25,355.6374707605167
0.016987902334762724,0.02289800877366002,0.25,354.5878005906859
0.18873831125835777,0.05,0.1724144481617747,361.94751591500585
0.19435123237052618,0.05,0.16961666001374026,361.8547681494956
0.1399302865087523,0,0.23862119029934925,351.91465892348094
0.2,0.05,0.15384615384615385,361.82540855297344
0.1943512323705262,0.05000000000000001,0.1567961471932275,361.9336692841047
0.10333333333333328,0.04999999999999999,0.2211324865405187,362.20103316883745
0.15328484826082267,0,0.2053949530685507,352.28407262581976
0.056826762531431596,0,0.24420294572750884,351.7911902734924
0.2,0,0.16025641025641024,351.9950618203818
0.2,0.00564593926430543,0.16458998327475116,352.6513174412927
0.2,0.00564593926430543,0.15817972686449472,352.6863083974601
0.029712776236391465,0.038141047747380113,0.25,358.0234714280744
0.02485638811819574,0.04407052387369006,0.25,359.4395503661652
0.09999999999999995,0.049999999999999996,0.21535898384862245,362.2933166556449
0.10666666666666662,0.04999999999999999,0.21535898384862243,362.2887982637198
0.05333333333333331,0,0.25,351.65486682625385
0.04666666666666665,0,0.25,351.59273663735064
0.06899117408703162,0.038821935312055474,0.25,358.59573572097247
0.06449558704351582,0.044410967656027735,0.25,359.9835412217967
0.0711622537101825,0.04441096765602774,0.25,360.02749020916696
0.16276314433953842,0.05,0.1756931791261677,362.3455707229611
0.16721181781839195,0.05,0.17825254041978433,362.26233843023647
0.03008783820957834,0.014013120126499135,0.25,353.26606584466066
0.026725225473052224,0.009342080084332755,0.25,352.52713080840937
0.025317181477087083,0.013416435793484314,0.25,353.1070595928869
0.14387084919748666,0.05,0.19965667807471196,362.31053685495476
0.10666666666666665,0,0.21535898384862245,352.4193577407679
0.11333333333333331,0,0.21535898384862245,352.4067157789582
0.012082451386198713,0.04362972009470278,0.25,359.10387787146266
0.011280424551562642,0.03637487996029034,0.25,357.30261004436517
0.13666666666666666,0,0.24422649730810375,351.8393272470785
0.06020210525898488,0.016537305108542552,0.25,353.99141081253015
0.03456916435458719,0.032211571621070176,0.25,356.73143619941106
0.11999999999999997,0,0.23845299461620745,352.02927733498626
0.1328434580633477,0.049999999999999996,0.19453452910433205,362.4601151637039
0.17766005142650956,0.05,0.1784065148863646,362.09886667722895
0.038189721451529074,0.044070523873690065,0.25,359.6297032614482
0.057916818047721245,0.011004990100118971,0.25,353.10970516838023
0.053548348884178885,0.01647766519181436,0.25,353.9258563006254
0.02405436128355967,0.03681568373927763,0.25,357.6228731859708
0.08733056787087555,0.049999999999999996,0.21694542013068785,362.2524156965423
0.08399723453754224,0.05,0.2227189228225841,362.1495954010464
0.040000000000000015,0.05,0.25,361.2747058304316
0.06895195387793028,0.005532315008423582,0.25,352.4309733927114
0.17212301967221885,0.05,0.16908469104048565,362.2618945770283
0.1775883583918987,0.05,0.16589041246393016,362.1959282322746
0.1776242049092041,0.05,0.17214846367514738,362.15059138151577
0.12894238804119784,0.005544465836476598,0.25,352.44456490983225
0.05563153083645761,0.005472675091695388,0.25,352.3287151717491
0.12317236415873775,0,0.21001225969459647,352.4437860162803
0.12634472831747554,0,0.2046655355405705,352.4955355559914
0.08659094932217706,0,0.22728912988873443,352.2324156546172
0.09333333333333331,0,0.22690598923241495,352.25108256717107
0.08992428265551039,0,0.22151562719683818,352.326785970526
0.021954568740560967,0.008745395751317938,0.25,352.3751528073178
0.062285287211263606,0.0055323150084235825,0.25,352.387870603821
0.06457057442252724,0.011064630016847165,0.25,353.16778564075094
0.0508669761402592,0.05,0.24537083745142696,361.49852467172246
0.09366528393543774,0.04999999999999999,0.21615220198965515,362.27707956169303
0.07298729190583765,0,0.22713841485587166,352.18308896852494
0.07978912061400736,0,0.22721377237230303,352.2121079877214
0.06322310511509219,0,0.2325052253108535,352.03947171519536
0.047147673837462094,0.03297812870943288,0.25,357.05117097375523
0.14618891966018388,0,0.2166711169000003,352.20456909144417
0.15288553255369536,0,0.21754694810385472,352.1297707866281
0.03307538897291758,0.02614542112287983,0.25,355.4496830303335
0.03158161359124796,0.020079270624689484,0.25,354.2945595787501
0.11999999999999998,0,0.21535898384862245,352.38570152476353
0.1429251576865339,0,0.2215915501220094,352.1620460126037
0.1496217705800454,0,0.22246738132586383,352.0907911721095
0.009374559026432692,0.046814860047351387,0.25,359.90027966634176
0.08666666666666666,0,0.25,351.8416619224466
0.1268425938287829,0.05,0.21613306303387603,362.20711972499276
0.1495100075896415,0.05,0.1829067593853854,362.43866028510706
0.0376046168047912,0.05,0.23357183697207806,361.58037872846865
0.040902463139191866,0.05,0.2394713372117525,361.50837698387323
0.03340430733119868,0.05,0.2382009995206511,361.4350359846727
0.19999999999999998,0.027827890327443816,0.14975662370879794,356.4274134812702
0.19999999999999998,0.027868089041654744,0.15617330184125428,356.4074401860485
0.10999999999999997,0,0.23267949192431123,352.15403047416754
0.1133333333333333,0,0.22690598923241495,352.2385026369332
0.18308954362888397,0.05,0.1689541850985919,362.0793079187153
0.05781230952629988,0.04445380241787142,0.25,359.9414193475943
0.14223070098797624,0,0.18829637857133696,352.5690304565034
0.13931041459733098,0,0.19373463307267855,352.53750174493365
0.0211525419059249,0.018157222283572166,0.25,353.8115340544969
0.016381885173433645,0.01756053795055735,0.25,353.6353241558122
0.13333333333333333,0,0.25,351.75432547122136
0.1831253901461894,0.05,0.17521223630980912,362.03086022198545
0.07333333333333332,0,0.25,351.7918852446298
0.02336261273652611,0.004671040042166378,0.25,351.85886958477727
0.019999999999999993,0,0.25,351.2612821737643
0.018591956004034852,0.0040743557091515595,0.25,351.7139198343677
0.07713312971840555,0.05000000000000001,0.2449892753589164,361.70106770297707
0.07333333333333339,0.05,0.25,361.57274528790055
0.03999999999999999,0,0.25,351.52228064770026
0.017183912008069707,0.008148711418303119,0.25,352.2201729284115
0.2,0.016881904183451958,0.16043251465311098,354.34285245154524
0.2,0.01129187852861086,0.16251329988283564,353.44917930674393
0.04420030947359253,0.05,0.24537083745142696,361.42598691018156
0.15886860772653782,0.05000000000000002,0.17910738863529427,362.3665449405068
0.09666666666666665,0,0.24422649730810372,351.96405431363564
0.15626271151684928,0,0.2006767171834622,352.30866637590196
0.15941136011004134,0,0.20719063030304144,352.1968934993128
0.2,0.033376896366009545,0.1540413755509351,357.59923367950125
0.028910749401755396,0.030886207612967682,0.25,356.3665610573031
0.053333333333333365,0.05,0.25,361.4221122149948
0.2,0.02218954524635404,0.13269770676786846,355.37035418713594
0.09333333333333332,0,0.25,351.85401552598626
0.08893517032943873,0.005537552808955067,0.25,352.5109561709377
0.08046646305173885,0.05,0.23921577266702015,361.83491500731594
0.06133343919199804,0.05,0.24036011281034336,361.6973687141698
0.010863941564751229,0.05,0.24545320055089792,360.91393894146177
0.008394549796169113,0.05,0.24090640110179584,360.95920726650985
0.015061216462835786,0.05,0.24090640110179584,361.08624176936024
0.1033333333333333,0,0.24422649730810372,351.9640692476891
0.1488621002336029,0,0.18231781391644705,352.56609396474886
0.15281484957343008,0,0.18761014460526432,352.4802335471067
0.15415417452632982,0,0.1819746969334107,352.5173606747621
0.15586995098996242,0,0.1958089928662696,352.3664422533593
0.15720927594286216,0,0.190173545194416,352.4097677557684
0.09666666666666665,0,0.2211324865405187,352.3409312589144
0,0.05,0.25,360.5915184609087
0.004197274898084556,0.05,0.24545320055089792,360.7797475861291
0.006666666666666672,0.05,0.25,360.73286666872394
0.01259182469425367,0.05,0.23635960165269382,361.12989750205145
0.13659695317541895,0,0.23284768760745297,352.03512842171256
0.18305369711157857,0.05000000000000001,0.1626961338873747,362.12136776191716
0.13827795164814907,0,0.18300404788251973,352.6475187677561
0.14357002594087598,0,0.18266093089948338,352.6094799957468
0.1353576652575038,0,0.1884423023838613,352.6181681528078
0.042786116457777655,0.0216825407237475,0.25,354.7208399209906
0.02592319863841616,0.018753906616586984,0.25,353.98474207536697
0.05999999999999998,0,0.25,351.70867121441
0.2,0.033336697651798614,0.14762469741847878,357.6164468492274
0.17271300305537723,0.05,0.18131631305444607,362.1526843815428
0.17215886618952428,0.05,0.17534274225170288,362.2132807187126
0.15643349685401475,0,0.21190886618812993,352.1693853266454
0.2,0,0.15384615384615385,352.02542060907143
0.14674006043673787,0.049999999999999996,0.19422795445620317,362.34807055115294
0.19436014981976812,0,0.15644622430054583,352.1180593756607
0.16160370231229423,0,0.19273694578356773,352.33465393529536
0.11666666666666663,0,0.2326794919243112,352.1374201086983
0.020546524744595823,0.012819751460469495,0.25,352.94505146329857
0.06666666666666671,0.05,0.25,361.5317708939543
0.19999999999999998,0.02237499661255335,0.15830290824718263,355.3232612767376
0.06959451387549086,0,0.232453419375017,352.0804333790192
0.08079841365384328,0.05,0.22846198542426033,362.0390915112275
0.07779703092261442,0.05000000000000001,0.22348170087339678,362.11246477110467
0.013333333333333345,0.05,0.25,360.8622515196487
0.08379979638507215,0.05,0.23344226997512388,361.9590464314005
0.0869986172687711,0.05,0.22769920737344768,362.07319392195035
0.02673764066453202,0.05,0.2382009995206511,361.3363792536068
0.2,0.05,0.16666666666666666,361.7527866375894
0.08319817129183027,0,0.2326041344078798,352.13824336861546
0.1549740711135372,0.05000000000000001,0.18252159814442082,362.38218944881555
0.03010646099679802,0.05,0.23230149928097665,361.49961856814895
0.12951709247621332,0,0.1993188113865445,352.5409501438965
0.0027078923597660203,0.046814860047351387,0.25,359.7648424295316
0.005415784719532041,0.043629720094702784,0.25,358.97435160565766
0.1264974355888908,0,0.21550441779779692,352.3553621892693
0.0651332355770702,0.05000000000000001,0.23534938816925977,361.82467440977126
0.1584357488412899,0,0.17830882327986647,352.5018390170214
0.13243737886685858,0,0.1938805568852029,352.58264527818795
0.16665768095253902,0.05,0.17227896961704114,362.3192667961784
0.07459821003891547,0.05000000000000001,0.22922476347507298,361.9968703895019
0.16271732315624995,0,0.17464294962632224,352.48076842299355
0.09325761598884372,0,0.21574212450494193,352.41400374596964
0.015775868012104566,0.012223067127454676,0.25,352.7800414558956
0.08099585180631336,0.05,0.21773863827172057,362.21932506019266
0.05048028759429485,0,0.2326088371825265,351.93498584354387
0.00812367707929806,0.04044458014205417,0.25,358.2200459892869
0.2,0.016636068400737218,0.1284425505087915,354.397179675626
0.09999999999999998,0,0.21535898384862245,352.42362741019247
0.0027078923597660203,0.04125930449179584,0.25,358.314383531464
0.008572532191796621,0.0340044643573834,0.25,356.7106681158893
0.011729279664061204,0.029934764175619577,0.25,355.88741906547256
0.005864639832030602,0.03163404875447646,0.25,356.13917448000035
0.06385588764258772,0,0.22296783549422927,352.1920238632115
0.07011797878938608,0,0.22239562291547776,352.2393733324857
0.0672486656729345,0,0.2176528309750839,352.2906138830893
0.2,0.02770329131511238,0.12416808264417088,356.4499078963944
0.2,0.0332567681607292,0.12842323890324786,357.6377112263038
0.20000000000000004,0.03323690277229996,0.12203084871186058,357.6333302431048
0.1717363740454285,0,0.16197563206349325,352.44746401501436
0.1657528159609174,0,0.15919466199650728,352.54053705804785
0.16637585671606372,0,0.16508586898464264,352.4999755080071
0.03671690593941335,0.05,0.21352217384893457,361.903552696692
0.0360013995435753,0.05,0.22070673132810711,361.7826841989795
0.031537473788474116,0.05,0.21793238432263157,361.7644102610762
0.03899414357298374,0.010143715133861766,0.25,352.7981599721256
0.03669594606985944,0.0046710400421663785,0.25,352.0347105679691
0.033391892139718896,0.009342080084332757,0.25,352.6159723002891
0.037183865024512805,0.020880905674218492,0.25,354.50950503851215
0.03569008964284319,0.014814755176028146,0.25,353.4649054035523
0.06035379199864062,0,0.22776243337045962,352.09435694202267
0.08278170366485295,0,0.21030118577178436,352.46274421582706
0.0895240876760092,0,0.20991804511546489,352.48533403801474
0.17713748008037258,0.05,0.15979581503373133,362.2407925043965
0.04382252953983253,0,0.23235672320196077,351.87295151172816
0.040329100341734245,0,0.23815377747445193,351.73864343585086
0.1029138933948021,0,0.20940680517401664,352.5015276479653
0.10582778678960422,0,0.20345462649941082,352.57240977335476
0.09918036508196758,0,0.2035827257845396,352.5740393858667
0.12259195504561099,0,0.19871335686596467,352.5818813846333
0.12603622494081873,0,0.19354127796384396,352.62160427839126
0.11911108751021643,0,0.19293582344326413,352.65745203546516
0.14416398843975228,0,0.17064590240757146,352.69787304025584
0.1471070068355539,0,0.16446682967009735,352.711853929514
0.1411737868800116,0,0.16605713350768447,352.7520342414639
0.02483309579399512,0.05,0.22861309873507873,361.48482070647344
0.030821967392636068,0.05,0.22511694180180414,361.63687895052624
0.15415517085719393,0.05000000000000002,0.16748329101223064,362.51462517711514
0.1502606342441933,0.05000000000000002,0.1708975005213572,362.53291327811985
0.14790391580952136,0.05000000000000001,0.16508545170982536,362.5980736812831
0.08579055936317469,0,0.20409396572598784,352.5488576901236
0,0.033288858411723216,0.2448323755310262,356.4872311908748
0,0.038844413967278765,0.2448323755310262,357.7704589509108
0,0.03888888888888889,0.25,357.67486374985725
0.10899304758893519,0.05,0.19796435789359657,362.5231942228689
0.11598678066732229,0.05,0.19863065617001133,362.49695962443093
0.11266203172595678,0.05,0.20376256654527183,362.44162532740273
0.2,0.011092854153865492,0.11768084642130724,353.5222710050633
0.2,0.005545356133579073,0.11973726042600742,352.7535807525871
0.2,0.011090712267158145,0.12408990546739945,353.52593755784966
0.2,0.005545356133579074,0.12614751683626385,352.755505215523
0.18295966744382317,0.049999999999999996,0.15038589078297104,362.18565824474246
0.18860843507329697,0.04999999999999999,0.1474358974358974,362.0908074242857
0.18865544990717467,0.05,0.15359101898809924,362.06459206280584
0.11249445345627089,0,0.20345462649941082,352.5608041880784
0.10958056006146877,0,0.20940680517401664,352.4935900206148
0.11239655053568856,0.05,0.19284280317605432,362.57554524587755
0.1196557648043439,0.05,0.2044288648216866,362.4094139237109
0.11633101586297838,0.05,0.2095607751969471,362.35129277216504
0.2,0.011090712267158147,0.1305001618776559,353.5236808262496
0.17111333329028217,0,0.15608442507535789,352.4858720519523
0.2,0.03886433262505846,0.13901047439580985,358.9331980252953
0.20000000000000004,0.03327663354915844,0.13481562909463518,357.63560095440556
0.15974522650417833,0,0.16291578688374908,352.59227650459525
0.00541578471953204,0.03807416453914723,0.25,357.5904947016376
0.11939028361407568,0.05,0.19350910145246908,362.5449264986353
0.16036826725932465,0,0.16880699387188444,352.5491040851743
0.11566681761500866,0,0.19810790234538483,352.6136559321214
0.1121859500796141,0,0.1923303689226843,352.68414309929045
0.1096643491963117,0.049999999999999996,0.20956077519694713,362.36916184359114
0.2,0.027705433201819726,0.11775902359807866,356.4464024581766
0.011925289337368188,0.004074355709151559,0.25,351.60758157179964
0.01333333333333333,0,0.25,351.15768696284835
0.13187679772210925,0,0.1826647689611608,352.69308104762206
0.12888659616236858,0,0.1780760000612738,352.7486306816823
0.12547564379606946,0,0.18232549003980186,352.73084009701495
0.15261735267886525,0.05000000000000002,0.17670954933288902,362.46095186729735
0.011729279664061204,0.024379208620064017,0.25,354.7763583865108
0.005864639832030602,0.020522937643365345,0.25,353.96206386311934
0.005864639832030602,0.026078493198920902,0.25,354.9975344868964
0.0523219640664005,0,0.22321822678698594,352.0975189738529
0.0558240597103476,0,0.2184236289107556,352.19706376545537
0.050661544894559055,0,0.21862221426767578,352.1488240659947
0.04050169119614963,0,0.22316469816334036,351.9791278688494
0.03550435231352876,0,0.2275085967020848,351.855260745722
0.042162110367991085,0,0.22776071068265058,351.92792537701916
0.2,0.01664249406085926,0.10921537337051485,354.3798600761525
0.2,0.022173963631339492,0.11348719848429675,355.36191240252583
0.2,0.022184046121244295,0.1070849469932104,355.3491841352184
0.03016900447696929,0,0.24395083174694307,351.5142505180127
0.023502337810302625,0,0.24395083174694307,351.4231447319321
0.026666666666666658,0,0.25,351.3565357319081
0.16530504601796062,0.049999999999999996,0.15399517732644463,362.4515797453933
0.1712212630491666,0.049999999999999996,0.15689549618008797,362.35086316555527
0.16575592432948674,0.04999999999999999,0.16008977475664346,362.41359844465643
0.0715813975355156,0.05,0.2127108555369608,362.24963426948443
0.06831887730061893,0.05,0.2075146258958895,362.30351384914286
0.07447081133652003,0.05,0.20734617898957794,362.3423302687858
0.1595046692818142,0.05,0.1576919354542382,362.51006946743513
0.011123262502732123,0.019041737796961347,0.25,353.7980873328951
0,0.044444444444444446,0.25,359.07445756879343
0.2,0.04443216631252923,0.13681292950559726,360.3524036359231
0.20000000000000004,0.03884446723662922,0.13261808420442256,358.93929044440347
0.01086652727529418,0,0.24528252466774425,351.2038524290922
0.006666666666666665,0,0.25,351.04586606966376
0.2,0.0221696798579248,0.1263053165764812,355.3711910405681
0.2,0.016638210287444565,0.12203349146269926,354.3977067309209
0.09047464468617314,0.05,0.21084591893087612,362.35103413104684
0.0027078923597660203,0.03570374893624029,0.25,356.9813917065753
0.004197274898084556,0.05,0.23263268773038512,361.03180264248647
0.004197274898084556,0.05,0.23904294414064153,360.91016514240044
0,0.05,0.23717948717948717,360.85572307132304
0,0.02773330285616766,0.24483237553102621,355.31390017529355
0,0.03324438349011309,0.2396647510620524,356.57703869036374
0.030029279403192773,0.0046710400421663785,0.25,351.9509171097891
0,0.04439996952283433,0.23842211912076977,359.29909733897654
0,0.03879993904566865,0.23325449465179598,357.98076224108013
0,0.04439996952283433,0.23201186271051338,359.418260837642
0.004199860608627514,0,0.24528252466774422,351.08879225765685
0,0,0.25,350.9258194942106
0.2,0.02772315670354162,0.13056047283555816,356.4516799612778
0.1020942584767697,0,0.19763054710993377,352.6417058853771
0.04564475744961573,0.05,0.2190708678598856,361.92876385399705
0.047963481106669675,0.05,0.22475141602468404,361.86116580646495
0.04046532529867649,0.05,0.2234810783335826,361.7951350580556
0.09626647168716546,0,0.2095349044591454,352.499354773973
0.17709689137479326,0,0.15886539514234382,352.387959473328
0.033333333333333326,0,0.25,351.44353522322007
0,0.0055555555555555575,0.25,351.58129271997853
0,0.009898111565874293,0.2451228726840512,352.25513761477725
0,0.011111111111111115,0.25,352.33754861868914
0.17167214136069273,0.05,0.16299009361028682,362.30944037912576
0.1059953650592901,0.049999999999999996,0.20376256654527186,362.4544684631873
0.09980704328038041,0.049999999999999996,0.20425449213816813,362.4517035841739
0.10280472581002548,0.05,0.19845628348649283,362.5247879800572
0.2,0.02772559818162933,0.10495452061590596,356.42324144100803
0.2,0.027715515691724528,0.11135677210699232,356.4380383918634
0.2,0.03325706775210956,0.10922634572968788,357.6188976279245
0.055913968846721715,0.05,0.2301563345664057,361.8459335114303
0.05922700927266587,0.05,0.22420015677853047,361.9793299196761
0.062180122424868034,0.05,0.22977477247389513,361.9060193294317
0.07634381049980143,0,0.21107105448688593,352.42797888953373
0.13870707822729644,0.049999999999999996,0.1728788962037335,362.62575115123576
0.14168922563107383,0.049999999999999996,0.1774798718148181,362.56277736472737
0.1355997331380727,0.04999999999999999,0.17907610625622988,362.5980995484017
0,0.027688827934557535,0.23966475106205237,355.4025959664474
0,0.03319990856850297,0.2344971265930786,356.6621595025669
0.06844627600301435,0.05000000000000002,0.22939321038138455,361.9575988313325
0.1322975485286677,0,0.17382651008274574,352.7614293140587
0.13823076848421,0,0.17223620624515862,352.7332071775712
0.1352405669244693,0,0.16764743734527163,352.7851025525859
0.03683567114363595,0,0.24395083174694307,351.5971022372616
0.12895651133146402,0,0.18810302346250235,352.6604287928424
0.10299768252964502,0.04999999999999999,0.20956077519694716,362.3778426074461
0.2,0.01113538178842017,0.13688724442705202,353.52194219009476
0.04278404895573044,0.05,0.22916162649838107,361.7254820838041
0.050282204763723616,0.05,0.23043196418948247,361.786051338547
0.2,0.03882460184819997,0.12622569401303527,358.93889160841405
0.047159449250611954,0,0.22341681214390613,352.0457895125687
0.10874168018440636,0,0.197502447824805,352.63627378636096
0.09042808225220611,0.05,0.19944013467228539,362.5040287852026
0.09361872150147071,0.049999999999999996,0.2047464177310644,362.4409564687501
0.08728400543690852,0.05,0.20553963587209712,362.4178236403339
0.01372151849034411,0.05,0.22627739897975319,361.33351843439755
0.018994883693147006,0.05,0.2299657995256511,361.36357880318246
0.01315667159229889,0.05,0.23131850031622353,361.23416791239305
0.1258963946026279,0,0.1734872311613868,352.7992964995226
0.188608435073297,0,0.14102564102564102,352.27279282086675
0.1829126526099455,0,0.14423076923076925,352.35761677695876
0.188608435073297,0,0.14743589743589744,352.25450463970884
0.19430421753664848,0.049999999999999996,0.15064102564102563,361.96303628701185
0.027004675620605257,0,0.23790166349388614,351.5773616465134
0.021035531752263477,0,0.23923335641468732,351.46980883262006
0,0.008685112020637473,0.24024574536810234,352.17326086612206
0,0.01424066757619303,0.24024574536810236,352.9889958481888
0.1943042175366485,0,0.14423076923076925,352.1650777038709
0.1943042175366485,0,0.15064102564102566,352.1437725837464
0.010517245341403043,0.013704266973858674,0.25,352.91701001423644
0.18302451717618473,0,0.1558411665498096,352.31224365325596
0.1829685848930651,0,0.15003596789028942,352.33741730993296
0.17704095909167364,0,0.15306019648282365,352.41563124289496
0.1263840166924628,0.05,0.19417539972888384,362.50406062028514
0.12298051374570941,0.05,0.1992969544464261,362.4604778948851
0.07120829110162337,0.05,0.2021499493485066,362.3931312695408
0.07761488815181761,0.05,0.20124667778976618,362.43878593117523
0.09253294337433093,0,0.20371082506966837,352.56727549781704
0.19999999999999996,0.011180051309682193,0.14327432697644815,353.51398685728645
0.2,0.0055900256548410965,0.1453551122061728,352.73033318869824
0,0.027777777777777787,0.25,355.2205176968539
0,0.03333333333333334,0.25,356.3927370041001
0.06254004969861003,0.05,0.21824397899065529,362.1036096749809
0.056908285615611925,0.05,0.21851960861373204,362.05206359599725
0.08087740838671428,0.05,0.2064429074308375,362.3844213661001
0.07773333157141671,0.05,0.21254240863064927,362.28439486566987
0.025548602189833167,0.05,0.22142854125590622,361.61776741154455
0.07484391777041224,0.05,0.21790708517803212,362.18862028746486
0.0716450968867133,0.05,0.22365014777970832,362.07747660565605
0.06869198373451113,0.05,0.2180755320843437,362.1500484923942
0.0966164040311158,0.05,0.1989482090793891,362.51839950083513
0.005258622670701521,0.015185466820262674,0.25,353.0551919257187
0.07351075681973286,0,0.2170806183963324,352.3335458076104
0.13528775008840838,0,0.17841527898263274,352.7069159490174
0.16620680264101287,0.049999999999999996,0.1661843721868423,362.36949412825135
0.16040642590486648,0.05,0.16988113031463586,362.42168954874694
0.041180831694514544,0.05,0.21629652085441012,361.9190698147581
0.012599581825882545,0,0.2358475740032327,351.39567089754564
0.008399721217255029,0,0.24056504933548845,351.24540939210186
0.015066387883921693,0,0.24056504933548847,351.35548315951934
0.2,0.03326715024201437,0.10282409423860153,357.60203199352105
0.17105740100716255,0,0.1502792264158377,352.51106774475807
0.1651297752057711,0,0.15330345500837195,352.5758335428008
0.005258622670701521,0.009629911264707115,0.25,352.2237134398695
0.010517245341403043,0.008148711418303117,0.25,352.1110916141913
0.02453786956256611,0,0.2331841881616304,351.62128510339465
0.018568725694224325,0,0.23451588108243157,351.51186443007384
0.2,0.044432166312529234,0.14322318591585365,360.3370099563987
0.07008171935300309,0,0.21164326706563744,352.38885223566353
0,0.04439996952283432,0.2448323755310262,359.1711537841258
0.11624722672813544,0,0.20940680517401664,352.4772801008793
0.019559730591192225,0.05,0.22492469818918082,361.4609308731121
0,0.05,0.24358974358974358,360.72801079420844
0.12255535740542417,0,0.18776374454114342,352.69488620240395
0.07291477303307167,0,0.20563370315619098,352.4800990771323
0.0694857355663419,0,0.20019635182549606,352.52540972163047
0.06665268188627331,0,0.20620591573494249,352.43734912061655
0.18866436735641662,0,0.15324109609541764,352.23154830215316
0.13212243917096517,0.04999999999999999,0.18331795249186628,362.5834851809559
0.1518051186294045,0,0.1761387411789729,352.58826064988904
0.030507013430907892,0,0.23185249524082924,351.7239329175081
0.03367134228727192,0,0.23790166349388614,351.6643196605308
0.15995554759334035,0.05,0.16378653288443706,362.46894101592505
0.12279378656082907,0.05,0.18838754673492686,362.58594007912916
0.005258622670701521,0.004074355709151559,0.25,351.49301762696297
0.2,0,0.12820512820512822,352.08621316535164
0.2,0,0.13461538461538464,352.08010400396273
0.2,0.005545356133579074,0.13255777324652027,352.7513222690284
0.051276521532613833,0.05,0.21879523823680885,361.99378165566935
0.12925322793171398,0.04999999999999999,0.18874667611037507,362.5471945043715
0.15651188929186588,0.05,0.17329533982376244,362.44398556264065
0,0.05,0.23076923076923075,360.97465529225224
0.004762121796129776,0.05,0.2275915863939148,361.1331890381304
0.008959396694214333,0.05,0.22945504335506917,361.18637844874564
0.017533193941960845,0,0.24528252466774425,351.31068691825885
0.04129234107610804,0.015616390225557154,0.25,353.6601343851605
0.12930734696892704,0,0.16923774118285878,352.8110588628801
0.17698502680855402,0,0.14725499782330348,352.4383288228108
0.08413992862161095,0.05,0.21163913707190884,362.32292239866393
0.2,0.044412300924099986,0.11760002649369712,360.3540649364845
0.2,0.05,0.11538461538461539,361.884530953484
0.2,0.044422383414004785,0.11119777500261077,360.34587380270136
0.2,0.00554749802028642,0.1133282013799152,352.74572059171936
0.12914029176718778,0.05,0.17871697688078167,362.6449430583875
0.03225298018431216,0.05,0.21074782684345905,361.88221249979875
0,0.01666666666666667,0.25,353.19458719034225
0.18300668227770087,0.05,0.15654101233517287,362.15654017711654
0.2,0.03882460184819997,0.11981543760277885,358.9369980330248
0.2,0.038834684338104775,0.1134131861116925,358.93090253347367
0.1943042175366485,0,0.13782051282051283,352.1802885632014
0.2,0,0.14102564102564105,352.0679704664596
0.11941959088687322,0,0.20406008101999065,352.53274821865915
0.2,0.05,0.14102564102564105,361.8714457297875
0.2,0.05,0.13461538461538464,361.88461625929307
0.18291265260994546,0.049999999999999996,0.14423076923076922,362.2087219647951
0.020275236987030272,0.05,0.2177401407100083,361.589563900877
0.02626410858567122,0.05,0.2142439837767337,361.74098504478826
0.2,0.022171821744632145,0.11989625753038897,355.36970184910666
0.12963543833051794,0.05,0.16987415503406067,362.7134395908066
0.13261758573429533,0.049999999999999996,0.17447513064514528,362.6584734786229
0.1261581443634104,0.05,0.17411600126969706,362.70099311778165
0.13572493082351908,0.05,0.1682779205926489,362.6833171197066
0.05748447888218905,0,0.22301964143006575,352.14419835549296
0.05398238323824195,0,0.22781423930629613,352.0424425082502
0,0.03879993904566864,0.23966475106205237,357.86136746467855
0.2,0,0.14743589743589747,352.04974266816254
0.11907448987002962,0,0.1819862111184429,352.7607959159349
0.0759236287313934,0,0.19942648311039446,352.5673600035454
0.07935266619812317,0,0.2048638344410894,352.5184568812363
0.15370429254566778,0.05000000000000001,0.16138869358203178,362.55890077939836
0.1447965707202976,0.05,0.17128266176232176,362.5846959917741
0.12248544223632876,0,0.17773672113991487,352.7825421838741
0.03528589314773725,0.05,0.22789128880727966,361.6520866294395
0.17709046524649488,0.05,0.15364069348152953,362.2730869209355
0.009524243592259552,0.05,0.22441394201859885,361.2842869634012
0.14715328915496956,0.05000000000000001,0.17709471057385356,362.5150786422703
0.2,0.05,0.14743589743589744,361.85170982768096
0.15311459629229296,0,0.16074570478285555,352.67552398763286
0.15373763704743926,0,0.16663691177099088,352.6350057641194
0.008394549796169113,0.05,0.23449614469153945,361.0835500457528
0,0.015453667121429851,0.2451228726840512,353.0915243916372
0.0454990300787705,0,0.21882079962459594,352.0955342868901
0.08879941506149643,0,0.19788674568019132,352.62738958172486
0.09544683676913307,0,0.19775864639506255,352.6387444838318
0.04881986842245341,0,0.22801282466321632,351.9922733647866
0,0.004342556010318736,0.24512287268405117,351.5195335108599
0,0.022222222222222227,0.25,354.1544677589346
0.06098657452613615,0,0.21822504355383543,352.2402533852719
0.01428636538838933,0.05,0.2212362976432829,361.4279490680647
0.1494560627324792,0,0.17030278542453514,352.65309173480637
0.14651304433667758,0,0.17648185816200926,352.63501794760714
0.053595245189667774,0.05,0.22447578640160729,361.9236157937428
0.1711742482152889,0.04999999999999999,0.15074037462788614,362.3802795834338
0.08236152189644491,0,0.1986566143952929,352.6013532902435
0.11920355642919533,0.05,0.18259969374096985,362.6593874107636
0.12566299780008025,0.049999999999999996,0.18295882311641806,362.6258417178294
0.14122097004395068,0,0.17682497514504558,352.6764279863364
0,0.020964747755375282,0.23995524821507738,354.11801718739014
0,0.022177747300612102,0.24483237553102621,354.24673852903913
0.12268085039630289,0.05,0.17835784750533346,362.68297572443396
0.19999999999999998,0.0055900256548410965,0.1389448557959164,352.7468290087916
0.188608435073297,0.049999999999999996,0.14102564102564102,362.1105876909169
0.1943042175366485,0.05,0.14423076923076925,361.9860770576812
0.1943042175366485,0.05,0.13782051282051283,362.00255245574954
0,0.01975174821013846,0.23507812089912855,353.9898301009978
0.06549316285081219,0.05,0.2238185946860199,362.03462141786457
0.15608669294436456,0,0.17247286752542867,352.5714568356752
0.17704345041261718,0.04999999999999999,0.14748557192932768,362.299326989901
0.11563021997482185,0,0.1871582900205636,352.72565047581514
0.11580005348244195,0.05,0.18772124845851207,362.62094297517586
0.2,0.016640352174151912,0.11562443241660705,354.3919335310964
0.08402148520201186,0.05,0.20034340623102576,362.4757517697292
0.09680936075073532,0.04999999999999999,0.21005270078984342,362.3707190922308
0.15912218574903203,0,0.15702457989561375,352.63018385872846
0.2,0.033246985262204765,0.11562859722077423,357.6293303777858
0.06542946349961448,0.05,0.21287930244327238,362.2070066509563
0.2,0.044412300924099986,0.13042053931420994,360.35598694714344
0.06381962820620474,0,0.21221547964438894,352.34229700849704
0.037164771485370215,0,0.232104609221395,351.8026005363829
0.14181442331652022,0.05,0.16668168615123713,362.6448618165321
0.2,0.03884476682800958,0.10701093462060615,358.91837414938044
0.06672520075903929,0,0.22771062743462314,352.13875052779395
0,0.026475828389320714,0.23478762374610357,355.2482160818544
0.2,0.01109499604057284,0.11127178737521502,353.51230419715745
0.2,0,0.11538461538461539,352.08010925983814
0.2,0,0.1217948717948718,352.08621491731014
0,0.01302766803095621,0.23536861805215353,352.88700155999715
0.17721687014659399,0,0.1282051282051282,352.47091762370445
0.17152108768324248,0,0.13141025641025642,352.54946021530486
0.17721687014659399,0,0.1346153846153846,352.4648541838904
0.1533008457707366,0,0.15385601881055525,352.70698337637253
0.14729325631399753,0,0.15757714369779705,352.7474117594202
0.027266831330605742,0.05,0.2013734727251811,361.9337718136031
0.032542503899573846,0.05,0.20444077994822088,361.97291239612304
0.026977307615344056,0.05,0.20768051962041928,361.8462088778343
0.16559346188185103,0,0.14084474141304706,352.6112630532496
0.15954027856551561,0,0.14390553712565102,352.67548307642056
0.16536161854381107,0,0.1470740982107095,352.5964520509321
0.07355205252131315,0.05,0.19646359865130927,362.4769570885737
0.06866964443296508,0.05,0.19743512255068352,362.43600220673864
0.2,0.03886837033413453,0.08773918897770863,358.83922549116096
0.2,0.044434185167067264,0.09194651756577739,360.27667861574383
0.2,0.04443418516706727,0.08553626115552099,360.239404866353
0.1829126526099455,0,0.13141025641025642,352.3816610444951
0.1357542116468838,0,0.15639642161885398,352.8442660707076
0.13007781405254878,0,0.1523612175932323,352.89760743931987
0.12982099169134154,0,0.15798672545644113,352.8735519178574
0.024958151709243905,0,0.22789229776795844,351.71112959994116
0.030896562639615634,0,0.22460324487107408,351.84151191372763
0.021991158761637642,0.05,0.19830616550214133,361.8864487684661
0.021701635046375956,0.05,0.2046132123973795,361.8020227932528
0.2,0.005547498020286421,0.1069179449696588,352.73146586260464
0.2,0.005547498020286421,0.10050768855940238,352.71108229486134
0.2,0,0.10256410256410256,352.04974504771764
0.01940928998757992,0,0.22393210029508764,351.68996936317876
0.01898900784090212,0,0.2292239906887596,351.6030578966624
0.188608435073297,0,0.11538461538461539,352.2847574110554
0.188608435073297,0,0.10897435897435898,352.2725752717479
0.1829126526099455,0,0.11217948717948718,352.37247026096355
0.12995881384955973,0.05,0.16432402076512234,362.7496757839853
0.13604830634256088,0.05000000000000001,0.16272778632371057,362.71763564218
0.188608435073297,0.05,0.08974358974358976,362.0312613044462
0.1829126526099455,0.05,0.09294871794871795,362.15567883114886
0.18291265260994552,0.05000000000000001,0.08653846153846156,362.1192677694375
0.2,0.05,0.08333333333333334,361.7527959585199
0.2,0.04443418516706727,0.0791260047452646,360.19546431792827
0.10846516419716569,0,0.18612678880086353,352.7516376001037
0.15348709524918022,0,0.14696633283825494,352.7312847364551
0.15930843522747568,0,0.15013489392331344,352.6575448063016
0,0.008685112020637473,0.23383548895784595,352.2824263930854
0,0.004342556010318736,0.23871261627379475,351.6322709282662
0,0.004342556010318736,0.23230235986353837,351.7388876748353
0.188608435073297,0,0.1282051282051282,352.29080934712346
0.1829126526099455,0,0.125,352.38463877495263
0,0.04454547129639714,0.2193393142581054,359.66998116631646
0,0.03909094259279427,0.21431965415723647,358.3606016371107
0,0.04454547129639714,0.21292905784784902,359.76657411925606
0.12364361233167714,0,0.16716727193747502,352.8530896227723
0.12023265996537802,0,0.17141676191600308,352.83896122879804
0.11823670005563452,0,0.15947129482888245,352.91903876186916
0.11231614305717741,0,0.16302633344670753,352.91680763029757
0.11797987769442728,0,0.1650968026920913,352.88833921191144
0.13637168186160264,0.05,0.15717765205477222,362.7468351592385
0.142137798835562,0.05,0.16113155188229877,362.6772626683002
0.020988436016703114,0.05,0.2111766765536939,361.6996362503725
0.014999564418062172,0.05,0.21467283348696853,361.54286993400973
0.177216870146594,0.05,0.13461538461538464,362.32969049616884
0.17721687014659404,0.05000000000000001,0.12820512820512822,362.33632730035106
0.1829126526099455,0.05,0.1314102564102564,362.2350734105252
0.09757932253706111,0,0.1788917074593427,352.82061558956997
0.09108919650885107,0,0.1809590039525471,352.7965463554192
0.09465268671187288,0,0.18522338686629225,352.7639439680781
0.013860428265915936,0,0.21997190282221687,351.6604522072205
0.019798839196287665,0,0.2166828499253325,351.7993532078677
0,0.0336364138891914,0.21571025046662393,357.0658381933377
0,0.03349091211562859,0.22197254250877546,356.93791872766184
0,0.0276422569473553,0.21716315406720677,355.7662452112754
0.01571276344773501,0.05,0.20810936933065413,361.65010499333954
0.010237442621932394,0.05,0.21144022145202807,361.49953215907226
0.15970777167232236,0.04999999999999999,0.1508460588885132,362.5399981194078
0,0.03334541034206578,0.22823483455092702,356.80335916407165
0,0.027351253400229678,0.2296877381515099,355.51018828393353
0.2,0.005555146845306129,0.08124706883631977,352.61359525164215
0.2,0,0.08333333333333334,351.95852264242257
0.2,0.005555146845306129,0.08765732524657618,352.6525115246659
0.2,0.044371788298881075,0.07274765741320223,360.12840542546826
0.2,0.04437178829888107,0.06633740100294581,360.0710830354487
0.2,0.03874357659776215,0.0685722379033275,358.664903983478
0.1829126526099455,0.05,0.13782051282051283,362.22517178816315
0.18291265260994552,0.05000000000000001,0.125,362.2384268318811
0.20000000000000004,0.04441230092409999,0.12401028290395354,360.35828930918456
0.07995864957150739,0.05,0.19556032709256888,362.5186011968593
0.08230241099119717,0.05,0.18987397639537154,362.59168621976715
0.08636524662170164,0.05,0.19465705553382845,362.5515564820644
0.05481523018260212,0,0.19700049799833133,352.45584535166967
0.05697327298236645,0,0.20110755745418415,352.4280237039727
0.06107146147458984,0,0.19654489518398727,352.51059651168424
0.10502089430195793,0,0.19129886770298424,352.7062322246331
0.0888020922794523,0.05,0.18788359524681558,362.6322400251152
0.2,0.05,0.12820512820512822,361.89111455876446
0.188608435073297,0.05,0.13461538461538464,362.1237452516318
0.07879803169342309,0,0.19439223148154774,352.6343646861868
0.036283450730944244,0,0.21301009596257447,352.07240197422306
0.031286111848323375,0,0.2173539945013189,351.95111726481497
0.035893901522236496,0,0.22025934633232963,351.9678181825387
0.005475320825802617,0.05,0.2082076094170876,361.44847397037034
0.010950641651605234,0.05,0.20487675729571367,361.6037735057973
0.09773861922545807,0.05,0.17911975381124673,362.72935286707155
0.1014900953466171,0.05,0.18540128850536333,362.670316092411
0.09530177356770742,0.05,0.1858932140982596,362.66334487804716
0.2,0.05,0.10256410256410257,361.85165039465596
0.1943042175366485,0.05,0.10576923076923075,361.98594349127694
0.1943042175366485,0.05,0.09935897435897437,361.96297828163773
0.1597721219035556,0,0.13767618032798856,352.6876138407258
0.1537189385872202,0,0.1407369760405925,352.7465427685617
0.04089124040485737,0,0.21591544779358518,352.0866637462632
0.09905324968886645,0.05,0.19217474879237623,362.5989078157557
0.10864507441452952,0.05,0.18656126848193771,362.6510736869114
0.10489359829337049,0.05,0.18027973378782108,362.7169193545381
0.1120485773612829,0.05,0.18143971376439547,362.6935975357689
0.2,0.05,0.12179487179487182,361.8910861234948
0.19430421753664853,0.05000000000000001,0.125,362.01562482124797
0.19430421753664853,0.05000000000000001,0.11858974358974361,362.0123051539435
0.17128924434520254,0,0.14404986961817529,352.5285931583529
0.10976203922974928,0.05,0.17496761331974084,362.75548486780156
0.2,0.011094996040572841,0.10486153096495862,353.4959124256741
0,0.05,0.21153846153846154,361.2837556397739
0.004762121796129777,0.05,0.214771073573402,361.33954052963503
0,0.05,0.21794871794871795,361.1882994673026
0.188608435073297,0,0.1346153846153846,352.2848158850986
0.1943042175366485,0,0.13141025641025642,352.18929775679345
0.004199860608627514,0,0.2388722682574878,351.2007423265766
0.004199860608627514,0,0.23246201184723142,351.306571724659
0,0,0.23717948717948717,351.1523174390718
0.1598811914062992,0.04999999999999999,0.14438612798482656,362.56144034128977
0.16565188548591422,0.049999999999999996,0.1410753155190713,362.49377920458346
0.16547846575193742,0.04999999999999999,0.14753524642275795,362.47606508741137
0.10130010841950952,0,0.18509528758116348,352.7676794923693
0.009524243592259554,0.05,0.21800368560834246,361.387605005732
0.004762121796129776,0.05,0.22118132998365841,361.24015342223413
0.1943042175366485,0,0.09935897435897437,352.1436228197029
0.1943042175366485,0,0.10576923076923078,352.16498462244454
0.1715210876832425,0.049999999999999996,0.13782051282051283,362.41517220168544
0.1713476679492657,0.04999999999999999,0.1442804437241995,362.40111150498257
0.188608435073297,0,0.08333333333333334,352.1627131638923
0.1829126526099455,0,0.08653846153846154,352.2746345739337
0.188608435073297,0,0.08974358974358974,352.1993333326139
0.1943042175366485,0.05,0.13141025641025644,362.01241775381123
0.18860843507329703,0.05000000000000002,0.12820512820512822,362.13035461134064
0.17152108768324248,0,0.13782051282051283,352.54031106613405
0.165825305219891,0,0.13461538461538464,352.6202665497533
0.07523454149040129,0,0.19012784856780257,352.66216112088654
0.08167243465545279,0,0.189357979852701,352.6959516686589
0.07810894445243098,0,0.18509359693895586,352.72241027026035
0,0.05,0.22435897435897434,361.0852660181288
0,0.04454547129639713,0.2257495706683618,359.565810936674
0.05855024020176863,0.05,0.21276026417394875,362.1543940347412
0.1943042175366485,0,0.08653846153846155,352.0827501809288
0.1943042175366485,0,0.09294871794871795,352.1162450358741
0.04723836728263991,0,0.21306825317257336,352.1919762230282
0.04263057760872678,0,0.21016290134156262,352.18202427903503
0.2,0.022191694946264003,0.1006448400906406,355.3294177767639
0.2,0.027733247006649038,0.09851441371333616,356.40118255331345
0.05414021930229787,0,0.2071171213636306,352.3325091581469
0.05071704169037873,0,0.20156316026852822,352.36813218760614
0.06322950427435417,0,0.2006519546398401,352.4804495486476
0.16582530521989103,0.05,0.13461538461538464,362.5047220969099
0.08473925664894782,0.05,0.18310051610835865,362.6688452403139
0.09123893793720295,0.05,0.1811101349598027,362.7038235299007
0.025347700917951646,0,0.22064304739820328,351.8246110203955
0.2,0.0444223834140048,0.10478751859235436,360.3283899471798
0.2,0.03884476682800958,0.10060067821034974,358.89657278919594
0.2,0,0.07692307692307694,351.91593718334633
0.2,0.005554183934070786,0.07489619351663704,352.5687383155471
0.06732769276657756,0,0.1960892923696432,352.55788200000706
0.17721687014659399,0,0.14102564102564102,352.4527611418691
0.13594046112532743,0,0.14950673564655367,352.8719127835793
0,0.013903093041865171,0.23026873245755983,353.1062404430929
0,0.009560537031546435,0.22873560336325224,352.4871103283832
0.038358860525570054,0.05,0.20776282940915128,362.00753061046225
0.044464740866827945,0.05,0.2047778319748435,362.1232557765954
0.04282278628067124,0.05,0.2105371764146268,362.0244092992735
0,0.02749675517379249,0.22342544610935833,355.6415367965617
0,0.0216481000055192,0.2186160576677896,354.5914006289199
0.2,0.011109330779376914,0.07922018542987987,353.3699093026155
0.2,0.011108367868141572,0.07286931011019715,353.3225679865566
0.07236013852837159,0,0.1951621001966493,352.59649427134326
0.2,0.05,0.09615384615384616,361.825388329576
0.2,0.04442238341400479,0.09837726218209794,360.3043582345476
0.188608435073297,0.05,0.09615384615384615,362.06430523054127
0.188608435073297,0.05,0.10256410256410255,362.0907441962824
0.1829126526099455,0.05,0.09935897435897435,362.18548493250654
0.048977704486509316,0,0.20731570672055077,352.2828421899335
0.052400882098428456,0,0.2128696678156532,352.2434545966872
0.1295641693301343,0,0.16361223331964997,352.8447023923775
0.13549738928567656,0,0.16202192948206282,352.81708131365554
0.2,0.03885656858107205,0.09416993359402918,358.87124846368926
0.06516964996681324,0,0.19198223291379038,352.5868674052903
0.05756339691421702,0,0.21267108245873304,352.2898828907022
0.013440146119238138,0,0.2252637932158888,351.57647377073454
0.11691701829766171,0.05,0.17612759329631522,362.7259445699959
0.17152108768324253,0.05000000000000001,0.13141025641025644,362.4250923886939
0.032832027614835536,0.05,0.1981337330529827,362.05664081898516
0.2,0.005555146845306129,0.09406758165683259,352.685319838736
0.2,0,0.08974358974358976,351.9950001425453
0.2,0,0.09615384615384616,352.0253696837145
0.03864838424083174,0.05,0.2014557825139131,362.0946605281744
0.08459907048064103,0,0.18302630044575147,352.7638112489828
0.2,0.027693490733352456,0.07292370182894997,356.2352097507903
0.2,0.02214682283368931,0.06869389060032242,355.12068486232823
0.2,0.022209219701875504,0.07507223793238478,355.185080691871
0.03802278793481365,0,0.20725754951055186,352.1666811036287
0.03167566105703112,0,0.2101047441315637,352.0527489707701
0.188608435073297,0,0.10256410256410257,352.2542270302679
0,0.03894544081923146,0.22699220260964442,358.1251371213486
0.188608435073297,0,0.09615384615384616,352.22985792953267
0.10740386955047199,0,0.16831479145091927,352.8935836410625
0.1096566518214227,0,0.17463475067483106,352.8456528710213
0.11456892532812814,0,0.16934629267061932,352.87184478732047
0.057449844505931685,0.05,0.20191187280985934,362.2940082095427
0.05057062120808585,0.05,0.20179283454053576,362.2293879981981
0.0549111978372734,0.05,0.19719704601203628,362.3291621425413
0.19430421753664853,0.05000000000000001,0.08653846153846155,361.8969441223557
0.19430421753664853,0.05000000000000001,0.08012820512820515,361.85391995451846
0.2,0.022199343771283714,0.0942047331880708,355.3033080605942
0.2,0.027745048759711517,0.09208366909701562,356.37376536691846
0.06039645059428559,0,0.20666151854928655,352.38866197522765
0.2,0.03880597346594834,0.07495058523538987,358.7345707193668
0.2,0.03886837033413453,0.08132893256745224,358.7976407783902
0.02573725012665939,0,0.2133937970284481,351.93011879571753
0.12419498175091857,0.05,0.1620937665561041,362.7962413390981
0.11810777413323563,0.05,0.1654136466160242,362.80209513345034
0.11843114965227741,0.05,0.15986351234708585,362.83503208530834
0.1943042175366485,0,0.11217948717948718,352.1802175865575
0.1943042175366485,0,0.1185897435897436,352.18929391961836
0.1943042175366485,0.05,0.09294871794871795,361.93330149115917
0.027556355045867433,0.05,0.19506642582994294,362.0143632759097
0.188608435073297,0.05,0.11538461538461539,362.12361024275924
0.18291265260994552,0.05000000000000001,0.11858974358974358,362.2350507340526
0.18291265260994552,0.05000000000000001,0.11217948717948717,362.225137147929
0.12390043469288439,0,0.1615417640742662,352.8852611624999
0,0.014778518052774133,0.22516884686296612,353.32434140518416
0,0.010435962042455397,0.22363571776865854,352.69065634267656
0.054560430704927235,0.05,0.20727654935724224,362.19632014248026
0.061439654002773084,0.05,0.20739558762656587,362.25493655626013
0.01642596247740785,0.05,0.20154590517433973,361.74965424605443
0.08523592485847462,0,0.19362236276644618,352.6642781058137
0.10524157146777613,0.05,0.19168282319947993,362.60159654434347
0.2,0.016650142885878967,0.10277526646794503,354.3623862469379
0.1306055648876433,0.05,0.15322375222724566,362.80679115409833
0.13657478425211084,0.05,0.15033177548904725,362.77735230481653
0.15411049732668414,0.049999999999999996,0.14769694045058182,362.61997319520066
0.15428391706066094,0.05,0.14123700954689516,362.63837229694656
0.008399721217255029,0,0.23415479292523206,351.353000222092
0.14831012059053772,0.05,0.1513936985783754,362.6680517102815
0.14254400361657837,0.05,0.14743979875084884,362.73892357770774
0.1485132229810459,0.05,0.14454782201265043,362.69150497277184
0.2,0,0.10897435897435898,352.0679915730923
0.14234090122607018,0.05,0.1542856753165738,362.71193837367355
0,0,0.24358974358974358,351.0421288020598
0.2,0.011102644865592549,0.0984214240623888,353.47429428300404
0.2,0.0333025555012018,0.08353186038963989,357.513028955827
0.2,0.027755887601538652,0.07930204916101233,356.29694827835516
0.2,0.027756850512773996,0.08565292448069507,356.33964953350164
0.09286492790995676,0.05,0.19266667438527246,362.58823685075754
0.11234394203459447,0.05,0.16318339240700597,362.83476069141847
0.1943042175366485,0,0.08012820512820513,352.0431473670298
0.188608435073297,0.05,0.10897435897435898,362.1104125504808
0.2,0.01665779171089868,0.09633515956537522,354.3385690600081
0.07020209572860725,0,0.1910550407407965,352.62697883931804
0.2,0.02221018261311085,0.08142311325206751,355.23134416745575
0.2,0.0166635147134477,0.07719330202343996,354.2272518923975
0.2,0.016664477624683045,0.0835441773431227,354.27091266539367
0.15390739493617595,0.05,0.1545428170163068,362.59328223796916
0.12387160623187679,0.05,0.16764390082504244,362.76165476657974
0.009240285510610624,0,0.22357101213788816,351.5315739916436
0.06613099776430678,0.05,0.19272029575286043,362.47360460837695
0.059251774466460946,0.05,0.19260125748353682,362.42134563462713
0.0635923510956485,0.05,0.18800546895503734,362.50593847445543
0.14747950579244115,0,0.15068745772549674,352.7758115606693
0.008820003363932826,0,0.2288629025315601,351.44442810690396
0.004620142755305312,0,0.22717012145355947,351.3968850576523
0.06847475918399656,0.05,0.18703394505566312,362.55059030647476
0.2,0.011110293690612259,0.091981317159819,353.44633278261904
0.12451835726996036,0.05,0.15654363228716575,362.82570890620167
0.13028218936860153,0.05,0.158773886496184,362.7807929717492
0.188608435073297,0,0.1217948717948718,352.29080375798975
0.1829126526099455,0,0.1185897435897436,352.3816224141445
0.2,0.03327895199507684,0.096393349622281,357.5790629613114
0.2,0.03329075374813932,0.08996260500596044,357.54939528208
0.07335716727234465,0.05,0.18606242115628888,362.5900834810932
0.07101340585265487,0.05,0.1917487718534862,362.5164079653041
0.2,0.022211145524346193,0.08777398857175026,355.2714427200138
0.1168217075990789,0,0.1756662518945311,352.8198408825329
0.05891341867482552,0,0.19243783572813444,352.53725660162786
0.14810701820002953,0.05,0.15823957514410036,362.63690794645197
0.11463048016612809,0.05,0.1696554928516606,362.7844023302143
0.10747550109821566,0.05,0.1684955128750862,362.8092728008201
0.09837347259432129,0,0.191426966988113,352.7070805119955
0.04892866662192914,0.05,0.20755217898031902,362.13567295732463
0.07589581394100293,0.05,0.19077724795411194,362.5540526648305
0.05291847611877053,0.05,0.21303589379702556,362.09829740267156
0.047286712035772435,0.05,0.21331152342010234,362.03546490925754
0.2,0.05,0.07692307692307694,361.7064995744411
0.11190943409237344,0,0.18095470989874285,352.7906810391696
0.07307649869063695,0,0.18602078911194975,352.6906579784596
0.044754264582089635,0.05,0.19847078507960533,362.2068157156953
0,0.020627173221047426,0.22997823530453487,354.2304356435852
0.10474437831471728,0,0.17992320867904277,352.8106209303812
0.14161685871966248,0,0.15354193967217536,352.8139505054946
0.1829126526099455,0.05,0.10576923076923075,362.20868607351014
0.1829126526099455,0,0.13782051282051283,352.3726537118305
0.2,0.01666544053591839,0.08989505266280542,354.3084085153633
0.18860843507329703,0.05000000000000001,0.1217948717948718,362.1302704467425
0,0.021502598231956386,0.22487834970994114,354.4699032651682
0,0,0.23076923076923075,351.25638540524665
0.2,0.05,0.10897435897435898,361.87136460262525
0.2,0.03317776176482941,0.07077516572551515,357.38826982778784
0.2,0.033240158633015604,0.07715351305757752,357.45394773024
0.044369914812596195,0,0.20441035488954004,352.2718088425742
0.06432906780377753,0.05,0.20203091107918297,362.3485892999902
0.14143060924121886,0,0.16043162564447566,352.78234823410565
0.06179042113511924,0.05,0.1973160842813599,362.3876017350885
0.01301986397256034,0,0.23055568360956075,351.4882133341762
0.08816256068366285,0,0.18729068335949667,352.7342807545113
0.07823957536069272,0.05,0.18509089725691463,362.6244179983108
0.2,0.05,0.08974358974358974,361.79242554356483
0.1829126526099455,0,0.10576923076923078,352.3571823154094
0.1943042175366485,0,0.125,352.19234954292114
0.12415725705409164,0,0.15591625621105737,352.91263869820995
0.2,0.03874357659776215,0.0621619814930711,358.6034220307406
0.2,0.03311536489664322,0.06439681839345279,357.3159952484703
0.18860843507329703,0.05000000000000001,0.08333333333333336,361.99150935285064
0.2,0.044371788298881075,0.0599271445926894,360.00694459488204
0.2,0.05,0.06410256410256412,361.5933578692907
0,0.03909094259279426,0.22072991056749286,358.2628719037025
0.2,0.027631093865166267,0.06654535449688762,356.16687454636013
0.2,0.011110293690612259,0.0855710607495626,353.4110856956479
0.033121551330097226,0.05,0.19182668615774456,362.13339776838524
0.038937907956093434,0.05,0.19514873561867493,362.17481897242436
0.1943042175366485,0.05,0.11217948717948718,362.00236084380543
0.12039431226476925,0.05,0.17188574706067883,362.7465851284492
0,0.015653943063683097,0.22006896126837242,353.5413044462711
0.2,0.05,0.07051282051282053,361.65333674713935
0.1829126526099455,0,0.09294871794871795,352.3083059839425
0.1829126526099455,0,0.09935897435897437,352.33582189776774
0.17721687014659399,0.049999999999999996,0.14102564102564102,362.3165054909805
0,0.005217981021227698,0.22720247426894466,351.9290166623351
0.10260706016183686,0.05,0.17380763334316646,362.7741368593711
0.16005461114027597,0.05,0.1379261970811399,362.5761113383259
0.06804405292884294,0,0.18694798128494367,352.65397653419967
0.09172605088668466,0,0.19155506627324181,352.6995352987964
0.1476657552708848,0,0.14379777175319644,352.797053333261
0.1418031081981061,0,0.14665225369987506,352.8383947482264
0.0630116071670489,0,0.18787517345793753,352.61236593748066
0.10249159604376656,0,0.173603249455131,352.8615196274866
0.2,0.016662551802212357,0.07084242670375723,354.1774261963747
0.2,0.05,0.05769230769230771,361.526562940895
0,0.05,0.1987179487179487,361.4521772652309
0,0.05,0.1923076923076923,361.52557043310463
0.005475320825802618,0.05,0.19538709659657477,361.60984624058045
0.028229529424978854,0.05,0.1823650221497186,362.1576032345167
0.02782837321422416,0.05,0.18869145990243347,362.08868211502335
0.022535195098351092,0.05,0.18555623364712243,362.0357559874851
0.2,0.03466550781010187,0.04060840144243962,357.38804719126324
0.2,0.038747330654621034,0.04344443915038403,358.3851954257134
0.2,0.04029184248279136,0.03811695109801684,358.69129644745476
0.18282701345071714,0,0.08023851813479553,352.23702506195406
0.18852279591406865,0,0.07703338992966732,352.1222373051665
0.177216870146594,0,0.1217948717948718,352.47088042257235
0.2,0.05,0.051282051282051294,361.45281204575014
0.1947627570153012,0.05000000000000001,0.048416402366831736,361.5309010703527
0.2,0.05,0.044871794871794886,361.3718602012009
0.16012952275653952,0.05,0.125,362.58868134852173
0.16012952275653952,0.05,0.1185897435897436,362.5853935386607
0.16582530521989103,0.05,0.1217948717948718,362.5114286841968
0.07911560225457351,0.05,0.17911460126472398,362.6845321091659
0,0.033782811097852375,0.20968751999520724,357.1839739429738
0,0.039237339801455245,0.20829692368581978,358.48124129865516
0.2,0.0362100196382722,0.03528091339007244,357.668472485291
0.2,0.031396569125891984,0.030241051710534587,356.51270418029475
0.2,0.029852057297721658,0.03556853976290178,356.26234762065457
0.054893029955468214,0.05000000000000002,0.17914748720410384,362.5170615611677
0.05437827092065181,0.05000000000000002,0.18411217353465156,362.4659803327829
0.04977123083315346,0.05000000000000001,0.18216552582445866,362.4381973254054
0.2,0.0331191189535021,0.05208953246102214,357.18540730550603
0.2,0.038747330654621034,0.04985469556064044,358.46700177321503
0.2,0.03312099598193155,0.045935889494806814,357.11080933298496
0.2,0.04437366532731052,0.04095298880596125,359.7761614504674
0.2,0.05,0.03846153846153847,361.28370740724716
0.2,0.04591817715548084,0.03562550075359406,360.1111256356719
0.2,0.016839829326822302,0.05818552245328966,354.0889399608989
0.2,0.011285645392751517,0.05380214944947315,353.1698951861061
0.2,0.011197006630446545,0.06013060157470694,353.22240382821093
0.06921028222556017,0,0.1768682279331848,352.74739281737897
0.06476095111212476,0,0.17275554343029925,352.7503104068251
0.06417783646376614,0,0.1777954201061787,352.7082463291146
0.2,0.0211892272588518,0.020934365862633975,354.3461393077038
0.2,0.024346072053271623,0.016837319794807605,354.86235543518774
0.2,0.020540965278492876,0.015149473336901049,354.13297008088966
0,0,0.22435897435897434,351.3543365215239
0,0.005217981021227698,0.22079221785868824,352.0245337095596
0.18892531065263585,0.05,0.06453064245491803,361.82944613909507
0.1833879659789538,0.05,0.0679498098362232,361.96639160272576
0.18368806766793705,0.05,0.06166499353969848,361.89919619667677
0.16012952275653952,0.05,0.13141025641025644,362.5853287300095
0.16582530521989103,0.05,0.12820512820512822,362.5113956047399
0.17721687014659399,0.05,0.10256410256410256,362.2965992027245
0.2,0,0.05769230769230771,351.75139169566415
0.2,0.005554183934070785,0.062075680696124215,352.4600022058878
0.2,0.005642822696375759,0.05574722857089043,352.4085761857027
0.034325019962361314,0.05,0.17284737289959984,362.3287414759412
0.033923863751606616,0.05,0.17917381065231475,362.27040228686036
0.028630685635733552,0.05,0.17603858439700368,362.2197489739057
0.08561528354282863,0.05,0.17712422011616802,362.7257881071207
0.19446265532631793,0.05,0.06111147507361287,361.6828365851514
0.19476275701530119,0.05,0.054826658777088144,361.60784060261904
0.058985311008150146,0.05,0.18605882124484444,362.48856071579957
0.0546447343789626,0.05,0.19065460977334392,362.4012568739061
0.04395883332415594,0,0.1914451851450381,352.40973758180644
0.044743429347571306,0,0.19817358171351085,352.34729311647453
0.049932445666963365,0,0.19483476370005548,352.4350109432096
0.14866304621357296,0.05,0.13151594067088346,362.71751702777016
0.15443374029318802,0.05,0.1282051282051282,362.65715190901847
0.15435882867692446,0.05,0.13472106887601168,362.65120591009344
0.10666754487813773,0.05,0.16239044821850154,362.85089788399017
0.10867131882615767,0.05,0.15879344324950548,362.8686294954781
0.17721687014659399,0.05,0.09615384615384616,362.27005949458675
0.1362946762392121,0,0.14330675800789977,352.88942711319464
0.14858813459730943,0.05,0.13803188134176694,362.7079548073819
0.17711618239823854,0,0.08350587109194446,352.3448383755515
0.17703054323901019,0,0.07720592768827846,352.30419379456026
0.2,0.027719732627471235,0.06021690237165381,356.1232901884977
0.2,0.03311724192507266,0.05824317542723746,357.2538026106679
0.048363253620132635,0,0.18137797056311,352.547948016263
0.049147849643548,0,0.18810636713158274,352.4949495527619
0.05324603813577139,0,0.18354370486138583,352.57464766657426
0.18952551403060236,0.05000000000000002,0.05196100986186859,361.6805008966955
0.1839881693569203,0.05000000000000002,0.055380177243173755,361.8252469368096
0.18428827104590353,0.05000000000000001,0.04909536094664903,361.74454382312393
0.2,0.017512526874348483,0.04484348170410167,354.0499057201587
0.2,0.0223259773867287,0.04988334338363952,354.96068151443956
0.2,0.022910036171949904,0.04286975475968532,354.9826317445587
0.17142039993488706,0,0.08671099929707266,352.44443879019843
0.17721687014659399,0,0.08974358974358973,352.3790764815246
0.18876687286296645,0.05000000000000001,0.0771371160992539,361.9435838253368
0.18307109039961494,0.05000000000000001,0.08034224430438211,362.0746439427289
0.1832295281892844,0.05000000000000001,0.07414602707030266,362.0236852204918
0.2,0.02830754546955133,0.040896027815268965,356.0151784967637
0.1715210876832425,0,0.125,352.5524875502909
0.2,0,0.07051282051282054,351.8672177511019
0.19421857837742015,0,0.07382826172453913,351.9998051615578
0.1311404593942027,0,0.13376128467727064,352.9419295589873
0.1366488913530967,0,0.1371067803692459,352.9011266798737
0.13700629220608063,0,0.13084085645151378,352.90703687925213
0.12042775606436694,0,0.1463752654814029,352.96598375878585
0.12525278505845786,0,0.1493682415373176,352.934699108184
0.1256070001723425,0,0.14316826389866372,352.9528328264256
0.03947375691929203,0.05,0.17595342387455276,362.3727173844666
0.03907260070853733,0.05,0.18227986162726767,362.3114675866969
0.17721687014659399,0,0.11538461538461538,352.46478600731814
0.17152108768324248,0,0.11217948717948718,352.5402045473282
0.17152108768324248,0,0.11858974358974358,352.54937701702875
0.0804438152286954,0,0.17292027472020144,352.83077874311647
0.07927637984056318,0,0.17900693582957866,352.7795374391881
0.08576650586877324,0,0.17693963933637427,352.81759492771505
0.09211496483108374,0.05,0.17513383896761203,362.7575951526594
0.177216870146594,0.05,0.12179487179487179,362.3363585243737
0.177216870146594,0.05,0.11538461538461536,362.3296903681843
0.11933222806000074,0,0.15292328015514267,352.945869174509
0.11925371698824502,0.05,0.15352838515734443,362.8645781241779
0.12534092460592797,0.05,0.15020850509742434,362.85073929864615
0.17721687014659399,0,0.10897435897435898,352.45255579969086
0,0.010435962042455397,0.21722546135840215,352.78373932084816
0,0.005217981021227698,0.21438196144843186,352.11392681167973
0.0646218691652813,0.05,0.1780760962939419,362.60855241686454
0.06898951821881297,0.05,0.18206925872511537,362.6026814006358
0.0641071101304649,0.05,0.1830407826244896,362.55935181398036
0.08568335421663148,0.05,0.16504285946739272,362.817365589151
0.09130700861100581,0.05,0.1690287743110274,362.8033907962167
0.0864913104367094,0.05,0.17114792412397736,362.7765828125933
0,0.044691868505058116,0.1940858145559195,360.04796672974106
0,0.044691868505058116,0.20049607096617592,359.9724480928433
0,0.011074501839288122,0.20591747501324292,353.02606357950555
0,0.016292482860515822,0.20876097492321322,353.80172483199937
0,0.01075523194087176,0.21157146818582254,352.9072004032571
0,0.03392920830651336,0.2036647895237906,357.2961529542083
0,0.02810792405443264,0.2054864304232105,356.02170703541753
0.016969998814121305,0.05,0.18879597331932085,361.90649961374453
0.01122265981996196,0.05,0.1920915349579478,361.76322482930067
0.011494677988318687,0.05,0.18571656903043837,361.83504020582495
0.2,0.011157239002476088,0.015384674329586073,352.62048685133476
0.2,0.017384120484073052,0.019246519404727415,353.6589578211885
0.2,0.016735858503714132,0.013461626878994493,353.4536038236901
0.07387192630716105,0.05,0.18109773482574112,362.6408523298904
0.07474795320104183,0.05,0.17512143883355047,362.6977411048442
0.1662895751512548,0.05,0.07799973499896713,362.3266643762986
0.17183060097081837,0.05,0.0808459771787986,362.2659505124841
0.16613481850746686,0.049999999999999996,0.0840511053839268,362.37210614208834
0.11398907670652966,0.05,0.15051313802752309,362.8961530176916
0.11316650937056207,0.05,0.15684826521726453,362.86882237671307
0.10949388616212527,0.05,0.15245831605976404,362.8987539290886
0.2,0.011869704177972722,0.040378304415262536,353.0971758779244
0.2,0.006226881481596965,0.0359131271264234,352.2479887716331
0.2,0.005642822696375758,0.0429267157503776,352.2626942443062
0.13732725979642374,0.05,0.13134415788562975,362.8203957840487
0.14295769719686657,0.05,0.13468801961369836,362.7684636975936
0.1372523481801602,0.05,0.13786009855651324,362.81082307201217
0.18843715675484027,0,0.0643231901157449,352.0209371261281
0.1826557351322604,0,0.0676386313274635,352.14394896255027
0.1884371567548403,0,0.07073344652600132,352.07580908795916
0.004620142755305312,0,0.22075986504330308,351.4915452250124
0.03876981700476389,0,0.1947840031584935,352.31783400798696
0.03798522098134852,0,0.18805560659002077,352.3758441830471
0.032796204661956464,0,0.19139442460347614,352.2797548621433
0.2,0.01110836786814157,0.06645905369994072,353.2686803727914
0.043174237300740576,0,0.18471678857656537,352.465241901087
0.2,0.011805500982835008,0.021169566855318997,352.8106611756739
0.2,0.01245376296319393,0.026954459381051923,352.9972366983164
0.2,0.01803238246443197,0.02503141193046034,353.8607130169903
0.005475320825802618,0.05,0.2017973530068312,361.5327659870937
0.1487379578298365,0,0.125,352.8136604988709
0.15443374029318802,0,0.1282051282051282,352.7569391082877
0.15443374029318802,0,0.12179487179487179,352.75690694093936
0.2,0.018680644444790895,0.030816304456193266,354.0588694110954
0.1428721250179586,0,0.1279204282257569,352.86428052588013
0.1483805569768526,0,0.13126592391773215,352.81406149999776
0.032049175592006235,0,0.2038679709555345,352.13433211596094
0.03839630246978877,0,0.2010207763345227,352.2452148131746
0.032422690126981346,0,0.19763119777950533,352.21000074641887
0.06001482907778295,0.05,0.176129448583749,362.58884254706857
0.059500070042966556,0.05,0.1810941349142967,362.54080799975446
0.2,0,0.019230769230769235,351.25655307060873
0.2,0.006226881481596965,0.02309261430591058,352.0631312514875
0.2,0.005578619501238044,0.017307721780177653,351.88813660030763
0.026398349909312724,0,0.20708159887741434,352.019975909165
0.050037694291464256,0.05,0.18870796206315102,362.37596548882425
0.044221337665468055,0.05000000000000002,0.18538591260222065,362.3450422611629
0,0.02196736990393556,0.21296206449521,354.73037882563045
0,0.02796152684577166,0.21150916089462712,355.91169245875216
0.1601295227565395,0,0.13141025641025642,352.6924744585819
0.1540763394402041,0,0.13447105212286037,352.75470929992304
0.004620142755305312,0,0.21434960863304667,351.5800814472681
0,0,0.21794871794871795,351.44616369269704
0.11031645349809287,0.05,0.1461231888700226,362.92214731838294
0.10582126295368847,0.05000000000000002,0.14806836690226355,362.92270640883333
0.2,0.016928468089127274,0.051857070328055865,354.03534869687445
0.058128822651410145,0,0.18570943915966168,352.59612030698014
0.1656239297231801,0,0.08367840885055558,352.50195125233193
0.17131971218653158,0,0.08047328064542739,352.40719233062896
0.2,0.01245376296319393,0.033364715791308334,353.09038486801944
0.2,0.01809658565956969,0.03782989308014746,354.0577459582323
0.1947627570153012,0.05000000000000001,0.04200614595657533,361.44676058868185
0.1719890387604878,0.05,0.07464975994471915,362.2158204171096
0.17753006458005138,0.05,0.07749600212455063,362.1494413491556
0.2,0.011285645392751516,0.04739189303921673,353.0972501026188
0.100991147721681,0.05,0.16159750402999712,362.860224671631
0.10299492166970094,0.05,0.15800049906100105,362.87985447873507
0,0.01597321296209946,0.21441496809579286,353.67381359221537
0.009901385293263962,0,0.21084855757659804,351.7180855767899
0.009240285510610626,0,0.21716075572763177,351.6229432100863
0.014521528048569276,0,0.21365970467118314,351.7578446862251
0.17152108768324248,0.04999999999999999,0.09935897435897434,362.3753458833469
0.165825305219891,0.04999999999999999,0.10256410256410256,362.4715599840575
0.165825305219891,0.049999999999999996,0.09615384615384615,362.4449261153772
0,0.05,0.20512820512820512,361.3715723341207
0.2,0.02503860678534144,0.030528678083363927,355.2149655789704
0.07365961333899557,0,0.1809809124360703,352.73809277185745
0.06862716757720155,0,0.1819081046090642,352.70264338182477
0.17152108768324248,0,0.09294871794871794,352.475826755397
0.17721687014659399,0,0.09615384615384615,352.40971432720823
0.2,0.04437366532731052,0.04736324521621767,359.86114102119507
0.2,0.04437366532731052,0.053773501626474075,359.93891964251833
0.08693394125690544,0,0.17085297822699708,352.86549274144807
0.09225663189698327,0,0.17487234284316988,352.8469865439562
0.054030634159186755,0,0.19027210142985856,352.5187165821476
0.03867144449778264,0.05,0.18860629937998258,362.2434424088228
0.04448780112377885,0.05,0.19192834884091298,362.2796146246731
0.165825305219891,0,0.12820512820512822,352.6263584208579
0.2,0.02183748923921072,0.026719258388366897,354.5557097328213
0.19446265532631796,0.05,0.06752173148386928,361.7461726809489
0.18892531065263587,0.05,0.07094089886517446,361.88932340229434
0.14215732331199077,0,0.14045227606122118,352.8528346046318
0.14251472416497468,0,0.13418635214348903,352.86152592675427
0.177216870146594,0.05,0.08974358974358976,362.236914826095
0.010950641651605236,0.05,0.19846650088545728,361.68454084489696
0.2,0.04183635431096168,0.032789463045649656,359.0005849049455
0.17152108768324253,0.05,0.11858974358974358,362.4251566921734
0.1715210876832425,0.05,0.11217948717948717,362.41519647762317
0.17152108768324253,0.05,0.125,362.4284447546203
0.14288278558060305,0.05,0.14120396028458182,362.75545242427035
0.08086765604233509,0.05,0.1671620092803427,362.78631584687315
0.0799916291484543,0.05,0.17313830527253332,362.7384980586867
0.020459938978941,0,0.21037065177429873,351.8929780040938
0.021121038761594338,0,0.20405845362326502,351.9804833428236
0.026771864444287842,0,0.20084482570138515,352.09896345427995
0.13043202916643343,0,0.14616123995457841,352.9181962421453
0.059295051948127384,0,0.17562968580790284,352.68966299484157
0.05382915278413001,0,0.17850382818550642,352.6222088646541
0.058711937299768764,0,0.18066956248378224,352.64485035694634
0.021494553296569456,0,0.1978216804472358,352.05687528786234
0.17721687014659399,0.05,0.10897435897435896,362.3164847236997
0.17123407302730326,0,0.07417333724176138,352.36351268062594
0.044622493876222746,0.05,0.1790594748495057,362.4092026676214
0.03352270754085192,0.05,0.18550024840502963,362.20528771767493
0.1207819711782516,0,0.14017528784274902,352.98166239244364
0.14802315612386868,0,0.1375318478354643,352.80852577812783
0.2,0,0.04487179487179488,351.6111178662363
0.2,0,0.051282051282051294,351.6843547241455
0.2,0.005642822696375759,0.04933697216063401,352.3387351581997
0.10179910394175894,0.05,0.16770256868658182,362.8203536562346
0.09932229846126414,0.05000000000000002,0.15361054990350057,362.9028320008492
0.10499869561772088,0.05000000000000002,0.154403494092005,362.89651922690706
0.06950427725362937,0.05,0.17710457239456762,362.65055975815613
0.07038030414751016,0.05,0.171128276402377,362.7042231972087
0.07037771761369238,0,0.17078156682380757,352.7988514154519
0.1369135662161355,0.05,0.14409593702278023,362.7972700507786
0.19421857837742015,0,0.06741800531428271,351.9480094645201
0.2,0.005554183934070785,0.06848593710638062,352.5174347925423
0.16598006186367892,0.04999999999999999,0.09010247576888647,362.4115267217812
0.1715210876832425,0.049999999999999996,0.09294871794871795,362.34546760807484
0.17152108768324248,0.04999999999999999,0.10576923076923075,362.3986055781747
0.16582530521989103,0.049999999999999996,0.10897435897435898,362.49152505735873
0.1892254123416191,0.05,0.05824582615839331,361.7583504448043
0,0.044691868505058116,0.20690632737643233,359.8897176927089
0,0.03938373701011623,0.20227419321440315,358.59592422179804
0.19446265532631793,0.05,0.0739319878941257,361.8026927261994
0.2,0.024994334033630543,0.02262221232054053,355.08333989131756
0.05030415774977505,0.05,0.19525039830184338,362.30636237975517
0.2,0.023494094957171113,0.035856166135731116,354.99786518946723
0.07482704872712778,0,0.17489425132669312,352.79238565535763
0.15443374029318802,0.05,0.1217948717948718,362.6571836382127
0.1487379578298365,0.05,0.125,362.7201916339365
0.2,0.037754531466442524,0.029953425337705245,357.95208521506817
0.09531475056522426,0.05,0.16080455984149272,362.86274105434126
0.0973185245132442,0.05,0.15720755487249663,362.8842690570612
0.2,0.02772160965590068,0.05406325940543849,356.05766395783337
0.2,0.022324100358299254,0.056036986349854837,355.0297413379658
0.17768850236972078,0.05,0.07129978489047117,362.0957294925854
0.1827413742914888,0,0.07393857473112952,352.193463191493
0.010562485075917298,0,0.20453635942556428,351.80710848599756
0.005281242537958649,0,0.2080374104820129,351.6729737016708
0,0.005537250919644061,0.20872796827585222,352.2283398305531
0.02226317692999437,0.05,0.1919311995746319,361.96453668191526
0.17152108768324248,0,0.10576923076923077,352.52489282928394
0.17152108768324248,0,0.09935897435897435,352.50343103675556
0.165825305219891,0,0.10256410256410256,352.58944985762537
0.1601295227565395,0,0.125,352.69550431045985
0.165825305219891,0,0.1217948717948718,352.6263124237139
0.13094434685166798,0.05,0.14698791376097864,362.8300977994598
0.17721687014659399,0,0.10256410256410256,352.4341966767084
0.2,0.02223546159599428,0.06236543847508862,355.0783291489092
0.2,0.016751190564517328,0.06451397457852344,354.13629912739907
0.18952551403060236,0.05000000000000001,0.04555075345161217,361.60037272730744
0.005747338994159344,0.05,0.18901213066906533,361.68535722160294
0.01724201698247803,0.05,0.18242100739181139,361.9746193857707
0.14303260881313012,0.05,0.12817207894281488,362.7745873566951
0.13078624428031804,0,0.1399612623159245,352.9329702820344
0,0.02825432126309362,0.19946369995179383,356.1257648736814
0,0.022433037011012902,0.20128534085121375,354.96665251987537
0.13128312881569265,0.05,0.14075207529471165,362.84703972009294
0.12007628432421262,0.05,0.147193257967603,362.8873931187313
0.16572461747153555,0,0.08991612750220086,352.5363475711269
0.12567970656995264,0.05,0.14397266663115732,362.87136276733656
0.2,0.027723486684330126,0.04790961643922317,355.98583505980986
0.17737162679038193,0.05,0.08369221935863008,362.196818310197
0,0.034075605515174336,0.19764205905237392,357.4023752270412
0.12596121528622717,0,0.13696828626000984,352.96515178173087
0.09612270678530221,0.05,0.1669096244980774,362.8246241067184
0.09049905239092788,0.05,0.16292370965444272,362.84284065830695
0.07599448411526,0,0.16880759021731592,352.84079267385863
0.12601848853397732,0.05,0.1377368281648903,362.8856215112984
0.17167584432703042,0.05,0.08689734756375828,362.30871965332796
0.13162191077971735,0.05,0.13451623682844466,362.8576169159974
0.1601295227565395,0,0.11858974358974358,352.6923962940896
0.165825305219891,0,0.11538461538461539,352.6201285583216
0.16552324197482465,0,0.07744069019891031,352.461696439166
0.11450719906590981,0,0.14993030409922797,352.9732926325458
0.19421857837742013,0,0.061007748904026306,351.89008470383277
0,0,0.21153846153846154,351.5318669187659
0.2,0,0.06410256410256412,351.81236925520784
0.01669798064576458,0.05,0.1951709392468303,361.8315112338391
0.11560272707027602,0,0.1433822894254882,352.99146139112514
0.06359472181540751,0,0.1828352967820581,352.662264839333
0.0651366282000977,0.05,0.17311140996339414,362.65354028310816
0.11341167106154361,0,0.15647831877296775,352.9484080456032
0.2,0.038745453626191584,0.056008338526855765,358.5383132356574
0.12041506628823728,0.05,0.14095741950133597,362.9053334107506
0,0.022286639802351925,0.2073080713226304,354.8647591161806
0,0.016611752758932185,0.20310698175063363,353.9250381656231
0.165825305219891,0,0.09615384615384616,352.5648853955509
0,0.03938373701011623,0.19586393680414674,358.67356832772
0.02714537897926296,0,0.19460805252535598,352.1720364846615
0.09693066300538014,0.05,0.17301468915466206,362.7801613776284
0.07562398009492263,0.05,0.16914514284135984,362.7484817184638
0.10132607240928407,0.05000000000000001,0.15001354493450447,362.9184298857053
0.165825305219891,0,0.10897435897435898,352.6078642452155
0.11481164404249727,0.05,0.14417801083778164,362.9167526143538
0.02293635130910579,0.05,0.17922979589440752,362.1017082771821
0.2,0,0.03846153846153847,351.53168112193674
0.17694490407978183,0,0.07090598428461245,352.25759685508734
0.01584372761387595,0,0.20103530836911565,351.9342712717459
0.16582530521989103,0.05,0.11538461538461539,362.5048213352806
0.015182627831222612,0,0.20734750652014938,351.8491177077335
0.08161125061682761,0,0.16683361361082427,352.87613418204546
0.2,0.02815117882805037,0.018525166252714165,355.6417598865843
0.1549380622052844,0.04999999999999999,0.09014076601660459,362.55353246185814
0.1546859012492362,0.04999999999999999,0.09635243429035356,362.5885351731423
0.14924227974193288,0.04999999999999999,0.09334589422173278,362.63359129421866
0.09387467923107008,0.05,0.15291922518782103,362.90216020616253
0.0992511032714228,0,0.15342406285163218,352.97924112866696
0.10293913609955094,0,0.1578395288481418,352.95812706551834
0.10494007740092112,0,0.1541954014536882,352.9736532154363
0.050613296574929204,0.05,0.17010137590757626,362.54802701441827
0.055314062826356085,0.05,0.17311541224566263,362.57156726432163
0.05019226370404134,0.05000000000000002,0.17613345086601748,362.49615394924626
0.04504352674711062,0.05,0.17302739989106453,362.4644632378501
0.08223950893445736,0.05,0.16075452978271706,362.83242704957524
0,0.028182205435824052,0.1871372515017048,356.24436784361797
0,0.022488265937624423,0.18290524259493515,355.16994994380866
0,0.0279827448546734,0.18086445285780534,356.26193716052717
0.16581537755843687,0,0.07113627890069787,352.41020531975715
0.16020768344277828,0,0.07447267006673382,352.5034299155197
0.2,0.027800841723460264,0.004487208959664831,355.31416495300175
0.2,0.03333333333333333,0,356.39254963038235
0.2,0.027777777777777776,0,355.2205448549035
0.16610751314204908,0,0.06483186760248544,352.35268247423
0.17152620861091544,0,0.06786892594354894,352.3086628743694
0.17181834419452768,0,0.06156451464533651,352.24778134199465
0.1262001913265134,0.05,0.13124829795804824,362.8946204244058
0.1260632022436271,0.05,0.12464564042842936,362.89852348644223
0.13148492169683107,0.05,0.12791357929882577,362.86517670449484
0.15441073148742268,0,0.09616678258287933,352.6956922662388
0.1601295227565395,0,0.09935897435897435,352.64631722955875
0.1601065139507742,0,0.09296165437775113,352.61896284016717
0.09989697749308549,0.05000000000000001,0.13994312503681677,362.95140533817613
0.0991824300349862,0.05000000000000001,0.13490791508797295,362.9615256083652
0.10439216803748988,0.05000000000000001,0.13799794700457585,362.9538205599431
0.2,0.016689730612349154,0.004487208959664831,353.2840889193456
0.2,0.02222222222222222,0,354.1545489944998
0.2,0.016666666666666663,0,353.19456204917145
0.2,0.03160594849823901,0.006175055417571388,356.1398963511495
0.2,0.03535903982594984,0.004980320531011902,356.9482376518036
0.10510671549558917,0.05000000000000001,0.1430331569534197,362.9403859697371
0.10960190603999359,0.05000000000000001,0.14108797892117875,362.93889622860604
0.19523271442437912,0,0.02241475744500802,351.39330277882164
0.2,0,0.025641025641025647,351.35444319211234
0.1668298030505706,0.05,0.06534188589341472,362.20866296496143
0.1722591527101457,0.05,0.06832083539194295,362.1563618847446
0.1665596891009127,0.05,0.07167081044619092,362.27102628715437
0.07165671673387303,0.05,0.15954687648885663,362.788387353023
0.0730285696259953,0.05,0.153139396991231,362.8290848623121
0.07763403928022633,0.05,0.15694696338697403,362.8341905292323
0.16120224554478782,0.05,0.06871318443565905,362.31715016924005
0.19580272510191543,0,0.017367312269614882,351.30380789868957
0.1910354395262946,0,0.020551300483853667,351.4377387404889
0.2,0.022245286167904707,0.004487208959664831,354.2461224786361
0.0790058921723486,0.05,0.1505394838893484,362.87044978467185
0.0849832147187019,0.05,0.14793957078746584,362.90321415331164
0.08361136182657963,0.05,0.15434705028509144,362.8713931517214
0.2,0.011157239002476088,0.008974417919329661,352.5099112632306
0.2,0.016712794558031645,0.008974417919329661,353.3704361775185
0.2,0.011134175056793599,0.004487208959664831,352.4252398654887
0.19454356051953797,0,0.04822615455784076,351.75041446569816
0.09516390572099073,0.05000000000000001,0.1442870102699811,362.9368533870524
0.09043083394889596,0.05,0.14863089550314537,362.91455476735973
0.08971628649079666,0.05,0.14359568555430152,362.930397973565
0.12059676908077335,0.05,0.1344688892944939,362.91795180079066
0.1099653116250657,0.05,0.1281109185074946,362.9583526004688
0.11535675242010546,0.05,0.12471242021725543,362.9448092632102
0.11517504962756939,0.05,0.1312009504240975,362.9423426976121
0.12077847187330942,0.05,0.12798035908765182,362.9236845401435
0.16053644035637563,0.04999999999999999,0.08709593570026569,362.4670009732893
0.15509281884907233,0.04999999999999999,0.08408939563164491,362.5144482840077
0.16069119700016354,0.049999999999999996,0.08104456531530602,362.4247380014692
0.15533375344403866,0.04999999999999999,0.07808693930477414,362.46863526703396
0,0.028381666016974706,0.19341005014560428,356.22072569127863
0,0.03387614493402368,0.19136926040847443,357.4269111346789
0.2,0.03135229637418109,0.02233458594771119,356.3769499235907
0.2,0.0319042701557612,0.01733043136615468,356.410325094198
0.011391564926703013,0.05,0.16666666666666669,361.99135368447475
0.01708734739005452,0.05,0.1634615384615385,362.11887984647575
0.017138903920862356,0.05,0.1697813614382961,362.0774485566499
0.14289561973024384,0.05,0.11515916500293957,362.7687788817101
0.14289561973024384,0.05,0.121569421413196,362.7756933384509
0.13705328163065117,0.05,0.118138842826392,362.82198462447684
0.1603816837125877,0.04999999999999999,0.09314730608522537,362.5032427590125
0.2,0.026073456888365945,0.010662264377236219,355.0870651784446
0.2,0.022268350113587198,0.008974417919329661,354.3345163507709
0.09524922066868244,0,0.1607123176405394,352.9419187350796
0.10093819479818075,0,0.16148365624259542,352.93982360146873
0.09725016197005262,0,0.15706819024608576,352.9619685889391
0,0.039184276428965575,0.18959113816024725,358.6931887726998
0.1601295227565395,0,0.10576923076923077,352.66783551168044
0.2,0,0.03205128205128206,351.446152542555
0.19523271442437912,0,0.028825013855264436,351.488278037709
0.1953848793226117,0.05,0.029270600631469648,361.24469455641173
0.1953848793226117,0.05,0.022860344221213236,361.1382027490042
0.2,0.05,0.025641025641025647,361.0856089190492
0.027327189041510117,0,0.18832267516030782,352.2371211281293
0,0.022687726518775077,0.18917804123883464,355.1472015467678
0,0.022560381764893986,0.19523169104502416,355.0597477438562
0.0398947897901799,0.05,0.16992134891611158,362.42528190108317
0.18876213889695806,0,0.05795185217981577,351.9547769382118
0.2,0,0.012820512820512824,351.1524900245147
0.005281242537958649,0,0.20162715407175652,351.7491147330901
0.16093213159512992,0.05,0.07504210898843525,362.37566824888745
0.15443374029318802,0,0.10256410256410256,352.7200075844062
0.15443374029318802,0,0.10897435897435898,352.738479686575
0.07626218638810406,0.05,0.16335444288459966,362.7907861732367
0.010926105200411618,0,0.1855553482852116,352.0111391837469
0.010744295138164458,0,0.19184072565025972,351.94855122251977
0.016207347738370268,0,0.1884645536390194,352.0708245687268
0.06641304078646057,0.05,0.16153001004987377,362.7428850296572
0.0710185104406916,0.05,0.1653375764456168,362.74911794734913
0.19579993187426453,0.05,0.011127816268776835,360.91342741173503
0.19159986374852905,0.05,0.015845376127297257,361.0899294595975
0.19159986374852905,0.05,0.009435119717040844,360.965650513916
0.18683816462821,0,0.01868784352269931,351.478312728823
0.19160545020383085,0,0.015503855308460525,351.3472007534374
0.18740817530574627,0,0.013640398347306168,351.386731634852
0.1486919402183059,0,0.09297459080678432,352.7372458207716
0.1543877226816574,0,0.08976946260165611,352.66521880263616
0.10662716892767908,0,0.16225499484465147,352.931453233208
0.10862811022904925,0,0.15861086745019787,352.9480103074477
0.10171489542097366,0,0.1675434528488632,352.90352221138426
0.09602592129147533,0,0.16677211424680716,352.90718554705626
0.09680262191426824,0,0.17283191085307495,352.86675116521957
0.12592621316074082,0.05,0.11804298289881049,362.89534961865365
0.13134793261394478,0.05,0.1213109217692069,362.8656595631672
0.01144312145751085,0.05,0.1729864896434243,361.9467002233038
0.017190460451670192,0.05,0.17610118441505374,362.02936173641484
0.12545465870373995,0,0.11724657012155754,352.9738763728967
0.1310759010987626,0,0.12071455137770677,352.946706339787
0.13104362195104255,0,0.11419118472792485,352.9394563167861
0.13694173391064052,0,0.1177941231519499,352.90615773452146
0.005747338994159343,0.05,0.18260187425880892,361.74921925643486
0.2,0.04647015093706095,0.004980320531011902,359.71894852919235
0.2,0.04294030187412191,0.009960641062023804,358.88755477978594
0.2,0.04647015093706096,0.011390576941268315,359.8478443017142
0.1558448019886629,0.05,0.06575555842512715,362.3554401255421
0.1614723594944457,0.05,0.06238425988288283,362.2519068565439
0,0,0.1923076923076923,351.75158521503676
0,0.005537250919644061,0.19590745545533939,352.37749818215934
0,0,0.19871794871794873,351.6844393939126
0.005281242537958649,0,0.19521689766150008,351.8191621535431
0.19160545020383085,0,0.009093598898204113,351.2392433721298
0.19580272510191543,0,0.010957055859358468,351.1977976849888
0.061074068241852256,0.05,0.1643066736685476,362.6851046276706
0.06171227453503369,0.05,0.1585159737117874,362.72468658133903
0.1487379578298365,0.05,0.11217948717948714,362.7068513253953
0.1487379578298365,0.05,0.11858974358974357,362.7168522654359
0.18491039335321405,0.05,0.04277007203179976,361.6507152780394
0.1795845638100807,0.05,0.03973131216302285,361.7028009659074
0.1855325156605246,0.05,0.0364447831169505,361.54966171258366
0.1487379578298365,0.05,0.10576923076923074,362.6901888138146
0.15443374029318802,0.05,0.10897435897435895,362.6372009457323
0.15443374029318802,0.05,0.10256410256410255,362.61720634408874
0.2,0,0.006410256410256412,351.0422736202508
0.19046542884875828,0,0.025598745659246806,351.5243938051778
0.1856981432731374,0,0.028782733873485594,351.64982614967715
0.19046542884875828,0,0.03200900206950322,351.61645420144885
0.2,0.03738474631856635,0.009960641062023804,357.5162804335379
0.2,0.040914595381505395,0.004980320531011902,358.27521016575866
0.10972363823341547,0,0.1520628527764581,352.9760104492576
0.11081916623778168,0,0.1455148381027183,352.9972947627043
0.2,0.005555555555555555,0,351.5811694586272
0.2,0.01111111111111111,0,352.33738885574536
0.2,0.05,0,360.5908592238043
0.2,0.044444444444444446,0,359.07465684318504
0.2,0.006226881481596965,0.02950287071616699,352.15865039709087
0.09587845317909002,0.05000000000000002,0.14932222021882494,362.91962667815756
0.06536506983459829,0,0.16676561336471815,352.7946907447966
0.17795861631937868,0.05,0.06497086033769497,362.0324505169995
0.2,0.03941045281118286,0.014940961593035706,358.09667797558546
0.2,0.042940301874121914,0.016370897472280217,359.0082782560791
0.1198979746041574,0,0.12682532216497217,353.0022543334801
0.12551921699918006,0,0.13029330342112141,352.97601462853953
0.12548693785145998,0,0.12376993677133949,352.97815830518505
0.2,0.038306505248022635,0.02494927075614873,358.0038184874271
0.2,0.034553413920311804,0.026144005642708218,357.1470583664186
0.05573509569724395,0.05,0.1670833372872214,362.6199894088067
0.05637330199042538,0.05,0.16129263733046123,362.6629189595688
0.1890871210390759,0,0.045170257833630226,351.8093378877473
0.18431983546345504,0,0.0419439896376126,351.8481882853759
0.18363068155861384,0,0.0485246175196761,351.93746568356534
0,0.005537250919644061,0.20231771186559583,352.3059658118394
0.14289561973024384,0.05,0.10874890859268316,362.75520285342935
0.2,0.05,0.03205128205128206,361.18853329952685
0.16012952275653952,0.049999999999999996,0.09935897435897434,362.53545211127613
0.16012952275653952,0.05,0.10576923076923075,362.5587663464381
0.2,0.04183635431096168,0.02637920663539324,358.8992155913581
0.2,0.0423883280925418,0.02137505205383673,358.95551476647853
0.1862681539506737,0,0.023735288698092452,351.5660109004313
0,0,0.20512820512820515,351.61119996182236
0.10125204457279297,0,0.14977993545717855,352.9937363542631
0,0.03367668435287303,0.18509646176457495,357.4453742068865
0.13705328163065117,0.05,0.11172858641613559,362.81149507949596
0.10061152495118478,0.05000000000000001,0.14497833498566062,362.9370400972896
0.15557468803900504,0.05,0.07208448297790337,362.41683819569266
0.1907697586452234,0.05,0.026489919211657238,361.2936857026518
0,0.011074501839288122,0.1995072186029865,353.1019824990215
0.19118481119687625,0.05,0.02116764766947725,361.19453398878744
0.08842706000087602,0.05,0.15222790047214146,362.89521970822557
0.06043586194867082,0.05,0.17009737362530777,362.6398973295356
0.06577483449327913,0.05,0.16732071000663395,362.70102532861597
0.07098183633616592,0,0.1647916367582265,352.84080392821147
0.07158595505863946,0,0.1588017066926454,352.87725286961665
0.06596918855707183,0,0.16077568329913705,352.8335675114137
0.09187090528305014,0.05,0.1565162301568171,362.88172867523537
0.1953848793226117,0.05,0.03568085704172606,361.34343609106173
0.19579993187426453,0.05,0.017538072679033248,361.0350578642037
0,0.016993787020575447,0.184946032332065,354.1818027935087
0.1487149490240712,0,0.09937191078800754,352.7646802131499
0,0.05,0.1794871794871795,361.6532940378783
0.005747338994159343,0.05,0.17619161784855253,361.80605880851044
0.19454356051953794,0,0.04181589814758435,351.67407636720435
0.19523271442437912,0,0.03523527026552084,351.5770725255354
0.18977627494391708,0,0.03858962995156672,351.7161972678181
0.1428398458702385,0,0.11498680516571855,352.8576894201296
0.1428398458702385,0,0.12139706157597493,352.86422579521644
0.1487379578298365,0,0.11858974358974358,352.8106035627859
0.19014763633791287,0.05,0.03922546453676291,361.5017962059551
0.10978360883252963,0.05,0.13459944871433666,362.9520672398811
0.11499334683503332,0.05,0.13768948063093955,362.93299048132667
0.021858173421063772,0,0.18525092571713955,352.1872837020641
0.021676363358816612,0,0.19153630308218766,352.1250323727198
0.05103432944581708,0.05,0.16406930094913508,362.5938165209213
0.2,0.03363165499085552,0.01115537594858329,356.6780863573507
0.2,0.03565736148347203,0.01613569647959519,357.2286311238651
0.16012952275653952,0.05,0.11217948717948717,362.5754117862209
0.011494677988318686,0.05,0.17930631262018193,361.89539123172375
0,0.016739097512813272,0.19705333194444408,354.01626779598746
0.10457387083002595,0.05,0.13150941679773376,362.9639247155205
0,0.04449240792390746,0.18781301591202001,360.06267171206287
0.022884794778297954,0.05,0.1729099729176499,362.15325895439105
0.1604998190263905,0,0.06816825876852138,352.4493459327105
0.16079195461000273,0,0.061863847470308944,352.3892302237832
0.15518426049434414,0,0.06520023863634489,352.48171079988873
0.022833238247490117,0.05,0.16659014994089227,362.1981541011908
0.2,0.05,0.012820512820512825,360.85595230655815
0.2,0.04647015093706096,0.017800833351524728,359.96769701948864
0.2,0.05,0.019230769230769235,360.97493426581394
0,0.016866442266694356,0.19099968213825452,354.1018560052826
0.2,0.028195451579761263,0.026431632015537557,355.78056283289544
0.14997630988791377,0.049999999999999996,0.07512931329424226,362.50469860681505
0.14973537529294745,0.04999999999999999,0.08113176962111304,362.55323894254826
0.1599051384540633,0,0.08048621707446058,352.5496951651185
0.15458957992201694,0,0.07751819694228407,352.58710783560895
0.15428703493330193,0,0.08353174395001083,352.6303474463825
0.19454356051953794,0,0.05463641096809717,351.82055267780134
0.1548921249107319,0,0.07150464993455732,352.538387646098
0.2,0.03885847902960275,0.019945116174592218,358.05201607426625
0.2,0.03510538770189192,0.021139851061151703,357.1896125879018
0.17252926665980356,0.05,0.06199191083916673,362.09017811933086
0.10603560540528731,0,0.14764738677994843,352.99805308375034
0.1601295227565395,0,0.11217948717948718,352.6832037193179
0.13719027071353745,0.05,0.12474150035601089,362.8247286691753
0.16000582620241874,0,0.08672393572610584,352.58725824982827
0.010562485075917298,0,0.19812610301530786,351.8800575057795
0.01602553767612311,0,0.1947499310040675,352.00550079799285
0.18908712103907588,0,0.05158051424388663,351.8825773404351
0.2,0.05,0.006410256410256413,360.7279272925549
0.1369740130583606,0,0.12431748980173182,352.9098101113538
0.1907697586452234,0.05,0.03290017562191365,361.39599466423164
0.16709991700022847,0.05,0.059012961340638506,362.13957440971984
0.17282936834878682,0.05,0.055707094542642006,362.0172321758699
0.18656969051948794,0.05,0.02479722265992125,361.3462245838286
0.18698474307114077,0.05,0.01947495111774126,361.2456132255749
0.1829807172743782,0,0.06126729339153437,352.08116061274904
0.18330569941649602,0,0.05489595545560523,352.01233285308734
0.19579993187426453,0.05,0.004717559858520422,360.7827539045189
0,0.01120184659316921,0.19345356879679698,353.1866938631116
0.18739979562279357,0.05,0.014152679575561267,361.1395490519954
0.11471873049618184,0,0.13003232374771137,353.017632578516
0.1203399728912045,0,0.1335003050038606,352.99531486242927
0.1428398458702385,0,0.10857654875546213,352.8449753015352
0.1487379578298365,0,0.11217948717948717,352.80136888319316
0.2,0,0,350.925903857817
0.2,0.005578619501238044,0.004487208959664831,351.6673446079396
0.2,0.02987856366314469,0.012350110835142775,355.88963310321674
0.17756202180551184,0,0.05823023505047087,352.13397721452594
0.17723703966339405,0,0.06460157298640001,352.1993883619832
0.2,0.005578619501238044,0.010897465369921241,351.78081728320853
0.2,0.04591817715548084,0.02921524434333765,360.012853925018
0.04546455961799849,0.05,0.1669953249326233,362.51364024940995
0.13110818024648263,0,0.1272379180274887,352.9475307538541
0.17214332633664547,0,0.05519317670940737,352.1797473968814
0.17788700394762966,0,0.05185889711454173,352.0625266572083
0.1494944406979811,0.049999999999999996,0.08713422594798381,362.5957952239141
0.15443374029318802,0.05,0.11538461538461536,362.65052307774255
0.1486689314125406,0,0.08657727082556109,352.703653282958
0.2,0.04591817715548084,0.02280498793308124,359.9068319416067
0,0.05,0.1858974358974359,361.5929434768695
0.08705520710875375,0.05,0.15863537996976707,362.85986519896625
0.154433740293188,0,0.11538461538461539,352.75078218551096
0,0.03898481584781492,0.18331833951634774,358.70673638224946
0,0.04449240792390746,0.18140275950176363,360.12444990267346
0.07659860283773354,0,0.16281766015173485,352.88031736140647
0.14957656637868555,0,0.06853662980238083,352.56656963090114
0.0907032306513975,0,0.16275274963063435,352.92456914087387
0.15021724448288015,0.05,0.06912685696737149,362.45017421671406
0.09147993127419039,0,0.16881254623690212,352.8886284393216
0.08615724063411256,0,0.1647931816207293,352.9026409565292
0.1802066861173912,0.05,0.03340602324817359,361.5989774040154
0.17825871800836193,0.05,0.05868604404117024,361.96237984224445
0.1850089893682962,0,0.03536336175554909,351.7523084407464
0,0.011329191347050297,0.18739991899060743,353.26576380613255
0.06657330727954537,0,0.15478575323355595,352.86694070667636
0.005463052600205809,0,0.18893152029645194,351.8849200607766
0.11516072878322894,0,0.1367073065865998,353.007903484288
0.1487379578298365,0,0.10576923076923078,352.785956460093
0.16639964872566132,0,0.058527456304273015,352.2891279025844
0.067051247079642,0.05,0.1557393100931136,362.77911938623214
0.14897147640125558,0,0.08056372381783433,352.6634393110098
0.1736366119596368,0.05,0.04301784120909521,361.8459566687972
0.1683107824165035,0.05,0.0399790813403183,361.884215307231
0.17425873426694735,0.05,0.03669255229424595,361.74658813084017
0.13694173391064052,0,0.11138386674169348,352.8961419204329
0,0.04449240792390746,0.1749925030915072,360.17920561052784
0.1789624415027702,0.05,0.046056601077872114,361.79939950742823
0.2,0.03888888888888889,0,357.67522031204436
0,0.05,0.17307692307692307,361.70662211613086
0.11986569545643734,0,0.12030195551519024,353.0009404919045
0.12064148279042314,0.05,0.12137770155803296,362.92393087571895
0,0.0056645956735251485,0.18985380564914986,352.45569127997516
0.09444935826289143,0.05,0.13925180032113724,362.9498351252494
0.19580272510191543,0,0.0045467994491020566,351.08563411311803
0,0.03347722377172238,0.1788236631206755,357.4577644436641
0.1489901187858847,0.049999999999999996,0.09955756249548176,362.6650558241856
0.028579129104925716,0.05,0.16971876142024606,362.2681079776794
0.11427673220913476,0,0.12335734090882296,353.02064867380915
0.13121094353105853,0.05000000000000001,0.11470826423958803,362.8590654920145
0.14927402138997056,0,0.07455017681010759,352.6177447603243
0,0.03898481584781492,0.17690808310609135,358.7629197197057
0.1861546379678351,0.05,0.030119494202101242,361.44138312675665
0.17855881969734516,0.05,0.052401227744645514,361.8855553136712
0.016389157800617428,0,0.1821791762739713,352.1302425839477
0.005695782463351506,0.05,0.16987179487179488,361.85393444102647
0.09153987358041504,0,0.1563138559233339,352.9594849363688
0.08699388356313009,0,0.15835428791342884,352.94026776972134
0.1432699790921824,0.05,0.1024601473801737,362.7319909988725
0.14352214004823058,0.05,0.09624847910642473,362.7037814253659
0.06215673707205201,0.05,0.14544758415555076,362.7856377356425
0.06741980537521149,0.05,0.14928376444299887,362.81056842198177
0.061788178776482516,0.05,0.15190312980566545,362.75783410247976
0.06092336550118714,0,0.1576012348837183,352.81481218446453
0.10385814090464623,0,0.12488926266103384,353.0387323543591
0.10917127398153792,0,0.12712917958598557,353.0318374789252
0.10896359913224307,0,0.12111742398387124,353.0314369084979
0.1040658157539411,0,0.13090101826314818,353.03593480401634
0.10961327226858501,0,0.13380416242487397,353.02549304266427
0.05111023368726591,0.05,0.15745645704301314,362.63311654688704
0.08244789354584514,0,0.16039471990352377,352.916472012935
0.03417469478010904,0.05,0.15384615384615385,362.44497225074224
0.03422480317419313,0.05,0.16017989353063583,362.4128415275965
0.028478912316757532,0.05,0.15705128205128205,362.34540874034195
0.18926207606266154,0.025978509711246704,0,355.06776223892524
0.1954231524771158,0.02767413980269262,0,355.29000350660885
0.19383892358554572,0.031637703241887416,0,356.14573278348155
0.022032778965321527,0,0.1789456746324644,352.24359251300655
0.02226550882846722,0,0.17270646202832016,352.2943745653078
0.016621887663763123,0,0.175939963669827,352.18423713006683
0.19542315247711584,0.016563028691581515,0,353.2646339485941
0.19542315247711584,0.022118584247137064,0,354.2243142700639
0.0990128866228642,0.05000000000000001,0.12889668417393005,362.9682452484167
0.10440432741790395,0.05000000000000001,0.12549818588369088,362.9675198122481
0.15907773314948248,0.05,0.034144554763873465,361.92248800801946
0.15732480753487707,0.05,0.03992240564561294,362.0290903383423
0.15270828290136657,0.05,0.037005142357390525,362.04004819037544
0.0284789123167575,0,0.15705128205128205,352.4759244439178
0.022783129853406005,0,0.16025641025641024,352.3791256195412
0.02819402115496441,0,0.16326212121904768,352.43932945930504
0.13824930564041127,0,0.08645916190675042,352.789149604353
0.14374772248983028,0,0.08351571948827452,352.72854965419793
0.13882651356711997,0,0.08045416815098794,352.7473738178115
0.15947910060655618,0.05,0.026848785883557786,361.8011727362884
0.16449699269714035,0.05,0.02247028029146453,361.6612954911763
0.16409562524006668,0.05,0.029766049171780207,361.7888385396912
0.03979457300201172,0.05,0.1572538695471476,362.5034750338329
0.045414451223914395,0.05,0.16066158524814134,362.55308979055917
0.03984468139609581,0.05,0.16358760923162957,362.46768490168535
0.17254889167995913,0,0.048810300755156626,352.1044458206803
0.17295445702327272,0,0.04242742480090589,352.022959590934
0.16721077941228857,0,0.04576170439577153,352.13944835696697
0.11005527055563212,0,0.1404791452637624,353.01243560746843
0.10527170972313775,0,0.14261169394099252,353.01413319105876
0.08469576078229651,0.05,0.14122380366759246,362.92371437054516
0.08942883255439127,0.05,0.13687991843442818,362.94643166603095
0.08412085290948573,0.05,0.12779226942784577,362.9426158091499
0.08897183520586388,0.05,0.12415292040051193,362.9568225898618
0.08914137861798588,0.05,0.13016415131455483,362.9550990265429
0.1432165321746522,0,0.10231535320648344,352.82353285202345
0.1373184202150542,0,0.1051226711927148,352.8777589632745
0.07339712792156479,0.05,0.14668385134111628,362.8573391772981
0.06778836367078098,0.05,0.14282821879288415,362.83519265009335
0.07376568621713428,0.05,0.1402283056910016,362.8787686846461
0.08440830684589112,0.05,0.13450803654771915,362.93684825582454
0.0790869965315127,0.05,0.13736817111936034,362.9114474175338
0.07879954259510732,0.05,0.13065240399948702,362.92001912421915
0.17506146918109472,0.05,0.022101014533614592,361.4991070601734
0.16951488478772453,0.05,0.018091774699371267,361.51245846871916
0.17547652173274755,0.05,0.0167787429914346,361.39671086609275
0.016854617526908817,0,0.16970075106568275,352.2323722940896
0.011391564926703006,0,0.16666666666666666,352.1627007245288
0.011158835063557313,0,0.17290587927081094,352.11724352539426
0.16750353880565347,0.05,0.0526683346738651,362.06152409594284
0.16113408855753755,0.05,0.05552892226738215,362.18172167585317
0.16153771036296255,0.05,0.04918429560060876,362.10028372315463
0.17300992319181635,0.05,0.012061183132914178,361.34555191648184
0.19084630495423163,0.022014946272051916,0,354.289956476193
0.05652511047332304,0.05,0.14806694951821733,362.72820400634447
0.14987897354597202,0.05,0.06227151935187081,362.386944226245
0.14954070260906388,0.05,0.05541618173637014,362.31559996121376
0.15550653105175477,0.05,0.05890022080962649,362.28873253996204
0.0727305029443944,0,0.14586090468463542,352.9365592431175
0.06688121223628278,0,0.14828384493284646,352.8948694201724
0.07242259798765699,0,0.15236281298534493,352.9113504634026
0.10907760639697134,0.05,0.11513856553847177,362.95304459776105
0.1146385906041331,0.05,0.11775129816227549,362.94285397334284
0.10979576821294369,0.05,0.1220996875934517,362.9588231538725
0.027501794585767868,0,0.1820174240756327,352.29626096925216
0.027676400130025623,0,0.1757121729909576,352.34939283430566
0.1679071606110785,0.05,0.04632370800709171,361.97640439511315
0.17323299015421184,0.05,0.04936246787586861,361.9351291158598
0.09896035752634427,0,0.13467285694031078,353.0329406490827
0.09972425320849383,0,0.1397085497792667,353.0238238223892
0.10450781404098819,0,0.1375760011020366,353.0262620267876
0.16680521406897494,0,0.052144580350022264,352.21738045654826
0.07303840790113181,0,0.13935899638392596,352.9553769424174
0.07857979365250602,0,0.1434379644364244,352.97082529549033
0.13217368086428358,0,0.09540759808098881,352.8756648505577
0.1258625040779789,0,0.09812802254910126,352.9221045159558
0.13179699455986987,0,0.10166879362996747,352.9028690299049
0.09416190432648604,0.05,0.1325360332012639,362.9614022929479
0.19333333333333336,0.05,0,360.73238530653987
0.13871344682467746,0.05,0.08671976342490384,362.6933151245362
0.13365259264507615,0.05,0.08340271601713192,362.7100558665213
0.13937273233877845,0.049999999999999996,0.08050013113243999,362.6458532602139
0.07937445046791809,0.05,0.1440839382392337,362.89550937889436
0.04878332972824532,0,0.17532937977008767,352.60037794243993
0.049203405836358,0,0.1692807889770653,352.6473151060395
0.04376891895311101,0,0.1723629466988679,352.57073621705086
0.11358567773995794,0,0.11016502795982511,353.00602268139437
0.11393120497454634,0,0.11676118443432403,353.01663046943037
0.11952016822184894,0,0.11370579904069132,352.9942628556701
0.19084630495423166,0.01645939071649636,0,353.3305827785819
0.13969223762258057,0,0.06947140441946487,352.65820897566005
0.14435281246726026,0,0.071488625472821,352.6375551478959
0.14491599153400586,0,0.06651940874902469,352.5909627345275
0.027909129993171317,0,0.1694729603868133,352.3969623927889
0.1314203082554562,0,0.10792998917894617,352.9241328519809
0.09382281750224203,0.05,0.12051357137317809,362.96396448444443
0.09867379979862018,0.05,0.11687422234584427,362.9640414928977
0.09884334321074217,0.05,0.12288545325988715,362.9690838765943
0.10423478400578196,0.05,0.119486954969648,362.9652338971016
0.17829256929094328,0,0.04547602116029099,351.9836709508424
0.09354081488178521,0,0.15266972852888028,352.9785128540669
0.1323340216168742,0.05,0.09584198060205962,362.79101179305604
0.13780200035452828,0.05,0.09915106399111664,362.7655986586197
0.1319596622549356,0.05,0.10213074181456908,362.820180102628
0.12510913146915154,0,0.11065041364705862,352.96453930480675
0.03875450817797671,0,0.16939651362764813,352.53502034964055
0.03360491245652281,0,0.16626783218168512,352.49254929684867
0.03332002129472972,0,0.17247867134945072,352.447643547845
0.188016671123505,0.04636078620794362,0,359.8270061791728
0.1866666666666667,0.05,0,360.8624485044206
0.18913326520759788,0.05,0.004717559858520422,360.917238540474
0.13742764099258975,0.05,0.10543982520362612,362.79178874068407
0.13158530289299708,0.05,0.10841950302707855,362.84286466894747
0.12520805134476848,0.05000000000000002,0.11108186084383057,362.8873972316345
0.09399236091436403,0.05,0.126524802287221,362.9656238946332
0.1446745211133461,0.05,0.07781472221334113,362.5788603474748
0.1444335865183798,0.05,0.08381717854021191,362.6244912775787
0.032970810206214216,0,0.185089173518801,352.34172573344654
0.13767209771370256,0,0.0924641556625129,352.825425882888
0.13275088879099228,0,0.08940260432522633,352.84265133297765
0.12558241070670706,0.05,0.1047930996313211,362.86793840674716
0.12595677006864558,0.05,0.09850433841881161,362.8419958386075
0.14405026747854527,0,0.07750217248054776,352.68579269041567
0.15557188192027166,0.05,0.04570025652735241,362.1290850882001
0.16194133216838758,0.05,0.042839668933835354,362.01177638340357
0.11324015050536954,0,0.10356887148532617,352.988825309701
0.10827254466306627,0,0.10792511103487339,353.0116570616402
0.1437743010042788,0.049999999999999996,0.09003681083267576,362.66924031152143
0.18143815867777058,0.05,0.015465711283497934,361.27240772718494
0.1849331970818624,0.05,0.009435119717040846,361.0930937030905
0.10365046605535139,0,0.1188775070589195,353.0360795227055
0.16096764491312257,0,0.04880366973684823,352.25059550946247
0.05636579720662413,0,0.14774909723169816,352.81980767329327
0.050715855428265906,0,0.15056457888186048,352.7596362969989
0.05581961046472653,0,0.1540829068827894,352.79065633543365
0,0.011329191347050297,0.180989662580351,353.32353048004796
0.06146955224308475,0,0.15126742523262704,352.84680628468664
0.06177745719982215,0,0.14476551693191755,352.8715739242058
0.10861807189765467,0,0.1145212675093723,353.0248417768977
0.034174694780109,0,0.15384615384615385,352.56504454914597
0.03388980361831591,0,0.16005699301391946,352.5316829639489
0.17897156013683937,0.05,0.010748151424977512,361.22360057792696
0.1401489883000347,0.05,0.06974671716649425,362.55141502758664
0.134847199525467,0.05,0.07243212608559313,362.61687246050997
0.1353825208917569,0.05,0.06768116844651817,362.56999472811896
0.13961366693374477,0.05,0.07449767480556921,362.59714768137184
0.14491545570831246,0.05,0.07181226588647036,362.5272453630034
0.09875268267704942,0,0.12866110133819644,353.0389363201954
0.09854500782775456,0,0.12264934573608212,353.0394816093119
0.1431935233688869,0,0.09591803322526021,352.79888984557346
0.14317051456312158,0,0.089520713244037,352.7680886936882
0.08412117940388023,0,0.14751693248892286,352.97789866513864
0.08783052649214762,0,0.15191539420612837,352.9714782463884
0.0898314677935178,0,0.14827126681167474,352.98948422792506
0.13503166277790088,0,0.06745418336610873,352.67408358419334
0.14025541668932617,0,0.06450218769566855,352.61057661892283
0.13559484184464649,0,0.06248496664231243,352.62541128408736
0.14034603872941642,0.05,0.058140421911918636,362.4329613841347
0.14068430966632456,0.05,0.0649957595274193,362.50181335272026
0.13591784225804676,0.05,0.06293021080744321,362.51924797464693
0.18626945743134746,0.01635575274141121,0,353.3924085391349
0.05126204217016356,0.05,0.14423076923076922,362.6902290978265
0.05118613792871474,0.05,0.15084361313689118,362.6652540725221
0.04556625970681205,0.05,0.1474358974358974,362.6172326881571
0.050169668686368296,0,0.1568983885329517,352.72724117518743
0.022498238691612913,0,0.1664672494241759,352.3392972355126
0.05424922889224269,0,0.17245523739248408,352.6716906849348
0.13769510651946787,0,0.09886147564373612,352.85343564884505
0.04549035546536323,0.05,0.1540487413420194,362.5887424895235
0.038334432069864026,0,0.1754451044206705,352.487152512672
0.14545077707460236,0.05,0.0670613082473954,362.4787887667426
0.04962348194447069,0,0.16323219818404297,352.6887595070618
0.054669305000355384,0,0.16640664659946172,352.715679742638
0.05527342372282891,0,0.16041671653388062,352.7554184512598
0.07743524576675107,0,0.15637876644443435,352.9175350737441
0.038159826525606275,0,0.18175035550534563,352.4345023358943
0.03314541575047197,0,0.17878392243412586,352.3976886286805
0.059715128056240074,0,0.1695810950148805,352.7361967092258
0.1380541613105765,0.05,0.09293939571736769,362.73431250123554
0.13299330713097518,0.05,0.08962234830959578,362.75376607360005
0.15516826011484663,0.05,0.05204488319412581,362.2139106798202
0.0603192467787136,0,0.16359116494929937,352.77825623252244
0.03427491156827722,0.05,0.16651363321511783,362.3740979359962
0.16056207956980895,0,0.05518654569109897,352.3252084029339
0.10048814889064339,0,0.1447442426182226,353.010755724116
0.13332809671770096,0,0.08339761056946385,352.8041383073913
0.1254858177735652,0,0.10438921809807994,352.9462920890168
0.005695782463351503,0,0.16987179487179488,352.04313551508716
0.00546305260020581,0,0.17611100747593916,351.99449689874444
0.01092610520041162,0,0.17914509187495523,352.0659269441633
0.00546305260020581,0,0.18252126388619555,351.9427847698907
0.16911351733065086,0.05,0.025387543579686946,361.6462292940179
0.14477423520078608,0.05,0.05335063301639405,362.33859253312596
0.14511250613769422,0.05,0.06020597063189472,362.41274778721527
0.039870477243460545,0.05,0.15064102564102563,362.5354804057956
0.19542315247711584,0.011007473136025958,0,352.40810150459237
0.13912905855583496,0,0.07444062114326118,352.702073862195
0.06718911719302019,0,0.14178193663213698,352.91640705325364
0.06208536215655957,0,0.13826360863120807,352.88995048331003
0.17650496159590817,0.05,0.006030591566457089,361.1684153660577
0.18246659854093122,0.05,0.004717559858520423,361.0402602915742
0.09477786050100581,0,0.14398990829547073,353.0103695672809
0.09554175618315537,0,0.14902560113442664,352.9947634576332
0.15095535728676115,0.05,0.04278299323913,362.1413985962306
0.01708734739005451,0,0.16346153846153846,352.27464807601615
0.0674970221497576,0,0.1352800283314275,352.9315536059199
0.108359444580999,0.05,0.10817744348349183,362.93923468889767
0.10351662218980959,0.05,0.11252583291466804,362.9556320747462
0.09401396481885625,0,0.13895421545651482,353.0220244053489
0.0625252953676215,0.05,0.13899203850543604,362.80661656116723
0.18270000891367663,0.04272157241588724,0,358.96319271103835
0.18135000445683833,0.04636078620794362,0,359.9467896735623
0,0.0056645956735251485,0.18344354923889347,352.5150454458388
0.06815692196635047,0.05,0.13637267314276946,362.8529920705668
0,0,0.1858974358974359,351.8125268728484
0.08328453647486268,0,0.15395582619622333,352.9503935072994
0.15472451041395657,0,0.05184563507792492,352.35303866119625
0.1551300757572702,0,0.045462759123674173,352.27556032028957
0.07827188869576861,0,0.14993987273713388,352.9483364495566
0,0.0056645956735251485,0.17703329282863706,352.56824703144207
0,0,0.1794871794871795,351.86731595039987
0.18000000000000002,0.05,0,360.9810488174466
0.09833733297845972,0,0.1166375901339678,353.0345765164321
0.043348842844998334,0,0.17841153749189026,352.52058733547796
0.05667370216336154,0,0.14124718893098864,352.8414142388354
0.19468333779017166,0.04080523065238806,0,358.2542044087978
0.1343118781591771,0.05,0.07718308372466809,362.65988117181956
0.1806080535744649,0.05,0.026110254367857914,361.47541527951927
0.18102310612611774,0.05,0.020787982825677925,361.37663791101494
0.11955132729167421,0,0.10084844701721371,352.95982466900364
0.11917464098726054,0,0.1071096425661924,352.98099563577847
0.14920243167215574,0.05,0.04856084412086947,362.23614142162074
0.18936667558034329,0.04272157241588724,0,358.8422260352852
0.0390393993397698,0,0.16318567445988252,352.5768445938006
0.0441889950612237,0,0.16631435590584553,352.6153923360461
0.04447388622301679,0,0.16010351673807993,352.65413507536243
0.056449206231874216,0.05,0.1546797934243393,362.699142733122
0.18320559916588902,0.03547038676888577,0,357.19190219423626
0.18936667558034329,0.03716601686033168,0,357.4753176336433
0.18405001337051494,0.03908235862383086,0,358.03025792987467
0.19084630495423163,0.010903835160940806,0,352.47469108400435
0.1954231524771158,0.005451917580470403,0,351.6525228568983
0.18767784717109146,0.0299420731504415,0,355.8995544766537
0.18852226137571737,0.03355404500538659,0,356.6642987239919
0.17466010172402105,0.05,0.02939678341393027,361.62777353507084
0.1199233209744508,0.05,0.11441657950305302,362.91897703727557
0.1488869412581042,0,0.048504724464750876,352.37261867737146
0.028529020710841624,0.05,0.16338502173576405,362.310064793238
0.022783129853406026,0.05,0.16025641025641027,362.2367112722531
0.18468522853977737,0.020319316180606,0,354.0922907877266
0.18310099964820728,0.024282879619800794,0,354.8461595113147
0.17967087710062565,0,0.032314765396163986,351.7935909182672
0.19468333779017163,0.03524967509683251,0,356.92941486714585
0.154461208515972,0.05,0.03122729147565105,361.9320902040553
0.1687121498735772,0.05,0.032683312460002625,361.7701482401885
0.1823611849612631,0.031858414913940675,0,356.39982112091093
0.163694257782993,0.05,0.037061818052095886,361.9065297090781
0.05689366876889253,0.05,0.14161140386810261,362.7523622369204
0.08906757211136823,0,0.14323557397271883,353.0036770773675
0.19468333779017163,0.04636078620794362,0,359.69575979992845
0.11920515915847846,0.05,0.10745545744807308,362.9059918460803
0.11392042878816075,0.05,0.11079017610729555,362.9328673307234
0.119579518520417,0.05,0.10116669623556361,362.8832750193728
0.1613732102564362,0,0.04242079378259748,352.1697979624458
0.1815167707566372,0.028246443058995586,0,355.6540147098989
0.17898172319578448,0,0.03889539327822749,351.8919321577747
0.17364361092811392,0,0.035846796918842384,351.9287594029882
0.1676163447556022,0,0.03937882844152078,352.05533160384033
0.13446848371115527,0,0.07242340008990505,352.71898841409705
0.051262042170163516,0,0.14423076923076925,352.78594487249615
0.07347823228072889,0.05,0.13351253857112821,362.89014454469134
0,0,0.17307692307692307,351.91595244769104
0.03932429050156289,0,0.15697483529211687,352.6128967560571
0.11320226697218842,0.05,0.10382905405231563,362.91484933535224
0.103304938820763,0,0.1122813505844206,353.02690746388396
0.13390530464440967,0,0.07739261681370137,352.76012577379873
0.0871090055595147,0.05,0.10551610175845594,362.9213261374195
0.09254197214397761,0.05,0.10863034857873367,362.94196242494763
0.08780786662969432,0.05,0.11064572870528878,362.93729684365474
0.17248369934019003,0.021251191909749237,0,354.44751454125014
0.1785844639399837,0.02078525404517762,0,354.2730478047314
0.1770002350484136,0.024748817484372413,0,355.0323784915052
0.09709396469769513,0,0.10623111229656229,353.01281630048567
0.09192412552834842,0,0.1028988794961726,352.99715983966956
0.09254580966873072,0,0.10810211841487535,353.0133447399102
0.17312968336878015,0.0278473372316806,0,355.70310091579785
0.16666666666666669,0.05,0,361.18686455257455
0.16000000000000003,0.05000000000000001,0,361.274771908471
0.16330170523924564,0.045847334100306725,0,360.0820876432233
0.022783129853406026,0.05,0.15384615384615385,362.2700011338532
0.01708734739005452,0.05,0.15705128205128205,362.1554854318956
0.12799347382875512,0.05,0.08576684605928721,362.7621716935114
0.12733418831465412,0.05,0.09198647835175104,362.80270124486043
0.06166759400277475,0,0.11901386945818171,352.8973804964919
0.06187647807966715,0,0.12543361083956667,352.901611819664
0.06707925399597278,0,0.12244054556865754,352.93632905276377
0.1814916169682861,0,0.015024783469166216,351.50330467454387
0.18092160629074983,0,0.020072228644559355,351.593366988291
0.09797493872844056,0.05,0.11174459539901141,362.9548564244726
0.091843111073798,0.05,0.10350072163190083,362.92498776405614
0.15689042682974438,0,0.03957281296004482,352.18392295459125
0.1801686928315538,0.016821690605982827,0,353.56770359295365
0.07834618654242881,0,0.13657259070417158,352.985443045928
0.0728048007910546,0,0.13249362265167314,352.9655434444389
0.04502007296491441,0,0.15376970708698867,352.6901038127585
0.0883898509177791,0.05,0.11739932455290036,362.95080346572763
0,0.016747320644974972,0.1728701582539115,354.24076476005695
0,0.011082724971449824,0.16891378850219751,353.37862582771385
0,0.016624087457174735,0.1668322212148347,354.26179687149505
0.1458135835234432,0.05,0.042978374464300986,362.1961251802429
0.14756650913804864,0.05,0.03720052358256151,362.0968057044583
0.09771564883807743,0,0.11143435121526504,353.0257789603599
0.1026832546803807,0,0.10707811166571785,353.01528097091926
0.17663503857257895,0.04584733410030672,0,359.88702249395146
0.17432432944070178,0,0.028651705342630895,351.8191719931456
0.1803515956132135,0,0.025119673819952497,351.67954637967546
0.17500504795328964,0,0.021456613766419406,351.7016598770819
0.18246939176858207,0,0.004546799449102056,351.3074651137647
0.1765528334311219,0,0.005931184570962103,351.42014844631
0.179022225199704,0,0.010477984020064158,351.46389251559657
0.18913605843524878,0,0.0045467994491020566,351.2006867034996
0.19333333333333333,0,0,351.0459880812319
0.04556625970681204,0.05,0.13461538461538458,362.6505378325186
0.05126204217016356,0.05000000000000001,0.13782051282051283,362.7068947708942
0.04556625970681205,0.05,0.14102564102564102,362.63722273712756
0.034174694780109025,0.05,0.1474358974358974,362.4715471216891
0.03417469478010902,0.05,0.141025641025641,362.49148109745323
0.03987047724346053,0.05,0.14423076923076922,362.5587628657543
0.10281776111962995,0.05,0.1073962059678352,362.94350361352554
0.005695782463351503,0,0.15064102564102563,352.1436720750958
0,0,0.15384615384615385,352.0253805229035
0.005695782463351504,0,0.15705128205128205,352.11623613744223
0.17849063328162967,0.03495693466124887,0,357.1530172636505
0.17933504748625556,0.03856890651619396,0,357.9862517120575
0.1259616082363708,0.05,0.06471411026342803,362.6015911020379
0.1304044038809189,0.05,0.06857311817451058,362.61256949678767
0.1254262868700809,0.05,0.06946506790250298,362.64979788986875
0.08295688433331617,0.05,0.11428507773262261,362.9299001590077
0.0823749000452314,0.05,0.10753148188501106,362.9123110870285
0.09316749380911299,0,0.1133053573335781,353.0253645363489
0.005695782463351504,0,0.16346153846153846,352.08275927194876
0,0,0.16666666666666666,351.95857536413007
0,0.01687055383277521,0.17890809529298823,354.21410006739484
0,0.01120595815925006,0.17495172554127425,353.35389444449294
0.07259591671416218,0,0.12607388127028812,352.9685370415949
0.06728813807286518,0,0.1288602869500425,352.93704154339076
0,0.022365032749824185,0.1768673055558584,355.1986613547385
0.12928116207080026,0.05,0.04963448262438069,362.4128336448232
0.1359215852712521,0.05,0.04927660312321028,362.36332493550407
0.13149338879988243,0.05,0.054066392018734866,362.4527694799013
0.14417766098933613,0.05,0.03161805392599304,362.04398748767795
0.14242473537473072,0.05,0.03739590480773251,362.1478836138573
0.13903588722601817,0.05,0.03181343515116403,362.09141672246375
0.0836539651837258,0,0.1337861850244172,353.00891875171015
0.08342035807364859,0,0.12692081129216437,353.0137519282917
0.07811257943235159,0,0.12970721697191875,352.9929428852296
0.09336500801018933,0,0.12006533052003332,353.03412928041575
0.0935726828594842,0,0.12607708612214766,353.0361265687783
0.09378035770877906,0,0.132088841724262,353.0326734751445
0.13253273712253955,0.05,0.0436941334666418,362.3142725201917
0.13578431217427886,0.05,0.037753784308902916,362.2071335460719
0.13917316032299137,0.05,0.043336253965471395,362.2598931994248
0.15300334759006384,0.05,0.011578260047412248,361.60017007875723
0.15650167379503194,0.05,0.005789130023706124,361.44232589130667
0.15967330205760677,0.05,0.011819721590163212,361.52662236571155
0.03987047724346052,0.05,0.1314102564102564,362.5853689482445
0.03987047724346053,0.05,0.1378205128205128,362.57540443053017
0.17310566686224382,0,0.011862369141924206,351.57175933103804
0.15280914613901325,0.05,0.026607324340806822,361.8755405212026
0.15782703822959743,0.05,0.02222881874871356,361.74261636990036
0.1041245288673103,0.05,0.09865740539127625,362.9112586838331
0.09858284540594126,0.05,0.09787616787561962,362.90942626715264
0.10058847422380125,0.05,0.09426699424589355,362.8925759548356
0.16381427984149824,0,0.029335756042756633,351.9656487632358
0.1644949983540861,0,0.02214066446654514,351.8498774245131
0.15933149641480643,0,0.026487775220203975,351.97595758490615
0.16829706326819005,0,0.032183736865309294,351.95020132274675
0.1689777817807779,0,0.0249886452890978,351.8371463354321
0.16965850029336574,0,0.01779355371288631,351.71616664189645
0.18,0,0,351.26133398771213
0.1337056155289646,0.05,0.05849830141308904,362.4882409231759
0.10765086052268397,0,0.10272187211617063,352.99720163178307
0.04556625970681202,0.05,0.12820512820512817,362.65718138219654
0.11733452171021402,0.05,0.08427547385113393,362.80288052834595
0.11595710346420549,0.05,0.0907933339181945,362.8475976552631
0.11242104882069642,0.05,0.08640292277281178,362.83193904947865
0.10211890004945032,0.05,0.10226657902100234,362.9269783787435
0.10766058351081936,0.05,0.10304781653665898,362.9241628348815
0.16313356132891038,0,0.036530847618968125,352.07349539573727
0.12986908251462903,0.05,0.07332407581358553,362.65817724635787
0.12420996369830799,0.05,0.07568820585574082,362.709722572265
0.11976716805375989,0.05,0.07182919794465828,362.69759205896315
0.12098349122553281,0.05,0.06560605999142044,362.63474310235233
0,0.011082724971449824,0.1625035320919411,353.41827471794136
0.0972760776582609,0.05,0.10661496845217855,362.94127458248613
0.12865275934285608,0.05,0.07954721376682337,362.7151776545395
0.11457968521819695,0.05,0.09731119398525505,362.8849205909318
0.011391564926703008,0,0.16025641025641027,352.19932532181315
0.011391564926703006,0,0.15384615384615385,352.2298670983645
0.17764621907700373,0.03134496280630378,0,356.3660574775567
0.03417469478010901,0.05,0.13461538461538458,362.50477417803444
0.05126204217016353,0.05000000000000001,0.12499999999999999,362.7202114798907
0.05689366876889251,0.05,0.12879089104758978,362.7735785447449
0.05126204217016354,0.05,0.1314102564102564,362.71688889824895
0.05126204217016351,0,0.13782051282051283,352.8013792198655
0.14468611649381208,0,0.05984210696981471,352.53081978425007
0.1400255416491324,0,0.05782488591645858,352.5481312906962
0.056893668768892514,0.05,0.13520114745784623,362.7663061636892
0.06252529536762148,0.05,0.13258178209517962,362.81783874163693
0.06208536215655956,0,0.13185335222095165,352.8996427147383
0.1755750586308259,0,0.01640916859102626,351.61311634355866
0.0398704772434605,0,0.14423076923076925,352.66783320666696
0.0398704772434605,0,0.15064102564102563,352.64635256272356
0.04556625970681201,0,0.14743589743589744,352.7199860038403
0.13813381200033426,0.05,0.05370851251756445,362.40037535572117
0.09324083321415724,0.05,0.11375997552556652,362.9545403122778
0.04556625970681201,0,0.14102564102564102,352.7384470056418
0,0.04448128413779783,0.16870220219933024,360.22373528830514
0.05667370216336154,0,0.13483693252073226,352.8539775282343
0.056673702163361525,0,0.1284266761104758,352.8603543124516
0.0512620421701635,0,0.13141025641025642,352.81062706205336
0.1849387835371642,0,0.009093598898204113,351.349264329478
0.17807887368777128,0.011369773025512423,0,352.7492658431815
0.1759890545439888,0.00591785544504202,0,352.026624415118
0.18208981914378247,0.005451917580470403,0,351.87589584981106
0.18666666666666665,0,0,351.15779812453036
0.034174694780109004,0,0.13461538461538464,352.6201233300198
0.034174694780109,0,0.14102564102564102,352.6079044288558
0.0398704772434605,0,0.13782051282051283,352.68317315814966
0.022783129853406026,0.05,0.1474358974358974,362.29659673407826
0.01708734739005452,0.05,0.15064102564102563,362.1853967559403
0,0.005541362485724912,0.1709953557895603,352.59667768644584
0.16317162826257486,0.05,0.006030591566457089,361.36418716075036
0.18875648581044915,0.005451917580470404,0,351.76834644341295
0.0784620053138076,0.05,0.12398379676488364,362.9210286683461
0.07314069499942917,0.05,0.12684393133652486,362.89386601171583
0.17377566739737027,0.03444348255361197,0,357.11000123588695
0.1692591316891467,0.030945856978988794,0,356.4057243307628
0,0.022241799562023948,0.17082936851678163,355.2217401844443
0,0.022230675775914324,0.16453906762460468,355.2614160379158
0.083887572293803,0,0.14065155875667001,352.99696766399256
0.1746200816019962,0.038055454408557066,0,357.93811439706235
0.056464818086469123,0,0.12200693472909085,352.8588045848323
0,0.03346609998561276,0.17253336222849852,357.5062267594367
0.087375970499384,0,0.10476988561448566,352.99414208407717
0.08799765463976628,0,0.10997312453318842,353.0093841208824
0,0.05,0.16025641025641024,361.7925110584019
0,0.04448128413779784,0.1558816893788174,360.30037403287037
0,0.05,0.15384615384615383,361.825456873519
0.09657721658808127,0.05,0.1014853415053457,362.92329596693855
0.17798504302941726,0.042208120308250344,0,358.91130601232436
0.06218775808632177,0.05,0.12591317486057624,362.81976219858944
0.056556131487592795,0.05,0.12212228381298643,362.77099206872816
0.06185022080502206,0.05,0.11924456762597287,362.8144402556002
0,0.027848387880763537,0.1685362149265516,356.33113179312267
0,0.02783726409465391,0.16224591403437463,356.3687234039349
0.07788002102572282,0.05,0.11723020091727204,362.9135407038106
0.07729803673763803,0.05,0.11047660506966048,362.8985652413365
0,0.027859511666873164,0.17482651581872855,356.2870627085006
0.08883396500129104,0,0.136370200240466,353.0185361116923
0.08282781547041958,0,0.10664089173279873,352.98663527003276
0.15240764340305257,0,0.03672483213749216,352.19290932791796
0.1506472923305784,0,0.04261477830112152,352.28564651268334
0.1511570837620545,0.05,0.0219873572059626,361.8142786101251
0.14766737237569533,0.05,0.026802705565977816,361.9326310974654
0.14252559861237735,0.05,0.026998086791148807,361.9840420690444
0.1061301576851703,0.05,0.09504823176155018,362.89255837639143
0.12299364052653505,0.05,0.08191134380897865,362.7628441067149
0.17333333333333334,0.05,0,361.0889568555665
0.1699683719059123,0.045847334100306725,0,359.9895552391433
0.034174694780109,0,0.14743589743589744,352.58954483523115
0.08353886862140095,0.05,0.1210386735802342,362.9400017330481
0.06714431012245133,0.05,0.11636685143895932,362.8505560405069
0.07222117343004468,0.05,0.11342172825430989,362.8779802258293
0.07280315771812947,0.05,0.12017532410192147,362.89034207879837
0.022783129853406005,0,0.15384615384615385,352.40974293307426
0.022783129853406005,0,0.14743589743589744,352.43422017972824
0.01708734739005451,0,0.15064102564102566,352.3358032400355
0.07238703263726978,0,0.11965413988890317,352.96533021065306
0.06687036991908038,0,0.11602080418727256,352.92941613403895
0,0.005541362485724912,0.15817484296904746,352.6728026017442
0,0.005541362485724912,0.16458509937930388,352.63781358977906
0,0,0.16025641025641024,351.99505138920085
0.14256200847170392,0.05,0.048918723622039875,362.30442752776986
0.1740679282317601,0.017287628470554442,0,353.7367083662866
0.011391564926703013,0.05,0.16025641025641027,362.03114232236067
0,0.03345497619950313,0.16624306133632155,357.5482116013993
0.10750757593117884,0.05,0.08853037169448962,362.85522721669236
0.10259410304166122,0.05,0.09065782061616745,362.8727450299874
0.1287274985181266,0.05,0.05939025114108145,362.530413702968
0.011391564926703013,0.05,0.15384615384615385,362.06438908287697
0.045566259706812,0,0.1346153846153846,352.75077971375254
0.01708734739005451,0,0.15705128205128205,352.30829569146533
0,0.05,0.16666666666666666,361.75289947260586
0,0.04448128413779784,0.16229194578907383,360.26538754592724
0.10206157053999841,0,0.1018748727470151,352.9994893741526
0.14911681629829798,0,0.05518202624396086,352.44407874072994
0.1444562414536183,0,0.05316480519060472,352.4638670884576
0.14934669133849177,0,0.061859328023170845,352.5087290585731
0.15495438545415036,0,0.0585229368571349,352.4207796033001
0.022783129853406005,0,0.14102564102564102,352.45255937296014
0.01708734739005451,0,0.14423076923076925,352.35717072172685
0.08860035789121382,0,0.12950482650821318,353.02627723488087
0.15865077790221857,0,0.03368286679641547,352.0865205688158
0.1628449303201816,0.05,0.017850313156620303,361.60073244125294
0.005695782463351507,0.05,0.15064102564102563,361.96322260032116
0.005695782463351506,0.05,0.15705128205128205,361.9333346647084
0,0.03897369206170529,0.17061778221391438,358.80941571648054
0.10966621232867935,0.05,0.0994386429069329,362.90659314484634
0.17197810908797762,0.01183571089008404,0,352.90598737225855
0.005695782463351506,0.05,0.16346153846153846,361.89696743820696
0.16983829492924152,0.05,0.006030591566457089,361.2713014339598
0.16796716363196643,0.01775356633512606,0,353.8994228591337
0.02847891231675751,0.05,0.1378205128205128,362.41522760938875
0.02847891231675752,0.05,0.14423076923076922,362.3986256913469
0,0.03896256827559566,0.1643274813217374,358.8494342394456
0.15416799447552676,0,0.030834885973862802,352.0944071230755
0.011391564926703015,0.05,0.14743589743589744,362.0909415820182
0,0.033443852413393496,0.15995276044414458,357.5837189695522
0,0.03896256827559567,0.157917224911481,358.88646139821475
0.06748184740375104,0.05,0.12303545867356269,362.8586134504687
0.15617497585263868,0.05,0.01760885161386934,361.67934777528745
0.14950502138509575,0.05,0.01736739007111837,361.7483044708228
0.1309397252472088,0.05,0.06382216053543563,362.5630927261362
0.028478912316757504,0,0.14423076923076925,352.5249311951932
0.028478912316757504,0,0.13782051282051283,352.5402102423911
0.06781938468505075,0.05,0.12970406590816608,362.85942546048864
0.1663432565251497,0.05,0.012061183132914178,361.44341601416636
0.12374938150728862,0.05,0.060282200869073856,362.5672401071726
0.12651527178904443,0.05,0.05495834174672727,362.4932702879962
0.07790369535545918,0,0.12328747559053377,352.9934421420707
0.08302532967149591,0,0.11340086491925394,353.00256638530533
0.12233435501243407,0.05,0.08813097610144249,362.806657489957
0.14601530999873655,0.05,0.022182738431133588,361.8696713184974
0.08819516884084264,0,0.11673309771964363,353.02173205055215
0.01708734739005452,0.05,0.14423076923076922,362.20861381861005
0.028478912316757532,0.05,0.15064102564102563,362.3753828781223
0.18417963828756498,0.010903835160940808,0,352.5862540336186
0.17327007714515788,0.04169466820061344,0,358.8552882164324
0.16990511571773684,0.03754200230092016,0,357.8858459848894
0.08839268304191897,0,0.12349307090609885,353.0271877510357
0.14931943475265408,0.05,0.03142267270082204,361.99087864820854
0.12095693676642554,0.05,0.09464883616850304,362.8486633502891
0.09647228055731283,0,0.10102787337785954,352.9956885368096
0.16660341047849125,0.04169466820061345,0,358.95244566869616
0.02278312985340602,0.05,0.14102564102564102,362.31650748958054
0.11104363057468788,0.05,0.09292078283987233,362.87296319278664
0.045566259706811996,0,0.1282051282051282,352.75692591668184
0.08322284387257226,0,0.12016083810570916,353.0116052713917
0.0398704772434605,0,0.13141025641025642,352.69240422700176
0.028478912316757504,0,0.15064102564102566,352.50351145553464
0.011391564926703006,0,0.14743589743589744,352.2542688080369
0.11855084488198696,0.05,0.0780523358978961,362.75363786762773
0.0512620421701635,0,0.125,352.8136883990597
0.16861314766055657,0.024349711657057425,0,355.0769166221776
0.11024151208222177,0.05,0.06317047448865253,362.6452312051681
0.11712891737604497,0.05,0.06111878395801401,362.6043077222471
0.11409608593170963,0.05,0.06765775052205895,362.6796274026056
0.16988616676445523,0,0.005931184570962103,351.51141170472226
0,0.02784139730806673,0.15581681452174806,356.4037720402474
0.0674691732175722,0.05,0.10994230878675687,362.8404155703243
0.06187193184652469,0.05,0.11292282177052745,362.80546769940906
0.15546510028791827,0.0385656670395086,0,358.31747346548804
0.15319765043187739,0.032848500559262896,0,357.0191704069785
0.15876680552716388,0.03441300113981532,0,357.30628542785007
0.045566259706811996,0,0.12179487179487179,352.7569059797823
0.005695782463351503,0,0.13782051282051283,352.1802390175087
0.011391564926703006,0,0.13461538461538464,352.28478832082396
0.005695782463351504,0,0.13141025641025644,352.18935295304715
0.061502369336147195,0,0.11240338148691986,352.8869577102621
0.056299593419841566,0,0.11539644675782901,352.8512123994259
0,0.03881624881002446,0.13882306162011648,358.92217279011436
0,0.03881624881002446,0.1452333180303729,358.9043629580063
0,0.033224373215036684,0.14092690012248243,357.6112476888888
0.15701699193710228,0,0.02083768099162704,351.91495337316803
0.15470248745939816,0,0.015187586763050112,351.84808772427294
0.1495389855201185,0,0.019534697516708943,351.96922607815117
0.09133897626136901,0.05,0.0889723373317824,362.8559035479684
0.09058136702883636,0.05,0.08267344098750526,362.8140879612687
0.09620893041898246,0.05,0.08351618262969777,362.82761702473454
0.13034421260343204,0.05,0.017654309153148133,361.91203163043104
0.133562808402288,0.049999999999999996,0.011769539435432089,361.7782076018259
0.1367311488639866,0.05,0.017558669459138213,361.8660823018738
0.06716676507100623,0,0.10965634025102036,352.9196896562664
0,0,0.13461538461538464,352.0801320677235
0.09063460191646208,0,0.08235746510117062,352.8948176602669
0.09611722862334518,0,0.08318661553361924,352.9070781389937
0.09526330551589368,0,0.07676026562079677,352.86262773576186
0.12937993341565585,0.04999999999999999,0.038687124273289256,362.2641833458886
0.12612835836391653,0.049999999999999996,0.044627473431028145,362.36596598242915
0.12297555465703283,0.04999999999999999,0.039620464237675596,362.31248877988355
0.1118155439090189,0,0.07943483916727198,352.8704606319372
0.11777731130586572,0,0.0835707256806965,352.8807758711177
0.1187788433227584,0,0.07745858590701532,352.8363185761897
0.14680376835552103,0,0.036961132632393645,352.2483100644555
0.14856411942799522,0,0.03107118646876429,352.1517348502016
0.14296024438046367,0,0.031307486963665775,352.2032107125725
0.06811889940781396,0.05,0.097093223482352,362.79989846168695
0.07287089962028644,0.05,0.100572642949905,362.84408694127524
0.06779403631269308,0.05,0.10351776613455443,362.82352971071765
0.10674996669864617,0.05,0.08223147535021245,362.8154878335064
0.10107888457659593,0.05,0.07806002792761314,362.7894249138696
0.10599235746611353,0.05,0.07593257900593531,362.769024893651
0,0.0333706926806079,0.15361080700359053,357.59943699218314
0,0.027768237575281123,0.149474861081194,356.41637469669456
0,0.03329753294782229,0.14726885356303648,357.60861323196195
0.13050682557951865,0,0.05284322684273301,352.55929460946714
0.12811318888271497,0,0.058580543314969556,352.63258858772815
0.13305083371208257,0,0.057664096742522715,352.59475494432627
0.0739830705622836,0.05,0.09410534755143128,362.8211117007199
0.14311808512454116,0.05,0.017463029765128292,361.8115065820043
0.0894946923971246,0,0.09231240084698283,352.9491856276038
0.0884353314482543,0,0.09854114323073423,352.9747096466981
0.09298348647721871,0,0.09667013711242119,352.97502836470454
0.011391564926703006,0,0.14102564102564102,352.2725852355098
0.01708734739005451,0,0.13782051282051283,352.37246295681666
0,0.05,0.1474358974358974,361.85165073709834
0.005695782463351507,0.05,0.14423076923076922,361.9861292579877
0.1558511849298861,0.0224357495535495,0,354.87412432546256
0.15092801386318974,0.027467394294928442,0,355.90208887890253
0.1486583772945021,0.022086288030593988,0,354.88374974859914
0.05130546425316879,0.05,0.11235650828910915,362.70767643555126
0.051327175294671415,0.05,0.10603476243366373,362.6916925757924
0.05659955357059805,0.05,0.1094787921020956,362.75251321117094
0.05109681750353594,0,0.11838951202873815,352.80892681447693
0.16,0,0,351.52230443593226
0.16321950009778857,0,0.005931184570962103,351.59435047463626
0.16666666666666666,0,0,351.44363877502377
0.022783129853406008,0,0.13461538461538464,352.46479953012044
0.16103425538320476,0.040130167620061025,0,358.63407114787606
0.16433596062245037,0.03597750172036774,0,357.5951772871537
0.14504341728304684,0,0.042851078796023,352.3391202586322
0.13806870934599702,0,0.042690289622087145,352.3918856877443
0.14191223332105438,0,0.048343935290815016,352.4306937889471
0,0.01108685818486264,0.15607443257931453,353.4523288047292
0,0.01663235388400037,0.1539740221895816,354.3330961838753
0,0.01662822067058755,0.16040312170220816,354.3005909252836
0,0.02223480898932714,0.1581099681119781,355.2983373829663
0.01708734739005452,0.05,0.125,362.23823090291177
0.022783129853406015,0.05,0.1282051282051282,362.33620633579466
0.01708734739005452,0.05,0.1314102564102564,362.23497855103983
0.10405540316678738,0,0.09834628691402535,352.9851525362977
0,0.05,0.141025641025641,361.87123817220277
0.005695782463351507,0.05,0.1378205128205128,362.0024294871792
0.09697115173079665,0,0.08961296544644169,352.9451738111514
0.09148852502391355,0,0.08878381501399307,352.9345593352238
0.0949773191040077,0,0.09314155127943144,352.9614034308029
0.08822117650151187,0.05,0.09904880635998223,362.90024162618937
0.10604923579357636,0,0.0948177010810356,352.96821101269296
0.10756162272707509,0,0.08815165247949239,352.93264305536565
0.10245377843767976,0,0.09044211587889031,352.9500037532904
0.028478912316757504,0,0.125,352.55248938893783
0.034174694780109004,0,0.12820512820512822,352.6262957636771
0.034174694780109004,0,0.1217948717948718,352.62631601773273
0.12317554405334738,0,0.05949698988741639,352.66566219700024
0.12078190735654373,0,0.06523430635965294,352.7298283675769
0.1257195521859113,0,0.0643178597872061,352.69978270721003
0.07254603652516556,0.05,0.10699718560210746,362.8644062782643
0.11475253743886826,0,0.09690282288378295,352.9599729453542
0.11626492437236699,0,0.09023677428223972,352.92395646582645
0.11115708008297168,0,0.09252723768163766,352.9489413706594
0.08348707098722857,0.05,0.10106418648653734,362.89446910937886
0.08388717641928986,0,0.1004121493490473,352.96990187023926
0.07886442305410266,0,0.0971743228976197,352.93933831321357
0.07780506210523236,0,0.10340306528137111,352.9581011082953
0.07750866695330651,0,0.10976752921762334,352.974447980238
0.1310940014089472,0,0.04252950044815129,352.43537987266023
0.13422518537093966,0,0.037036643953359275,352.3453146828864
0,0,0.14743589743589747,352.0497216957993
0.03987047724346052,0.05,0.12499999999999997,362.5887304998515
0,0.03888940854281006,0.15157527147092695,358.8986830695367
0,0.044408124405012225,0.14953973593826336,360.3090993528831
0.1126694670164704,0,0.08586118908009444,352.90956709464143
0.15773255014395915,0.0442828335197543,0,359.7360072993188
0.028478912316757504,0,0.13141025641025644,352.5493983216218
0.07770618115438285,0,0.11652750240407855,352.9873911757475
0.10964469314947295,0,0.09919328628318089,352.98115153149644
0.16304399256527008,0.022785211076505003,0,354.8546922580119
0.16077435599658244,0.017404104812170553,0,353.93080622242604
0.09696653965151511,0.05,0.08981507897397492,362.86767395794647
0.06219679494164557,0.05,0.10649827911832502,362.79210203768315
0.12795209893818632,0,0.08545698019179555,352.84806692486296
0.13678140420114399,0.04999999999999999,0.005884769717716044,361.6347800997557
0.1399497446628426,0.04999999999999999,0.011673899741422168,361.727961606637
0.10074593222277678,0,0.07758941605324539,352.87074968349907
0.10159985533022828,0,0.08401576596606786,352.9135540839318
0.10670769961962359,0,0.08172530256666992,352.8948649893342
0.05128375321166616,0.05,0.11867825414455456,362.71718273691727
0.1462496149502911,0,0.02542109224018736,352.0898028615033
0.14064573990275955,0,0.025657392735088845,352.13900653905955
0.07873507077475608,0.05,0.0975847670189843,362.86114920728664
0,0.00554549569913773,0.1453354870461645,352.72468056453414
0,0.00554549569913773,0.15174574345642092,352.70211672153124
0.11989480765780079,0.05,0.05579492483566743,362.5349144547985
0.15358154836119847,0.017054643289215046,0,353.95238294140427
0.15092582715054298,0.011136787844173025,0,353.0503838492651
0.15811863478592697,0.011486249367128533,0,353.0269757028693
0.05692441666571893,0.05,0.10305424944989316,362.73592235790164
0.0398704772434605,0,0.11858974358974358,352.69240454415785
0.039870477243460496,0,0.125,352.69548047538075
0.08494653736816016,0,0.09418340696529588,352.9470768887308
0.07992378400297295,0,0.09094558051386828,352.91448393641684
0.12415484110227304,0,0.0753992162846836,352.7993431324638
0.11978037533965107,0,0.07134644613333413,352.78600274167604
0.05657784252909542,0.05,0.115800537957541,362.7649914191459
0.16932238787732212,0.00591785544504202,0,352.11816850402084
0.17333333333333334,0,0,351.3566486256171
0.1636899765938602,0.02938135639843637,0,356.14927779981207
0.12737489101147761,0,0.09146197394755803,352.8841403457518
0.16531144242131096,0.01183571089008404,0,352.9937609121594
0.14638874072581448,0.016705181766259538,0,353.96415301606834
0.10183649380912857,0.05,0.08435892427189029,362.834446750263
0.1128797627599367,0.05,0.07388088847529678,362.7385945566914
0.1195078942326729,0.05,0.0454640565199683,362.40854329402697
0.1226606979395566,0.05,0.05047106571332084,362.45905436335335
0.11604023380831295,0.05,0.051307648802261005,362.4960176587561
0.15546291357527148,0.005568393922086513,0,352.23643432255307
0.1306571970152789,0,0.06340141321475927,352.6649770127135
0.005695782463351506,0.05,0.1314102564102564,362.0119278571666
0.011391564926703013,0.05,0.1282051282051282,362.1299317651931
0.011391564926703013,0.05,0.1346153846153846,362.1235564042635
0.11166343958816377,0.05,0.08010402642853462,362.7907585628307
0.14633668092339716,0.049999999999999996,0.011578260047412248,361.6690892201358
0.09295528201579514,0.05,0.09703342623342709,362.90066071924554
0.1518534899978226,0,0.025184791745285873,352.0347473191918
0.07762289983275891,0.05,0.10405206241745803,362.88155781638915
0,0.05,0.1346153846153846,361.8842191788321
0,0.044408124405012225,0.13671922311775053,360.3464966200954
0.09496091083365513,0.05,0.093424252603701,362.8856576448617
0.07278230874004513,0,0.10016523882994352,352.92316570913016
0.06775955537485792,0,0.09692741237851592,352.8818290725372
0.06746316022293207,0,0.10329187631476813,352.9038273024325
0.0954513211864498,0.05,0.07721728628542061,362.7808365348533
0.10032127534406327,0.05,0.07176113158333598,362.7376795208069
0,0.044408124405012225,0.14312947952800695,360.3311012007268
0.15106588347729247,0.0442828335197543,0,359.8108108460334
0.14439921681062579,0.04428283351975429,0,359.8762257233382
0.1487984336212516,0.038565667039508596,0,358.3886994842577
0.01708734739005452,0.05,0.13782051282051283,362.225106189606
0.011391564926703015,0.05,0.14102564102564102,362.11056103377194
0.14666666666666667,0.049999999999999996,0,361.4221453883802
0.15333333333333335,0.05,0,361.35315298313054
0.14983500712836526,0.05,0.005789130023706125,361.5159759993257
0.06179876448807304,0,0.10603891755066766,352.874090129666
0,0.01109099139827546,0.14964533306668798,353.48009409632016
0,0.01663648709741319,0.14754492267695504,354.35931264727
0.1361386623518228,0.05,0.027093726485158728,362.0378202293782
0.1411998933079895,0,0.037197433127295135,352.29785893623773
0.09846611318410181,0,0.0974992875448698,352.9830649613862
0.15812082149857373,0.02781685581788395,0,355.8946081072934
0.08600589831703047,0,0.08795466458154447,352.91816032550736
0.022783129853406005,0,0.12820512820512822,352.4709171782063
0.03417469478010901,0.05,0.12820512820512817,362.511467974663
0.03417469478010902,0.05,0.12179487179487175,362.51150358021346
0.062095159639998884,0,0.09967445361441543,352.85508667300843
0.14316834046169857,0.049999999999999996,0.005789130023706125,361.580237437935
0.028478912316757518,0.05,0.12499999999999997,362.4284067235923
0.12953083888178768,0,0.07333984666235188,352.75621616567497
0.128529306864895,0,0.07945198643603307,352.80649399596774
0.1557414936808048,0,0.0046282010960440045,351.65399095009917
0.15896099377859338,0,0.010559385667006108,351.7244725292012
0.13999999999999999,0.049999999999999996,0,361.48174912422024
0.02847891231675751,0.05,0.1314102564102564,362.4250540941689
0.10941976967706929,0.05,0.05214423189120116,362.5237235310315
0.11327434352655713,0.05,0.05663150792460758,362.56730119847356
0.11281707592591159,0,0.07332269939359079,352.82329862291914
0.03970525257683294,0,0.11197925561848175,352.6809639869337
0.034174694780109004,0,0.11538461538461539,352.6201840921863
0.13493752538400455,0,0.048183146116879155,352.47949765632643
0.10638693823273394,0.05,0.0586831984552461,362.60426386406226
0.1514829873616096,0,0.009256402192088009,351.7791706047729
0.13263150846739516,0.049999999999999996,0.03274677511555037,362.1538228598599
0.12973428359319977,0.049999999999999996,0.028027066449545068,362.09704040601173
0.13748153351656847,0,0.05300401601666886,352.51621647106043
0.028478912316757504,0,0.1185897435897436,352.5494282766519
0.1251563731191657,0,0.06928707651100241,352.7461170302677
0.1300940179485333,0,0.06837062993855557,352.7124803242954
0,0.022165782469954355,0.1453389151587975,355.3384572230835
0,0.027695077842495523,0.14313290764063996,356.4224355702897
0.12315330908538036,0,0.08151135605836479,352.84671069507414
0.1332414374776274,0.05,0.02237401781915343,361.9780251987007
0.16218049387638195,0,0.01649057023796821,351.78752880492056
0.08933334744350903,0.05,0.09258151096150849,362.8720399969505
0.1058537765121721,0,0.07529895265384745,352.8507321922287
0.08571141287122291,0.05,0.08812959568958989,362.83743380005313
0.08459924192922574,0.05,0.09459689108806361,362.86951001372046
0.16643900019557717,0,0.011862369141924206,351.6589712099576
0.06252165803676644,0.05,0.10007373646612258,362.771990986533
0.022783129853406005,0,0.1217948717948718,352.4709268791808
0.11982275095014913,0.049999999999999996,0.034613455044323053,362.2524020371865
0.12332990483457676,0.04999999999999999,0.02896040641393141,362.14751621682336
0.12622712970877215,0.04999999999999999,0.03368011507993671,362.20748463143406
0.017087347390054512,0,0.13141025641025644,352.3816326828321
0.02847891231675752,0.05,0.11858974358974357,362.4251011619376
0.10720868063788647,0.05,0.06970944105269747,362.71393954209043
0.12796281744695473,0,0.04802235694294331,352.5190302795099
0.12556918075015105,0,0.05375967341517984,352.59539616764454
0.12257610115867167,0,0.08751634981412726,352.8858440192719
0.16265572121065547,0.00591785544504202,0,352.20138810442563
0.039870477243460524,0.05,0.11858974358974356,362.58543386038053
0.034174694780109025,0.05,0.11538461538461536,362.50488099468606
0.139628373738182,0.05,0.022278378125143508,361.9281614542551
0.11635509052578918,0.049999999999999996,0.04045704732661576,362.351422684549
0,0.00554549569913773,0.13892523063590811,352.74115374958114
0,0.01109099139827546,0.14323507665643156,353.50088060943
0,0,0.14102564102564105,352.06797221073936
0.005695782463351503,0,0.14423076923076925,352.1650008752802
0.11381860794280427,0,0.0672105596199096,352.7702780743155
0.13735636933293213,0,0.03154378745856726,352.2488347101882
0.11288743010142924,0.05,0.046300639608908456,362.4418631824974
0.04560968178981728,0.05,0.10915138008398094,362.63819279858814
0.04556625970681202,0.05,0.12179487179487176,362.657210688782
0.14393511047258695,0,0.01977099801161043,352.022009435648
0.07248591358811929,0,0.10652970276619572,352.94233826004915
0.07218951843619345,0,0.11289416670244795,352.9553749349068
0.1268370587190044,0.049999999999999996,0.023307357783539772,362.0340594145716
0.022783129853406022,0.05,0.12179487179487179,362.3362177980129
0.07984724171675325,0.05,0.09111747162051059,362.8336234801754
0.12106371422517294,0,0.0941823984156705,352.9264164017282
0.10685530852906477,0,0.06918681288016626,352.8008654691207
0.022783129853406015,0.05,0.13461538461538458,362.32966691746867
0,0.022238942202739958,0.15168086859935154,355.32896993282
0.056430763905139854,0,0.10242149485031496,352.8210649049624
0.05613436875321401,0,0.10878595878656717,352.83707358838205
0.07384166968891542,0,0.09393649644619209,352.90237351876004
0.04558797074831465,0.05,0.11547312593942635,362.6509405228814
0.03989218828496315,0.05,0.11226799773429814,362.57592227155266
0.011391564926703008,0,0.12820512820512825,352.2908688970636
0.14722448104241437,0,0.013884603288132014,351.8978433999536
0.1004599458108908,0,0.09397070171188006,352.96783670021324
0.05093159283690838,0,0.1117790240574763,352.79761860425657
0.1033541067883986,0.05,0.06522216501929104,362.6755825273206
0.01708734739005451,0,0.12500000000000003,352.3846798997733
0.05076636817028082,0,0.10516853608621449,352.7797637683988
0.09989200911532531,0,0.07116306614042293,352.8215905519922
0.04540103504018444,0,0.11518438382360995,352.7488049088788
0.04523581037355688,0,0.10857389585234811,352.73415721233783
0,0.011082870209064092,0.130305176251151,353.52264047076125
0,0.011082870209064092,0.12389491984089458,353.5247298373598
0,0.016624305313596138,0.12815007206903417,354.39524583124916
0.08346448102565135,0.05,0.06355780615903008,362.6315767953832
0.0867501860806536,0.05,0.06994856982906687,362.7031588409107
0.07996464144894877,0.05,0.06904228895193232,362.6712681841704
0.09025002565735618,0.05,0.06446408703616463,362.6593196779358
0.06852125632411055,0.05,0.09182958797486873,362.77637146612483
0.14879624690860482,0.005568393922086513,0,352.3019971403209
0.1464975770066641,0.0330314976921693,0,357.12728789754755
0,0.016632426502807503,0.14107997247431475,354.37769427428316
0,0.02216172187534867,0.13887396495615723,355.35487651117074
0.011391564926703013,0.05,0.12179487179487178,362.130234120199
0.005695782463351506,0.05,0.11858974358974358,362.0123591030244
0.01139156492670301,0.05,0.11538461538461536,362.12369402322696
0,0.016652855413169868,0.11534098398671525,354.3935294417779
0,0.011097145258850957,0.1174903757997351,353.52268063202416
0,0.011111420308637822,0.11108583175857566,353.51437621023257
0.023104346373060275,0.05,0.08997635915311021,362.2435483974613
0.01708734739005452,0.05,0.08653846153846155,362.1192368223678
0.022728133430646752,0.05,0.0840579630034401,362.2008944134763
0.03438591845424474,0.05000000000000001,0.08501536208306733,362.3857189521761
0.028368919471238988,0.05,0.08157746446841865,362.27419202041364
0.03400970551183122,0.05,0.07909696593339721,362.33912964317955
0.03986555562458848,0,0.10549355941973812,352.6670225192159
0.10909843019804077,0,0.03939970621382436,352.4791193145205
0.1057690600065814,0,0.04527238217294888,352.5572695853128
0.11198296020133147,0,0.04471538922461003,352.54015808750773
0.011391564926703002,0.05,0.10256410256410253,362.0907669797566
0.005695782463351501,0.05,0.10576923076923075,361.98604941978766
0.005695782463351501,0.05,0.09935897435897435,361.9629958117004
0.12011473753447735,0.05,0.011658272409612314,361.85043253531126
0.11333333333333334,0.05,0.011547005383792538,361.87142730416616
0.11666666666666668,0.05,0.005773502691896269,361.74285294461765
0.01708734739005451,0,0.1185897435897436,352.3816142558441
0.022783129853406008,0,0.11538461538461539,352.464780173138
0,0.038833442876169515,0.13248175803992954,358.93696796640063
0,0.033258761347326804,0.12824429296210854,357.6376475641627
0,0.038850636942314574,0.1261404544597426,358.9455932817323
0.011391564926703008,0,0.12179487179487182,352.29085359337205
0.005695782463351504,0,0.12500000000000003,352.1924013209523
0.02912134535606603,0.05000000000000001,0.09341425676775889,362.35763627969646
0.029121345356066024,0.05,0.09982451317801527,362.38703094814036
0.023104346373060268,0.05,0.09638661556336661,362.27646390720327
0.13333333333333333,0.04999999999999999,0,361.5319451911429
0.12666666666666668,0.049999999999999996,0,361.5729389431179
0.13103247671874585,0.0444658306526607,0,360.02804694173216
0.11531233039279085,0,0.038842713265485516,352.45762868735454
0.11864170058425022,0,0.032970037306361,352.3677840728694
0.11242780038950015,0,0.033527030254699844,352.39365382939627
0.017087347390054516,0.05,0.09294871794871795,362.1556731734077
0.01139156492670301,0.05,0.09615384615384615,362.0643044403431
0.011391564926703015,0.05,0.08974358974358976,362.0312345599232
0,0,0.11538461538461539,352.0801003795778
0,0,0.1217948717948718,352.08623354451015
0.005695782463351504,0,0.11858974358974361,352.1893270866404
0,0.005555710154318911,0.11323522357159552,352.7466468626391
0.03476213139665826,0.05000000000000001,0.09093375823273744,362.4265092274739
0.04083794543925657,0.05000000000000001,0.08703041681373193,362.48402981320066
0.041214158381670085,0.05,0.09294881296340203,362.5223702868822
0.07287219392078541,0.05,0.07721564095724558,362.70625194208344
0.07833400815895847,0.05,0.07949140053380814,362.75144987358397
0.0747877843948768,0.05,0.08357807653646476,362.7632393302562
0.0629051003152018,0,0.08756691559566725,352.80372961884564
0.05716606118706423,0,0.08892401292937421,352.76755869982753
0.062462808280961075,0,0.09292571265394507,352.8285643663164
0,0,0.12820512820512822,352.08624410722535
0,0.027568895777805302,0.10460634648529862,356.39008812664997
0,0.033105170761310344,0.10892852963075389,357.5842403691301
0,0.02765428810388606,0.11109357636088246,356.42496289185493
0.13111814641670483,0,0.03201920407449851,352.2958214556944
0.13752786701276315,0.027833388560741263,0,356.09474598287517
0.14422794043797646,0.027650391427834854,0,356.0029082044722
0.1397975035814508,0.03321449482507571,0,357.22642384094974
0.13550183585368064,0.005533202114776835,0,352.4033207403175
0.13100367170736132,0.01106640422955367,0,353.19605528709525
0.128835169187014,0.005533202114776835,0,352.443732563689
0.028800128836411774,0.05000000000000001,0.10600200017875122,362.4042632595939
0.02278312985340601,0.05,0.10897435897435895,362.3165378591078
0.023104346373060265,0.05,0.102796871973623,362.3027720759389
0.09996130995204193,0.05,0.04645802953860144,362.46109935349585
0.10310123317773169,0.05,0.052292434785209306,362.5337387562002
0.0967826966783941,0.05,0.05244063767921746,362.5354751412748
0.08036607603721367,0,0.08558678345559047,352.8864780889823
0.07828523278146102,0,0.07914276093121705,352.8369428119105
0.07472625375739687,0,0.08321890232963647,352.84790854778606
0.1448163206949429,0,0.009256402192088009,351.83924116429256
0.1490748270141381,0,0.0046282010960440045,351.7192686103558
0.14240816034747145,0,0.0046282010960440045,351.7762358380816
0.13860968821454359,0,0.009646563369564331,351.8944464484025
0.08696432060235393,0.05,0.05807332336612784,362.5841316294116
0.09374986523405876,0.05,0.058979604243262394,362.6077267377762
0.04002585867234403,0,0.0990078632209945,352.6467406366072
0.045763762062274616,0,0.09533945869313411,352.6939016009398
0.040393507313306216,0,0.09225912226052413,352.6212747878855
0.06320119509416487,0.05,0.09310952569669832,362.7450476315807
0.017087347390054516,0.05,0.11858974358974358,362.23497148785987
0.12528362259556103,0,0.021026736982494316,352.16308132273275
0.12240305573414428,0,0.015810227238936908,352.0916526393914
0.11908209472848888,0,0.02178187740087025,352.20073459886953
0,0.05,0.12179487179487179,361.8910461881416
0,0.04442531847115729,0.12396766312730718,360.3619308155239
0,0.04442531847115729,0.11755740671705078,360.3574902988883
0.11841936934702568,0,0.043860153144346284,352.5112113594363
0.09318246226014104,0,0.07031624309642337,352.8103194685186
0.10666666666666665,0,0.02309401076758503,352.2510700732662
0.11288056686141673,0,0.022537017819246184,352.2310736609613
0.10999999999999997,0,0.017320508075688773,352.15407290601024
0.11620152786707214,0,0.01656536765731284,352.12651987972333
0.046610435366869964,0.05,0.09600968231382076,362.6017597615634
0.04728997242426839,0.05,0.08904547154439652,362.57256942898135
0.05268624940946827,0.05,0.09210634089481526,362.64670333681784
0.0797633685497725,0,0.06862259700842424,352.7617277098224
0.08184421180552515,0,0.07506661953279764,352.82102123842833
0.08647291540495677,0,0.0694694200524238,352.79036518779526
0,0.022118013120381017,0.10677139321542721,355.33602930630303
0.08024959863304984,0.05,0.08585383611302733,362.80388155427744
0.15333333333333332,0,0,351.59278919692565
0.01708734739005451,0,0.11217948717948718,352.3724411054168
0.022783129853406005,0,0.10897435897435898,352.45252596059686
0.05200671235206984,0.05,0.09907055166423949,362.6732348969585
0.05760395372311736,0.05,0.0960900386804689,362.7132218410085
0.045930898309471536,0.05,0.102973893083245,362.6228762128389
0.03481712781941753,0.05,0.10302964138314348,362.48219930881123
0.035138344339071786,0.05000000000000001,0.09685215438240756,362.46150046907314
0.04053462132427166,0.05,0.09991302373282628,362.54614551059905
0.011391564926703006,0,0.10897435897435898,352.272532996006
0.01708734739005451,0,0.10576923076923078,352.35716044849124
0,0.027708211314034892,0.13032665385781272,356.4487674317666
0,0.022174855346888046,0.12606771117332996,355.3723568567545
0,0.02772540538017995,0.12398535027762578,356.45447248312735
0.06820184740909864,0,0.0915686153202381,352.8597636564193
0.10621390019475008,0,0.03408402320303869,352.4121882445374
0,0.005541435104532046,0.119639767612755,352.7530146868027
0,0.005541435104532046,0.1260500240230114,352.75503658596955
0.0896067512477705,0,0.051774668585897105,352.62532769209935
0.09595569750180437,0,0.051379134118509584,352.6296497736666
0.09307116749851366,0,0.04606345110772391,352.56527843689366
0.01708734739005451,0.05,0.09935897435897434,362.18550218344143
0.07428396172315616,0,0.08857769938791428,352.87733788698404
0.034495911299763274,0.05,0.10920712838387941,362.4966594840155
0.04021340480461741,0.05,0.10609051073356221,362.5641532233427
0.13481121608161573,0,0.014664925643084654,352.00618780528185
0.12860458360121643,0,0.015055086820560976,352.0494711850143
0.13152184551178833,0,0.02055132036656307,352.1221909172978
0.1248557784927199,0,0.043004917064082535,352.4743155549193
0.12152640830126052,0,0.04887759302320705,352.559093353895
0.1097758354939137,0,0.06232847922793681,352.7349435815345
0.11673913490765318,0,0.06035222596768014,352.69839453699325
0.11269636245876265,0,0.05547014557570734,352.66024250557723
0.11913277160445684,0,0.0546149094954436,352.63179387483365
0.1324030557341443,0,0.01003672454704065,351.9423925172246
0,0.02218913039667491,0.11966316713217051,355.37280771209623
0.1028845300032907,0,0.03995669916216321,352.4932746003007
0.005695782463351502,0.05,0.11217948717948717,362.00253832413205
0.011391564926703004,0.05,0.10897435897435895,362.1105776578258
0.13772847799218765,0,0.02016115918908675,352.07572978411685
0.028478912316757518,0.05,0.11217948717948716,362.4152569065136
0.11327425031671637,0.05,0.023084823731900222,362.08633290428014
0.12005565451786039,0.049999999999999996,0.023196090757719997,362.06493365716614
0.11654850063343275,0.049999999999999996,0.028849139388111636,362.17364909707857
0.05113401681124301,0,0.0984197951257441,352.75966241070404
0.05150166545220519,0,0.09167105416527373,352.7326785122613
0,0.022157661280742987,0.1324090147535169,355.36489190023804
0,0.03301977843522959,0.10244129975517005,357.54546488339923
0,0.038679852290153055,0.1067557382983185,358.8773993594175
0.10281253608017424,0,0.06430473248819346,352.76163031414217
0.10573306304502317,0,0.05744639883596401,352.692890887921
0.11321516730009941,0.04999999999999999,0.034622642080007884,362.2750688570418
0.10974750687573948,0.05,0.04046623436230058,362.3693487703506
0.10313992322568975,0.05,0.04047542139798542,362.37824835852274
0.10660758365004969,0.049999999999999996,0.03463182911569271,362.2887091792677
0.09942011375254753,0,0.0456679166403364,352.56509428834846
0.10230464375583824,0,0.050983599651122063,352.626331300743
0.14209836019603828,0.038748664172415,0,358.4952230284306
0.135398286770825,0.03893166130532141,0,358.5927650254366
0,0.0331905630873911,0.11541575950633773,357.61628297811967
0.017087347390054512,0.05,0.11217948717948717,362.22513580437885
0.07264541050164422,0,0.07677487980526305,352.793832875493
0.13313325194929948,0.016634798151640182,0,354.0545644831405
0.13763141609561882,0.011101596036863347,0,353.15778639045897
0.139760996337557,0.01666998995894986,0,354.01360513461213
0.13533055948103134,0.022234093356190723,0,355.02103354335304
0,0.05,0.1282051282051282,361.8909172972898
0.12953486120040547,0,0.005018362273520325,351.86972229591197
0.1333333333333333,0,0,351.7543635443117
0.12666666666666665,0,0,351.7916142578604
0.10627984645137953,0.05,0.046309826644593294,362.4550485342452
0,0.016667130462956734,0.1089364399455558,354.3832884223585
0.12433700504069464,0.01106640422955367,0,353.2313428108469
0.005695782463351506,0.05,0.125,362.0154280938984
0,0.005541435104532046,0.13246028043326782,352.75093588291935
0.12356280840228802,0.05,0.017543042127328358,361.9476472353651
0.14101784856201505,0,0.014274764465608334,351.95564521026154
0.05679841254610204,0,0.09567275388984457,352.797753072769
0.1376991433854125,0.0444658306526607,0,359.981155321115
0.12798696245471236,0,0.03751206056929052,352.3882758967691
0,0.027691017247889832,0.13666795743799967,356.4368925194512
0.11999999999999995,0,0,351.82057956196644
0.11666666666666661,0,0.005773502691896257,351.9389016686964
0.12286819453373878,0,0.0050183622735203255,351.902314586388
0.12174873953848506,0,0.03798747718522177,352.4239001527059
0.09303517053695542,0,0.05823746777073904,352.69936446415426
0.08632562368177116,0,0.05739064472673948,352.6776827032229
0.13620152786707213,0,0.005018362273520325,351.82884459599336
0.028745132413652508,0.05,0.08749586061808877,362.3188136669044
0.10865359000987213,0,0.05058806518373456,352.6153722733289
0.12689614173562136,0.05,0.011769539435432089,361.8199627709758
0.045396113421312424,0,0.10208819965360448,352.716685204148
0.05760835322130494,0,0.08356521587109639,352.7399546210036
0.03433499782786455,0,0.10889891918587176,352.60977316494063
0.03449530087562009,0,0.10241322298712813,352.59302182280396
0.0897540429709561,0,0.06385344391158143,352.7483089952494
0.028639215364513047,0,0.10569379098074357,352.526878946731
0.0993841167909893,0,0.05784193330335153,352.69994795328296
0.08866577655474497,0.05,0.07631100540828606,362.76237968379644
0,0.016638580363383,0.1217455280278747,354.39751524474144
0.09653558374925682,0,0.04035223362955072,352.4979649789579
0.14666666666666667,0,0,351.65496352538844
0.14212958024193817,0.005568393922086513,0,352.35924952555797
0.13999999999999999,0,0,351.70882742132056
0,0.044425318471157285,0.13037791953756359,360.35980210455364
0.11576113372283348,0,0.027753527562803592,352.3023107165809
0,0.03327595541347186,0.12190298938192157,357.641592710368
0,0.038850636942314574,0.11973019804948618,358.94315258521493
0,0.05,0.11538461538461538,361.8846058513877
0.06864413944333936,0,0.08620981826196028,352.8333045328798
0.06908643147758008,0,0.08085102120368245,352.8024517019185
0.0633473923494425,0,0.08220811853738942,352.77450116395295
0.14195830386928882,0.0222692851635004,0,354.9772709091695
0.09646358982614037,0,0.06470026695558098,352.76478541745195
0.028478912316757504,0,0.11217948717948718,352.54020050849533
0,0.011086930803669775,0.13677012645379127,353.5149624896057
0.12487992350047752,0,0.03249462069042976,352.3354712432548
0.08304449611577183,0,0.06300662086758185,352.72314937579716
0.12870281509277384,0.022198901548881045,0,355.05630340752106
0.0461314107032368,0,0.08859071773266375,352.6642354569835
0.02294343290116155,0,0.10248866277561536,352.4362937643141
0,0.01662836590820182,0.13461502227167443,354.38967200227626
0.08392505506127781,0,0.08151064205717105,352.8731654436566
0.08855375866070943,0,0.0759134425767972,352.8461660857199
0,0.03876524461623382,0.11324296817390234,358.913642410687
0,0.04433992614507653,0.11107017684146693,360.3237796820804
0.053365786466866696,0.05,0.08514213012539101,362.6120978953705
0.058283490780515784,0.05,0.08912582791104467,362.6824474428087
0.13011473753447733,0.049999999999999996,0.005884769717716044,361.68075571779184
0.12436581005207918,0.04446583065266071,0,360.0657362474018
0.12873162010415834,0.03893166130532141,0,358.63635219974844
0.02278312985340602,0.05,0.11538461538461536,362.329665962775
0.10954723352808339,0,0.028310520511142436,352.32524380099693
0.11678140420114401,0.05,0.017431775101508583,361.97378784481833
0.11000000000000001,0.05000000000000001,0.017320508075688808,361.9904534587909
0.12196266158990562,0,0.026998387144427656,352.26918561868433
0.017087347390054505,0.05,0.10576923076923074,362.2087238524686
0.04691375948185487,0.05,0.08312707539472641,362.53087972321754
0,0.027739680429966815,0.1175808062364663,356.4531047803186
0.1257363890674776,0,0.010036724547040651,351.97861179407073
0.05868584769681237,0.05,0.08386219240356141,362.6528859006982
0.06360355201046146,0.05,0.08784589018921507,362.7185033627445
0.011391564926703006,0,0.11538461538461539,352.28474704793825
0.040461732496843046,0.05,0.08111202066406181,362.43989030582054
0.0764184176848671,0.05,0.07312896495458895,362.69150562747706
0,0.05,0.10256410256410256,361.85170688640545
0.11333333333333329,0,0.011547005383792514,352.050066116711
0.09353573071235843,0.05,0.07085485070620143,362.7252959531229
0.1330974301562375,0.033397491957982126,0,357.3165782371852
0.11508999915556634,0,0.04973282910347081,352.5912073518348
0,0.05,0.10897435897435898,361.871438720768
0,0.044339926145076536,0.10465992043121053,360.3062256506379
0.08188023192304014,0.05,0.0754047245311515,362.73416928821143
0.10994091698338304,0.05,0.028858326423796467,362.19183578044334
0.08379582239713153,0.05,0.08176716011037069,362.7895578268391
0.03465560392337563,0,0.09592752678838451,352.56993006577653
0,0.022203405446461773,0.11325862309101105,355.3670033509821
0.02879951841226859,0,0.09920809478199993,352.50721697007583
0.09364277345270433,0.05,0.046606232432609584,362.4588713326525
0.09046416017905651,0.05,0.052588840573225604,362.52893268625536
0.1033333333333333,0,0.02886751345948128,352.34084154402694
0.12820088450613293,0,0.026522970528496413,352.23258400115964
0,0.03867985229015306,0.10034548188806208,358.8554584271521
0.005695782463351503,0,0.11217948717948718,352.1801796397017
0.06892361324040713,0.05,0.08656595246738547,362.7482410215592
0.06400590892675805,0.05,0.0825822546817318,362.6873556449045
0.06932597015670372,0.05,0.0813023169599022,362.71550712798955
0.13443910742236023,0,0.026047553912565163,352.18864542568906
0.10333333333333332,0.05,0.028867513459481298,362.2009959661787
0.10006840173339634,0.05,0.05883140134925424,362.6101347209662
0,0.044339926145076536,0.09824966402095413,360.2821069154524
0.09999999999999998,0,0.03464101615137753,352.42338731829244
0,0.033241567281181744,0.1345855965422955,357.62753255700295
0.09703557028906101,0.05,0.06537036791329918,362.67730901596013
0.10666666666666666,0.05,0.023094010767585053,362.1000394511543
0.14425916048387633,0.011136787844173025,0,353.11102472380725
0.005695782463351507,0.05,0.09294871794871795,361.9332924019006
0.126505507561042,0.016599606344330504,0,354.0870310616536
0.12344807086781069,0.05,0.005884769717716044,361.7175290208806
0.11953486120040545,0,0.010791864965416582,352.0179960624134
0.09682138672635215,0.05,0.040623624291993565,362.3803347718554
0.07620438952570836,0,0.07269873840684364,352.78025821146093
0.13090012262450568,0.027798196753431585,0,356.1328191326984
0.12000000000000002,0.05,0,361.60473038014555
0,0.05,0.09615384615384615,361.82541034829995
0.09999999999999998,0.05,0.034641016151377546,362.29332300386426
0.0743854274785802,0.05,0.08884171204394803,362.79447723999
0.1221685025203473,0.005533202114776835,0,352.4758589776179
0.051869314093167376,0,0.08492231320480335,352.6988120730703
0.03776880940963978,0.05,0.06967571847470894,362.31250055674855
0.04186745672824738,0.05,0.066239594372458,362.332623492933
0.04220700014904642,0.05,0.07222471772889531,362.39142586714473
0.10644707417106275,0.03323358551473454,0,357.38596674728274
0.1020720289781963,0.03881253381290946,0,358.69057690160645
0.09976901276352616,0.033204015923993836,0,357.38335747894234
0.03259430026239444,0,0.06547570127013244,352.34202804244273
0.03320350704973218,0,0.07146854910725778,352.4005238330732
0.03698363278985108,0,0.0682198480306757,352.42028845611367
0,0.05,0.08974358974358974,361.79241551195906
0,0.04438326199800216,0.09202656074966196,360.26374068615013
0,0.044383261998002174,0.08561630433940556,360.2265576494091
0.05725352101724949,0.05,0.039928896234572596,362.1818875325087
0.06077541819745408,0.05,0.03442551289690987,362.13069690646716
0.06400044411725138,0.05,0.04011333302947481,362.2397896996424
0.10666666666666666,0.05,0.011547005383792538,361.8851312162619
0.06090428537822819,0.05,0.06742971419345495,362.53878384915737
0.0573394324710989,0.05,0.06193169709893598,362.45361893356795
0.06408635557110079,0.05,0.06211613389383819,362.5109646518061
0.07679325961824784,0.05,0.0631911837328231,362.6002795061968
0.07043980759467432,0.05,0.06265365881333065,362.559901644843
0.07362187778754692,0.05,0.0573400785137139,362.5212752824285
0.02251731000593473,0.05,0.07816150073554562,362.15538165796016
0.028158096046526963,0.05,0.07568100220052418,362.2265222361892
0,0.05,0.08333333333333334,361.7527568479902
0,0.044383261998002174,0.07920604792914916,360.18271078503994
0,0.05,0.07692307692307693,361.70643435639334
0.005695782463351506,0.05,0.08012820512820513,361.85385682530335
0.011391564926703006,0,0.08333333333333334,352.16266970970764
0.005695782463351503,0,0.08653846153846154,352.0827327308284
0.011391564926703006,0,0.08974358974358973,352.1993119131753
0.08029309919495042,0.05,0.05770670093992086,362.557349738062
0.09666666666666668,0.05,0.017320508075688766,361.9995375460692
0.09333333333333332,0.05,0.02309401076758501,362.1000228856912
0.09000000000000001,0.05,0.017320508075688745,361.99036439841433
0.06725773740180171,0.05,0.0679672391129474,362.5915044258448
0.011391564926703008,0,0.10256410256410257,352.25423272076426
0.005695782463351504,0,0.10576923076923078,352.16497651881355
0.06057785361604297,0,0.07753589505070607,352.7227682738657
0.057808314882643416,0,0.07286367156402271,352.666272931518
0.0548388144879054,0,0.07889299238441304,352.68615320969883
0.09666666666666664,0,0.017320508075688773,352.1624190792569
0.09333333333333331,0,0.011547005383792514,352.0625310723185
0.08999999999999998,0,0.017320508075688773,352.1540641533333
0.09000000000000001,0.05,0.005773502691896248,361.76075233588335
0.08666666666666668,0.05,0,361.62737494526607
0.09333333333333335,0.05,0,361.64113613518583
0.03759283957718882,0,0.07421269586780103,352.47585318508203
0.041372965317307726,0,0.07096399479121895,352.4937818895596
0.09666666666666665,0,0.02886751345948128,352.34082591094983
0.08333333333333334,0.05,0.005773502691896248,361.74237764302643
0.08666666666666667,0.05,0.011547005383792497,361.8709706462856
0.08000000000000002,0.05,0.011547005383792516,361.84823174935474
0.0771217173642495,0.05,0.05185559572081165,362.47510713494586
0.07363366397123068,0.05,0.04587298758019563,362.38134248737634
0.08030488537863419,0.05,0.04623961000640261,362.4180875232724
0.02823759168806478,0,0.08048708514240925,352.40129025389587
0.03381271383706992,0,0.07746139694438312,352.45355034472
0.02819903231021775,0,0.07448961088622366,352.35817354459135
0,0,0.08974358974358974,351.995035943443
0,0,0.09615384615384616,352.02538280658047
0.005695782463351503,0,0.09294871794871794,352.11622726413106
0.011391564926703013,0.05,0.08333333333333334,361.99145764729474
0.01118074150199099,0.05,0.07743687106543884,361.94479512534434
0.04585044734113489,0,0.08243534111799661,352.62488976571495
0.04963057308125379,0,0.07918664004141453,352.6408789983288
0.09015472005968551,0.05,0.040623624291993565,362.37138818656507
0.09333333333333334,0.05,0.034641016151377546,362.2887611710514
0.005695782463351503,0,0.08012820512820513,352.04308670560044
0.011353005548855974,0,0.07733585907714774,352.1222124019755
0.10333333333333333,0.05,0.017320508075688787,361.99956723286147
0.0866666666666667,0.05,0.02309401076758501,362.0863098354659
0.06354735401078099,0,0.07150657423031574,352.6983605119187
0.06077781527738144,0,0.06683435074363239,352.63917123852804
0.05377457956396961,0.05,0.056433680004417015,362.36065188258317
0.0605215026639715,0.05,0.056618116799319225,362.4232174935663
0.09548685221581366,0.005527113041596334,0,352.5195886017445
0.09999999999999999,0,0,351.85784939795104
0.10215081948531732,0.0055375592533634015,0,352.52237585009476
0.016876523965342494,0.05,0.08064199927056706,362.0758810955596
0.11982115785934534,0.016603963482917074,0,354.11771617272325
0,0.011111420308637824,0.10467557534831926,353.49780357940745
0,0.005555710154318912,0.10682496716133912,352.7323075639593
0.0319850934750567,0,0.059482853433007105,352.2780629728286
0.036374426002513345,0,0.06222700019355036,352.3592544481616
0.046697947814625884,0,0.061853477841134805,352.47016613777885
0.050361332464078236,0,0.06742164605763538,352.55647624793966
0.05190618922127748,0,0.06155983018413331,352.51746550268564
0.12424269109862628,0.027753417802595957,0,356.16016299896006
0.03437464056127373,0,0.08977215017371737,352.5368311875537
0.04011254395120431,0,0.08610374564585699,352.5850525031399
0.06987587176824467,0,0.07210265631857969,352.74313459796684
0.06631689274418053,0,0.07617879771699909,352.75278733304873
0,0.033063114288155226,0.09621819648387792,357.529982380669
0,0.02760635606588941,0.09203308954148168,356.3451667081092
0,0.033106450141080865,0.08999509321258577,357.5082255028109
0.0668133757818765,0,0.056669119785261055,352.58370089415416
0.06379559552962896,0,0.06175173526444672,352.6142947647534
0.07012411328709267,0,0.062347817352710666,352.6596050206791
0.10422284846351364,0.027683426399606192,0,356.2025085860165
0.10199862275596452,0.022133267284477842,0,355.1245955663846
0.10867668416350111,0.02216283687521855,0,355.1230208596628
0.01708734739005451,0,0.09294871794871795,352.3082809414858
0.022943432901161548,0,0.08966814995510253,352.3810463968964
0.01708734739005451,0,0.08653846153846154,352.2746367537133
0.02266246953905965,0,0.0835127733404354,352.34165239022695
0.11536103386519778,0.022158479736631986,0,355.1064152953138
0.11313680815764866,0.016608320621503636,0,354.1397474225803
0.11765265533899799,0.011070761368140235,0,353.25885086709434
0.005695782463351506,0.05,0.08653846153846154,361.89690652741604
0.07361118942537524,0.05,0.06850476403243985,362.63566587084915
0.11333333333333334,0.05,0,361.6275000997545
0.09999999999999999,0.05,0.023094010767585032,362.1046028988541
0.09666666666666665,0.05,0.028867513459481277,362.2010090875078
0.08000000000000003,0.05,0.023094010767585032,362.06344937199896
0.08333333333333338,0.05,0.02886751345948128,362.17355684029667
0,0.016661254898115204,0.10258628627303099,354.3635474400086
0,0.011105544743796294,0.09832542167579443,353.47433496597034
0.07343485079230881,0,0.06802651492016029,352.72852602527826
0.07025847273248473,0.05,0.028795679041325403,362.1097453947159
0.07333333333333336,0.05,0.02309401076758505,362.03147373787107
0.07666666666666672,0.05,0.028867513459481298,362.1461005328615
0.08348805339301887,0.05,0.040623624291993565,362.35326423710154
0.0866666666666667,0.05,0.034641016151377546,362.27502197406557
0,0.016649503768432147,0.08988597892798136,354.30566341268917
0,0.02210626199069796,0.09407108587037759,355.28545227294126
0,0.016655379333273677,0.09623613260050617,354.3376724367854
0.005695782463351504,0,0.09935897435897437,352.1436401734607
0,0,0.10256410256410256,352.0497552220444
0.1264399986303581,0.0333527130071465,0,357.3464135074778
0,0.011099669178954764,0.09197526800326962,353.4447323316599
0.11000000000000001,0.05,0.005773502691896269,361.76108976047004
0.06718361213163607,0.05,0.03449734731506576,362.17977976261267
0.06385027879830271,0.05,0.02872384462316951,362.06477690257134
0.11758525957274689,0.027708638851760333,0,356.17862830968164
0.12204538356689444,0.022154122598045417,0,355.08115586975197
0.10999999999999996,0,0.005773502691896257,351.95549485235347
0.07981263576063151,0,0.04600072968111668,352.53065594925346
0.07661038534470802,0,0.040289512202943495,352.4468348208342
0.07322077068941601,0,0.045938008254509444,352.5006505303809
0.07666666666666669,0.05,0.0057735026918962675,361.7151644686633
0.07333333333333336,0.05,0.011547005383792535,361.81637768176296
0.07645263104455635,0,0.06294389944097462,352.69726480405075
0.07973375861055568,0,0.05732792330013225,352.65587087823934
0.0731418935393402,0,0.05726520187352501,352.62581877635336
0.09666666666666666,0.05,0.005773502691896248,361.7700986620305
0.10333333333333333,0.05,0.005773502691896269,361.77026971613014
0.1,0.05,0.011547005383792518,361.8896025762473
0.011391564926703006,0,0.09615384615384615,352.2298404617264
0.11090090987105022,0.0277129959903469,0,356.19846204973555
0.11312513557859934,0.03326315510547525,0,357.3794483814426
0.07040863805143338,0.05,0.0401851674476307,362.28451442051573
0.10666666666666663,0,0.011547005383792514,352.0625347310976
0.0604785469370468,0.05,0.04561671636713753,362.2877932978515
0.06722547003704869,0.05,0.045801153162039754,362.3409759017752
0.05260007347599181,0,0.0731573192210242,352.6242607939348
0.05556957387072983,0,0.06712799840063388,352.6004211747316
0.048908366927111556,0.05,0.05688663981548016,362.3160458919106
0.052473219834240845,0.05,0.06238465690999912,362.4122479607941
0.04760700719738279,0.05,0.06283761672106225,362.36575254083164
0.09097370443162733,0.011054226083192668,0,353.27832281273146
0.09763767170113101,0.011064672294959735,0,353.2871661619605
0.08986891708259015,0,0.040352233629550725,352.4894840944723
0.086404500831847,0,0.04606345110772392,352.5524210912236
0.022306486581222702,0.05,0.07226503846765112,362.1041815006961
0.027818552625727924,0.05,0.06969587884408684,362.1702640429664
0.016665700540630473,0.05,0.07474553700267257,362.02683796700376
0.07681683198561537,0.05,0.04025700186578659,362.32062578739004
0.07359180606581807,0.05,0.034569181733221654,362.22024926475905
0.08000000000000007,0.05,0.034641016151377546,362.2521054129065
0.11104171185953313,0.04442105170182509,0,360.1021110351835
0.11770837852619981,0.04442105170182509,0,360.0826177171614
0.022623910161212613,0,0.0775152990842498,352.3012775506049
0.02258535078336558,0,0.07151782482806421,352.2555162009756
0,0.011099669178954765,0.08556501159301323,353.40949386106314
0,0.005549834589477383,0.08765430066830149,352.65184612942323
0.06119868066726619,0.05,0.07795805375958272,362.63150809427714
0.05839145240777435,0.05,0.07333385283743363,362.5704479217154
0.06371151363772003,0.05,0.07205391511560402,362.60290423070245
0.03810835283043882,0.05,0.07566084183114626,362.3681348672158
0.04230861528716924,0,0.05910933108059155,352.3974115998266
0.04076375852996999,0,0.06497114695409362,352.4356789432695
0.048659027134058244,0.05,0.07423977245955991,362.4828538682307
0.04456037981545065,0.05,0.07767589656181086,362.46422919907934
0.070450495956846,0.05,0.05148897329460468,362.4342555128655
0.028518555050166684,0,0.08664246175707638,352.4432310584714
0,0.03876652399600433,0.08148901893522138,358.77396408285045
0.017048788012207477,0,0.08054098728227593,352.2370037837736
0.017010228634360445,0,0.07454351302609034,352.1939843038267
0.08666666666666664,0,0.02309401076758503,352.23858620272694
0.09333333333333331,0,0.023094010767585025,352.2510515226301
0,0.02764969191881505,0.08580998627018954,356.318672944579
0.04824280457182513,0,0.05599166196763272,352.42729709092396
0.08000000000000002,0.05,0,361.6045853886363
0.01708734739005451,0,0.09935897435897435,352.33578883974513
0.06651874189721188,0.05,0.07667811603775311,362.6618119903131
0.11548415281865063,0.005537559253363401,0,352.50018997904294
0.07666666666666667,0.05,0.01732050807568878,361.94471998875565
0.0379192827597126,0,0.056365184320048285,352.31989008164936
0,0.005555710154318912,0.1004147107510827,352.7118350408148
0.106452458455952,0.016612677760090202,0,354.1531248112245
0.11096830563730131,0.011075118506726801,0,353.2777050621289
0.08,0,0.034641016151377546,352.3859424980901
0.0832022504159235,0,0.04035223362955073,352.4726260265538
0.08666666666666666,0,0.03464101615137754,352.40680128825716
0.09000000000000001,0.05,0.028867513459481277,362.19187164598884
0.08436365045199654,0.044391482111084374,0,360.0822583808444
0.0910303171186632,0.04439148211108438,0,360.09882753827463
0.06370357285684411,0.05,0.05130453649970248,362.3857924721518
0.0672684257639734,0.05,0.05680255359422144,362.4761218730421
0.08333333333333334,0.05,0.017320508075688766,361.97209977891544
0.10430163897063466,0.011075118506726801,0,353.28746765451933
0,0,0.10897435897435898,352.0679944130436
0.09754478705597705,0.027653856808865486,0,356.19742748811683
0.09533465548646086,0.022122821072710776,0,355.12090500077545
0.09333333333333335,0.05,0.011547005383792497,361.8849304753699
0.06710633303484512,0,0.06743043283189634,352.6876738681802
0,0.03872318814307869,0.09412237861676995,358.83853406113593
0.06013221088017662,0,0.056183567047946144,352.53249004829104
0.057114430627929084,0,0.061266182527131806,352.5595700045971
0.12207418857827895,0.03888688235448579,0,358.65971056977446
0.04739183206934021,0,0.0734509668780257,352.5770537933562
0.09539396757065971,0.03878296422216875,0,358.6816188683368
0.07642302110533952,0,0.05164922573268263,352.58160925875563
0.03409367719917183,0,0.08361677355905026,352.4980379472015
0.08872730090399306,0.03878296422216875,0,358.671270110106
0.02879951841226859,0,0.0927978383717435,352.4794775009175
0.09769698378532986,0.044391482111084374,0,360.10636832899496
0.05345104597847673,0,0.055698014310631226,352.47275603095045
0.04978766132902438,0,0.05012984609413065,352.3787293175879
0.04515309105742663,0,0.06771529371463687,352.5073364581527
0.10875009038573288,0.038842103403650165,0,358.6904073006956
0.09978849118644835,0.01660223154832314,0,354.15530907445714
0,0.03876652399600433,0.08789927534547778,358.8153353199916
0.09312452391694469,0.016591785336556072,0,354.14895148101965
0.005657223085504472,0,0.07413073087201955,351.9998050600759
0.055878619437320524,0.05,0.07923799148141232,362.5948859371199
0.083792938771653,0.05,0.05222221814701863,362.50666619274256
0.016454877115918448,0.05,0.06884907473477808,361.97210743670024
0.021966943160423667,0.05,0.0662799151112138,362.0441313609733
0.09999999999999998,0,0.023094010767585025,352.2552368021305
0.07000000000000002,0.05,0.0173205080756888,361.9082250279352
0.03742926598884075,0.05,0.06369059511827162,362.25085506537135
0.10666666666666667,0.05,0,361.64121295917124
0.016971669256513413,0,0.06854603876990475,352.1455783138727
0.021976143996027844,0,0.06552497699093887,352.1959776604944
0.08999999999999998,0,0.028867513459481284,352.33254103934763
0.010969918077278967,0.05,0.07154040879754436,361.8924452016461
0.083014886176555,0,0.05171194715928987,352.60758861387876
0,0.005549834589477383,0.08124404425804509,352.6129019706307
0,0.005549834589477383,0.09406455707855789,352.68463879629036
0.044470176187704914,0.05,0.05433764056129378,362.23709834132507
0.05020972665684033,0.05,0.05093566290989805,362.259882696203
0.02294343290116155,0,0.09607840636535893,352.4117382253619
0.039831580589102404,0,0.07994836903118986,352.5431358562648
0,0.033149785994006496,0.08377198994129362,357.48019424982476
0.04316881645797615,0.05,0.06028861746687589,362.2880891905223
0.027589825522880012,0,0.06849676304909832,352.30189101852733
0.10333333333333332,0,0.005773502691896257,351.96379356174447
0.005484959038639483,0.05,0.07423174286031065,361.80388750821044
0,0,0.08333333333333334,351.9585375883801
0,0,0.07692307692307694,351.9158877413916
0.05603807274137014,0.05,0.06788267400451808,362.50064789428217
0.05101240680046247,0.05,0.07969095129247546,362.5505522856988
0.053525239770916305,0.05,0.07378681264849676,362.5292131185673
0.08333333333333331,0,0.028867513459481284,352.3158789843125
0.09333333333333332,0,0.03464101615137753,352.4192828949911
0.06314999113242414,0,0.051100951568760475,352.4996926951605
0.06983115603412404,0,0.05158650430607539,352.5473896267303
0.09309095135598958,0.03317444633325313,0,357.3716205764213
0,0.022149597843623595,0.08784798259908544,355.2604959988671
0.10437504519286644,0.04442105170182509,0,360.11254749301327
0.10666666666666665,0,0,351.8537205935555
0.10881748615198397,0.005537559253363401,0,352.5154301517019
0.03367016209103218,0.05,0.07311184257695988,362.28666339645656
0.03333061867023314,0.05,0.06712671922052256,362.2281859688239
0.027479009204928885,0.05,0.06371075548764951,362.1079946688337
0.07006496566129355,0.05,0.07259144003509649,362.6514844949313
0.05117186010451208,0.05,0.06833563381558122,362.4573874922184
0.05695664975684221,0.05,0.05112009970480026,362.32766819993105
0.1033333333333333,0,0.017320508075688773,352.1624219968159
0.0436117063292213,0,0.07669966795460778,352.5622818927527
0.056468826230724266,0,0.05061539883144556,352.44347259211304
0.038730625718569514,0.05,0.05773961821268951,362.2050365626844
0.11541675705239957,0.038842103403650165,0,358.6741903842604
0,0.027563020212963772,0.09825619281277381,356.36538609651126
0,0.02211213755553949,0.10042123954290241,355.3138078000588
0.11978256710447872,0.03330793405631087,0,357.3673702222302
0.09666666666666665,0,0.005773502691896257,351.9637928205245
0.08697610678603769,0.05,0.046606232432609584,362.44553999488454
0.1,0.05,0,361.6458689583956
0.09999999999999998,0,0.011547005383792514,352.0667089058904
0.06692513939915137,0.05,0.023022176349429158,361.9906196097273
0.04630564746765402,0.05,0.06878859362664436,362.40900264296613
0.03299107524943411,0.05,0.06114159586408524,362.1636973602812
0.011314446171008944,0,0.07133838482096216,352.07636858423626
0.11333333333333329,0,0,351.841297314894
0.08646055664744103,0.016581339124789003,0,354.1340520309121
0.026980618735542274,0,0.06250391521197299,352.2401392134797
0.043853472044368486,0,0.053247515207089466,352.3534455299025
0.053731623837044905,0.05,0.04543227957223532,362.2249494624207
0.09088081978647339,0.02764341059709842,0,356.1878620936659
0.08867068821695721,0.022112374860943713,0,355.10867257849605
0.05106091821263131,0.04434300626351187,0,359.84915336952236
0.046666666666666676,0.05,0,361.35265697903554
0.04439425154596466,0.04434300626351186,0,359.7772269264023
0.07666666666666666,0,0.02886751345948129,352.29080943978926
0.07335972009315406,0,0.03425114557773433,352.3513363282481
0.07,0.05,0.005773502691896267,361.67863089052867
0.06669305342648738,0,0.022704140193941826,352.1450430513581
0.0600176773815071,0,0.022410058078256842,352.09456155606216
0.06338610685297479,0,0.028087772312194868,352.20441814421446
0.0253142133495135,0.025602770862321975,0,355.23324203841173
0.027100932488252683,0.03167868556477208,0,356.51029178675236
0.021836759208085747,0.030490613213132865,0,356.17522527476075
0.05736342170779886,0.05,0.02856483906935199,362.00915228121374
0.06043828230864751,0.05,0.022863170795611638,361.9390519983844
0.010795531034385705,0.0037487604507432694,0,351.5489914097783
0.014924395402104745,0.007497520901486539,0,352.0962181893162
0.008257728735438079,0.007497520901486539,0,351.9844022025165
0,0.005540105643147679,0.068444335490007,352.51529121159524
0,0.011080211286295358,0.06637585046719346,353.2637500691046
0,0.011080211286295358,0.07278610687744988,353.31775143612197
0.07974788045993664,0.033127121955500834,0,357.3243026873922
0.08420928433844692,0.027619748408222275,0,356.16649432218264
0.0864194159079631,0.033150784144376985,0,357.3523954616224
0.06435878167063672,0.04436781992220823,0,359.97124332249035
0.06871756334127345,0.038735639844416456,0,358.57315301131376
0.0710254483373034,0.044367819922208236,0,360.01527104848697
0.005524195309306268,0.03198973584272011,0,356.2094801120414
0,0.03333333333333334,0,356.3929959958513
0,0.027777777777777783,0,355.2206113240897
0.026387865699232824,0,0.04640920384014419,352.0618985638769
0.02197868606171425,0,0.04109326046932329,351.93407145802627
0.021667562434984605,0,0.047993918993212245,352.0125558957655
0.055482264756960706,0.005359278206970003,0,352.31303362286565
0.06215836289373747,0.005505667053939281,0,352.3836525700278
0.05764062765069821,0.010864945260909285,0,353.08692147466985
0,0.011289820255272809,0.04718187232755388,353.0953202342101
0,0.005644910127636404,0.042821705394546175,352.2616491719015
0,0.011857455213254892,0.04016822062439082,353.09262979699525
0.029419258662905345,0,0.024371195350491495,351.8068332344741
0.025334674506568587,0,0.02935559843482075,351.8244299337408
0.03278871896221186,0,0.029834538295028072,351.9308580900397
0,0.024847045068920187,0.030413264586317452,355.1766568124802
0,0.029449170391533656,0.025442891374750302,356.02408900976235
0,0.03105645488098492,0.030325445021562505,356.44096926488515
0.005960210016975106,0,0.02885632208897371,351.50989003457346
0.011920420033950212,0,0.032071618536921774,351.65734684465616
0.011920420033950212,0,0.025661362126665362,351.56516199257067
0.06666666666666665,0,0,351.7543155690171
0.06882502956040415,0.005505667053939281,0,352.4270342118769
0.06666666666666667,0.05,0,361.5317697884544
0.07333333333333335,0.05,0,361.5727605222465
0.07002638675982073,0,0.028477642885838077,352.2517652261198
0.005120342368306838,0.04999999999999999,0.010687291810838781,360.9242808128674
0.010240684736613676,0.04999999999999999,0.014964327211421153,361.1088734247041
0.005120342368306838,0.049999999999999996,0.01709754822109519,361.0452399494334
0.04003608479499824,0,0.010120570350086497,351.70569136395983
0.036711460839978526,0,0.004641149773875221,351.57027842260726
0.03342292167995706,0,0.009282299547750441,351.6128208340999
0.07769211500397008,0.044367819922208236,0,360.05013290708143
0.04429786284725479,0.010718556413940006,0,352.9404359421489
0.04644679427088219,0.01607783462091001,0,353.7910652199707
0.039966178964655485,0.015598227683627,0,353.6418095714666
0.037254529363385164,0.05,0.025565258874562343,361.7378833288514
0.04382195121787526,0.05,0.02637653558149873,361.8334501580237
0.04046321246256866,0.05,0.03114305766512998,361.8702285429393
0.043424396054911545,0,0.036918934134867146,352.1525897103288
0.04660602869196796,0,0.04352439011449889,352.2698783968283
0.0500365283421139,0,0.037971576226604645,352.23285184720015
0.01652647870570732,0.05,0.06302954296503085,361.91727057268054
0.059899325880870206,0,0.045062584943551316,352.40597076834166
0.06658049078257008,0,0.04554813768086623,352.4581892719655
0.06332982553101615,0,0.039509771055657075,352.36146452434105
0.01771505728527921,0.03620169390766243,0,357.37561908696625
0.022979230565446148,0.03738976625930165,0,357.74140749537804
0.026972482040283262,0,0.05618144700409816,352.1778985233432
0,0.03290868142769673,0.07711809427044644,357.3795121607902
0,0.027639962972485346,0.07942053391240786,356.274196472786
0,0.027398858406175574,0.07276663824156068,356.17400174753016
0.0733333333333333,0,0.011547005383792525,352.000173275971
0.07666666666666665,0,0.005773502691896262,351.9140073423461
0.06999999999999998,0,0.005773502691896262,351.88079624961745
0.03674754563497677,0,0.014761720123961715,351.74642336873995
0.03013438251993559,0,0.013923449321625661,351.6499498416163
0.0335038428192421,0,0.019386792266162238,351.78211429387983
0.053315914576706085,0,0.010958841152422554,351.8526119513377
0.046649247910039424,0,0.010958841152422554,351.79024704519634
0.04997387186505914,0,0.01643826172863383,351.9144258771171
0,0.016934730382909213,0.051542039260561584,354.0327317549582
0,0.017502365340891293,0.04452838755739852,354.0442745336456
0,0.02217104241733967,0.04977607028495186,354.930904987531
0.02604979836359883,0,0.018907852405954915,351.6762817321362
0.005657223085504471,0,0.06131021805150672,351.8907322501914
0.011306309475749933,0,0.05860566020283092,351.9624667915412
0.005649086390245463,0,0.0549877498436319,351.827730718087
0.05772758487929797,0.04434300626351186,0,359.911552960908
0.05333333333333333,0.05,0,361.4218985090151
0.03694572105500607,0.05,0.004803220431142359,361.33936895202413
0.0302790543883394,0.05,0.004803220431142359,361.24680168056585
0.033333333333333354,0.05,0,361.18613097545045
0.07533733011352123,0.022067266684410513,0,355.05323376713966
0.07753774889042046,0.027596086219346127,0,356.13625889126814
0.07087592623501095,0.027574640231689075,0,356.09776192472935
0.005649086390245462,0,0.04216723702311907,351.68193699921886
0,0,0.044871794871794886,351.61109663133465
0.005649086390245462,0,0.04857749343337549,351.7579079442723
0,0.022547145604442397,0.019641323896552352,354.5722455075298
0,0.02185453062941587,0.01375193685359945,354.34449252538917
0,0.027149270927055866,0.014670950684985206,355.3722469056359
0.039999999999999994,0,0,351.5223226071384
0.04214893142362739,0.005359278206970003,0,352.184188404538
0.035668316117400685,0.004879671269686994,0,352.0486592654808
0,0.027742152332814185,0.004277641007404566,355.298162762844
0,0.022150971332295027,0.008555282014809132,354.30508905923057
0,0.02218659677725863,0.004277641007404566,354.23123263812164
0.07333333333333332,0,0.023094010767585042,352.18852530885505
0.07666666666666665,0,0.017320508075688783,352.11246084766907
0.06999999999999998,0,0.017320508075688787,352.07909010528743
0,0.022139868897293892,0.08145853024130377,355.2186691162283
0.06644514822057143,0.03307864610792832,0,357.241399359884
0.0642447294436722,0.02754982657299271,0,356.0499689391002
0,0.027445711629935025,0.009474295846194886,355.33750041978055
0.05017980957616282,0.05,0.0056144971380787485,361.5122217094402
0.05369295248565897,0.05,0.011228994276157497,361.6623391259245
0.047026285818992306,0.05,0.011228994276157497,361.59353927033635
0.029743854144087162,0,0.03467154180564165,351.9588035358694
0.03719789859973043,0,0.03515048166584898,352.05882095327723
0.02005004006934656,0.02441469851068276,0,354.92258354763385
0.016572585927918805,0.029302540861493642,0,355.8399002179918
0.016963532561254407,0,0.06222357056202994,352.08926888224346
0.04666666666666665,0,0,351.5928101339649
0.015177254986331575,0.02328378769173903,0,354.6293859720275
0,0.03549802723440269,0.007880216370512269,357.03720781576504
0,0.03303689263045418,0.005196654838790319,356.4322678435654
0,0.035794467937281846,0.00268356153172195,357.00213971489
0.04356116387384327,0,0.04836139362511248,352.2957779563902
0.04336070875001795,0,0.015599990926297772,351.83458204724025
0.04011700593428328,0,0.020225063068498295,351.8738350928454
0.032365105768419625,0.0328667579164113,0,356.8450997539667
0.028243403845613087,0.038577838610940864,0,358.10693735901236
0.07999999999999997,0,0.011547005383792521,352.0293089557934
0.011048390618612536,0.025090582796551318,0,354.90055152315045
0.005524195309306268,0.02643418028716455,0,355.06100611135844
0.005524195309306268,0.020878624731608994,0,354.0187717828296
0.08199915276893074,0.022088712672067565,0,355.0851621503285
0.07979873399203151,0.01655989313713195,0,354.10869223107295
0,0.0055555555555555575,0,351.5812353178582
0.004128864367719039,0.009304316006298826,0,352.1575618157179
0,0.011111111111111115,0,352.33746390488756
0,0.029515722145368566,0.03566094731387079,356.19304411969176
0.027224775443345447,0.05,0.009606440862284718,361.3002778952702
0.030837163165018167,0.05,0.014409661293427078,361.44874619019623
0.025678451144985615,0.05,0.013883476262867091,361.36028037630757
0,0.005644910127636404,0.04923196180480259,352.3377900512271
0,0.011289820255272809,0.053592128737810295,353.1682239295592
0.005960210016975106,0,0.03526657849923012,351.59872677093614
0,0,0.03846153846153847,351.5317185680326
0.020000000000000018,0.05,0,360.97998266848634
0.024121701922806552,0.04428891930547043,0,359.4852316638523
0.026666666666666686,0.05,0,361.0881623325054
0.03781724754102808,0.010238949476656996,0,352.7980435483681
0.073136911336622,0.016538447149474896,0,354.07476317046553
0.06867550745811171,0.02204582069675346,0,355.0127361231823
0.08666666666666664,0,0.011547005383792514,352.0500652425828
0.08999999999999998,0,0.005773502691896257,351.95549923853554
0.08333333333333331,0,0.005773502691896257,351.93890795960925
0.05059268646283706,0.05,0.02747068732542536,361.92633849501544
0.054004682952492264,0.05,0.03333136115298324,362.053948669418
0,0.022222222222222227,0,354.1544663244824
0.032510368468616116,0.05,0.05596225516743414,362.1001881599947
0.03824991893775152,0.05,0.05256027751603841,362.13904634289054
0.04184928680210452,0.038631925568982296,0,358.30248131572506
0.037455035256139885,0.04428891930547044,0,359.67790493857467
0.023378127506645197,0,0.00464114977387522,351.39618514189624
0.026666666666666665,0,0,351.35664047768216
0.019999999999999997,0,0,351.2614412006232
0.017999600712033298,0,0.004117728649829512,351.30708182488024
0.030788368589473217,0.04428891930547044,0,359.5866738117505
0,0.02726255832435453,0.05972088170602192,356.02543793596476
0,0.02733495638806233,0.05386549150768202,355.9769445401008
0,0.03249887035878499,0.05795491273041219,357.113346976944
0,0.006212545085618486,0.02298754087087029,352.0596658534541
0,0,0.019230769230769235,351.2566271265764
0,0.005519930110591957,0.01709815382791739,351.87728616230453
0.031336632234801376,0.009759342539373987,0,352.6484887883391
0.017912807964720927,0.05,0.03742939123830036,361.62644863288614
0.012356247336292574,0.05,0.033119744250301036,361.4597314192268
0.01853437100443886,0.05,0.030448847144682323,361.53125388699607
0,0.0383567129270926,0.05591558098493073,358.4430982461066
0,0.044214555495400196,0.05387624923944926,359.89857085993134
0,0.0441421574316924,0.059731639437789155,359.9444934486208
0.031692785304531484,0,0.05459673185103012,352.22453789036587
0,0.01863763525685546,0.030501084151072402,354.04651760317114
0,0.012425090171236972,0.033154568921227756,353.0829918638308
0,0.012425090171236972,0.026744312510971344,352.98962934565236
0.0469608885920831,0.05,0.04433812782830869,362.1399466750995
0.04398946940688692,0.05,0.04915829986464267,362.1686271020238
0,0.03829600748313057,0.01680356608783705,357.8608497674067
0,0.03520158653152353,0.013076871209302588,357.06768474555906
0,0.04105358278995824,0.014290472780768679,358.49153845685925
0.006666666666666665,0,0,351.04589526108197
0.0041288643677190396,0.0037487604507432694,0,351.43307340380824
0.05664924791003941,0,0.016732343844318813,351.97772457962856
0.053342301336526815,0,0.022115975962571855,352.03566943431156
0.02721076027279971,0.05,0.04055199823098206,361.8253141854075
0.026589197233081778,0.05,0.047532542324600094,361.90936675739573
0.02225100259890135,0.05,0.04248096678145022,361.7722885692835
0.021965214207262072,0,0.02389225549028417,351.69549138132834
0,0.016559790331775872,0.0128329230222137,353.4137748850107
0,0.01659541577673947,0.008555282014809132,353.34361348154715
0.08430703776496068,0.01105422608319267,0,353.26259483319905
0.07764521510955116,0.011032780095535617,0,353.23524463226477
0,0.03842911099080039,0.04364993437633442,358.31089113572335
0,0.0442145554954002,0.04746599282919285,359.820873024915
0,0.038429110990800396,0.05006019078659084,358.39243138360666
0,0.045755288231016544,0.029309977716371748,359.9712003085279
0,0.04575528823101655,0.035720234126628156,360.0693233281531
0,0.0415105764620331,0.03297892979171786,358.92118932586067
0,0.03852541942969456,0.07483512326437422,358.665510163991
0,0.011089940232625061,0.07917555923523154,353.3667718604988
0,0.005540105643147679,0.0748545919002634,352.5666352629868
0.015907313729202937,0.04680832072501051,0,360.01995366293414
0.013333333333333345,0.05,0,360.86246306526857
0.009240647062536264,0.04680832072501051,0,359.8958936862098
0.021577520424792513,0.05,0.019229871546618836,361.3928880828337
0.020519739124953064,0.049999999999999996,0.013357291232307103,361.2656692927134
0,0.05,0.00641025641025641,360.7288568740582
0,0.04690557904839296,0.00909381794197836,359.92112446770227
0,0.04690557904839296,0.00268356153172195,359.7889850554732
0,0.034184399221816944,0.04090863004142413,357.2820348697253
0,0.03996984372641675,0.03831443208402614,358.6144031440866
0,0.05,0.01282051282051282,360.85611400590216
0,0.04690557904839296,0.01550407435223477,360.0439052557869
0.018857528642639614,0.043100846953831214,0,359.0889799037979
0.014764842371842533,0.03990916767884173,0,358.2120958870572
0.022038544750212538,0.05,0.060460383341466584,361.9866124526679
0.01659808029549619,0.05,0.05721001119528365,361.8567812588242
0.02211014634000141,0.05,0.05464085157171937,361.9234410945257
0.0570262858189923,0.05,0.01700249696805376,361.80437062928297
0.06351314290949615,0.05,0.01716150252187128,361.86071442660693
0.06017980957616282,0.05,0.011387999829975015,361.72315385690183
0.02584398482381546,0.05,0.030680250651498205,361.6562941706333
0.03315359864319206,0.05,0.03091165415831409,361.7692857226145
0.030182179457995884,0.05,0.03573182619464807,361.80041818172083
0.05665795728835303,0,0.005479420576211277,351.78403829371024
0.04999129062168637,0,0.005479420576211277,351.7259721716874
0.01747658970459941,0.05,0.024576266830370584,361.41596815111075
0.011298466036453125,0.05,0.02083690752573289,361.23657645053004
0.016418808404759965,0.05,0.018703686516058853,361.2938545019167
0,0.017945020281828927,0.024611697108119498,353.83910831157544
0,0.0172524053068024,0.0187223100651666,353.6281940721886
0.07999999999999999,0,0,351.8205923044126
0.07549169622707082,0.005505667053939281,0,352.4621009890031
0.07333333333333332,0,0,351.79161136907635
0.010626477395675071,0,0.020153537918290398,351.45966055362965
0.016586687412650177,0,0.02336883436623846,351.6059911226152
0.016955395865995395,0,0.055901102354155116,352.02692424049235
0.021968007300768835,0,0.059202508783064045,352.13670259961157
0.021959870605509822,0,0.052880040575189226,352.07139232860686
0,0.02188903538465442,0.06841518221267492,355.07083644829953
0,0.016725121413931763,0.06432576098994475,354.1300978850291
0,0.021993839869143147,0.06202332134798333,355.03055148890127
0.0633333333333333,0,0.005773502691896262,351.8392702921658
0.05999999999999998,0,0,351.70870490423493
0,0.05,0.0641025641025641,361.5933923183368
0,0.05,0.05769230769230769,361.5266545134852
0.04673016904932446,0,0.021063333870834353,351.9572410431876
0.041752898103394664,0.021674142386077105,0,354.70757300076934
0,0.05,0.05128205128205128,361.4527990913359
0.005556560628428353,0.05,0.04918144185979419,361.5469450419737
0.005556560628428353,0.05,0.0555916982700506,361.6232464825144
0.02162943955918342,0.05,0.049461510875068254,361.8531793517109
0.01729124492500299,0.05,0.04440993533191839,361.71291050226455
0.04685489570505748,0,0.0313661202469729,352.1120368354205
0.05346702799225984,0,0.032418762338710404,352.1888208773427
0.0393043220582444,0.03292084487445273,0,356.9474564160097
0.034910070512279755,0.03857783861094087,0,358.20164199078977
0.022334982784067356,0.004879671269686994,0,351.87008692914645
0.02900164945073402,0.004879671269686994,0,351.9634925014239
0.017569506424195674,0,0.03577731709850238,351.798457879076
0.017258382797466033,0,0.04267797562239134,351.8821130788849
0.03740458501950826,0.05,0.015220938000363466,361.55502523531766
0.034045846264201665,0.05,0.019987460083994713,361.5973892112704
0.05999129062168636,0,0.01125292326810754,351.91187730182116
0,0.05,0.019230769230769232,360.97401251360174
0.006178123668146286,0.05,0.022970128535406927,361.1717044385825
0,0.05,0.02564102564102564,361.08523505869744
0.037059001935907145,0.0272704501512442,0,355.7255845121014
0.03057838662968044,0.02679084321396119,0,355.54364198441226
0.05096452951392145,0.010718556413940006,0,353.0071537281109
0.05312289240765895,0.016224223467879287,0,353.8799817659264
0.023612387721672734,0.05,0.004803220431142359,361.14402338803353
0.018453675701640183,0.05,0.004277035400582372,361.046244163932
0.01666968188528506,0.05,0.05139047942553643,361.7906394951311
0,0.006212545085618486,0.0293977972811267,352.15529994937555
0,0.034051295714147126,0.020472518163183157,356.9383854091962
0,0.03244401122469586,0.015589964516370958,356.4970380257507
0.05999999999999999,0.05,0,361.48161318726034
0,0.02784188590208239,0.020560337727938104,355.6133336827389
0.02675625501329039,0,0.00928229954775044,351.5256880222273
0.011314446171008942,0,0.06492812841070573,352.022122273408
0.005657223085504471,0,0.06772047446176313,351.9483385367789
0,0.03565858020359838,0.025355071809995355,357.3858577207412
0.005484959038639482,0.05,0.06782148645005423,361.7478033490096
0.010969918077278965,0.05,0.06513015238728795,361.8333923069982
0,0.05,0.07051282051282051,361.6533189326394
0,0.044142157431692405,0.06614189584804557,360.00889483776257
0.02706990401389977,0.05,0.052711883021251196,361.98090824469176
0.027550610794717757,0.05,0.0578912237179023,362.04779371624227
0.03749179327737248,0.05,0.035963229701463956,361.90612272144114
0.02994491554400856,0.05,0.02533385536774646,361.6316055100763
0.04869211439321944,0.021728229344118537,0,354.7921564145838
0.0553682125299962,0.021874618191087814,0,354.88188306496863
0,0,0.07051282051282054,351.867201005626
0.006178123668146286,0.05,0.029380384945663335,361.2784556392201
0.006178123668146286,0.05,0.03579064135591975,361.37726577931585
0.01333333333333333,0,0,351.1577505826425
0.01746219770105237,0.0037487604507432694,0,351.6567447121684
0.011298172780490926,0,0.052283191994956096,351.8967760995525
0.06666666666666664,0,0.011547005383792525,351.9627320258499
0,0,0.025641025641025647,351.3545328002408
0.005960210016975106,0,0.0224460656787173,351.41484477169854
0,0,0.06410256410256412,351.81237450656977
0.04371205052732588,0.05,0.037740592746719336,362.010061957345
0.0407406313421297,0.05,0.04256076478305332,362.04234926005796
0.0633246239550197,0,0.017026425960003803,352.0326126556852
0.019797180485119727,0.008628431720430263,0,352.32648200319693
0.017259378186172104,0.012377192171173532,0,352.8270470428498
0.030044794173311858,0,0.00464114977387522,351.48735118636205
0.033333333333333326,0,0,351.4436009465205
0.011787009034973511,0.049999999999999996,0.004277035400582371,360.9259673981717
0.006666666666666672,0.05,0,360.73321588179635
0.022289809688443893,0,0.03419260194543433,351.8483631302127
0.04351314290949616,0.05,0.005614497138078748,361.4384375907892
0.040458863964502205,0.05,0.010417717569221108,361.5003286582589
0.01173468429657464,0.05,0.04010028834391907,361.55047915660134
0.05684647624282948,0.05,0.0056144971380787485,361.5764789763569
0,0.005519930110591957,0.004277641007404566,351.65605733607146
0,0,0,350.9258752359414
0.09333333333333332,0,0,351.85372806370896
0,0.02213013995096419,0.0750690778835221,355.1705438097769
0,0.05,0.03205128205128205,361.1885165432513
0,0.016631041221703072,0.004277641007404566,353.2705421855533
0,0.01666666666666667,0,353.19456099702944
0,0.05,0,360.5922411180696
0.005120342368306838,0.049999999999999996,0.004277035400582371,360.79396305215687
0.06333333333333332,0.05,0.005773502691896267,361.63293144499187
0.03348556365842878,0.01511862074634399,0,353.4853915567141
0.028791667490941253,0.020714928511511084,0,354.3692124583278
0.027004948352202074,0.01463901380906098,0,353.3218111757133
0.04399821822573191,0.027324537109285632,0,355.81905455003016
0,0.05,0.038461538461538464,361.28385696726315
0.005556560628428353,0.05,0.042771185449537785,361.46356650817484
0,0.05,0.04487179487179487,361.37186657592855
0.03452037409217631,0.05,0.04078340173779794,361.93578044452323
0.088820185549147,0.005527113041596334,0,352.50966394485727
0,0.011185015770784085,0.05998398960250188,353.21916856242103
0,0.005644910127636405,0.055642218215059006,352.40778275931416
0,0.016630045875772742,0.07710707421241801,354.22101040190705
0,0.006212545085618487,0.03580805369138312,352.2447255187846
0.06666666666666668,0.05,0.011547005383792535,361.7751353918834
0.040000000000000015,0.05,0,361.2738885973217
0.04881559809029405,0.005359278206970004,0,352.2527910609324
0.01690735140328035,0.05,0.008554070801164744,361.1078875875745
0.0220660634233129,0.05,0.009080255831724731,361.20715537627507
0.023527494210774318,0.019526856159871868,0,354.083220533541
0.04037953123678685,0,0.04175593764548073,352.1815183377036
0.037334666418662156,0,0.04659294115609431,352.20505898151214
0.019377328930711795,0,0.012876607073534243,351.48088832958473
0.021377728218678494,0,0.008758878423704732,351.4402337494489
0.0159992014240666,0,0.008235457299659023,351.3493284217205
0,0.0415105764620331,0.026568673381461447,358.8202837106221
0,0.038284314863384794,0.06818122759352703,358.55011870185035
0,0.03242647229507719,0.06381030292875209,357.1573353528781
0,0.038284314863384794,0.06177097118327062,358.48805372841844
0.055455169758595955,0.03868601252702373,0,358.4586226975755
0.010240684736613676,0.04999999999999999,0.008554070801164743,360.98485365927155
0.015361027104920516,0.049999999999999996,0.012831106201747114,361.1649129394137
0.011609296407220568,0,0.03897227706081073,351.74439150373917
0.013998802136099898,0,0.012353185949488532,351.388180991144
0.06997010543786208,0,0.03989964162930028,352.40830110670555
0,0.005540105643147679,0.06203407907975059,352.4578073969132
0,0.02323976057946893,0.025530710939505253,354.7964935418791
0.012356247336292573,0.05,0.02670948784004462,361.35745156304716
0.031548954906980134,0.05,0.04560357377413192,361.95920171218563
0.011814627458405854,0.04361664145002102,0,359.09579506570407
0.005147960791739182,0.04361664145002102,0,358.96519471547293
0.03687330311854861,0,0.024850135210698815,351.90775209937084
0,0,0.0512820512820513,351.6843265233981
0.02475585572532369,0,0.01340002819757995,351.5681446130755
0.020671271568986935,0,0.018384431281909207,351.59062898850914
0.043486466233589795,0,0.025688406013034872,351.9947201701784
0.040242763417855126,0,0.0303134781552354,352.0268632580897
0.05053942872848845,0.05,0.016843491414236245,361.7391936359632
0.05395142521814365,0.05,0.022704165241794118,361.8786511910457
0.04718068997318185,0.05,0.021610013497867488,361.78977185569846
0.00809817570517586,0.03435361212328617,0,356.7801078745147
0.002573980395869591,0.035697209613899404,0,356.97748631451555
0.0820557654559666,0.03875930203329261,0,358.64559481582506
0.07538423000794013,0.03873563984441646,0,358.61105186211284
0,0.0379591618383512,0.010563777902234218,357.66450649937127
0,0.03825560254123036,0.0053671230634439,357.6336421453352
0.01067215610104545,0.036717488403852236,0,357.3710822786386
0.048788503091929294,0.03868601252702373,0,358.3935381930493
0.07999999999999999,0,0.023094010767585035,352.2177454523075
0.011048390618612536,0.030646138352106875,0,356.02511485275494
0.0046662673786999655,0,0.004117728649829511,351.0863569145272
0.05333333333333331,0,0,351.65493756633043
0.05664866062931626,0,0.03902421831834216,352.3047244486629
0.024669965568134715,0.009759342539373987,0,352.5568769208432
0.050937434515556684,0.027378624067327065,0,355.9027421403478
0.057613532652333446,0.02752501291429634,0,355.99327889516184
0,0,0.05769230769230771,351.75140824422306
0.08333333333333331,0,0.017320508075688777,352.13745219701764
0.022635301724631962,0.05,0.025102451860930575,361.513278959645
0.026736232444825064,0.05,0.019756056577178827,361.48577639404505
0.005147960791739182,0.03806108589446547,0,357.5823232748305
0.002573980395869591,0.04125276516945496,0,358.30965825603556
0,0.01662031692944304,0.07071762185463634,354.1692362607973
0.04332462395501971,0,0.005479420576211276,351.6595459552034
0.0046662673786999655,0,0.016938241470342334,351.3054295603941
0.009332534757399931,0,0.014645713709915433,351.34928084858325
0.032029661687798125,0.05,0.05078291447078303,362.0320229439629
0.011113121256856706,0.05,0.04708083243753711,361.6324940174641
0.03762697458918737,0,0.0514790627380713,352.26429375366195
0,0.01807000029887338,0.03751473585423547,354.0488698163833
0.009332534757399931,0,0.008235457299659021,351.240458832928
0.03140047713400627,0,0.04971061026905313,352.1673743637409
0.026680173869758045,0,0.051295325422121174,352.12171776569124
0,0.01682992589842049,0.05793390012525318,354.0845963830827
0.04624353834806916,0.032974931832494156,0,357.0400306304417
0,0.03257126842249279,0.0520995225320723,357.0636472208218
0.011041519667067836,0.05,0.059310620617540735,361.77514311661565
0.005484959038639482,0.05,0.061411230039797815,361.68490799925985
0.03527228279716796,0.021194535448794096,0,354.5419739126728
0,0.016639774822102445,0.08349652657019968,354.2664861192043
0.07098339245414165,0.011011334107878561,0,353.1993251705621
0.015292744774375039,0,0.017861010157863497,351.49952518993217
0.06431672578747497,0.011011334107878561,0,353.158172551646
0.06647508868121248,0.016517001161817844,0,354.0322648490897
0.059798990544435715,0.016370612314848564,0,353.9603816422994
0,0.03888888888888889,0,357.6744684382487
0,0.044444444444444446,0,359.0742168123215
0,0.0413500234928374,0.0026835615317219496,358.3364244193439
0,0,0.012820512820512825,351.1524666651061
0,0.005519930110591957,0.010687897417660979,351.7697168335586
0.017880630050925318,0,0.028876658574613426,351.7075787891927
0.016947259170736386,0,0.04957863414628029,351.9585443886195
0.06671944018630813,0,0.03386127500409112,352.30842729017013
0,0.011732475196210443,0.020854925468018443,352.79473485427974
0,0.011039860221183913,0.014965538425065544,352.5963354151159
0,0,0.006410256410256413,351.04221603489435
0.03776921215693353,0.05,0.0473809368193873,362.06840010735135
0.01133293404536663,0,0.004117728649829511,351.2008017214937
0.011298172780490926,0,0.04587293558469969,351.8242122727479
0,0.045755288231016544,0.02289972130611534,359.86513622836065
0,0.03990329197258184,0.021686119734649248,358.33750427496466
0.050098598520792154,0,0.026741048104772378,352.07652115440584
0.011113121256856706,0.05,0.053491088847793515,361.7112414763963
0,0.044214555495400196,0.041055736418936443,359.73609809664066
0.02213216326918709,0.013508102990117257,0,353.0743635573988
0,0.03572513195743329,0.03557312774911584,357.55910782835014
0,0.03726586469304965,0.030237625456807554,357.83945496038586
0,0,0.03205128205128206,351.44622994739296
0.07307634501191018,0.03310345976662469,0,357.2873422537305
0.03415303378160574,0,0.039987485176462556,352.08539066489857
0.012386593103157118,0.011246281352229806,0,352.5798616320663
0,0.02740735445177013,0.048010101309342135,355.9227397640487
0.05321816097917032,0,0.044577032206236405,352.34522909324005
0,0.040716737145178865,0.00805068459516585,358.2875032871872
0.056710730807994505,0,0.02779369019650988,352.14993260322456
0,0.03274045192757502,0.010393309677580637,356.46694852019857
0.04723394770753046,0.05,0.03223720940905661,361.96712588157544
0.004128864367719039,0.014859871561854383,0,352.98291873273996
0.009653059677025306,0.019071829626796707,0,353.77736787512345
0,0.0271577538398658,0.0661127425707135,356.0668694789931
0.060079160279462196,0,0.03347140443044791,352.2572153838564
0,0.02273867737532175,0.042762418581788794,354.9495030688049
0.05048278577228769,0.05,0.038834744490645966,362.10101202032354
0.007721941187608772,0.040424962175031526,0,358.20750687679606
0.022872565638619283,0.05,0.035500422687832184,361.6826649103443
0.026698989325962468,0,0.039508545316255236,351.9813609981329
0.0046662673786999655,0,0.010527985060085922,351.19893832183135
0.05318275463789393,0.03302901879053559,0,357.12282239726284
0.002573980395869591,0.04680832072501051,0,359.7601061292308
0,0.043811158096785915,0.01177737947370031,359.1484021803155
0,0.043811158096785915,0.0053671230634439,359.0207391118458
0.018654709127759333,0.018395945340928144,0,353.8128979365806
0.05981395142923268,0.03305383244923196,0,357.18655940772805
0.062086366549934706,0.038710826185720096,0,358.52033638359933
0,0.04414215743169239,0.07255215225830197,360.06648503635535
0,0.023306312333303835,0.035748766878625736,354.96115365412896
0.06204431066677296,0.02202100703805709,0,354.9630930457708
0,0.03264366648620059,0.04624413233373241,357.00823608451134
0.043972006873998354,0.05,0.016032214707299854,361.65184105057335
0,0.02209864435363187,0.05563146048329175,354.9839034033249
0.04061326811869176,0.05,0.0207987367909311,361.6983121484173
0.013622371014482127,0.03301001463267294,0,356.5818800590372
0.031108168963481043,0,0.04482448868707614,352.10657239295364
0.03389144211001212,0.05,0.00960644086228472,361.39765481631565
0,0.044148003741565287,0.01801716765930314,359.3531745966903
0,0.03266757686138696,0.07046419859959926,357.27189252847467
0,0.011039860221183913,0.008555282014809132,352.48535721909457
0.08215351888248033,0.005527113041596335,0,352.4914415910326
0.008257728735438077,0.013053076457042095,0,352.7780189444189
0.013781924044744345,0.01726503452198442,0,353.54270644338567
0,0.02797498940975221,0.04099644960617907,355.9483931479091
0.08666666666666666,0,0,351.8413090325295
0,0.011075485666147515,0.004277641007404566,352.41286550825623
