% Model,3d_full_flux.mph
% Version,COMSOL 6.2.0.339
% Date,"Apr 17 2026, 16:23"
% Dimension,3
% Nodes,4286
% Expressions,1
% Description,Volume
% X,Y,Z,Temperature
0.17656132305921285,0.05,0.24539001097615984,327.26657933978464
0.17333333333333337,0.05,0.25,327.2438487898791
0.16989465639254617,0.05,0.24539001097615984,327.30917916030023
0.09785108682395038,0.027726898495404904,0.25,322.3861575662238
0.1000925894728541,0.03328181003790619,0.25,323.4210849700418
0.10449794177632822,0.027733304452145127,0.25,322.3867046352535
0.2,0.03372003901035904,0.1861366274361847,323.4862849013863
0.2,0.03919779934264397,0.19030176612715233,324.6503651212718
0.19999999999999996,0.039044479335430135,0.18397741492575698,324.6398228423475
0.19577290344402273,0.04647521159494428,0.25,326.1011650725373
0.2,0.05,0.25,327.0306599473427
0.2,0.044444444444444446,0.25,325.53459865593186
0.20000000000000004,0.03970541749367719,0.20937476088977364,324.6760163653391
0.20000000000000007,0.03438097716860609,0.20512371698994492,323.5369788871999
0.20000000000000007,0.034735275312425484,0.2114621041409145,323.5762068330854
0.1,0.05,0.25,327.4688643842257
0.09333333333333335,0.05,0.25,327.4670356318915
0.09666666666666666,0.05,0.24422649730810375,327.5234268582894
0.1625600087032334,0,0.21370454342262063,319.51506727169226
0.16684695288401208,0,0.21878578569668544,319.46967927361675
0.1698248161400387,0,0.21406754981159695,319.47944107532214
0.19438707888783163,0.05,0.1822849676352139,327.51219027866097
0.18877415777566323,0.05,0.1786724993729919,327.57401689362365
0.19438707888783163,0.05,0.17587471122495751,327.5340736950361
0.2,0,0.17948717948717946,319.4352983294029
0.2,0,0.18589743589743588,319.41513962914746
0.2,0.005771578769674226,0.18386806866697095,319.7380138743282
0.18868709546784304,0.05,0.19756523420086725,327.498179179117
0.18303064320176457,0.05000000000000001,0.20019400514745475,327.5305711581441
0.18307417435567466,0.05000000000000001,0.19395276593864527,327.55958788773495
0.16981582660076117,0.006452880617861938,0.25,319.6249209881262
0.17333333333333334,0,0.25,319.24683827277215
0.16666666666666669,0,0.25,319.279237136681
0.15015755669225445,0.05,0.2334557015909966,327.5121844128003
0.14343837112816962,0.05,0.2331969650354348,327.5404529179543
0.14694763162361918,0.05,0.22819754152879215,327.5649857480817
0.19577290344402276,0.04091965603938871,0.25,324.7059336215349
0.2,0.03888888888888889,0.25,324.1992112102739
0.15333333333333338,0.05,0.25,327.3519724062461
0.15005251889741816,0.05,0.24448523386366555,327.4185285259098
0.15671918556408485,0.05,0.24448523386366555,327.38867538192875
0.2,0.005771578769674226,0.19027832507722736,319.7159159397436
0.2,0.0117461274236881,0.19464571272414175,320.1901649466079
0.2,0.011543157539348451,0.18824895784676243,320.194766002402
0.17439879130832187,0,0.2361551209948211,319.33293112949127
0.17286300173654562,0,0.24041232833601056,319.3138959632774
0.17796729044004905,0,0.24094895682681583,319.28351447502797
0.12894486494857954,0.03893184331585173,0.25,324.5964688947952
0.12447243247428977,0.044465921657925865,0.25,325.94719413736294
0.13113909914095645,0.04446592165792587,0.25,325.9321460243788
0.17378338179202923,0.05,0.23113407692858218,327.4041660113678
0.16635177127618772,0.05,0.23064234072270126,327.45314304759995
0.1704511838905785,0.05,0.225606384722804,327.4656760788768
0.2,0.011543157539348451,0.18183870143650602,320.2165082974051
0.18906352138794558,0.0055719509085705166,0.25,319.4561540255345
0.18479370944255785,0.011143901817141033,0.25,319.9254358602491
0.1914603761092245,0.011143901817141033,0.25,319.8831474259431
0.11112876645920328,0.04443154065046221,0.25,325.95746647057746
0.11779543312586994,0.04443154065046221,0.25,325.9497416582153
0.11559086625173987,0.03886308130092442,0.25,324.60444873153807
0.20000000000000004,0.02364562179344271,0.20954006726291835,321.5979946212734
0.20000000000000004,0.023291323649623313,0.20320168011194878,321.575375459523
0.2,0.017923645962041622,0.20540985524843547,320.82576736062725
0.2,0.011949097308027748,0.20745272401177747,320.15426099907546
0.2,0.011949097308027748,0.20104246760152106,320.18324525261954
0.18833761674085844,0.049999999999999996,0.21093154387156796,327.4313322231753
0.19399406900693691,0.049999999999999996,0.2147130293352369,327.3602127229842
0.18798813801387385,0.04999999999999999,0.21788759713201225,327.392353239404
0.2,0.017720676077701975,0.19901310037105613,320.8292422929313
0.2,0.023088353765283662,0.19680492523456944,321.57344863401414
0.2,0.017517706193362327,0.19261634549367682,320.83039858704115
0.1222678656001597,0.03889746230838808,0.25,324.60219133563146
0.16666666666666669,0.05,0.25,327.28427997688624
0.16322798972587949,0.05,0.2453900109761598,327.34725829282917
0.19999999999999998,0.02273206387373019,0.18408381915579478,321.56973763636825
0.2,0.01718909680365388,0.1797620180445905,320.83536304827396
0.19999999999999998,0.017314736309022676,0.18621959061629748,320.82923624295654
0.1503447691146056,0.05000000000000001,0.2122571894887252,327.6563240139663
0.14738869408490407,0.05,0.2055626676352261,327.70635414418507
0.15377522541388328,0.05,0.20619791260414663,327.6756031584518
0.06238288394882709,0.02218509910138524,0.25,321.4502050359995
0.05790990626386332,0.02777325317749974,0.25,322.326116781286
0.06459318378107928,0.027730418415656065,0.25,322.3388352312769
0.16241957432729415,0.0402080935700942,0.25,324.7664429603092
0.15798329877630077,0.04467890330035319,0.25,325.8879403023112
0.16443627555099338,0.045529190269741004,0.25,326.07496692242404
0.2,0.027812817671170345,0.24586599720222807,322.0402398987014
0.2,0.03333333333333333,0.25,323.0244976103689
0.2,0.034124979123350746,0.24522166635949705,323.2220094133008
0.1897382458102191,0,0.24148558531762104,319.2108838709487
0.18307157914355246,0,0.24148558531762107,319.2512813266576
0.1882024562384429,0,0.24574279265881055,319.19227052345803
0.17776960888432675,0.04552919026974101,0.25,325.99310052640135
0.18000000000000002,0.05,0.25,327.19889691488544
0.19486912290510955,0,0.2393325362485541,319.19154241049415
0.18973824581021914,0,0.23507532890736466,319.2512525148659
0.2,0.05,0.1794871794871795,327.4688279498122
0.13596572080798194,0.02230999802459925,0.25,321.4729232191754
0.1407108552928532,0.016810353563536835,0.25,320.7286229769304
0.13376900970822336,0.016721875536483313,0.25,320.73690689804494
0.1819344121996306,0.05,0.24588594656694984,327.22389698871234
0.1886010788662973,0.05,0.24588594656694984,327.17194210900396
0.18666666666666668,0.05,0.25,327.148615185639
0.2,0.02860446346118776,0.24108766356172512,322.2137571309951
0.10666666666666667,0.05,0.25,327.4670770882311
0.10333333333333333,0.05,0.24422649730810372,327.52369964100865
0.1888934148492192,0,0.20291338323862482,319.4245510465812
0.19444670742460962,0,0.2008156659782868,319.3974557059494
0.18889341484921923,0,0.1965031268283684,319.45087890928426
0.2,0.04452223966771507,0.17532204079621183,325.999323188715
0.19999999999999998,0.03899460469445523,0.17111575099836795,324.67033636422514
0.2,0.03904447933543014,0.1775671585155006,324.66212446491323
0.16619633506987896,0,0.24041232833601056,319.3462160550509
0.16976483420160615,0,0.24520616416800528,319.2975926953671
0.1753618412561346,0.018477712144294393,0.25,320.7853728117805
0.16944747980228353,0.019358641853585816,0.25,320.9312542673051
0.17408021231833157,0.022702098022697917,0.25,321.37155061843015
0.14677170446150295,0.05,0.23897046772733105,327.4805977185162
0.15343837112816963,0.05,0.23897046772733108,327.45267336089324
0.20000000000000004,0.03402667902478669,0.19878532983897534,323.4953738348718
0.2,0.03935111934985779,0.20303637373880407,324.62751137508724
0.20000000000000004,0.0393511193498578,0.19662611732854768,324.6583256538458
0.18268116447477997,0.05,0.20715005840789902,327.4972727044591
0.18868709546784304,0.05,0.20397549061112366,327.46640709900066
0.16556873426138863,0.029994307521289475,0.25,322.622128626941
0.16040287310359488,0.0348869968704474,0.25,323.6028315996222
0.1668558498782875,0.03573728383983521,0.25,323.7470891297744
0.19999999999999998,0.01896477386853147,0.22344892682258616,320.86275834559257
0.19999999999999996,0.01264318257902098,0.21947877172787794,320.1613708149643
0.19999999999999996,0.01264318257902098,0.22588902813813433,320.125435695025
0.12454358697469088,0.027775261478198008,0.25,322.37168261082036
0.12674029807444945,0.03336338396631394,0.25,323.4094426780293
0.1312205863231107,0.027809642485661663,0.25,322.3632649307169
0.1901787471714215,0.026479398806655667,0.25,321.85836733162154
0.18590893522603374,0.020940238604115074,0.25,321.0474675814121
0.1846273062882307,0.025164624482518598,0.25,321.68376948352216
0.14005251889741815,0.05,0.23871173117176928,327.5070101257417
0.13333333333333336,0.05,0.23845299461620745,327.5295538263326
0.13671918556408483,0.05,0.232938228479873,327.56485271647347
0.20000000000000004,0.04047218046892372,0.2340330763087377,324.6952736071326
0.2,0.04523609023446186,0.23881140994924066,325.8361212779857
0.20000000000000004,0.045236090234461866,0.23240115353898425,325.886382576583
0.17999457377218264,0.021821168313406497,0.25,321.2088867950935
0.17871294483437963,0.026045554191810018,0.25,321.863215674671
0.14022844605953438,0.05,0.22793880497323035,327.59129699472436
0.13701852099089915,0.05,0.2226806449110259,327.6387047503412
0.14373770655498397,0.05,0.2229393814665877,327.6143507622099
0.1781706571384524,0.05000000000000001,0.19062132489791728,327.60991035530975
0.1782141882923625,0.05,0.1843800856891078,327.6346510654011
0.18311770550958473,0.05,0.1877115267298358,327.58582869578214
0.18460736871532868,0,0.23722837797643162,319.269367103048
0.17008440526988264,0,0.22451769009545436,319.4231684119161
0.16281959783307734,0,0.224154683706478,319.45904675633733
0.1660570502189479,0,0.22988658810524693,319.4117575370993
0.2,0,0.22435897435897437,319.24548322085025
0.1937921892525409,0,0.22701675333769988,319.27273883504915
0.2,0,0.23076923076923075,319.20895510081823
0.18,0,0.25,319.21142339603597
0.1764315008682728,0,0.24520616416800528,319.2637252111123
0.20000000000000004,0.040265948053210154,0.22807824037986868,324.69001045926916
0.08453700732554414,0.011075105617910135,0.24999999999999994,320.16906020397096
0.08226850366277207,0.005537552808955067,0.24999999999999997,319.7227240739213
0.07788712420736903,0.01106986781737865,0.25,320.1596775323515
0.19022146256083194,0.034049326159696094,0.25,323.24523840696224
0.19577290344402273,0.035364100483833164,0.25,323.4713760162852
0.19444855911680922,0.03201855900919626,0.25,322.8133045535243
0.13815995500035885,0.011177409700006717,0.25,320.13539536123216
0.18939546618185768,0,0.18497127593894058,319.4892817750021
0.18409319927278653,0,0.18130306775456473,319.53355669787703
0.1838421736064673,0,0.18706899319927864,319.5163027454219
0.19999999999999998,0.04452223966771507,0.18814255361672463,325.95361338317457
0.2,0.044522239667715076,0.18173229720646825,325.97785435907656
0.2,0.012296139943524364,0.21346574786982772,320.1587389386301
0.19999999999999998,0.018617731233034854,0.2174359029645359,320.8522740804912
0.2,0.01827068859753824,0.21142287910648572,320.83994375216946
0.15185083117842918,0.028324083797569843,0.25,322.3863925397529
0.14710569669355794,0.03382372825863225,0.25,323.4426337443812
0.15394989632890227,0.034036709901059586,0.25,323.45817775940344
0.2,0.023992664428939325,0.21555309112096854,321.61918425516683
0.17553921776865344,0.04105838053948202,0.25,324.8904516713929
0.16887255110198676,0.04105838053948201,0.25,324.93188688040846
0.17110294221766006,0.045529190269741004,0.25,326.036294068406
0.11666666666666667,0.05,0.23267949192431123,327.61073204773714
0.12000000000000001,0.05,0.23845299461620745,327.5586054493649
0.11333333333333334,0.05,0.2384529946162075,327.5676766152751
0.1943435477339215,0.05,0.19493646325427977,327.4610686056022
0.18873062662175313,0.05000000000000001,0.1913239949920578,327.5259205991225
0.10890329407980237,0.022184798866384067,0.25,321.50015657119167
0.11562508497736734,0.022185968928233074,0.25,321.49415729149126
0.11338358232846363,0.016631057385731784,0.25,320.76113230768254
0.14290756639261176,0.02239847605165277,0.25,321.4653417220363
0.14765270087748303,0.016898831590590357,0.25,320.7168021283946
0.2,0.005974548654013874,0.20308533636486312,319.67866680531824
0.2,0.005974548654013874,0.1966750799546067,319.70555148407084
0.16929450260481843,0,0.23561849250401584,319.3619356525315
0.2,0.040059715637496586,0.2221234044509996,324.6820027727466
0.20000000000000007,0.03529580587195845,0.2237553272207531,323.6188753870212
0.1433858522307515,0.05,0.24448523386366555,327.44443176350643
0.2,0.005771578769674226,0.17745781225671453,319.75781693500215
0.20000000000000004,0.0446755596749289,0.2008771612283764,325.93628011815764
0.2,0.05,0.19871794871794873,327.39005224316315
0.20000000000000004,0.0446755596749289,0.19446690481812,325.96628085475504
0.12333333333333335,0.05,0.24422649730810372,327.5016757595267
0.11666666666666668,0.05,0.24422649730810375,327.5126003758269
0.2,0.02229230200900736,0.24173199440445614,321.1994988215782
0.2,0.02225726211561479,0.24586599720222807,321.16412550761066
0.1683200915500978,0.05,0.19019968202527077,327.6757511281681
0.17322360876732004,0.05,0.19353112306599873,327.63078704701616
0.16854590155227267,0.05,0.19504179713196446,327.6532132985214
0.2,0,0.23717948717948717,319.17017820414515
0.19486912290510955,0,0.23292227983829772,319.2311151807893
0.16317516501584378,0.05,0.23526525581598517,327.4350153559471
0.15984296711439305,0.05,0.229737563610207,327.495285553387
0.16271225449696736,0.05,0.19814303337375674,327.6720496111328
0.156878607441662,0.05,0.201244269615549,327.68690118005566
0.15665279743948712,0.05,0.1964021545088553,327.71145167667237
0.19333333333333333,0.05,0.25,327.0925361964581
0.18910623677735608,0.04647521159494428,0.25,326.1582905012308
0.1914603761092245,0.022255012928252143,0.25,321.1956908848945
0.18719056416383678,0.01671585272571155,0.25,320.49734372969755
0.14929993088593485,0.03935780660070639,0.25,324.6296733974938
0.1513166321096341,0.0446789033003532,0.25,325.91836660115604
0.15596659755260153,0.039357806600706396,0.25,324.60060273014346
0.12902387522335212,0.02222151999754573,0.25,321.4769677888933
0.1773492127066879,0,0.22488069648443065,319.38356960530996
0.17332185765575317,0,0.23024959449422325,319.37412488488565
0.17411176032081738,0,0.21914879208566176,319.4318347748031
0.18914444051553844,0,0.1907372013836545,319.47099844639683
0.18359114794014805,0,0.19283491864399255,319.49721258445925
0.18243957011068943,0.04647521159494428,0.25,326.2096186699897
0.18487914022137883,0.04295042318988855,0.25,325.28548689600257
0.18020917899501612,0.042004401864685285,0.25,325.0869429139103
0.17505705831805624,0.05,0.23666596851926947,327.3520892449638
0.18043014745847402,0.05,0.2371619041100595,327.3105591976266
0.17849573525884344,0.05,0.24127595754310968,327.28992364740645
0.0912323266764229,0.027721155529732377,0.24999999999999997,322.3823969911796
0.09344573452047625,0.033275404081165964,0.25,323.4179881652313
0.12666666666666668,0.05,0.23845299461620745,327.54589668067507
0.18137656775762268,0,0.2195117984746381,319.3902698138044
0.18866131215765045,0,0.22916980240676682,319.2932237379504
0.18353043506276,0,0.23132285147583376,319.31168589495724
0.16553787195926,0,0.20898630753753217,319.52440324996576
0.09000000000000001,0.05,0.24422649730810375,327.5198236738898
0.09333333333333332,0.05,0.2384529946162075,327.57303003958805
0.19999999999999998,0.01750278218740674,0.23288163667865153,320.62109778241455
0.2,0.023083947799024777,0.23695366076395322,321.3490214832336
0.2,0.023814943639587142,0.23223730583592053,321.4910099564837
0.17648249326742782,0.006452880617861938,0.25,319.59036628358166
0.11782965185149741,0.011087761611104193,0.25,320.16775578167335
0.1201053732260286,0.01663222744758079,0.25,320.75301921146576
0.1943435477339215,0.05,0.2077569760747926,327.39706402095
0.2,0.05,0.21153846153846154,327.3225419239922
0.07561862054459695,0.0055323150084235825,0.25,319.71254912478423
0.14245573125059052,0.03914482495827906,0.25,324.60619302553744
0.181324404778492,0.03513407198499265,0.25,323.5317018669346
0.18467002167764118,0.032734551835559025,0.25,323.02421112970336
0.1800000604512785,0.03178853051035575,0.25,322.87292765349764
0.18386882439926122,0.05,0.24177189313389968,327.24618830513776
0.2,0.011181190897896253,0.23532173799419975,319.9272488073809
0.2,0.005590595448948126,0.23945574079197168,319.45574282206104
0.2,0.011181190897896253,0.2417319944044562,319.8852265855349
0.19526774553296394,0.05,0.24588594656694984,327.11418996936106
0.19526774553296394,0.05,0.2394756901566934,327.17077298674184
0.2,0.05,0.24358974358974358,327.0904189611729
0.2,0.05,0.22435897435897434,327.2415174524054
0.19399406900693691,0.049999999999999996,0.2275335421557497,327.27547712723026
0.19399406900693694,0.05,0.2211232857454933,327.3196452945176
0.2,0,0.25,319.0856586800856
0.19573018805461226,0.0055719509085705166,0.25,319.41258574273917
0.2,0.005555555555555555,0.25,319.3818703435373
0.11999999999999998,0,0.25,319.41935575864676
0.11555393047696622,0.005543295774627593,0.25,319.72570669732033
0.12227572137453119,0.005544465836476599,0.25,319.7169074575711
0.14255090029249434,0.005632943863530119,0.25,319.6766170447764
0.14666666666666667,0,0.25,319.35784153485287
0.13999999999999999,0,0.25,319.37791207994127
0.1356090547078645,0.005544465836476598,0.25,319.6897594635166
0.2,0.033873359017572865,0.19246097863758,323.49212024130424
0.2,0.028456031452865353,0.19459675009808272,322.4579157009493
0.09781524484015874,0.04442513469372199,0.25,325.9607186388066
0.1044620997925366,0.04443154065046221,0.25,325.9615974658297
0.10227734463269533,0.0388566753441842,0.25,324.6124143817253
0.13121810941572903,0.011088931672953196,0.25,320.14434006744887
0.1702223680169065,0.05,0.21512504952842812,327.53607977018135
0.16711898598912778,0.05,0.22007869251702578,327.52325403261665
0.162790757501065,0.05,0.2146333133225472,327.58191488140267
0.16000000000000003,0.05,0.25,327.3201904759069
0.20000000000000004,0.03570827070338558,0.2356649990784912,323.62227720003006
0.20000000000000004,0.03550203828767201,0.22971016314962212,323.6219485628551
0.2,0.030127105091767543,0.23159297499318948,322.55417596666206
0.19526774553296394,0.05,0.233065433746437,327.222578377305
0.2,0.05,0.23717948717948717,327.14540034818566
0.15631838347355684,0,0.22334321252971825,319.4906640249138
0.1595558358594274,0,0.22907511692848717,319.4449854582589
0.1784261463592566,0,0.23078622298502852,319.3438312199819
0.0934242711358437,0.01661840139253773,0.24999999999999994,320.76475022907596
0.08680551098831622,0.016612658426865202,0.24999999999999997,320.75931598976416
0.08901891883236956,0.02216690697829879,0.24999999999999994,321.4961729326905
0.1530546214999069,0,0.2282636457517274,319.47540650776875
0.15629207388577743,0,0.23399555015049628,319.42880592836696
0.17296498653485567,0.012905761235723876,0.25,320.1636432406714
0.17887934798870678,0.012024831526432456,0.25,320.0439172456326
0.1957301880546123,0.011127506464126071,0.25,319.8526206004624
0.2,0.01111111111111111,0.25,319.8207250431743
0.2,0.005974548654013875,0.20949559277511953,319.64950612739926
0.1943870788878316,0.05,0.18869522404547032,327.48753471602225
0.18877415777566323,0.05,0.18508275578324834,327.5508860975844
0.1378057658076231,0.044465921657925865,0.25,325.91342626472584
0.14464996544296743,0.04467890330035319,0.25,325.9448429936165
0.2,0.02792400265111908,0.1625876600893198,322.46782142688147
0.19999999999999998,0.03346696972119538,0.16690946120052408,323.4958671680865
0.19999999999999998,0.03341709508022047,0.16045805368339144,323.500973042645
0.12682716412359357,0.016633397509429795,0.25,320.74165389173817
0.12234687587493231,0.022187138990082074,0.25,321.4849057882798
0.08679274339049997,0.03326123704347171,0.25,323.4097579252359
0.10892419958507318,0.03886308130092442,0.25,324.61092342604815
0.1133862993776098,0.03329462195138663,0.25,323.4168422648809
0.10673944442523194,0.03328821599464641,0.25,323.4207030032584
0.1782569250604138,0,0.18985627018137904,319.5387280831806
0.1726716765143603,0,0.19264354716347942,319.5584479277708
0.17800589939409456,0,0.19562219562609295,319.5186160311351
0.19486912290510955,0,0.24574279265881052,319.14964772996126
0.19333333333333333,0,0.25,319.13050681137025
0.177089623576844,0,0.2144305562005733,319.44009441676707
0.1777441417489127,0,0.20746023807192943,319.46985245303944
0.17280267939606533,0,0.20934931392650852,319.4872748938543
0.10004303128337118,0.016624144358210254,0.24999999999999997,320.766975959284
0.09563767897989704,0.022172649943971313,0.24999999999999994,321.50077033986855
0.1707345954191824,0.02510161817213155,0.25,321.75738075561844
0.17536732793523047,0.028445074341243652,0.25,322.2894698520002
0.15319390635083796,0,0.238789385982491,319.41081572107436
0.14979085952625695,0,0.23318407897373655,319.45803075881025
0.1465272396841713,0,0.23878938598249103,319.43393540239094
0.11114479672870609,0.02773971040888535,0.25,322.3837729326893
0.20000000000000004,0.03508957345624488,0.21780049129188406,323.6130576725282
0.2,0.02971464026034041,0.21968330313545142,322.5552942681517
0.12000000000000002,0.05,0.25,327.45272104491255
0.11333333333333334,0.05,0.25,327.46169597512676
0.17332575004468523,0.05,0.2101714065398305,327.5458913069672
0.17367522877166983,0.05000000000000001,0.2032153532793862,327.5813141558333
0.1780034572597326,0.05,0.20866073247386474,327.52285040274614
0.2,0,0.21153846153846154,319.31150274559883
0.1944467074246096,0,0.20722592238854318,319.369623223451
0.19379218925254088,0,0.21419624051718705,319.3409575697438
0.17306443704124716,0,0.19751127148067202,319.5375317153534
0.1681229746883998,0,0.1994003473352511,319.5544760876287
0.17345719756813405,0,0.20237899579786464,319.5152742136501
0.14993028650875231,0,0.24439469299124553,319.3856340628989
0.14326361984208566,0,0.24439469299124553,319.4072291761013
0.1845295600728648,0.05,0.23212594811016224,327.3201423983152
0.1858032365988918,0.05,0.23765783970084953,327.2657708641617
0.17850795072673303,0,0.1840903447366651,319.55700392671883
0.2,0.027777777777777773,0.25,322.00178823898034
0.19573018805461226,0.027794173130792736,0.25,322.0380755117849
0.18666666666666668,0,0.25,319.1724283833537
0.18153578957177624,0,0.24574279265881055,319.23196675765354
0.159115757486696,0.029144020551901663,0.25,322.49991482734544
0.17788279440642002,0.05,0.22609812092868492,327.4137001670606
0.1745505965049693,0.05,0.22057042872290672,327.4739382606518
0.18198220702081078,0.049999999999999996,0.2210621649287876,327.4189634732516
0.07571604458421816,0.02214750214007305,0.24999999999999994,321.4759394027261
0.0801556278701411,0.016607420626333715,0.24999999999999994,320.7507255956624
0.07350574475196599,0.016602182825802232,0.24999999999999997,320.7388278965551
0.19999999999999998,0.0335168443621703,0.1733608687176567,323.48816542557756
0.19999999999999998,0.03356671900314521,0.17981227623478935,323.4778678151179
0.2,0.029367597624843794,0.21367027927740118,322.5270913919071
0.2,0.04502985781874829,0.2264463176101152,325.8761849180309
0.0866666666666667,0.05,0.25,327.46155835168315
0.0911485781734921,0.04442513469372199,0.25,325.95782575265315
0.08448191150682546,0.04442513469372199,0.25,325.9512843386255
0.2,0.029920872676053978,0.22563813906432045,322.5561073867364
0.18758437850508178,0,0.22326427590616899,319.33317707271124
0.18245350141019134,0,0.22541732497523592,319.3519867985428
0.13000000000000003,0.05,0.24422649730810375,327.4871677394996
0.16968396917763845,0.05,0.2361700329284795,327.39036100617324
0.2,0.022885383880944014,0.1904081703571901,321.5692031703109
0.19999999999999998,0.028302711445651524,0.1882723988966874,322.45655613719424
0.08236592770239329,0.022152739940604536,0.24999999999999994,321.4871643339008
0.08457933554644662,0.027706988492038124,0.24999999999999997,322.37377757178706
0.12006329872602964,0.03332900295885029,0.25,323.41487499391997
0.1630981675349395,0,0.24520616416800528,319.3284441667946
0.16,0,0.25,319.30861998776254
0.09563048968031751,0.03885026938744398,0.25,324.6104265658085
0.08896382301365086,0.03885026938744398,0.25,324.6064695458358
0.19154580688804546,0.04295042318988855,0.25,325.23311228773116
0.18233168574779537,0.049999999999999996,0.2141061116683433,327.4600701428282
0.07127646129829522,0.027687583653812388,0.25,322.3478673623071
0.06906616146604305,0.022142264339541567,0.25,321.46140716654577
0.20000000000000004,0.0450298578187483,0.2200360611998588,325.919212328244
0.20000000000000004,0.04005971563749659,0.2157131480407432,324.7221442491483
0.17797878787934282,0.03753359213442629,0.25,324.0674146913066
0.1766544435521293,0.03418805065978939,0.25,323.3678279581085
0.2,0,0.1923076923076923,319.3926860549813
0.13666666666666671,0.05,0.24422649730810375,327.4689880728037
0.2,0,0.24358974358974356,319.1290793972343
0.2,0.005590595448948126,0.24586599720222807,319.4130213525637
0.17950308001182527,0,0.23669174948562638,319.3020749463301
0.09999999999999998,0.05,0.23845299461620745,327.5750570174913
0.163019573374737,0.05,0.22511464851692306,327.51199297525756
0.1596873754732863,0.05000000000000001,0.21958695631114486,327.5669107891462
0.06685586163379087,0.016596945025270746,0.25,320.72362289244217
0.15651076921294232,0.05,0.22420987140442877,327.55162363705784
0.1533008441443071,0.05000000000000001,0.21895171134222433,327.60187754527215
0.07565784075369829,0.038821935312055474,0.25,324.58136043557704
0.08231083188367457,0.038836102349749727,0.25,324.59563065162627
0.08013975226052368,0.033247070005777465,0.25,323.3980963634009
0.07792634441647034,0.027692821454343874,0.24999999999999997,322.3617268305548
0.11,0.05,0.2442264973081037,327.51994691697263
0.09666666666666665,0.05,0.23267949192431123,327.62145510120894
0.19999999999999998,0.01706345729828508,0.17330444547288348,320.8391698446435
0.19999999999999996,0.011417518033979654,0.175381128864799,320.22402229574635
0.18239685472127892,0.0055719509085705166,0.25,319.49679574902854
0.17915647093244702,0.05,0.2316300125193722,327.3637833479055
0.2,0.044675559674928894,0.2072874176386328,325.90323407146064
0.2,0.05,0.20512820512820512,327.3578197386274
0.13333333333333336,0.05,0.25,327.4237030268205
0.156596953175419,0,0.2443946929912455,319.36101213072516
0.20000000000000007,0.029396109251205182,0.23630932992122222,322.3890224235772
0.20000000000000007,0.034916624913368166,0.24044333271899415,323.4212692765211
0.19999999999999996,0.018233778027969105,0.22816528175061884,320.7412591046123
0.1631491599340945,0.006452880617861938,0.25,319.65645967984324
0.17330882665298014,0.03658757080922302,0.25,323.89095034986013
0.2,0,0.20512820512820512,319.3408398478926
0.18127620270998568,0.01759678243500297,0.25,320.64073596591135
0.2,0.05,0.23076923076923075,327.195604108381
0.19999999999999998,0.00632159128951049,0.21550861663316973,319.64428561496646
0.19434354773392154,0.05000000000000001,0.2013467196645362,327.4305889683259
0.15969512071035846,0,0.23960085715925078,319.37991932388746
0.16279328824529793,0,0.23480702132725606,319.39677422627403
0.17326713992123016,0.05,0.1872898838571893,327.65680358069517
0.15012423788396315,0.05,0.22357462643550824,327.58490913335714
0.2,0.04523609023446186,0.24522166635949705,325.78108235257093
0.14510180058498867,0.011265887727060237,0.25,320.1229137275941
0.17812712598454233,0.05000000000000001,0.19686256410672676,327.5823937236748
0.15333333333333332,0,0.25,319.3347441707933
0.2,0,0.19871794871794873,319.3679009510201
0.18926181453990087,0.05,0.22982974513295595,327.299602437938
0.07782892037684917,0.044410967656027735,0.25,325.93783679020186
0.19469773309092886,0,0.18863948412331644,319.44232489403674
0.14000000000000004,0.05,0.25,327.40368654777143
0.13816243190774052,0.02789812051271518,0.25,322.35992278497446
0.19154580688804546,0.03739486763433299,0.25,323.93871067713695
0.0912036739922108,0.011075105617910135,0.24999999999999994,320.17488131908823
0.19999999999999996,0.038944730053480314,0.16466434348123532,324.67595239558665
0.15673130044358477,0.05,0.21289243445764575,327.6234651430366
0.11786658762627106,0.027740880470734357,0.25,322.37663524599407
0.19999999999999998,0.024545939480149506,0.22752095090788782,321.63433634851623
0.19999999999999998,0.024339707064435938,0.2215661149790188,321.63852782583973
0.1598346824713635,0.05000000000000001,0.20793879146904812,327.6366161999668
0.1957301880546123,0.02223861757523718,0.25,321.1623781226124
0.19573018805461226,0.016683062019681626,0.25,320.43529849437095
0.19146037610922453,0.01669945737269659,0.25,320.46700547793785
0.18889711823361846,0.03070378468505919,0.25,322.6072218287439
0.1859943660048547,0.03608009331019592,0.25,323.6976285153355
0.19999999999999998,0.02797387729209399,0.16903906760645243,322.4609411970309
0.19999999999999996,0.0280237519330689,0.17549047512358507,322.45146509922984
0.2,0.05,0.17307692307692307,327.4894639865233
0.19999999999999996,0.02260642436836139,0.17762624658408777,321.5722261750975
0.19999999999999996,0.0281493914384377,0.18194804769529205,322.4526148270887
0.16589413952884374,0.05,0.20967967033394955,327.5939047728803
0.1595821454472068,0,0.21842277930770912,319.5038033102455
0.1783529359867172,0.05000000000000001,0.20170467921342045,327.55721105402165
0.19999999999999998,0.022480784862992594,0.17116867401238078,321.5723947048788
0.2,0.01693781779291629,0.1668468729011765,320.840656632065
0.2,0.0450298578187483,0.21362580478960239,325.9586389996364
0.19444670742460962,0,0.19440540956803037,319.42301218928156
0.177653978532748,0.04999999999999999,0.21561678573430904,327.4845856435247
0.19053549106592788,0.05,0.24177189313389968,327.1925602749674
0.16851573521528665,0,0.2042680716524437,319.53181124506597
0.2,0.05,0.21794871794871795,327.2838300576092
0.18798813801387385,0.04999999999999999,0.22429785354226867,327.34993024885375
0.1832558835468378,0.049999999999999996,0.22659405651947492,327.37120660134514
0.1405277814863487,0.05,0.21768122140438323,327.66027945518493
0.1826487491057055,0.03847961345962955,0.25,324.245931772328
0.1937921892525409,0,0.22060649692744347,319.3080209882824
0.18758437850508178,0,0.21685401949591257,319.3672132591457
0.13341729742286929,0.0333977649737776,0.25,323.4005453172089
0.14500663154308485,0.02811110215514251,0.25,322.37499106188494
0.17312264611842565,0.05,0.24078002195231965,327.3304007035472
0.1687717115544476,0.05,0.1998839122386582,327.62892307699167
0.17344941876949493,0.05000000000000001,0.19837323817269248,327.6069267973662
0.06680348361333147,0.03327573772992689,0.25,323.3761413482121
0.149217566959161,0.005632943863530119,0.25,319.65497310589774
0.2,0.02243091022201768,0.16471726649524815,321.58104929002144
0.17839865992098142,0,0.20048991994328555,319.4967658702912
0.19053549106592788,0.05,0.23536163672364327,327.2459672958986
0.2,0.016701706560059235,0.2458659972022281,320.436628877451
0.2,0.01114615100450368,0.24586599720222807,319.8535035969147
0.17202171103608127,0.030844594490677286,0.25,322.74394611647006
0.2,0,0.21794871794871795,319.27966576911047
0.08000000000000006,0.05,0.25,327.4524325436004
0.07123724108919391,0.011064630016847165,0.25,320.14698755572647
0.15994717528996433,0.05,0.23987524483982536,327.41368418902135
0.1566663608540491,0.05,0.23436047870349092,327.47562315815617
0.12455144274906238,0.011088931672953198,0.25,320.157673501935
0.1356115316152462,0.03893184331585173,0.25,324.57904585453844
0.09782243413973829,0.011080848583582662,0.25,320.17804938859183
0.16899752155662245,0.05,0.2047260273453519,327.6028804635791
0.10225643912742452,0.02217839290964384,0.25,321.5021592379428
0.1873187103320682,0.039425634784832825,0.25,324.4265015929241
0.1266666666666667,0.05,0.25,327.4400478592009
0.20000000000000004,0.028659001337205,0.20099350497546203,322.4652442842712
0.19999999999999998,0.00632159128951049,0.22832912945368256,319.57416794676686
0.19469773309092886,0,0.17581897130280363,319.48238821914043
0.19469773309092886,0,0.18222922771306005,319.46350399354395
0.15081915038418175,0.05,0.19950339075064755,327.7233248353918
0.20000000000000004,0.0396805346789063,0.24522166635949708,324.42120896005946
0.2,0.040472180468923716,0.2404433327189941,324.6449547701333
0.13,0.05,0.2326794919243112,327.5853838083577
0.20000000000000004,0.0290132994810244,0.2073318921264316,322.49735639131046
0.0734867611305474,0.03323290296808321,0.25,323.38300347972614
0.2,0.0055905954489481255,0.23304548438171524,319.4961423813206
0.1882388966771505,0,0.20988370136726872,319.39730446237365
0.16248644449479244,0.05,0.19330091826706303,327.6955937742645
0.16293806449914222,0.05,0.20298514848045046,327.6467530561181
0.2,0.02222222222222222,0.25,321.1276966285229
0.16733745363462604,0,0.1896648987008659,319.5957819048967
0.1677302141615129,0,0.1945326230180585,319.5757996409056
0.15333416295259839,0.05,0.2288327864977127,327.5333815116093
0.2,0.05,0.1923076923076923,327.4192394375994
0.10666179143089867,0.01662988732388278,0.25,320.76599318038825
0.1033333333333333,0.05,0.2326794919243112,327.62154704625414
0.18316123666349482,0.05,0.18147028752102634,327.60929358228583
0.1402614970582136,0.033610746616204924,0.25,323.4234229303164
0.1469143128153279,0.05000000000000001,0.2183164663733038,327.6330004339518
0.1439582377856264,0.05,0.21162194451980468,327.68533901744945
0.19999999999999998,0.00632159128951049,0.2219188730434261,319.61039956675256
0.2,0.05,0.1858974358974359,327.4454197668375
0.17292270218067954,0,0.18687762171876549,319.57774566239203
0.1466666666666667,0.05,0.25,327.37980443020086
0.16645597945175897,0.05,0.24078002195231962,327.3706484695846
0.16629831986818902,0.012905761235723876,0.25,320.1973377730241
0.1893954661818577,0,0.1785610195286842,319.50918639985025
0.15176846725165533,0.011265887727060237,0.25,320.09969639492516
0.16428161864448976,0.02425133120274374,0.25,321.65760699664594
0.1826856041017601,0,0.20557116221735033,319.45045870028156
0.07999999999999999,0,0.25,319.42030759961517
0.10666666666666666,0.05,0.23845299461620745,327.5733947673525
0.2,0.016666666666666663,0.25,320.40222277899676
0.1820310859296914,0,0.21254148034599424,319.42178656655324
0.15588423362582765,0.005632943863530119,0.25,319.6303023480478
0.2,0.016771786346844376,0.23759799160668427,320.5022743789992
0.1590333935599222,0.012085824481392057,0.25,320.14904902444175
0.11110786095393244,0.011086591549255186,0.25,320.1745858379009
0.08666666666666668,0.05,0.2384529946162075,327.567652423123
0.0601202060961155,0.03331857249177056,0.25,323.3655928977373
0.12333333333333334,0.05,0.2326794919243112,327.59987672943726
0.15701669233622292,0.02343139444841192,0.25,321.565635770165
0.16218255349401667,0.018538705099253996,0.25,320.8608341019357
0.15491762718574986,0.017718768344922177,0.25,320.78935005563216
0.1335092604954496,0.05,0.22768006841766855,327.6137395347322
0.1497517660279561,0.0226114576940801,0.25,321.4726006627499
0.18334567735042767,0.02938901036092212,0.25,322.4062494360276
0.2,0.011291878528610858,0.16892355629309203,320.2292162851395
0.2,0.005645939264305429,0.17100023968500755,319.7667181263671
0.08333333333333337,0.05,0.24422649730810375,327.5125719616159
0.19999999999999998,0.04447236502674015,0.1688706332790792,326.0054493768793
0.2,0,0.17307692307692307,319.45316215574763
0.10444119428726578,0.011086591549255188,0.25,320.1780089489916
0.19999999999999998,0.011912186738458615,0.230605383066167,320.02567329181176
0.08999999999999998,0.05,0.23267949192431125,327.61767392812175
0.18334012227382881,0,0.19860084408870646,319.4762862149892
0.10999999999999999,0.05,0.2326794919243112,327.6179497632574
0.09999999999999999,0,0.25,319.4338946144879
0.09560183699610539,0.005537552808955067,0.24999999999999997,319.73307419399606
0.10222059714363288,0.005543295774627594,0.25,319.73397609369147
0.2,0.016736746453451808,0.24173199440445617,320.4699794107852
0.053436928578899555,0.033361407253614236,0.25,323.3513581283017
0.10666666666666663,0.049999999999999996,0.22690598923241495,327.6635240502286
0.10999999999999997,0.049999999999999996,0.22113248654051867,327.70149788219425
0.11333333333333331,0.05,0.22690598923241492,327.6580865644235
0.050160095864764935,0,0.24420294572750884,319.3871457939393
0.04698685839619656,0,0.23840589145501767,319.4139398561604
0.043493429198098274,0,0.24420294572750884,319.362514845365
0.1780575154011003,0,0.17130883631222416,319.5963238919468
0.17771993212993958,0,0.16475660213047919,319.6136141136065
0.17235941480057482,0,0.16786683905162858,319.6351782026237
0.027416974020085777,0.024820057114777333,0.25,321.7033365159243
0.021758559067253984,0.02349469310667484,0.25,321.46572057854326
0.0232523344489236,0.029560843604865186,0.25,322.47996075607267
0.2,0.044472365026740165,0.16246037686882278,326.021518489386
0.2,0.05,0.16025641025641027,327.52257405492816
0.2,0.044472365026740165,0.1560501204585664,326.03499444266566
0.1619964628391811,0,0.19760467010076035,319.58989218621366
0.16238922336606795,0,0.20247239441795295,319.567885837659
0.11666666666666664,0,0.24422649730810372,319.4635639258854
0.11333333333333331,0,0.25,319.4270817942358
0.11666666666666664,0,0.2211324865405187,319.60404676370746
0.11999999999999997,0,0.22690598923241495,319.56754171572214
0.12333333333333331,0,0.2211324865405187,319.5947019009419
0.15358909753708538,0.05000000000000001,0.18818219567982974,327.76181185987804
0.1580377710159389,0.05,0.19074155697344639,327.7298698049948
0.15220412396063357,0.05000000000000001,0.19384279321523865,327.7438110547401
0.2,0.04443216631252923,0.14963344232611003,326.0356638571383
0.2,0.03886433262505845,0.14542073080606624,324.6927612512144
0.2,0.03890453133926938,0.15183740893852257,324.6928000550633
0.1481250340131897,0.05,0.1885673569207943,327.7838228588425
0.05685169635469352,0,0.23255703124669,319.4832830474962
0.05365352506286322,0,0.23840589145501767,319.4369932889381
0.06002493382326189,0,0.23835408551918114,319.45629176337314
0.1430402710669918,0,0.21015720378042105,319.6050380810912
0.13616723533651937,0,0.2103031275929454,319.6234222701155
0.1394923067666724,0,0.21579528569614587,319.5877204155031
0.19999999999999998,0.01677007696452329,0.14760379815697994,320.8561627161661
0.19999999999999996,0.011180051309682193,0.14968458338670457,320.2556430413959
0.19999999999999998,0.016825990573987624,0.15401815640504546,320.85329771396147
0.13017592716211623,0.05,0.22190656572577228,327.66307154084274
0.1336851876575658,0.05,0.2169071422191296,327.6863917745706
0.015239198858463292,0.03956001991293895,0.25,324.47679569134874
0.018395946330727875,0.03549031973117513,0.25,323.6029664022031
0.014437172023827223,0.03230517977852652,0.25,322.93423591523924
0.09999999999999998,0,0.23845299461620745,319.51137972469684
0.1033333333333333,0,0.2326794919243112,319.5468996884567
0.09666666666666665,0,0.23267949192431123,319.5469165182344
0.18872029963953624,0,0.16545655116519423,319.547006278631
0.18872029963953624,0,0.1590462947549378,319.55999168785064
0.18308044945930435,0,0.1616463652093298,319.58943237276804
0.18341803273046509,0,0.16819859939107476,319.57315311801676
0.055624619052599716,0.03890760483574283,0.25,324.545356532388
0.06230789656981567,0.03886477007389915,0.25,324.5576899331246
0.12666666666666665,0,0.22690598923241495,319.5566786183601
0.12983076892222412,0,0.22127792048969316,319.58194035746163
0.1333333333333333,0,0.23845299461620745,319.47265369652547
0.12999999999999998,0,0.23267949192431123,319.5159785026976
0.12666666666666665,0,0.23845299461620748,319.4865098286131
0.06759959277014435,0.05,0.23997855071783275,327.51847647610583
0.07426625943681103,0.05000000000000001,0.23997855071783278,327.53416743001844
0.07046646305173887,0.05,0.2449892753589164,327.48098824972163
0.017530608231417902,0.05,0.24545320055089792,327.2233719705164
0.020899428563683903,0.05,0.23955370031122347,327.30042431662514
0.02336882033226602,0.05,0.24410049976032555,327.2769671029701
0.13316410225555744,0,0.2270514231815894,319.5423637433287
0.2,0,0.16666666666666666,319.46878458723546
0.19436014981976812,0,0.16926673712105866,319.5015828729576
0.03152305478486241,0.044070523873690065,0.25,325.676573042822
0.026666666666666686,0.05,0.25,327.24272680460336
0.033333333333333354,0.05,0.25,327.28359448582603
0.13971519963683876,0,0.2046650456772206,319.6398608138464
0.13639012820668575,0,0.19917288757402016,319.67226150918464
0.13284216390636633,0,0.20481096948974495,319.6567020873109
0.12,0.05,0.22690598923241495,327.64904248177635
0.11666666666666667,0.05,0.22113248654051867,327.69426541435337
0.19999999999999996,0.022234214767616063,0.13908478931726462,321.5919621792339
0.19999999999999998,0.016680737921999242,0.13482963305818763,320.85686866999845
0.19999999999999996,0.016725407443261266,0.14121671560758378,320.85764345267677
0.16711174952568203,0,0.17720635021547396,319.63679870776025
0.17269699807173552,0,0.17441907323337358,319.6168770140558
0.16699889747121005,0,0.170977075972778,319.65412463982005
0.15147552462053035,0,0.19324559227711788,319.64909281509193
0.14752277528070318,0,0.18795326158830064,319.6821728069793
0.14618345032780344,0,0.1935887092601542,319.6659968573644
0.07139938915521651,0.05000000000000001,0.23496782607674915,327.5695332698912
0.07759959277014433,0.05000000000000001,0.23420504802593653,327.5888921040181
0.1329948711777816,0,0.21564985174697138,319.6047308268673
0.13632820451111494,0,0.22142335443886763,319.56627771426395
0.14266097048929396,0.04999999999999999,0.18895251816175884,327.8031615974085
0.13979175925004278,0.04999999999999999,0.19438124178026764,327.789503960284
0.1357126693025989,0.04999999999999999,0.1891058054858233,327.82528935064425
0.1033333333333333,0,0.2211324865405187,319.61354207753936
0.10666666666666663,0,0.22690598923241495,319.5800201764096
0.10999999999999997,0,0.2211324865405187,319.6103242002111
0.14319390635083795,0,0.23301588329059475,319.48027442810064
0.14635800860639542,0,0.22738781454787296,319.5038819632935
0.13976105543097644,0,0.2272196188647312,319.52458673064183
0.17839509867226103,0,0.17786107049396915,319.5766877000749
0.05125614988905733,0.027713613260771548,0.25,322.2925720897509
0.0557291275740211,0.02212545918465705,0.25,321.4209486756118
0.049075371199215116,0.022065819267928857,0.25,321.3884764695885
0.044966895147619874,0.02733033471659019,0.25,322.2017401594647
0.1943512323705262,0.05000000000000001,0.16320640360348387,327.5695627927271
0.18870246474105237,0.05,0.16615639695055748,327.61181135603795
0.1887024647410524,0.05000000000000001,0.1597461405403011,327.6269153008133
0.1301673427701484,0.05,0.21100115265861547,327.7315625355004
0.1233247489413655,0.05,0.21022707347336186,327.7511929110906
0.126649497882731,0.05,0.20509516309810136,327.77287168548787
0.03637944290305813,0.03814104774738012,0.25,324.28669612600396
0.04266869764449559,0.038524326291561474,0.25,324.40425523960283
0.04085841909602465,0.03259485016525153,0.25,323.14660561585833
0.16283017521072196,0,0.1808722238690182,319.64571896092366
0.16294302726519397,0,0.18710149811171414,319.6250668303119
0.16722460158015404,0,0.1834356244581699,319.6173511294525
0.1133333333333333,0,0.23845299461620745,319.50504942953074
0.10999999999999999,0,0.24422649730810375,319.4698241255993
0.048400618947185045,0.05,0.24074167490285392,327.4453201343792
0.05260092842077757,0.05,0.23611251235428093,327.50171122743086
0.05506728561385173,0.05,0.24074167490285395,327.4721495744675
0.05886708199892389,0.05000000000000001,0.23573095026177035,327.5279873933297
0.15013619966763062,0,0.1988810399489715,319.6316238572611
0.14326316393715818,0,0.1990269637614958,319.65361617257525
0.1465882353673112,0,0.20451912186469626,319.61967256167713
0.024268248895949904,0.05,0.23365420007154902,327.3720778874133
0.018430036795101787,0.05,0.23500690086212145,327.3203063090497
0.19999999999999998,0.0055900256548410965,0.1517653686164292,319.8013414366047
0.2,0.011235964919146527,0.15609894163477012,320.2508853701905
0.1837556160016258,0,0.17475083357281973,319.5545278930531
0.16331728120539135,0.05,0.1816667499289109,327.73786932448496
0.16776595468424488,0.05,0.18422611122252752,327.70295240055725
0.16387141807124428,0.05,0.1876403207316541,327.71194381156084
0.09999999999999998,0.04999999999999999,0.22690598923241495,327.66528655468534
0.10888726381029956,0.005543295774627593,0.25,319.7312812706603
0.10666666666666666,0,0.25,319.4319280795162
0.19999999999999996,0.022278884288878087,0.14547187186666077,321.5921150419015
0.19999999999999996,0.02231908300308902,0.1518885499991171,321.5892743135957
0.04666666666666669,0.05,0.25,327.3518325992506
0.0511456428596332,0.04445380241787142,0.25,325.871097048811
0.04447897619296652,0.04445380241787141,0.25,325.8421002238665
0.1370099365989313,0.05,0.2117752318438691,327.7078887931452
0.1334920917115139,0.05,0.20586924228335496,327.751636520163
0.10666666666666663,0,0.23845299461620745,319.50984379336944
0.12333333333333334,0.05,0.22113248654051867,327.6833949645791
0.12,0.05,0.2153589838486224,327.7264863130468
0.1133333333333333,0.049999999999999996,0.2153589838486224,327.7355137629235
0.1440459440657458,0.05,0.18329192062634997,327.8203858765476
0.13858188054185008,0.049999999999999996,0.18367708186731452,327.83790679882117
0.14044039289820898,0.05,0.20571595495929051,327.7311015061003
0.030035486998932683,0.05,0.24410049976032555,327.32015006960154
0.03670215366559935,0.05,0.24410049976032555,327.3588346918582
0.048957952385933035,0.03890760483574282,0.25,324.5192316590758
0.04459639500624859,0.010945350183390776,0.25,320.05599401724334
0.04896486416979095,0.005472675091695388,0.25,319.6379647838357
0.04229819750312429,0.005472675091695388,0.25,319.6124302360435
0.12997424682409653,0.05,0.19996325272284088,327.7915226362384
0.1369225480107916,0.05,0.1998099653987764,327.7730023838087
0.07639634258366057,0,0.23252877689144844,319.5288206612861
0.07306300925032724,0,0.2383022795833447,319.4871438052617
0.07986483795849694,0,0.23837763709977608,319.4978325765679
0.2,0.038944730053480314,0.15825408707097893,324.690239006784
0.09666666666666662,0.04999999999999999,0.2211324865405187,327.70501533597167
0.0933333333333333,0.049999999999999996,0.22690598923241498,327.66335983109997
0.09033195060210442,0.049999999999999996,0.22192570468155143,327.6963555884383
0.08318189864435413,0,0.22189876785315765,319.5997376656119
0.07977284796653122,0,0.2165084058175809,319.62389421998347
0.07638006993618443,0,0.22182341033672626,319.59052201725393
0.08651523197768747,0,0.2161252651612614,319.6338455683702
0.12666666666666668,0.05,0.22690598923241495,327.6363607963495
0.06319817129183027,0,0.24415113979167233,319.4266550227085
0.06639634258366056,0,0.23830227958334466,319.472899826656
0.04689459250937289,0.016418025275086165,0.25,320.6390712678145
0.05126306167291525,0.010945350183390776,0.25,320.0808546484569
0.1585486008957619,0,0.18453809752256242,319.65259987463014
0.12666666666666665,0,0.25,319.4085581798223
0.13,0,0.24422649730810375,319.44197539180686
0.12333333333333332,0,0.24422649730810375,319.45430224726283
0.18905788291069697,0,0.1720087853469392,319.5292693243468
0.15942274459239075,0.05000000000000002,0.18508095943803748,327.74580251910663
0.06379979638507219,0.05,0.24498927535891638,327.4631646247257
0.06000000000000003,0.05,0.25,327.4035977157505
0.05753364280692588,0.05,0.24537083745142696,327.439445070574
0.09333333333333331,0,0.23845299461620745,319.5098450669279
0.08999999999999998,0,0.23267949192431123,319.5438627589156
0.08666666666666664,0,0.23845299461620748,319.5053002701126
0.06666666666666665,0,0.25,319.39477518801846
0.06986483795849693,0,0.24415113979167236,319.4422978140273
0.09999999999999998,0,0.22690598923241495,319.581558194921
0.1233333333333333,0,0.2326794919243112,319.52835983465616
0.19436014981976812,0,0.16285648071080222,319.5158867933112
0.2,0.03329649893758768,0.14120801928602245,323.50653153251864
0.2,0.02774302209197086,0.13695286302694545,322.4737848521731
0.19999999999999998,0.027787691613232884,0.1433399455763416,322.47557131401896
0.08999999999999998,0,0.24422649730810375,319.4699986523618
0.08333333333333331,0,0.24422649730810375,319.4641152170125
0.14973688396050328,0,0.21103303498427547,319.57883806438844
0.03867764040618242,0.026947056172408838,0.25,322.1083255350527
0.17280985012620753,0,0.18064834747606953,319.5983721613479
0.020000000000000018,0.05,0.25,327.1973607790059
0.019197973165363945,0.042745159865587565,0.25,325.2656178499529
0.016041225693099365,0.046814860047351387,0.25,326.28844694876153
0.12966979974762854,0,0.21015769364377093,319.6389645325925
0.07653150462516362,0,0.24415113979167236,319.45509033985707
0.04510277261278438,0.05,0.23484217466317947,327.48017710683536
0.017593919496091806,0.028235479596762692,0.25,322.20940643575676
0.016987902334762724,0.02289800877366002,0.25,321.3472327273443
0.18873831125835777,0.05,0.1724144481617747,327.5941747330775
0.19435123237052618,0.05,0.16961666001374026,327.5530850134314
0.1399302865087523,0,0.23862119029934925,319.45475842678894
0.2,0.05,0.15384615384615385,327.5352393502903
0.1943512323705262,0.05000000000000001,0.1567961471932275,327.5834474127959
0.10333333333333328,0.04999999999999999,0.2211324865405187,327.70508761005516
0.15328484826082267,0,0.2053949530685507,319.59212029203456
0.056826762531431596,0,0.24420294572750884,319.4086861647332
0.2,0,0.16025641025641024,319.482149835917
0.2,0.00564593926430543,0.16458998327475116,319.78183320278583
0.2,0.00564593926430543,0.15817972686449472,319.7946910963983
0.029712776236391465,0.038141047747380113,0.25,324.2497469603371
0.02485638811819574,0.04407052387369006,0.25,325.6354154471898
0.09999999999999995,0.049999999999999996,0.21535898384862245,327.7426404427369
0.10666666666666662,0.04999999999999999,0.21535898384862243,327.7408984728202
0.05333333333333331,0,0.25,319.3577062751763
0.04666666666666665,0,0.25,319.33458838858576
0.06899117408703162,0.038821935312055474,0.25,324.56633701490045
0.06449558704351582,0.044410967656027735,0.25,325.9065350935752
0.0711622537101825,0.04441096765602774,0.25,325.9240249519532
0.16276314433953842,0.05,0.1756931791261677,327.76133277747317
0.16721181781839195,0.05,0.17825254041978433,327.7276916130104
0.03008783820957834,0.014013120126499135,0.25,320.29408524936656
0.026725225473052224,0.009342080084332755,0.25,319.83207648194997
0.025317181477087083,0.013416435793484314,0.25,320.20644983478235
0.14387084919748666,0.05,0.19965667807471196,327.7502697835265
0.10666666666666665,0,0.21535898384862245,319.6426609913043
0.11333333333333331,0,0.21535898384862245,319.63788445046134
0.012082451386198713,0.04362972009470278,0.25,325.4315755481468
0.011280424551562642,0.03637487996029034,0.25,323.74001596237423
0.13666666666666666,0,0.24422649730810375,319.4266315556067
0.06020210525898488,0.016537305108542552,0.25,320.6986548632019
0.03456916435458719,0.032211571621070176,0.25,323.04035531844784
0.11999999999999997,0,0.23845299461620745,319.4973313339037
0.1328434580633477,0.049999999999999996,0.19453452910433205,327.80982796311673
0.17766005142650956,0.05,0.1784065148863646,327.65996901483976
0.038189721451529074,0.044070523873690065,0.25,325.7132322940794
0.057916818047721245,0.011004990100118971,0.25,320.10811507661276
0.053548348884178885,0.01647766519181436,0.25,320.6704709883261
0.02405436128355967,0.03681568373927763,0.25,323.92314236097957
0.08733056787087555,0.049999999999999996,0.21694542013068785,327.72627649706396
0.08399723453754224,0.05,0.2227189228225841,327.68433525825185
0.040000000000000015,0.05,0.25,327.319963822674
0.06895195387793028,0.005532315008423582,0.25,319.6994646399605
0.17212301967221885,0.05,0.16908469104048565,327.72568303241906
0.1775883583918987,0.05,0.16589041246393016,327.6975744486907
0.1776242049092041,0.05,0.17214846367514738,327.680032340012
0.12894238804119784,0.005544465836476598,0.25,319.7048419509159
0.05563153083645761,0.005472675091695388,0.25,319.66040875384755
0.12317236415873775,0,0.21001225969459647,319.651605695352
0.12634472831747554,0,0.2046655355405705,319.6707762009007
0.08659094932217706,0,0.22728912988873443,319.57306051192256
0.09333333333333331,0,0.22690598923241495,319.58002562433603
0.08992428265551039,0,0.22151562719683818,319.60819589601186
0.021954568740560967,0.008745395751317938,0.25,319.75676017868165
0.062285287211263606,0.0055323150084235825,0.25,319.68352988964784
0.06457057442252724,0.011064630016847165,0.25,320.13215965913304
0.0508669761402592,0.05,0.24537083745142696,327.4140867744594
0.09366528393543774,0.04999999999999999,0.21615220198965515,327.7361387612268
0.07298729190583765,0,0.22713841485587166,319.5547132758691
0.07978912061400736,0,0.22721377237230303,319.5654974327765
0.06322310511509219,0,0.2325052253108535,319.5012207272388
0.047147673837462094,0.03297812870943288,0.25,323.250273219143
0.14618891966018388,0,0.2166711169000003,319.5628726517403
0.15288553255369536,0,0.21754694810385472,319.534900283321
0.03307538897291758,0.02614542112287983,0.25,321.9473810938863
0.03158161359124796,0.020079270624689484,0.25,321.0319577375259
0.11999999999999998,0,0.21535898384862245,319.6300483504429
0.1429251576865339,0,0.2215915501220094,319.54711184885787
0.1496217705800454,0,0.22246738132586383,319.52045023921403
0.009374559026432692,0.046814860047351387,0.25,326.2364875166092
0.08666666666666666,0,0.25,319.4275296734987
0.1268425938287829,0.05,0.21613306303387603,327.7084607271912
0.1495100075896415,0.05,0.1829067593853854,327.8001926938758
0.0376046168047912,0.05,0.23357183697207806,327.452934506004
0.040902463139191866,0.05,0.2394713372117525,327.4216015869471
0.03340430733119868,0.05,0.2382009995206511,327.39217455927917
0.19999999999999998,0.027827890327443816,0.14975662370879794,322.4745244609512
0.19999999999999998,0.027868089041654744,0.15617330184125428,322.4708777557553
0.10999999999999997,0,0.23267949192431123,319.5438122695827
0.1133333333333333,0,0.22690598923241495,319.5753014034207
0.18308954362888397,0.05,0.1689541850985919,327.64938108681736
0.05781230952629988,0.04445380241787142,0.25,325.89610306153753
0.14223070098797624,0,0.18829637857133696,319.6976904616624
0.13931041459733098,0,0.19373463307267855,319.68612690878757
0.0211525419059249,0.018157222283572166,0.25,320.72421855018837
0.016381885173433645,0.01756053795055735,0.25,320.6212506267689
0.13333333333333333,0,0.25,319.3947436202538
0.1831253901461894,0.05,0.17521223630980912,327.6305979427984
0.07333333333333332,0,0.25,319.4089665265613
0.02336261273652611,0.004671040042166378,0.25,319.47103980343235
0.019999999999999993,0,0.25,319.2109752138135
0.018591956004034852,0.0040743557091515595,0.25,319.4080426114799
0.07713312971840555,0.05000000000000001,0.2449892753589164,327.4951338545882
0.07333333333333339,0.05,0.25,327.4398322877798
0.03999999999999999,0,0.25,319.30837992421493
0.017183912008069707,0.008148711418303119,0.25,319.68153758488546
0.2,0.016881904183451958,0.16043251465311098,320.8481290192611
0.2,0.01129187852861086,0.16251329988283564,320.24382400648926
0.04420030947359253,0.05,0.24537083745142696,327.38473766612685
0.15886860772653782,0.05000000000000002,0.17910738863529427,327.7704522725658
0.09666666666666665,0,0.24422649730810372,319.4731890187852
0.15626271151684928,0,0.2006767171834622,319.6011567083907
0.15941136011004134,0,0.20719063030304144,319.5596636319308
0.2,0.033376896366009545,0.1540413755509351,323.505425724731
0.028910749401755396,0.030886207612967682,0.25,322.7569437169698
0.053333333333333365,0.05,0.25,327.3797105636094
0.2,0.02218954524635404,0.13269770676786846,321.5895537973772
0.09333333333333332,0,0.25,319.43205867845626
0.08893517032943873,0.005537552808955067,0.25,319.7292456684217
0.08046646305173885,0.05,0.23921577266702015,327.55256590059577
0.06133343919199804,0.05,0.24036011281034336,327.4971474344928
0.010863941564751229,0.05,0.24545320055089792,327.1716116727879
0.008394549796169113,0.05,0.24090640110179584,327.19137370033224
0.015061216462835786,0.05,0.24090640110179584,327.2458079407965
0.1033333333333333,0,0.24422649730810372,319.4732045750045
0.1488621002336029,0,0.18231781391644705,319.69646552562676
0.15281484957343008,0,0.18761014460526432,319.6646785419553
0.15415417452632982,0,0.1819746969334107,319.6783810378512
0.15586995098996242,0,0.1958089928662696,319.62250456293737
0.15720927594286216,0,0.190173545194416,319.63849383426736
0.09666666666666665,0,0.2211324865405187,319.61353069568804
0,0.05,0.25,327.03050290597776
0.004197274898084556,0.05,0.24545320055089792,327.11331843904276
0.006666666666666672,0.05,0.25,327.09265513300375
0.01259182469425367,0.05,0.23635960165269382,327.26466868984625
0.13659695317541895,0,0.23284768760745297,319.4995903427298
0.18305369711157857,0.05000000000000001,0.1626961338873747,327.66564301434283
0.13827795164814907,0,0.18300404788251973,319.726704670155
0.14357002594087598,0,0.18266093089948338,319.7125734030614
0.1353576652575038,0,0.1884423023838613,319.71595824919467
0.042786116457777655,0.0216825407237475,0.25,321.30789751817497
0.02592319863841616,0.018753906616586984,0.25,320.8272801830799
0.05999999999999998,0,0.25,319.37773358398664
0.2,0.033336697651798614,0.14762469741847878,323.50727855468887
0.17271300305537723,0.05,0.18131631305444607,327.68306319160905
0.17215886618952428,0.05,0.17534274225170288,327.706860742587
0.15643349685401475,0,0.21190886618812993,319.54951344302935
0.2,0,0.15384615384615385,319.4932579017923
0.14674006043673787,0.049999999999999996,0.19422795445620317,327.7649676095987
0.19436014981976812,0,0.15644622430054583,319.52793353085866
0.16160370231229423,0,0.19273694578356773,319.6105572454825
0.11666666666666663,0,0.2326794919243112,319.5376377569512
0.020546524744595823,0.012819751460469495,0.25,320.1189081296702
0.06666666666666671,0.05,0.25,327.42355401182976
0.19999999999999998,0.02237499661255335,0.15830290824718263,321.58631364805643
0.06959451387549086,0,0.232453419375017,319.51646799582926
0.08079841365384328,0.05,0.22846198542426033,327.63873845805267
0.07779703092261442,0.05000000000000001,0.22348170087339678,327.6694630772979
0.013333333333333345,0.05,0.25,327.1482744240131
0.08379979638507215,0.05,0.23344226997512388,327.6049389900949
0.0869986172687711,0.05,0.22769920737344768,327.65254201754306
0.02673764066453202,0.05,0.2382009995206511,327.3511746516138
0.2,0.05,0.16666666666666666,327.50731560033915
0.08319817129183027,0,0.2326041344078798,319.5379522489815
0.1549740711135372,0.05000000000000001,0.18252159814442082,327.7773272508056
0.03010646099679802,0.05,0.23230149928097665,327.41998342493713
0.12951709247621332,0,0.1993188113865445,319.6875598670894
0.0027078923597660203,0.046814860047351387,0.25,326.1779951484401
0.005415784719532041,0.043629720094702784,0.25,325.3767430388348
0.1264974355888908,0,0.21550441779779692,319.6188401385139
0.0651332355770702,0.05000000000000001,0.23534938816925977,327.55059474081645
0.1584357488412899,0,0.17830882327986647,319.6723349112979
0.13243737886685858,0,0.1938805568852029,319.7029099815061
0.16665768095253902,0.05,0.17227896961704114,327.7499687655276
0.07459821003891547,0.05000000000000001,0.22922476347507298,327.62162295051223
0.16271732315624995,0,0.17464294962632224,319.66424944528745
0.09325761598884372,0,0.21574212450494193,319.640673486033
0.015775868012104566,0.012223067127454676,0.25,320.0314601340303
0.08099585180631336,0.05,0.21773863827172057,327.7130536502481
0.05048028759429485,0,0.2326088371825265,319.46265495660106
0.00812367707929806,0.04044458014205417,0.25,324.62674657716155
0.2,0.016636068400737218,0.1284425505087915,320.8538383681311
0.09999999999999998,0,0.21535898384862245,319.6443779729719
0.0027078923597660203,0.04125930449179584,0.25,324.77354276629535
0.008572532191796621,0.0340044643573834,0.25,323.22675593474753
0.011729279664061204,0.029934764175619577,0.25,322.4709116095611
0.005864639832030602,0.03163404875447646,0.25,322.7425539703916
0.06385588764258772,0,0.22296783549422927,319.55806211682125
0.07011797878938608,0,0.22239562291547776,319.57566261326895
0.0672486656729345,0,0.2176528309750839,319.5947064423095
0.2,0.02770329131511238,0.12416808264417088,322.47102426838376
0.2,0.0332567681607292,0.12842323890324786,323.50581134418485
0.20000000000000004,0.03323690277229996,0.12203084871186058,323.50177220096515
0.1717363740454285,0,0.16197563206349325,319.65122551155343
0.1657528159609174,0,0.15919466199650728,319.6858584733643
0.16637585671606372,0,0.16508586898464264,319.6709496113309
0.03671690593941335,0.05,0.21352217384893457,327.5862402865273
0.0360013995435753,0.05,0.22070673132810711,327.53699843268475
0.031537473788474116,0.05,0.21793238432263157,327.52944335603297
0.03899414357298374,0.010143715133861766,0.25,319.96024269219805
0.03669594606985944,0.0046710400421663785,0.25,319.53685417964675
0.033391892139718896,0.009342080084332757,0.25,319.8654226213639
0.037183865024512805,0.020880905674218492,0.25,321.16946200074483
0.03569008964284319,0.014814755176028146,0.25,320.4081493346379
0.06035379199864062,0,0.22776243337045962,319.52173004030095
0.08278170366485295,0,0.21030118577178436,319.6586379620905
0.0895240876760092,0,0.20991804511546489,319.6670478220958
0.17713748008037258,0.05,0.15979581503373133,327.7150755662681
0.04382252953983253,0,0.23235672320196077,319.43938868060593
0.040329100341734245,0,0.23815377747445193,319.3892328795898
0.1029138933948021,0,0.20940680517401664,319.67316528773813
0.10582778678960422,0,0.20345462649941082,319.6993433747314
0.09918036508196758,0,0.2035827257845396,319.6999241846914
0.12259195504561099,0,0.19871335686596467,319.70273136591095
0.12603622494081873,0,0.19354127796384396,319.71736553738873
0.11911108751021643,0,0.19293582344326413,319.73065412600505
0.14416398843975228,0,0.17064590240757146,319.7450180593824
0.1471070068355539,0,0.16446682967009735,319.7500738574675
0.1411737868800116,0,0.16605713350768447,319.76500294710416
0.02483309579399512,0.05,0.22861309873507873,327.4139699786423
0.030821967392636068,0.05,0.22511694180180414,327.4770199530203
0.15415517085719393,0.05000000000000002,0.16748329101223064,327.8288767155306
0.1502606342441933,0.05000000000000002,0.1708975005213572,327.83670235521214
0.14790391580952136,0.05000000000000001,0.16508545170982536,327.862257921789
0.08579055936317469,0,0.20409396572598784,319.6905342668699
0,0.033288858411723216,0.2448323755310262,323.05804627330645
0,0.038844413967278765,0.2448323755310262,324.23369948759836
0,0.03888888888888889,0.25,324.19940055702676
0.10899304758893519,0.05,0.19796435789359657,327.83489602643164
0.11598678066732229,0.05,0.19863065617001133,327.82452182562173
0.11266203172595678,0.05,0.20376256654527183,327.80250839096465
0.2,0.011092854153865492,0.11768084642130724,320.2628563908803
0.2,0.005545356133579073,0.11973726042600742,319.8172778178659
0.2,0.011090712267158145,0.12408990546739945,320.2641424500147
0.2,0.005545356133579074,0.12614751683626385,319.8179473192781
0.18295966744382317,0.049999999999999996,0.15038589078297104,327.6903378728981
0.18860843507329697,0.04999999999999999,0.1474358974358974,327.649394072132
0.18865544990717467,0.05,0.15359101898809924,327.63930828632596
0.11249445345627089,0,0.20345462649941082,319.69496954773894
0.10958056006146877,0,0.20940680517401664,319.670119883408
0.11239655053568856,0.05,0.19284280317605432,327.85556565311464
0.1196557648043439,0.05,0.2044288648216866,327.7897318361868
0.11633101586297838,0.05,0.2095607751969471,327.7663718198363
0.2,0.011090712267158147,0.1305001618776559,320.26327791746877
0.17111333329028217,0,0.15608442507535789,319.66535671100564
0.2,0.03886433262505846,0.13901047439580985,324.6994736542441
0.20000000000000004,0.03327663354915844,0.13481562909463518,323.5073977880361
0.15974522650417833,0,0.16291578688374908,319.7053174780679
0.00541578471953204,0.03807416453914723,0.25,324.06355082758614
0.11939028361407568,0.05,0.19350910145246908,327.84346412001275
0.16036826725932465,0,0.16880699387188444,319.6894649361493
0.11566681761500866,0,0.19810790234538483,319.71451548819846
0.1121859500796141,0,0.1923303689226843,319.7405553380873
0.1096643491963117,0.049999999999999996,0.20956077519694713,327.7734112492526
0.2,0.027705433201819726,0.11775902359807866,322.4699942972126
0.011925289337368188,0.004074355709151559,0.25,319.3681523044805
0.01333333333333333,0,0.25,319.1721446606732
0.13187679772210925,0,0.1826647689611608,319.7435865848702
0.12888659616236858,0,0.1780760000612738,319.76407935089463
0.12547564379606946,0,0.18232549003980186,319.75759777321383
0.15261735267886525,0.05000000000000002,0.17670954933288902,327.80839213155105
0.011729279664061204,0.024379208620064017,0.25,321.53615135088825
0.005864639832030602,0.020522937643365345,0.25,320.9336567797326
0.005864639832030602,0.026078493198920902,0.25,321.76384401284145
0.0523219640664005,0,0.22321822678698594,319.52299075036825
0.0558240597103476,0,0.2184236289107556,319.5599517317525
0.050661544894559055,0,0.21862221426767578,319.5420176779792
0.04050169119614963,0,0.22316469816334036,319.4788558945823
0.03550435231352876,0,0.2275085967020848,319.43268172354374
0.042162110367991085,0,0.22776071068265058,319.45982826950035
0.2,0.01664249406085926,0.10921537337051485,320.84767298529596
0.2,0.022173963631339492,0.11348719848429675,321.58529455865624
0.2,0.022184046121244295,0.1070849469932104,321.5813480244558
0.03016900447696929,0,0.24395083174694307,319.3054139779371
0.023502337810302625,0,0.24395083174694307,319.27144162807764
0.026666666666666658,0,0.25,319.24646261019177
0.16530504601796062,0.049999999999999996,0.15399517732644463,327.8013831113985
0.1712212630491666,0.049999999999999996,0.15689549618008797,327.7603222652867
0.16575592432948674,0.04999999999999999,0.16008977475664346,327.78664733744955
0.0715813975355156,0.05,0.2127108555369608,327.7257356759147
0.06831887730061893,0.05,0.2075146258958895,327.7475176822303
0.07447081133652003,0.05,0.20734617898957794,327.7629326667813
0.1595046692818142,0.05,0.1576919354542382,327.8257200691981
0.011123262502732123,0.019041737796961347,0.25,320.7735844719874
0,0.044444444444444446,0.25,325.5347903529367
0.2,0.04443216631252923,0.13681292950559726,326.049917356088
0.20000000000000004,0.03884446723662922,0.13261808420442256,324.69905308849826
0.01086652727529418,0,0.24528252466774425,319.18945792684485
0.006666666666666665,0,0.25,319.130295949266
0.2,0.0221696798579248,0.1263053165764812,321.5883796574391
0.2,0.016638210287444565,0.12203349146269926,320.85410300222986
0.09047464468617314,0.05,0.21084591893087612,327.76611319061266
0.0027078923597660203,0.03570374893624029,0.25,323.5294131412816
0.004197274898084556,0.05,0.23263268773038512,327.22137373925085
0.004197274898084556,0.05,0.23904294414064153,327.1697331063385
0,0.05,0.23717948717948717,327.1452439945625
0,0.02773330285616766,0.24483237553102621,322.03493056186056
0,0.03324438349011309,0.2396647510620524,323.089663807616
0.030029279403192773,0.0046710400421663785,0.25,319.50545657132835
0,0.04439996952283433,0.23842211912076977,325.62415882630404
0,0.03879993904566865,0.23325449465179598,324.3151123705022
0,0.04439996952283433,0.23201186271051338,325.6738681592034
0.004199860608627514,0,0.24528252466774422,319.1464165513187
0,0,0.25,319.0854290795919
0.2,0.02772315670354162,0.13056047283555816,322.4736309099627
0.1020942584767697,0,0.19763054710993377,319.72490489023255
0.04564475744961573,0.05,0.2190708678598856,327.5965679243374
0.047963481106669675,0.05,0.22475141602468404,327.5685706562753
0.04046532529867649,0.05,0.2234810783335826,327.54200495357185
0.09626647168716546,0,0.2095349044591454,319.6723342513775
0.17709689137479326,0,0.15886539514234382,319.62888375995493
0.033333333333333326,0,0.25,319.2789308469921
0,0.0055555555555555575,0.25,319.38206315838806
0,0.009898111565874293,0.2451228726840512,319.7474860233529
0,0.011111111111111115,0.25,319.8208943726206
0.17167214136069273,0.05,0.16299009361028682,327.74420381952353
0.1059953650592901,0.049999999999999996,0.20376256654527186,327.8075597999205
0.09980704328038041,0.049999999999999996,0.20425449213816813,327.8064466138734
0.10280472581002548,0.05,0.19845628348649283,327.8355299979943
0.2,0.02772559818162933,0.10495452061590596,322.4633005549933
0.2,0.027715515691724528,0.11135677210699232,322.4678374633629
0.2,0.03325706775210956,0.10922634572968788,323.4986578594472
0.055913968846721715,0.05,0.2301563345664057,327.56112757507975
0.05922700927266587,0.05,0.22420015677853047,327.61622595596486
0.062180122424868034,0.05,0.22977477247389513,327.5853338093106
0.07634381049980143,0,0.21107105448688593,319.6457742784087
0.13870707822729644,0.049999999999999996,0.1728788962037335,327.874200149262
0.14168922563107383,0.049999999999999996,0.1774798718148181,327.84947864346987
0.1355997331380727,0.04999999999999999,0.17907610625622988,327.8637470646333
0,0.027688827934557535,0.23966475106205237,322.06609204115153
0,0.03319990856850297,0.2344971265930786,323.11918612117637
0.06844627600301435,0.05000000000000002,0.22939321038138455,327.6058712251294
0.1322975485286677,0,0.17382651008274574,319.76870921669126
0.13823076848421,0,0.17223620624515862,319.7581747816754
0.1352405669244693,0,0.16764743734527163,319.7773097494637
0.03683567114363595,0,0.24395083174694307,319.3363671682189
0.12895651133146402,0,0.18810302346250235,319.7316269844936
0.10299768252964502,0.04999999999999999,0.20956077519694716,327.7768079386889
0.2,0.01113538178842017,0.13688724442705202,320.2644172365777
0.04278404895573044,0.05,0.22916162649838107,327.5129018456569
0.050282204763723616,0.05,0.23043196418948247,327.5369517573065
0.2,0.03882460184819997,0.12622569401303527,324.6961798233838
0.047159449250611954,0,0.22341681214390613,319.50376278498493
0.10874168018440636,0,0.197502447824805,319.72291223395183
0.09042808225220611,0.05,0.19944013467228539,327.8273245072264
0.09361872150147071,0.049999999999999996,0.2047464177310644,327.8021756165286
0.08728400543690852,0.05,0.20553963587209712,327.79300848919974
0.01372151849034411,0.05,0.22627739897975319,327.3501417618093
0.018994883693147006,0.05,0.2299657995256511,327.3632250255781
0.01315667159229889,0.05,0.23131850031622353,327.30861403167387
0.1258963946026279,0,0.1734872311613868,319.78276063331026
0.188608435073297,0,0.14102564102564102,319.58556135410487
0.1829126526099455,0,0.14423076923076925,319.61751576628734
0.188608435073297,0,0.14743589743589744,319.57889551077716
0.19430421753664848,0.049999999999999996,0.15064102564102563,327.59473235469005
0.027004675620605257,0,0.23790166349388614,319.32900863692066
0.021035531752263477,0,0.23923335641468732,319.28885358601457
0,0.008685112020637473,0.24024574536810234,319.67906824651095
0,0.01424066757619303,0.24024574536810236,320.19962113439203
0.1943042175366485,0,0.14423076923076925,319.54523700174576
0.1943042175366485,0,0.15064102564102566,319.53747622261216
0.010517245341403043,0.013704266973858674,0.25,320.1472092009233
0.18302451717618473,0,0.1558411665498096,319.6005451922127
0.1829685848930651,0,0.15003596789028942,319.6099063233857
0.17704095909167364,0,0.15306019648282365,319.6390553228398
0.1263840166924628,0.05,0.19417539972888384,327.82727899098984
0.12298051374570941,0.05,0.1992969544464261,327.8100640288906
0.07120829110162337,0.05,0.2021499493485066,327.78323256770824
0.07761488815181761,0.05,0.20124667778976618,327.8014097229896
0.09253294337433093,0,0.20371082506966837,319.69740263849417
0.19999999999999996,0.011180051309682193,0.14327432697644815,320.2633010364975
0.2,0.0055900256548410965,0.1453551122061728,319.8095982916252
0,0.027777777777777787,0.25,322.00167386182045
0,0.03333333333333334,0.25,323.024333518248
0.06254004969861003,0.05,0.21824397899065529,327.66700637008654
0.056908285615611925,0.05,0.21851960861373204,327.646325679074
0.08087740838671428,0.05,0.2064429074308375,327.7797104990448
0.07773333157141671,0.05,0.21254240863064927,327.73953969429454
0.025548602189833167,0.05,0.22142854125590622,327.4689248880291
0.07484391777041224,0.05,0.21790708517803212,327.7008605980394
0.0716450968867133,0.05,0.22365014777970832,327.65549068850214
0.06869198373451113,0.05,0.2180755320843437,327.6855115046522
0.0966164040311158,0.05,0.1989482090793891,327.8330061582592
0.005258622670701521,0.015185466820262674,0.25,320.27069673034316
0.07351075681973286,0,0.2170806183963324,319.61067087737797
0.13528775008840838,0,0.17841527898263274,319.74861268522756
0.16620680264101287,0.049999999999999996,0.1661843721868423,327.7695092221593
0.16040642590486648,0.05,0.16988113031463586,327.7914469967768
0.041180831694514544,0.05,0.21629652085441012,327.5926783833148
0.012599581825882545,0,0.2358475740032327,319.2613032411205
0.008399721217255029,0,0.24056504933548845,319.20504127182824
0.015066387883921693,0,0.24056504933548847,319.24625715320633
0.2,0.03326715024201437,0.10282409423860153,323.4935305769084
0.17105740100716255,0,0.1502792264158377,319.67458701733074
0.1651297752057711,0,0.15330345500837195,319.69885122592035
0.005258622670701521,0.009629911264707115,0.25,319.7268717170604
0.010517245341403043,0.008148711418303117,0.25,319.64058752402684
0.02453786956256611,0,0.2331841881616304,319.345326622504
0.018568725694224325,0,0.23451588108243157,319.3045356227633
0.2,0.044432166312529234,0.14322318591585365,326.04403685063386
0.07008171935300309,0,0.21164326706563744,319.63121677522963
0,0.04439996952283432,0.2448323755310262,325.5696754590213
0.11624722672813544,0,0.20940680517401664,319.6640149199027
0.019559730591192225,0.05,0.22492469818918082,327.40372613041404
0,0.05,0.24358974358974358,327.0902604674618
0.12255535740542417,0,0.18776374454114342,319.744424993421
0.07291477303307167,0,0.20563370315619098,319.6650888050964
0.0694857355663419,0,0.20019635182549606,319.6818378000469
0.06665268188627331,0,0.20620591573494249,319.6491971413441
0.18866436735641662,0,0.15324109609541764,319.5703194434497
0.13212243917096517,0.04999999999999999,0.18331795249186628,327.85827601848246
0.1518051186294045,0,0.1761387411789729,319.7044231641243
0.030507013430907892,0,0.23185249524082924,319.3836762403425
0.03367134228727192,0,0.23790166349388614,319.36146594026144
0.15995554759334035,0.05,0.16378653288443706,327.8097847036582
0.12279378656082907,0.05,0.18838754673492686,327.85954318535863
0.005258622670701521,0.004074355709151559,0.25,319.32524383921407
0.2,0,0.12820512820512822,319.5154454360289
0.2,0,0.13461538461538464,319.5132367586065
0.2,0.005545356133579074,0.13255777324652027,319.8164107142939
0.051276521532613833,0.05,0.21879523823680885,327.6228461971577
0.12925322793171398,0.04999999999999999,0.18874667611037507,327.8441994744115
0.15651188929186588,0.05,0.17329533982376244,327.80104182259043
0,0.05,0.23076923076923075,327.19545348727985
0.004762121796129776,0.05,0.2275915863939148,327.26382930785036
0.008959396694214333,0.05,0.22945504335506917,327.28764592865326
0.017533193941960845,0,0.24528252466774425,319.22948114410417
0.04129234107610804,0.015616390225557154,0.25,320.5231446741206
0.12930734696892704,0,0.16923774118285878,319.7869942645462
0.17698502680855402,0,0.14725499782330348,319.6474751974531
0.08413992862161095,0.05,0.21163913707190884,327.75491820354034
0.2,0.044412300924099986,0.11760002649369712,326.04753988896755
0.2,0.05,0.11538461538461539,327.5577879186649
0.2,0.044422383414004785,0.11119777500261077,326.04599111608667
0.2,0.00554749802028642,0.1133282013799152,319.81444106549816
0.12914029176718778,0.05,0.17871697688078167,327.88235502454665
0.03225298018431216,0.05,0.21074782684345905,327.57725363397503
0,0.01666666666666667,0.25,320.4019227222896
0.18300668227770087,0.05,0.15654101233517287,327.6791440434737
0.2,0.03882460184819997,0.11981543760277885,324.6955346497343
0.2,0.038834684338104775,0.1134131861116925,324.69457669654435
0.1943042175366485,0,0.13782051282051283,319.55080168487785
0.2,0,0.14102564102564105,319.50877323566976
0.11941959088687322,0,0.20406008101999065,319.6845665625869
0.2,0.05,0.14102564102564105,327.5528140301716
0.2,0.05,0.13461538461538464,327.5578626380502
0.18291265260994546,0.049999999999999996,0.14423076923076922,327.6992245026159
0.020275236987030272,0.05,0.2177401407100083,327.45659942110433
0.02626410858567122,0.05,0.2142439837767337,327.5192666723452
0.2,0.022171821744632145,0.11989625753038897,321.5879969889029
0.12963543833051794,0.05,0.16987415503406067,327.90885251426647
0.13261758573429533,0.049999999999999996,0.17447513064514528,327.88739563644845
0.1261581443634104,0.05,0.17411600126969706,327.90424233661366
0.13572493082351908,0.05,0.1682779205926489,327.89672996105696
0.05748447888218905,0,0.22301964143006575,319.5403338450039
0.05398238323824195,0,0.22781423930629613,319.50255185894486
0,0.03879993904566864,0.23966475106205237,324.26590319742087
0.2,0,0.14743589743589747,319.5021136167317
0.11907448987002962,0,0.1819862111184429,319.768738235186
0.0759236287313934,0,0.19942648311039446,319.69736889002115
0.07935266619812317,0,0.2048638344410894,319.67928619192446
0.15370429254566778,0.05000000000000001,0.16138869358203178,327.8460116726617
0.1447965707202976,0.05,0.17128266176232176,327.85759568445917
0.12248544223632876,0,0.17773672113991487,319.77667529019016
0.03528589314773725,0.05,0.22789128880727966,327.4831434537716
0.17709046524649488,0.05,0.15364069348152953,327.72746893798984
0.009524243592259552,0.05,0.22441394201859885,327.3284287721745
0.14715328915496956,0.05000000000000001,0.17709471057385356,327.83027151770966
0.2,0.05,0.14743589743589744,327.54527293425156
0.15311459629229296,0,0.16074570478285555,319.73632812102477
0.15373763704743926,0,0.16663691177099088,319.7214480086986
0.008394549796169113,0.05,0.23449614469153945,327.2444454734396
0,0.015453667121429851,0.2451228726840512,320.2982766421279
0.0454990300787705,0,0.21882079962459594,319.5221987534582
0.08879941506149643,0,0.19788674568019132,319.719583134322
0.09544683676913307,0,0.19775864639506255,319.72379519035593
0.04881986842245341,0,0.22801282466321632,319.48391485269923
0,0.004342556010318736,0.24512287268405117,319.3388925400143
0,0.022222222222222227,0.25,321.1275369298343
0.06098657452613615,0,0.21822504355383543,319.57600091477815
0.01428636538838933,0.05,0.2212362976432829,327.3892518802523
0.1494560627324792,0,0.17030278542453514,319.7283207706631
0.14651304433667758,0,0.17648185816200926,319.7218140523717
0.053595245189667774,0.05,0.22447578640160729,327.5937977015721
0.1711742482152889,0.04999999999999999,0.15074037462788614,327.77160797959914
0.08236152189644491,0,0.1986566143952929,319.7099506681129
0.11920355642919533,0.05,0.18259969374096985,327.8883152193448
0.12566299780008025,0.049999999999999996,0.18295882311641806,327.8750788253237
0.14122097004395068,0,0.17682497514504558,319.73722833027824
0,0.020964747755375282,0.23995524821507738,321.0239970853069
0,0.022177747300612102,0.24483237553102621,321.16033757485593
0.12268085039630289,0.05,0.17835784750533346,327.8973965716398
0.19999999999999998,0.0055900256548410965,0.1389448557959164,319.8156590506443
0.188608435073297,0.049999999999999996,0.14102564102564102,327.656931352325
0.1943042175366485,0.05,0.14423076923076925,327.6035177867672
0.1943042175366485,0.05,0.13782051282051283,327.609810730803
0,0.01975174821013846,0.23507812089912855,320.8926471681836
0.06549316285081219,0.05,0.2238185946860199,327.6383622585278
0.15608669294436456,0,0.17247286752542867,319.69796371986536
0.17704345041261718,0.04999999999999999,0.14748557192932768,327.7375551100051
0.11563021997482185,0,0.1871582900205636,319.75583067183203
0.11580005348244195,0.05,0.18772124845851207,327.8733720507523
0.2,0.016640352174151912,0.11562443241660705,320.8520478746182
0.08402148520201186,0.05,0.20034340623102576,327.8161070361623
0.09680936075073532,0.04999999999999999,0.21005270078984342,327.77394759503204
0.15912218574903203,0,0.15702457989561375,319.719253910509
0.2,0.033246985262204765,0.11562859722077423,323.5014050674661
0.06542946349961448,0.05,0.21287930244327238,327.7087756163563
0.2,0.044412300924099986,0.13042053931420994,326.04820996907875
0.06381962820620474,0,0.21221547964438894,319.61391817958787
0.037164771485370215,0,0.232104609221395,319.41306244185307
0.14181442331652022,0.05,0.16668168615123713,327.8811984302311
0.2,0.03884476682800958,0.10701093462060615,324.6912386688345
0.06672520075903929,0,0.22771062743462314,319.5382178105049
0,0.026475828389320714,0.23478762374610357,321.89705714221503
0.2,0.01109499604057284,0.11127178737521502,320.25925057003525
0.2,0,0.11538461538461539,319.5132444716847
0.2,0,0.1217948717948718,319.51544800705494
0,0.01302766803095621,0.23536861805215353,320.105956199082
0.17721687014659399,0,0.1282051282051282,319.65922037135573
0.17152108768324248,0,0.13141025641025642,319.688641813226
0.17721687014659399,0,0.1346153846153846,319.6570574547198
0.1533008457707366,0,0.15385601881055525,319.74778317743915
0.14729325631399753,0,0.15757714369779705,319.7630071020684
0.027266831330605742,0.05,0.2013734727251811,327.5968718314056
0.032542503899573846,0.05,0.20444077994822088,327.61362068976587
0.026977307615344056,0.05,0.20768051962041928,327.5618551209855
0.16559346188185103,0,0.14084474141304706,319.7118291723397
0.15954027856551561,0,0.14390553712565102,319.73578754726543
0.16536161854381107,0,0.1470740982107095,319.70638287662814
0.07355205252131315,0.05,0.19646359865130927,327.8165409669034
0.06866964443296508,0.05,0.19743512255068352,327.8002878808477
0.2,0.03886837033413453,0.08773918897770863,324.6642433482409
0.2,0.044434185167067264,0.09194651756577739,326.0212941295213
0.2,0.04443418516706727,0.08553626115552099,326.0069829669649
0.1829126526099455,0,0.13141025641025642,319.6258884414155
0.1357542116468838,0,0.15639642161885398,319.7989380477715
0.13007781405254878,0,0.1523612175932323,319.81862859583174
0.12982099169134154,0,0.15798672545644113,319.80982741656845
0.024958151709243905,0,0.22789229776795844,319.3788971306942
0.030896562639615634,0,0.22460324487107408,319.42746800191435
0.021991158761637642,0.05,0.19830616550214133,327.57638525802037
0.021701635046375956,0.05,0.2046132123973795,327.5427188929709
0.2,0.005547498020286421,0.1069179449696588,319.80923788299026
0.2,0.005547498020286421,0.10050768855940238,319.8018008407763
0.2,0,0.10256410256410256,319.5021058684783
0.01940928998757992,0,0.22393210029508764,319.3709724952307
0.01898900784090212,0,0.2292239906887596,319.3385803503891
0.188608435073297,0,0.11538461538461539,319.5896885755158
0.188608435073297,0,0.10897435897435898,319.5852824650586
0.1829126526099455,0,0.11217948717948718,319.62251483477667
0.12995881384955973,0.05,0.16432402076512234,327.9228225687448
0.13604830634256088,0.05000000000000001,0.16272778632371057,327.90993125439803
0.188608435073297,0.05,0.08974358974358976,327.6265670511085
0.1829126526099455,0.05,0.09294871794871795,327.67889272402357
0.18291265260994552,0.05000000000000001,0.08653846153846156,327.6649475162986
0.2,0.05,0.08333333333333334,327.50730830669755
0.2,0.04443418516706727,0.0791260047452646,325.99006265959434
0.10846516419716569,0,0.18612678880086353,319.7654275820611
0.15348709524918022,0,0.14696633283825494,319.75664027044377
0.15930843522747568,0,0.15013489392331344,319.72923077873696
0,0.008685112020637473,0.23383548895784595,319.72003169033286
0,0.004342556010318736,0.23871261627379475,319.3811007117705
0,0.004342556010318736,0.23230235986353837,319.4210257687536
0.188608435073297,0,0.1282051282051282,319.5918750178004
0.1829126526099455,0,0.125,319.6269257874441
0,0.04454547129639714,0.2193393142581054,325.7988950932951
0,0.03909094259279427,0.21431965415723647,324.5066873039815
0,0.04454547129639714,0.21292905784784902,325.83795857481493
0.12364361233167714,0,0.16716727193747502,319.8025415580779
0.12023265996537802,0,0.17141676191600308,319.7974268406374
0.11823670005563452,0,0.15947129482888245,319.82679762683284
0.11231614305717741,0,0.16302633344670753,319.8260963119869
0.11797987769442728,0,0.1650968026920913,319.8155755738914
0.13637168186160264,0.05,0.15717765205477222,327.9211139667418
0.142137798835562,0.05,0.16113155188229877,327.893630962435
0.020988436016703114,0.05,0.2111766765536939,327.5013736622608
0.014999564418062172,0.05,0.21467283348696853,327.436211913925
0.177216870146594,0.05,0.13461538461538464,327.749021934134
0.17721687014659404,0.05000000000000001,0.12820512820512822,327.7515516153101
0.1829126526099455,0.05,0.1314102564102564,327.70923070549185
0.09757932253706111,0,0.1788917074593427,319.7907976994679
0.09108919650885107,0,0.1809590039525471,319.7819352104071
0.09465268671187288,0,0.18522338686629225,319.76994341595054
0.013860428265915936,0,0.21997190282221687,319.3599023339521
0.019798839196287665,0,0.2166828499253325,319.4116422566697
0,0.0336364138891914,0.21571025046662393,323.3285526438413
0,0.03349091211562859,0.22197254250877546,323.2615802811101
0,0.0276422569473553,0.21716315406720677,322.204406806664
0.01571276344773501,0.05,0.20810936933065413,327.4797429371513
0.010237442621932394,0.05,0.21144022145202807,327.416469894345
0.15970777167232236,0.04999999999999999,0.1508460588885132,327.83711738198605
0,0.03334541034206578,0.22823483455092702,323.1917914402218
0,0.027351253400229678,0.2296877381515099,322.07761666354594
0.2,0.005555146845306129,0.08124706883631977,319.7662052718242
0.2,0,0.08333333333333334,319.4687298495811
0.2,0.005555146845306129,0.08765732524657618,319.7804686676134
0.2,0.044371788298881075,0.07274765741320223,325.9544481176143
0.2,0.04437178829888107,0.06633740100294581,325.93221419596483
0.2,0.03874357659776215,0.0685722379033275,324.5804449426214
0.1829126526099455,0.05,0.13782051282051283,327.70546306526325
0.18291265260994552,0.05000000000000001,0.125,327.7105274233017
0.20000000000000004,0.04441230092409999,0.12401028290395354,326.04909971516594
0.07995864957150739,0.05,0.19556032709256888,327.83307583837507
0.08230241099119717,0.05,0.18987397639537154,327.8619099759905
0.08636524662170164,0.05,0.19465705553382845,327.8461308677381
0.05481523018260212,0,0.19700049799833133,319.65582530722753
0.05697327298236645,0,0.20110755745418415,319.6456061596515
0.06107146147458984,0,0.19654489518398727,319.676196407661
0.10502089430195793,0,0.19129886770298424,319.7487153400091
0.0888020922794523,0.05,0.18788359524681558,327.87788755989135
0.2,0.05,0.12820512820512822,327.5602873038739
0.188608435073297,0.05,0.13461538461538464,327.661926029185
0.07879803169342309,0,0.19439223148154774,319.7221228160387
0.036283450730944244,0,0.21301009596257447,319.51343901572096
0.031286111848323375,0,0.2173539945013189,319.4682493268454
0.035893901522236496,0,0.22025934633232963,319.4745655879528
0.005475320825802617,0.05,0.2082076094170876,327.3929102082205
0.010950641651605234,0.05,0.20487675729571367,327.45873637275054
0.09773861922545807,0.05,0.17911975381124673,327.9158558692579
0.1014900953466171,0.05,0.18540128850536333,327.89283623847587
0.09530177356770742,0.05,0.1858932140982596,327.8901141566101
0.2,0.05,0.10256410256410257,327.5452150194481
0.1943042175366485,0.05,0.10576923076923075,327.60338371543736
0.1943042175366485,0.05,0.09935897435897437,327.59467468473787
0.1597721219035556,0,0.13767618032798856,319.7402589607976
0.1537189385872202,0,0.1407369760405925,319.76222215679275
0.04089124040485737,0,0.21591544779358518,319.51883186182846
0.09905324968886645,0.05,0.19217474879237623,327.86480556904894
0.10864507441452952,0.05,0.18656126848193771,327.88526451393005
0.10489359829337049,0.05,0.18027973378782108,327.910996391252
0.1120485773612829,0.05,0.18143971376439547,327.90181617461434
0.2,0.05,0.12179487179487182,327.56026239741215
0.19430421753664853,0.05000000000000001,0.125,327.6147341063495
0.19430421753664853,0.05000000000000001,0.11858974358974361,327.6134571185377
0.17128924434520254,0,0.14404986961817529,319.68101284915497
0.10976203922974928,0.05,0.17496761331974084,327.92592004940724
0.2,0.011094996040572841,0.10486153096495862,320.2532965767697
0,0.05,0.21153846153846154,327.3223664563414
0.004762121796129777,0.05,0.214771073573402,327.3484792641895
0,0.05,0.21794871794871795,327.28360919936034
0.188608435073297,0,0.1346153846153846,319.5897678497978
0.1943042175366485,0,0.13141025641025642,319.55397867485453
0.004199860608627514,0,0.2388722682574878,319.1882260794132
0.004199860608627514,0,0.23246201184723142,319.2277524927347
0,0,0.23717948717948717,319.1700517641999
0.1598811914062992,0.04999999999999999,0.14438612798482656,327.84525136044704
0.16565188548591422,0.049999999999999996,0.1410753155190713,327.81735630056056
0.16547846575193742,0.04999999999999999,0.14753524642275795,327.8106699139602
0.10130010841950952,0,0.18509528758116348,319.7713438285144
0.009524243592259554,0.05,0.21800368560834246,327.37077440549314
0.004762121796129776,0.05,0.22118132998365841,327.3079278190397
0.1943042175366485,0,0.09935897435897437,319.53727821560193
0.1943042175366485,0,0.10576923076923078,319.545110591149
0.1715210876832425,0.049999999999999996,0.13782051282051283,327.7847605867337
0.1713476679492657,0.04999999999999999,0.1442804437241995,327.7794844911472
0.188608435073297,0,0.08333333333333334,319.54511001155083
0.1829126526099455,0,0.08653846153846154,319.58677205025646
0.188608435073297,0,0.08974358974358974,319.55849784731026
0.1943042175366485,0.05,0.13141025641025644,327.61356152187574
0.18860843507329703,0.05000000000000002,0.12820512820512822,327.66444978362625
0.17152108768324248,0,0.13782051282051283,319.68535332598276
0.165825305219891,0,0.13461538461538464,319.71519011305486
0.07523454149040129,0,0.19012784856780257,319.7323518533241
0.08167243465545279,0,0.189357979852701,319.7448564209478
0.07810894445243098,0,0.18509359693895586,319.7545783983001
0,0.05,0.22435897435897434,327.2413048763398
0,0.04454547129639713,0.2257495706683618,325.75628454573564
0.05855024020176863,0.05,0.21276026417394875,327.68776358790745
0.1943042175366485,0,0.08653846153846155,319.5150468725112
0.1943042175366485,0,0.09294871794871795,319.52730242299674
0.04723836728263991,0,0.21306825317257336,319.55801610598286
0.04263057760872678,0,0.21016290134156262,319.5542385647841
0.2,0.022191694946264003,0.1006448400906406,321.57452353624234
0.2,0.027733247006649038,0.09851441371333616,322.45565507776223
0.05414021930229787,0,0.2071171213636306,319.6101812224351
0.05071704169037873,0,0.20156316026852822,319.6233188085826
0.06322950427435417,0,0.2006519546398401,319.66511249013956
0.16582530521989103,0.05,0.13461538461538464,327.8214422711995
0.08473925664894782,0.05,0.18310051610835865,327.89214416492376
0.09123893793720295,0.05,0.1811101349598027,327.9058755106818
0.025347700917951646,0,0.22064304739820328,319.42112789219965
0.2,0.0444223834140048,0.10478751859235436,326.0392753373844
0.2,0.03884476682800958,0.10060067821034974,324.68285679234253
0.2,0,0.07692307692307694,319.45318778974655
0.2,0.005554183934070786,0.07489619351663704,319.7496876167602
0.06732769276657756,0,0.1960892923696432,319.69378648751365
0.17721687014659399,0,0.14102564102564102,319.6527952103935
0.13594046112532743,0,0.14950673564655367,319.80901281040866
0,0.013903093041865171,0.23026873245755983,320.228298670846
0,0.009560537031546435,0.22873560336325224,319.823778155042
0.038358860525570054,0.05,0.20776282940915128,327.62823930239534
0.044464740866827945,0.05,0.2047778319748435,327.67507826656816
0.04282278628067124,0.05,0.2105371764146268,327.6353285099183
0,0.02749675517379249,0.22342544610935833,322.14241997418355
0,0.0216481000055192,0.2186160576677896,321.25478849646146
0.2,0.011109330779376914,0.07922018542987987,320.2074641922097
0.2,0.011108367868141572,0.07286931011019715,320.1899582571895
0.07236013852837159,0,0.1951621001966493,319.70810498723966
0.2,0.05,0.09615384615384616,327.53521826375203
0.2,0.04442238341400479,0.09837726218209794,326.0300860212903
0.188608435073297,0.05,0.09615384615384615,327.63921501387676
0.188608435073297,0.05,0.10256410256410255,327.64932789572754
0.1829126526099455,0.05,0.09935897435897435,327.69030285083113
0.048977704486509316,0,0.20731570672055077,319.5917227910243
0.052400882098428456,0,0.2128696678156532,319.57715478394874
0.1295641693301343,0,0.16361223331964997,319.7992826394733
0.13549738928567656,0,0.16202192948206282,319.78899569753355
0.2,0.03885656858107205,0.09416993359402918,324.6748645937263
0.06516964996681324,0,0.19198223291379038,319.7044314943414
0.05756339691421702,0,0.21267108245873304,319.59440859116694
0.013440146119238138,0,0.2252637932158888,319.3286885524591
0.11691701829766171,0.05,0.17612759329631522,327.9142870643726
0.17152108768324253,0.05000000000000001,0.13141025641025644,327.78852323127603
0.032832027614835536,0.05,0.1981337330529827,327.6469538095377
0.2,0.005555146845306129,0.09406758165683259,319.7925226660911
0.2,0,0.08974358974358976,319.4820625121043
0.2,0,0.09615384615384616,319.493185777316
0.03864838424083174,0.05,0.2014557825139131,327.6630462445789
0.08459907048064103,0,0.18302630044575147,319.7698621100179
0.2,0.027693490733352456,0.07292370182894997,322.3893061541517
0.2,0.02214682283368931,0.06869389060032242,321.4929290905955
0.2,0.022209219701875504,0.07507223793238478,321.5219144750074
0.03802278793481365,0,0.20725754951055186,319.54843506910754
0.03167566105703112,0,0.2101047441315637,319.5060202151354
0.188608435073297,0,0.10256410256410257,319.57853780512687
0,0.03894544081923146,0.22699220260964442,324.3926232232911
0.188608435073297,0,0.09615384615384616,319.56964226065355
0.10740386955047199,0,0.16831479145091927,319.8175786431612
0.1096566518214227,0,0.17463475067483106,319.7999767570384
0.11456892532812814,0,0.16934629267061932,319.80957977024644
0.057449844505931685,0.05,0.20191187280985934,327.74372036453184
0.05057062120808585,0.05,0.20179283454053576,327.71777052649355
0.0549111978372734,0.05,0.19719704601203628,327.75759231420517
0.19430421753664853,0.05000000000000001,0.08653846153846155,327.5693624300845
0.19430421753664853,0.05000000000000001,0.08012820512820515,327.5527917484285
0.2,0.022199343771283714,0.0942047331880708,321.5653770154948
0.2,0.027745048759711517,0.09208366909701562,322.44655077596224
0.06039645059428559,0,0.20666151854928655,319.63107969218
0.2,0.03880597346594834,0.07495058523538987,324.6156597933164
0.2,0.03886837033413453,0.08132893256745224,324.64827142924815
0.02573725012665939,0,0.2133937970284481,319.4603482170642
0.12419498175091857,0.05,0.1620937665561041,327.94115071253884
0.11810777413323563,0.05,0.1654136466160242,327.9437158686494
0.11843114965227741,0.05,0.15986351234708585,327.95637459288645
0.1943042175366485,0,0.11217948717948718,319.5507091069899
0.1943042175366485,0,0.1185897435897436,319.5539710390183
0.1943042175366485,0.05,0.09294871794871795,327.58332396692634
0.027556355045867433,0.05,0.19506642582994294,327.6288546058068
0.188608435073297,0.05,0.11538461538461539,327.6617942132468
0.18291265260994552,0.05000000000000001,0.11858974358974358,327.70921318608816
0.18291265260994552,0.05000000000000001,0.11217948717948717,327.70543001056126
0.12390043469288439,0,0.1615417640742662,319.81429677201214
0,0.014778518052774133,0.22516884686296612,320.35287917556326
0,0.010435962042455397,0.22363571776865854,319.9297626527042
0.054560430704927235,0.05,0.20727654935724224,327.70468497337646
0.061439654002773084,0.05,0.20739558762656587,327.72816590662006
0.01642596247740785,0.05,0.20154590517433973,327.51984494993127
0.08523592485847462,0,0.19362236276644618,319.73319133295513
0.10524157146777613,0.05,0.19168282319947993,327.86584962420056
0.2,0.016650142885878967,0.10277526646794503,320.84166948610016
0.1306055648876433,0.05,0.15322375222724566,327.9447069347097
0.13657478425211084,0.05,0.15033177548904725,327.93277987557303
0.15411049732668414,0.049999999999999996,0.14769694045058182,327.8693093657358
0.15428391706066094,0.05,0.14123700954689516,327.87629052009595
0.008399721217255029,0,0.23415479292523206,319.24520742832664
0.14831012059053772,0.05,0.1513936985783754,327.8890473316944
0.14254400361657837,0.05,0.14743979875084884,327.9171972515523
0.1485132229810459,0.05,0.14454782201265043,327.89795906264766
0.2,0,0.10897435897435898,319.50879209993457
0.14234090122607018,0.05,0.1542856753165738,327.90690843166016
0,0,0.24358974358974358,319.1288819792824
0.2,0.011102644865592549,0.0984214240623888,320.24565573982915
0.2,0.0333025555012018,0.08353186038963989,323.4640659199104
0.2,0.027755887601538652,0.07930204916101233,322.4186032112995
0.2,0.027756850512773996,0.08565292448069507,322.43481742729296
0.09286492790995676,0.05,0.19266667438527246,327.86060370259963
0.11234394203459447,0.05,0.16318339240700597,327.95649115067135
0.1943042175366485,0,0.08012820512820513,319.5005819247142
0.188608435073297,0.05,0.10897435897435898,327.6567492014304
0.2,0.01665779171089868,0.09633515956537522,320.83334395437015
0.07020209572860725,0,0.1910550407407965,319.7192989327318
0.2,0.02221018261311085,0.08142311325206751,321.5392686904924
0.2,0.0166635147134477,0.07719330202343996,320.7924939260108
0.2,0.016664477624683045,0.0835441773431227,320.808726152368
0.15390739493617595,0.05,0.1545428170163068,327.85915484386527
0.12387160623187679,0.05,0.16764390082504244,327.9278363231811
0.009240285510610624,0,0.22357101213788816,319.31178767396597
0.06613099776430678,0.05,0.19272029575286043,327.81511617769337
0.059251774466460946,0.05,0.19260125748353682,327.79424129145565
0.0635923510956485,0.05,0.18800546895503734,327.8277174582453
0.14747950579244115,0,0.15068745772549674,319.7733423832593
0.008820003363932826,0,0.2288629025315601,319.2793238425384
0.004620142755305312,0,0.22717012145355947,319.26146637409676
0.06847475918399656,0.05,0.18703394505566312,327.8454479918895
0.2,0.011110293690612259,0.091981317159819,320.2356928703544
0.12451835726996036,0.05,0.15654363228716575,327.9524465208993
0.13028218936860153,0.05,0.158773886496184,327.93477404222585
0.188608435073297,0,0.1217948717948718,319.5918648109381
0.1829126526099455,0,0.1185897435897436,319.6258352486277
0.2,0.03327895199507684,0.096393349622281,323.486338071445
0.2,0.03329075374813932,0.08996260500596044,323.4765165191124
0.07335716727234465,0.05,0.18606242115628888,327.8610961164689
0.07101340585265487,0.05,0.1917487718534862,327.83210798754334
0.2,0.022211145524346193,0.08777398857175026,321.55436091735817
0.1168217075990789,0,0.1756662518945311,319.7904604113128
0.05891341867482552,0,0.19243783572813444,319.6859766445433
0.14810701820002953,0.05,0.15823957514410036,327.8771469514083
0.11463048016612809,0.05,0.1696554928516606,327.93701237481486
0.10747550109821566,0.05,0.1684955128750862,327.9467773896145
0.09837347259432129,0,0.191426966988113,319.7490114618675
0.04892866662192914,0.05,0.20755217898031902,327.68027002906183
0.07589581394100293,0.05,0.19077724795411194,327.8470173883285
0.05291847611877053,0.05,0.21303589379702556,327.6652157702439
0.047286712035772435,0.05,0.21331152342010234,327.6398691616764
0.2,0.05,0.07692307692307694,327.4894396109491
0.11190943409237344,0,0.18095470989874285,319.7797720537224
0.07307649869063695,0,0.18602078911194975,319.7427910568415
0.044754264582089635,0.05,0.19847078507960533,327.70832509514435
0,0.020627173221047426,0.22997823530453487,321.0440981647311
0.10474437831471728,0,0.17992320867904277,319.7871252084829
0.14161685871966248,0,0.15354193967217536,319.7875904719357
0.1829126526099455,0.05,0.10576923076923075,327.6991778967212
0.1829126526099455,0,0.13782051282051283,319.62275176769657
0.2,0.01666544053591839,0.08989505266280542,320.82269639010605
0.18860843507329703,0.05000000000000001,0.1217948717948718,327.66437028674994
0,0.021502598231956386,0.22487834970994114,321.19778719423164
0,0,0.23076923076923075,319.2089384343444
0.2,0.05,0.10897435897435898,327.5527382377524
0.2,0.03317776176482941,0.07077516572551515,323.4022452453804
0.2,0.033240158633015604,0.07715351305757752,323.43445719002705
0.044369914812596195,0,0.20441035488954004,319.5875346002566
0.06432906780377753,0.05,0.20203091107918297,327.76554104493675
0.14143060924121886,0,0.16043162564447566,319.7760864683167
0.06179042113511924,0.05,0.1973160842813599,327.78100467634306
0.01301986397256034,0,0.23055568360956075,319.2958221881819
0.08816256068366285,0,0.18729068335949667,319.7590052241134
0.07823957536069272,0.05,0.18509089725691463,327.8746618319837
0.2,0.05,0.08974358974358974,327.5225678576318
0.1829126526099455,0,0.10576923076923078,319.6169645458904
0.1943042175366485,0,0.125,319.5550779101346
0.12415725705409164,0,0.15591625621105737,319.82430838811445
0.2,0.03874357659776215,0.0621619814930711,324.55664110967524
0.2,0.03311536489664322,0.06439681839345279,323.3674300859706
0.18860843507329703,0.05000000000000001,0.08333333333333336,327.61129438354493
0.2,0.044371788298881075,0.0599271445926894,325.90721463467816
0.2,0.05,0.06410256410256412,327.44534595060645
0,0.03909094259279426,0.22072991056749286,324.46731759792283
0.2,0.027631093865166267,0.06654535449688762,322.3574058822409
0.2,0.011110293690612259,0.0855710607495626,320.22270813861076
0.033121551330097226,0.05,0.19182668615774456,327.6772529932905
0.038937907956093434,0.05,0.19514873561867493,327.69481925074336
0.1943042175366485,0.05,0.11217948717948718,327.609619208745
0.12039431226476925,0.05,0.17188574706067883,327.92217948743746
0,0.015653943063683097,0.22006896126837242,320.47969771323363
0.2,0.05,0.07051282051282053,327.4687756005964
0.1829126526099455,0,0.09294871794871795,319.59908508433784
0.1829126526099455,0,0.09935897435897437,319.60914924954926
0.17721687014659399,0.049999999999999996,0.14102564102564102,327.7440213305392
0,0.005217981021227698,0.22720247426894466,319.5061762264079
0.10260706016183686,0.05,0.17380763334316646,327.93323229580994
0.16005461114027597,0.05,0.1379261970811399,327.8507849229466
0.06804405292884294,0,0.18694798128494367,319.7291891975848
0.09172605088668466,0,0.19155506627324181,319.7462052275687
0.1476657552708848,0,0.14379777175319644,319.7810797010406
0.1418031081981061,0,0.14665225369987506,319.79649651214487
0.0630116071670489,0,0.18787517345793753,319.71377282053004
0.10249159604376656,0,0.173603249455131,319.8058124389882
0.2,0.016662551802212357,0.07084242670375723,320.7739997110344
0.2,0.05,0.05769230769230771,327.41915066097937
0,0.05,0.1987179487179487,327.38940098192836
0,0.05,0.1923076923076923,327.4181695400775
0.005475320825802618,0.05,0.19538709659657477,327.4569190633901
0.028229529424978854,0.05,0.1823650221497186,327.6853829070275
0.02782837321422416,0.05,0.18869145990243347,327.65823229996585
0.022535195098351092,0.05,0.18555623364712243,327.6355033156816
0.2,0.03466550781010187,0.04060840144243962,323.5736797622776
0.2,0.038747330654621034,0.04344443915038403,324.4714246592881
0.2,0.04029184248279136,0.03811695109801684,324.79892889069765
0.18282701345071714,0,0.08023851813479553,319.5730351004328
0.18852279591406865,0,0.07703338992966732,319.5303127382714
0.177216870146594,0,0.1217948717948718,319.65917087535524
0.2,0.05,0.051282051282051294,327.3900131981931
0.1947627570153012,0.05000000000000001,0.048416402366831736,327.4258103301794
0.2,0.05,0.044871794871794886,327.357714618519
0.16012952275653952,0.05,0.125,327.8555593723266
0.16012952275653952,0.05,0.1185897435897436,327.85432282842413
0.16582530521989103,0.05,0.1217948717948718,327.82403291256855
0.07911560225457351,0.05,0.17911460126472398,327.8981198077978
0,0.033782811097852375,0.20968751999520724,323.3915497482758
0,0.039237339801455245,0.20829692368581978,324.5739880832333
0.2,0.0362100196382722,0.03528091339007244,323.8680804798645
0.2,0.031396569125891984,0.030241051710534587,322.8670052282329
0.2,0.029852057297721658,0.03556853976290178,322.61054816622107
0.054893029955468214,0.05000000000000002,0.17914748720410384,327.83132793950205
0.05437827092065181,0.05000000000000002,0.18411217353465156,327.8113642905704
0.04977123083315346,0.05000000000000001,0.18216552582445866,327.7999622084266
0.2,0.0331191189535021,0.05208953246102214,323.31741659059594
0.2,0.038747330654621034,0.04985469556064044,324.503765465276
0.2,0.03312099598193155,0.045935889494806814,323.2886524025607
0.2,0.04437366532731052,0.04095298880596125,325.81595883242016
0.2,0.05,0.03846153846153847,327.3222549219569
0.2,0.04591817715548084,0.03562550075359406,326.18593993552236
0.2,0.016839829326822302,0.05818552245328966,320.7511618678698
0.2,0.011285645392751517,0.05380214944947315,320.14022246979926
0.2,0.011197006630446545,0.06013060157470694,320.15632492926824
0.06921028222556017,0,0.1768682279331848,319.76359270155837
0.06476095111212476,0,0.17275554343029925,319.76454817742564
0.06417783646376614,0,0.1777954201061787,319.74907265879136
0.2,0.0211892272588518,0.020934365862633975,321.1278499150796
0.2,0.024346072053271623,0.016837319794807605,321.5667044869488
0.2,0.020540965278492876,0.015149473336901049,321.000711973927
0,0,0.22435897435897434,319.24544948951933
0,0.005217981021227698,0.22079221785868824,319.5417602635511
0.18892531065263585,0.05,0.06453064245491803,327.548056012818
0.1833879659789538,0.05,0.0679498098362232,327.60532583706566
0.18368806766793705,0.05,0.06166499353969848,327.5788551716834
0.16012952275653952,0.05,0.13141025641025644,327.85426296451766
0.16582530521989103,0.05,0.12820512820512822,327.8240040677397
0.17721687014659399,0.05,0.10256410256410256,327.7363960998692
0.2,0,0.05769230769230771,319.392632827848
0.2,0.005554183934070785,0.062075680696124215,319.7096205623153
0.2,0.005642822696375759,0.05574722857089043,319.6923613629993
0.034325019962361314,0.05,0.17284737289959984,327.75398991315154
0.033923863751606616,0.05,0.17917381065231475,327.731199868185
0.028630685635733552,0.05,0.17603858439700368,327.7097445857687
0.08561528354282863,0.05,0.17712422011616802,327.9143249719422
0.19446265532631793,0.05,0.06111147507361287,327.4859976207892
0.19476275701530119,0.05,0.054826658777088144,327.4562388731761
0.058985311008150146,0.05,0.18605882124484444,327.82061604050995
0.0546447343789626,0.05,0.19065460977334392,327.7860258471584
0.04395883332415594,0,0.1914451851450381,319.63852611334
0.044743429347571306,0,0.19817358171351085,319.61543823080183
0.049932445666963365,0,0.19483476370005548,319.6480587381061
0.14866304621357296,0.05,0.13151594067088346,327.90784989734635
0.15443374029318802,0.05,0.1282051282051282,327.88339968140866
0.15435882867692446,0.05,0.13472106887601168,327.88115939836007
0.10666754487813773,0.05,0.16239044821850154,327.9628137743085
0.10867131882615767,0.05,0.15879344324950548,327.96959210507583
0.17721687014659399,0.05,0.09615384615384616,327.72624944238294
0.1362946762392121,0,0.14330675800789977,319.8153902806669
0.14858813459730943,0.05,0.13803188134176694,327.9042187776047
0.17711618239823854,0,0.08350587109194446,319.6131212615524
0.17703054323901019,0,0.07720592768827846,319.5982701127532
0.2,0.027719732627471235,0.06021690237165381,322.3491851632155
0.2,0.03311724192507266,0.05824317542723746,323.3436758183992
0.048363253620132635,0,0.18137797056311,319.6899568032968
0.049147849643548,0,0.18810636713158274,319.6702714030109
0.05324603813577139,0,0.18354370486138583,319.6997911108476
0.18952551403060236,0.05000000000000002,0.05196100986186859,327.4889835972912
0.1839881693569203,0.05000000000000002,0.055380177243173755,327.5495415037698
0.18428827104590353,0.05000000000000001,0.04909536094664903,327.5173848333247
0.2,0.017512526874348483,0.04484348170410167,320.7758618981269
0.2,0.0223259773867287,0.04988334338363952,321.44607637155565
0.2,0.022910036171949904,0.04286975475968532,321.4991872493714
0.17142039993488706,0,0.08671099929707266,319.65019128469385
0.17721687014659399,0,0.08974358974358973,319.6256711770471
0.18876687286296645,0.05000000000000001,0.0771371160992539,327.5926715374109
0.18307109039961494,0.05000000000000001,0.08034224430438211,327.6476065603508
0.1832295281892844,0.05000000000000001,0.07414602707030266,327.6277326672732
0.2,0.02830754546955133,0.040896027815268965,322.36346446207915
0.1715210876832425,0,0.125,319.6896871065259
0.2,0,0.07051282051282054,319.43524066405945
0.19421857837742015,0,0.07382826172453913,319.48472432797894
0.1311404593942027,0,0.13376128467727064,319.83481497319735
0.1366488913530967,0,0.1371067803692459,319.81967130454166
0.13700629220608063,0,0.13084085645151378,319.82178326695316
0.12042775606436694,0,0.1463752654814029,319.8438792797242
0.12525278505845786,0,0.1493682415373176,319.8323298377061
0.1256070001723425,0,0.14316826389866372,319.83893779248467
0.03947375691929203,0.05,0.17595342387455276,327.77249311101815
0.03907260070853733,0.05,0.18227986162726767,327.74852950462144
0.17721687014659399,0,0.11538461538461538,319.65696381510713
0.17152108768324248,0,0.11217948717948718,319.68520598673695
0.17152108768324248,0,0.11858974358974358,319.6885295684169
0.0804438152286954,0,0.17292027472020144,319.79441549568077
0.07927637984056318,0,0.17900693582957866,319.7755857250017
0.08576650586877324,0,0.17693963933637427,319.7896279064869
0.09211496483108374,0.05,0.17513383896761203,327.9267791489045
0.177216870146594,0.05,0.12179487179487179,327.751582460771
0.177216870146594,0.05,0.11538461538461536,327.7490217738576
0.11933222806000074,0,0.15292328015514267,319.83655951143544
0.11925371698824502,0.05,0.15352838515734443,327.9676636641902
0.12534092460592797,0.05,0.15020850509742434,327.96197178198884
0.17721687014659399,0,0.10897435897435898,319.65252687982417
0,0.010435962042455397,0.21722546135840215,319.96441967181573
0,0.005217981021227698,0.21438196144843186,319.57509464591726
0.0646218691652813,0.05,0.1780760962939419,327.86783606921966
0.06898951821881297,0.05,0.18206925872511537,327.8658238393699
0.0641071101304649,0.05,0.1830407826244896,327.84863525788364
0.08568335421663148,0.05,0.16504285946739272,327.94974462460993
0.09130700861100581,0.05,0.1690287743110274,327.94448674230824
0.0864913104367094,0.05,0.17114792412397736,327.93403026087134
0,0.044691868505058116,0.1940858145559195,325.97238574602005
0,0.044691868505058116,0.20049607096617592,325.94255728900015
0,0.011074501839288122,0.20591747501324292,320.0784825363819
0,0.016292482860515822,0.20876097492321322,320.6125879457211
0,0.01075523194087176,0.21157146818582254,320.02217965924683
0,0.03392920830651336,0.2036647895237906,323.4521375296894
0,0.02810792405443264,0.2054864304232105,322.3470106890773
0.016969998814121305,0.05,0.18879597331932085,327.58218313592323
0.01122265981996196,0.05,0.1920915349579478,327.5220614154621
0.011494677988318687,0.05,0.18571656903043837,327.5504545052618
0.2,0.011157239002476088,0.015384674329586073,319.9294268699059
0.2,0.017384120484073052,0.019246519404727415,320.62011115822617
0.2,0.016735858503714132,0.013461626878994493,320.50478522717145
0.07387192630716105,0.05,0.18109773482574112,327.88093001179135
0.07474795320104183,0.05,0.17512143883355047,327.90308257267066
0.1662895751512548,0.05,0.07799973499896713,327.75298394311375
0.17183060097081837,0.05,0.0808459771787986,327.72739576016863
0.16613481850746686,0.049999999999999996,0.0840511053839268,327.7705641260257
0.11398907670652966,0.05,0.15051313802752309,327.9799871111153
0.11316650937056207,0.05,0.15684826521726453,327.9695440321892
0.10949388616212527,0.05,0.15245831605976404,327.98111926886696
0.2,0.011869704177972722,0.040378304415262536,320.13629523467796
0.2,0.006226881481596965,0.0359131271264234,319.64478528581196
0.2,0.005642822696375758,0.0429267157503776,319.6383115196415
0.13732725979642374,0.05,0.13134415788562975,327.9491061861006
0.14295769719686657,0.05,0.13468801961369836,327.9283978558033
0.1372523481801602,0.05,0.13786009855651324,327.9454697233512
0.18843715675484027,0,0.0643231901157449,319.49314458431706
0.1826557351322604,0,0.0676386313274635,319.5390373685346
0.1884371567548403,0,0.07073344652600132,319.5133408542417
0.004620142755305312,0,0.22075986504330308,319.2967557742074
0.03876981700476389,0,0.1947840031584935,319.60432995422525
0.03798522098134852,0,0.18805560659002077,319.6257657897781
0.032796204661956464,0,0.19139442460347614,319.5899939788529
0.2,0.01110836786814157,0.06645905369994072,320.1700761900442
0.043174237300740576,0,0.18471678857656537,319.6590867312594
0.2,0.011805500982835008,0.021169566855318997,320.0261950970632
0.2,0.01245376296319393,0.026954459381051923,320.1230100514006
0.2,0.01803238246443197,0.02503141193046034,320.73548381646134
0.005475320825802618,0.05,0.2017973530068312,327.42649753735344
0.1487379578298365,0,0.125,319.787019962016
0.15443374029318802,0,0.1282051282051282,319.76594583557596
0.15443374029318802,0,0.12179487179487179,319.76590095261696
0.2,0.018680644444790895,0.030816304456193266,320.8509032018765
0.1428721250179586,0,0.1279204282257569,319.80585159655936
0.1483805569768526,0,0.13126592391773215,319.7871934412536
0.032049175592006235,0,0.2038679709555345,319.53623399366126
0.03839630246978877,0,0.2010207763345227,319.577493773643
0.032422690126981346,0,0.19763119777950533,319.5642252482337
0.06001482907778295,0.05,0.176129448583749,327.8597805007777
0.059500070042966556,0.05,0.1810941349142967,327.84105676479504
0.2,0,0.019230769230769235,319.209172357705
0.2,0.006226881481596965,0.02309261430591058,319.57576643667676
0.2,0.005578619501238044,0.017307721780177653,319.4975559134171
0.026398349909312724,0,0.20708159887741434,319.4936556499801
0.050037694291464256,0.05,0.18870796206315102,327.7756600706566
0.044221337665468055,0.05000000000000002,0.18538591260222065,327.76268004161625
0,0.02196736990393556,0.21296206449521,321.33147407689535
0,0.02796152684577166,0.21150916089462712,322.29060429614003
0.1601295227565395,0,0.13141025641025642,319.74200255258893
0.1540763394402041,0,0.13447105212286037,319.76516077929904
0.004620142755305312,0,0.21434960863304667,319.32979551954077
0,0,0.21794871794871795,319.2797108899172
0.11031645349809287,0.05,0.1461231888700226,327.9900366300662
0.10582126295368847,0.05000000000000002,0.14806836690226355,327.99034859514006
0.2,0.016928468089127274,0.051857070328055865,320.73621614824793
0.058128822651410145,0,0.18570943915966168,319.7077297832587
0.1656239297231801,0,0.08367840885055558,319.6717805226366
0.17131971218653158,0,0.08047328064542739,319.63653960314446
0.2,0.01245376296319393,0.033364715791308334,320.1579382606999
0.2,0.01809658565956969,0.03782989308014746,320.8140909160032
0.1947627570153012,0.05000000000000001,0.04200614595657533,327.3922206702947
0.1719890387604878,0.05,0.07464975994471915,327.7079037340116
0.17753006458005138,0.05,0.07749600212455063,327.6796337935112
0.2,0.011285645392751516,0.04739189303921673,320.11323547665313
0.100991147721681,0.05,0.16159750402999712,327.9664482436135
0.10299492166970094,0.05,0.15800049906100105,327.973976234329
0,0.01597321296209946,0.21441496809579286,320.54687138462526
0.009901385293263962,0,0.21084855757659804,319.38117664626407
0.009240285510610626,0,0.21716075572763177,319.3458554190121
0.014521528048569276,0,0.21365970467118314,319.3960927898175
0.17152108768324248,0.04999999999999999,0.09935897435897434,327.7695438568487
0.165825305219891,0.04999999999999999,0.10256410256410256,327.80881996627403
0.165825305219891,0.049999999999999996,0.09615384615384615,327.79862116765975
0,0.05,0.20512820512820512,327.357466620683
0.2,0.02503860678534144,0.030528678083363927,321.76002144375144
0.07365961333899557,0,0.1809809124360703,319.76026944184986
0.06862716757720155,0,0.1819081046090642,319.747115749737
0.17152108768324248,0,0.09294871794871794,319.66169261709877
0.17721687014659399,0,0.09615384615384615,319.6368742404109
0.2,0.04437366532731052,0.04736324521621767,325.84985908369515
0.2,0.04437366532731052,0.053773501626474075,325.8805982180822
0.08693394125690544,0,0.17085297822699708,319.80721614693357
0.09225663189698327,0,0.17487234284316988,319.8004594766437
0.054030634159186755,0,0.19027210142985856,319.67907184134697
0.03867144449778264,0.05,0.18860629937998258,327.7217769699043
0.04448780112377885,0.05,0.19192834884091298,327.7370501131509
0.165825305219891,0,0.12820512820512822,319.7173301956552
0.2,0.02183748923921072,0.026719258388366897,321.25503458341245
0.19446265532631796,0.05,0.06752173148386928,327.5108251362673
0.18892531065263587,0.05,0.07094089886517446,327.5715157541469
0.14215732331199077,0,0.14045227606122118,319.8017595471561
0.14251472416497468,0,0.13418635214348903,319.80488235497245
0.177216870146594,0.05,0.08974358974358976,327.7135677039792
0.010950641651605236,0.05,0.19846650088545728,327.49081086667474
0.2,0.04183635431096168,0.032789463045649656,325.13580647997713
0.17152108768324253,0.05,0.11858974358974358,327.78858292156576
0.1715210876832425,0.05,0.11217948717948717,327.78477578495267
0.17152108768324253,0.05,0.125,327.7898195522765
0.14288278558060305,0.05,0.14120396028458182,327.92344976695006
0.08086765604233509,0.05,0.1671620092803427,327.93760920515797
0.0799916291484543,0.05,0.17313830527253332,327.9191022655226
0.020459938978941,0,0.21037065177429873,319.4463912010604
0.021121038761594338,0,0.20405845362326502,319.47880774917917
0.026771864444287842,0,0.20084482570138515,319.5228848081196
0.13043202916643343,0,0.14616123995457841,319.8261205013372
0.059295051948127384,0,0.17562968580790284,319.74211739648365
0.05382915278413001,0,0.17850382818550642,319.7172536051073
0.058711937299768764,0,0.18066956248378224,319.7256483900366
0.021494553296569456,0,0.1978216804472358,319.50705228693243
0.17721687014659399,0.05,0.10897435897435896,327.7439921486309
0.17123407302730326,0,0.07417333724176138,319.6205742553696
0.044622493876222746,0.05,0.1790594748495057,327.78781720944323
0.03352270754085192,0.05,0.18550024840502963,327.70562089489795
0.1207819711782516,0,0.14017528784274902,319.8496032837759
0.14802315612386868,0,0.1375318478354643,319.78521335426177
0.2,0,0.04487179487179488,319.3408383136497
0.2,0,0.051282051282051294,319.36790116386146
0.2,0.005642822696375759,0.04933697216063401,319.666502034433
0.10179910394175894,0.05,0.16770256868658182,327.9511008996913
0.09932229846126414,0.05000000000000002,0.15361054990350057,327.9827927839449
0.10499869561772088,0.05000000000000002,0.154403494092005,327.98034714907584
0.06950427725362937,0.05,0.17710457239456762,327.88448269854797
0.07038030414751016,0.05,0.171128276402377,327.90532984449237
0.07037771761369238,0,0.17078156682380757,319.78249841435945
0.1369135662161355,0.05,0.14409593702278023,327.9403459026557
0.19421857837742015,0,0.06741800531428271,319.4656526301731
0.2,0.005554183934070785,0.06848593710638062,319.73077302034403
0.16598006186367892,0.04999999999999999,0.09010247576888647,327.7857765342077
0.1715210876832425,0.049999999999999996,0.09294871794871795,327.75812558776624
0.17152108768324248,0.04999999999999999,0.10576923076923075,327.7784412805368
0.16582530521989103,0.049999999999999996,0.10897435897435898,327.81645584561625
0.1892254123416191,0.05,0.05824582615839331,327.51994130632033
0,0.044691868505058116,0.20690632737643233,325.9095630288839
0,0.03938373701011623,0.20227419321440315,324.6388795394641
0.19446265532631793,0.05,0.0739319878941257,327.53288701210806
0.2,0.024994334033630543,0.02262221232054053,321.7056544381991
0.05030415774977505,0.05,0.19525039830184338,327.74826284334574
0.2,0.023494094957171113,0.035856166135731116,321.55088139518443
0.07482704872712778,0,0.17489425132669312,319.78022596160116
0.15443374029318802,0.05,0.1217948717948718,327.8834307004861
0.1487379578298365,0.05,0.125,327.90885242187227
0.2,0.037754531466442524,0.029953425337705245,324.17185455532126
0.09531475056522426,0.05,0.16080455984149272,327.96739455858653
0.0973185245132442,0.05,0.15720755487249663,327.97567220925004
0.2,0.02772160965590068,0.05406325940543849,322.324289289887
0.2,0.022324100358299254,0.056036986349854837,321.47211385064134
0.17768850236972078,0.05,0.07129978489047117,327.6586843653289
0.1827413742914888,0,0.07393857473112952,319.5571235398589
0.010562485075917298,0,0.20453635942556428,319.41416547724424
0.005281242537958649,0,0.2080374104820129,319.3642475181793
0,0.005537250919644061,0.20872796827585222,319.6234409493876
0.02226317692999437,0.05,0.1919311995746319,327.60737301634475
0.17152108768324248,0,0.10576923076923077,319.6796049966084
0.17152108768324248,0,0.09935897435897435,319.6717857097449
0.165825305219891,0,0.10256410256410256,319.70377649921886
0.1601295227565395,0,0.125,319.7430501524096
0.165825305219891,0,0.1217948717948718,319.71726744684656
0.13094434685166798,0.05,0.14698791376097864,327.95358647347723
0.17721687014659399,0,0.10256410256410256,319.6458284349048
0.2,0.02223546159599428,0.06236543847508862,321.48369706996493
0.2,0.016751190564517328,0.06451397457852344,320.76375638879864
0.18952551403060236,0.05000000000000001,0.04555075345161217,327.4572639740839
0.005747338994159344,0.05,0.18901213066906533,327.486822338475
0.01724201698247803,0.05,0.18242100739181139,327.6090660404379
0.14303260881313012,0.05,0.12817207894281488,327.93071734944107
0.13078624428031804,0,0.1399612623159245,319.831515960459
0,0.02825432126309362,0.19946369995179383,322.4010077589935
0,0.022433037011012902,0.20128534085121375,321.4565182284732
0.13128312881569265,0.05,0.14075207529471165,327.96002380585776
0.12007628432421262,0.05,0.147193257967603,327.9763429329021
0.16572461747153555,0,0.08991612750220086,319.6843836210962
0.12567970656995264,0.05,0.14397266663115732,327.969826948417
0.2,0.027723486684330126,0.04790961643922317,322.29688845632654
0.17737162679038193,0.05,0.08369221935863008,327.6980502845635
0,0.034075605515174336,0.19764205905237392,323.5103159880819
0.12596121528622717,0,0.13696828626000984,319.8434493008797
0.09612270678530221,0.05,0.1669096244980774,327.9527362554361
0.09049905239092788,0.05,0.16292370965444272,327.9596730757528
0.07599448411526,0,0.16880759021731592,319.79800492532996
0.12601848853397732,0.05,0.1377368281648903,327.9752399084581
0.17167584432703042,0.05,0.08689734756375828,327.7439445613324
0.13162191077971735,0.05,0.13451623682844466,327.96401893185106
0.1601295227565395,0,0.11858974358974358,319.7418949208213
0.165825305219891,0,0.11538461538461539,319.71500186662905
0.16552324197482465,0,0.07744069019891031,319.65702707503254
0.11450719906590981,0,0.14993030409922797,319.8466588349001
0.19421857837742013,0,0.061007748904026306,319.4443430707548
0,0,0.21153846153846154,319.31172263553805
0.2,0,0.06410256410256412,319.4150556767599
0.01669798064576458,0.05,0.1951709392468303,327.552442772421
0.11560272707027602,0,0.1433822894254882,319.85327692188594
0.06359472181540751,0,0.1828352967820581,319.7321475398262
0.0651366282000977,0.05,0.17311140996339414,327.88531989225345
0.11341167106154361,0,0.15647831877296775,319.8375986316004
0.2,0.038745453626191584,0.056008338526855765,324.53145576759164
0.12041506628823728,0.05,0.14095741950133597,327.9831737269909
0,0.022286639802351925,0.2073080713226304,321.4067025470332
0,0.016611752758932185,0.20310698175063363,320.6768473965208
0.165825305219891,0,0.09615384615384616,319.69483637041134
0,0.03938373701011623,0.19586393680414674,324.6697678953549
0.02714537897926296,0,0.19460805252535598,319.5498914423057
0.09693066300538014,0.05,0.17301468915466206,327.93555669232643
0.07562398009492263,0.05,0.16914514284135984,327.92275961546056
0.10132607240928407,0.05000000000000001,0.15001354493450447,327.9887562826712
0.165825305219891,0,0.10897435897435898,319.71049833129143
0.11481164404249727,0.05,0.14417801083778164,327.9878203874495
0.02293635130910579,0.05,0.17922979589440752,327.66143662819746
0.2,0,0.03846153846153847,319.31144427721296
0.17694490407978183,0,0.07090598428461245,319.58124435320366
0.01584372761387595,0,0.20103530836911565,319.461476512733
0.16582530521989103,0.05,0.11538461538461539,327.8215288056863
0.015182627831222612,0,0.20734750652014938,319.4299508494111
0.08161125061682761,0,0.16683361361082427,319.81106771033734
0.2,0.02815117882805037,0.018525166252714165,322.20276276623684
0.1549380622052844,0.04999999999999999,0.09014076601660459,327.84363119908966
0.1546859012492362,0.04999999999999999,0.09635243429035356,327.8571285587613
0.14924227974193288,0.04999999999999999,0.09334589422173278,327.87563219152463
0.09387467923107008,0.05,0.15291922518782103,327.9824913806424
0.0992511032714228,0,0.15342406285163218,319.84898391240273
0.10293913609955094,0,0.1578395288481418,319.84126227644043
0.10494007740092112,0,0.1541954014536882,319.8469387075458
0.050613296574929204,0.05,0.17010137590757626,327.8427133251875
0.055314062826356085,0.05,0.17311541224566263,327.8525277163633
0.05019226370404134,0.05000000000000002,0.17613345086601748,327.82255355771247
0.04504352674711062,0.05,0.17302739989106453,327.8093405770066
0.08223950893445736,0.05,0.16075452978271706,327.9554076473686
0,0.028182205435824052,0.1871372515017048,322.43949104797247
0,0.022488265937624423,0.18290524259493515,321.5378181776418
0,0.0279827448546734,0.18086445285780534,322.42704683446493
0.16581537755843687,0,0.07113627890069787,319.6380966595594
0.16020768344277828,0,0.07447267006673382,319.6727157301102
0.2,0.027800841723460264,0.004487208959664831,322.04104592174747
0.2,0.03333333333333333,0,323.0241651673271
0.2,0.027777777777777776,0,322.0016882133644
0.16610751314204908,0,0.06483186760248544,319.61691399663516
0.17152620861091544,0,0.06786892594354894,319.60038933306384
0.17181834419452768,0,0.06156451464533651,319.5779521633071
0.1262001913265134,0.05,0.13124829795804824,327.9786334677558
0.1260632022436271,0.05,0.12464564042842936,327.9801292832718
0.13148492169683107,0.05,0.12791357929882577,327.966909587018
0.15441073148742268,0,0.09616678258287933,319.7435713159584
0.1601295227565395,0,0.09935897435897435,319.7250945600861
0.1601065139507742,0,0.09296165437775113,319.7150960493112
0.09989697749308549,0.05000000000000001,0.13994312503681677,328.0013465054804
0.0991824300349862,0.05000000000000001,0.13490791508797295,328.00519908474365
0.10439216803748988,0.05000000000000001,0.13799794700457585,328.0022422848115
0.2,0.016689730612349154,0.004487208959664831,320.43746674206284
0.2,0.02222222222222222,0,321.12760311543565
0.2,0.016666666666666663,0,320.4019098735408
0.2,0.03160594849823901,0.006175055417571388,322.7399881984955
0.2,0.03535903982594984,0.004980320531011902,323.47615787839567
0.10510671549558917,0.05000000000000001,0.1430331569534197,327.9971096173563
0.10960190603999359,0.05000000000000001,0.14108797892117875,327.9964493857134
0.19523271442437912,0,0.02241475744500802,319.2602555416456
0.2,0,0.025641025641025647,319.2455902295469
0.1668298030505706,0.05,0.06534188589341472,327.70689644376876
0.1722591527101457,0.05,0.06832083539194295,327.6846584262944
0.1665596891009127,0.05,0.07167081044619092,327.731310995067
0.07165671673387303,0.05,0.15954687648885663,327.93785936464656
0.0730285696259953,0.05,0.153139396991231,327.9535656842667
0.07763403928022633,0.05,0.15694696338697403,327.95585339290136
0.16120224554478782,0.05,0.06871318443565905,327.75068144524937
0.19580272510191543,0,0.017367312269614882,319.22674504898487
0.1910354395262946,0,0.020551300483853667,319.2767929540253
0.2,0.022245286167904707,0.004487208959664831,321.1650604038882
0.0790058921723486,0.05,0.1505394838893484,327.9698194152611
0.0849832147187019,0.05,0.14793957078746584,327.98264545612295
0.08361136182657963,0.05,0.15434705028509144,327.97041973102364
0.2,0.011157239002476088,0.008974417919329661,319.8878329954521
0.2,0.016712794558031645,0.008974417919329661,320.4717585266064
0.2,0.011134175056793599,0.004487208959664831,319.85490473040954
0.19454356051953797,0,0.04822615455784076,319.3927035693056
0.09516390572099073,0.05000000000000001,0.1442870102699811,327.9957650512769
0.09043083394889596,0.05,0.14863089550314537,327.98716019994083
0.08971628649079666,0.05,0.14359568555430152,327.9931867294624
0.12059676908077335,0.05,0.1344688892944939,327.98795368150877
0.1099653116250657,0.05,0.1281109185074946,328.0037871191498
0.11535675242010546,0.05,0.12471242021725543,327.99836563356627
0.11517504962756939,0.05,0.1312009504240975,327.9975018192265
0.12077847187330942,0.05,0.12798035908765182,327.9900823683276
0.16053644035637563,0.04999999999999999,0.08709593570026569,327.8088723174252
0.15509281884907233,0.04999999999999999,0.08408939563164491,327.82858227969325
0.16069119700016354,0.049999999999999996,0.08104456531530602,327.7925577662711
0.15533375344403866,0.04999999999999999,0.07808693930477414,327.8108315816485
0,0.028381666016974706,0.19341005014560428,322.4498010274243
0,0.03387614493402368,0.19136926040847443,323.49652325225895
0.2,0.03135229637418109,0.02233458594771119,322.80873637853745
0.2,0.0319042701557612,0.01733043136615468,322.8794036829715
0.011391564926703013,0.05,0.16666666666666669,327.61114223965836
0.01708734739005452,0.05,0.1634615384615385,327.6645649359934
0.017138903920862356,0.05,0.1697813614382961,327.64878578124205
0.14289561973024384,0.05,0.11515916500293957,327.9285273895133
0.14289561973024384,0.05,0.121569421413196,327.9311671701243
0.13705328163065117,0.05,0.118138842826392,327.94975430011567
0.1603816837125877,0.04999999999999999,0.09314730608522537,327.82281909384943
0.2,0.026073456888365945,0.010662264377236219,321.79868712011404
0.2,0.022268350113587198,0.008974417919329661,321.2012526083622
0.09524922066868244,0,0.1607123176405394,319.8353314226098
0.10093819479818075,0,0.16148365624259542,319.8345732351846
0.09725016197005262,0,0.15706819024608576,319.84266397258153
0,0.039184276428965575,0.18959113816024725,324.6505410967522
0.1601295227565395,0,0.10576923076923077,319.7329363668213
0.2,0,0.03205128205128206,319.27968086938296
0.19523271442437912,0,0.028825013855264436,319.2955700725754
0.1953848793226117,0.05,0.029270600631469648,327.3098885041605
0.1953848793226117,0.05,0.022860344221213236,327.2659733994194
0.2,0.05,0.025641025641025647,327.2415958279305
0.027327189041510117,0,0.18832267516030782,319.5739430584229
0,0.022687726518775077,0.18917804123883464,321.54464540072263
0,0.022560381764893986,0.19523169104502416,321.5016408129807
0.0398947897901799,0.05,0.16992134891611158,327.792948496859
0.18876213889695806,0,0.05795185217981577,319.46862289318807
0.2,0,0.012820512820512824,319.1702818856138
0.005281242537958649,0,0.20162715407175652,319.39234253944653
0.16093213159512992,0.05,0.07504210898843525,327.7735111004278
0.15443374029318802,0,0.10256410256410256,319.7524628447927
0.15443374029318802,0,0.10897435897435898,319.75920632945537
0.07626218638810406,0.05,0.16335444288459966,327.93910101198594
0.010926105200411618,0,0.1855553482852116,319.4893019176718
0.010744295138164458,0,0.19184072565025972,319.466295539414
0.016207347738370268,0,0.1884645536390194,319.51180061811465
0.06641304078646057,0.05,0.16153001004987377,327.9199112995574
0.0710185104406916,0.05,0.1653375764456168,327.92270218459265
0.19579993187426453,0.05,0.011127816268776835,327.1710157921181
0.19159986374852905,0.05,0.015845376127297257,327.2470388734005
0.19159986374852905,0.05,0.009435119717040844,327.19383079222274
0.18683816462821,0,0.01868784352269931,319.29192062919435
0.19160545020383085,0,0.015503855308460525,319.2429080030542
0.18740817530574627,0,0.013640398347306168,319.2576612199128
0.1486919402183059,0,0.09297459080678432,319.75914470482724
0.1543877226816574,0,0.08976946260165611,319.73245236120783
0.10662716892767908,0,0.16225499484465147,319.83149486497695
0.10862811022904925,0,0.15861086745019787,319.8375403975168
0.10171489542097366,0,0.1675434528488632,319.8212445793507
0.09602592129147533,0,0.16677211424680716,319.8225903327577
0.09680262191426824,0,0.17283191085307495,319.80774575837705
0.12592621316074082,0.05,0.11804298289881049,327.9789327369527
0.13134793261394478,0.05,0.1213109217692069,327.9671078803498
0.01144312145751085,0.05,0.1729864896434243,327.59404632531226
0.017190460451670192,0.05,0.17610118441505374,327.6302861493902
0.12545465870373995,0,0.11724657012155754,319.8466534035526
0.1310759010987626,0,0.12071455137770677,319.8365242111916
0.13104362195104255,0,0.11419118472792485,319.83387578460673
0.13694173391064052,0,0.1177941231519499,319.8214635735853
0.005747338994159343,0.05,0.18260187425880892,327.5120983933371
0.2,0.04647015093706095,0.004980320531011902,326.10656293691176
0.2,0.04294030187412191,0.009960641062023804,325.24366240424706
0.2,0.04647015093706096,0.011390576941268315,326.1618441874848
0.1558448019886629,0.05,0.06575555842512715,327.76671385942126
0.1614723594944457,0.05,0.06238425988288283,327.7251101868195
0,0,0.1923076923076923,319.39286419629474
0,0.005537250919644061,0.19590745545533939,319.67877539575755
0,0,0.19871794871794873,319.36800270100696
0.005281242537958649,0,0.19521689766150008,319.4182518690826
0.19160545020383085,0,0.009093598898204113,319.20256572226083
0.19580272510191543,0,0.010957055859358468,319.18712867254266
0.061074068241852256,0.05,0.1643066736685476,327.8971016912607
0.06171227453503369,0.05,0.1585159737117874,327.9123995172608
0.1487379578298365,0.05,0.11217948717948714,327.9037607318047
0.1487379578298365,0.05,0.11858974358974357,327.90757721052523
0.18491039335321405,0.05,0.04277007203179976,327.4797129481624
0.1795845638100807,0.05,0.03973131216302285,327.50247815260946
0.1855325156605246,0.05,0.0364447831169505,327.4387783324581
0.1487379578298365,0.05,0.10576923076923074,327.8974029857108
0.15443374029318802,0.05,0.10897435897435895,327.87580339089413
0.15443374029318802,0.05,0.10256410256410255,327.8681663777321
0.2,0,0.006410256410256412,319.1290830158922
0.19046542884875828,0,0.025598745659246806,319.30920162732565
0.1856981432731374,0,0.028782733873485594,319.3560106147451
0.19046542884875828,0,0.03200900206950322,319.3434128173432
0.2,0.03738474631856635,0.009960641062023804,323.9484925115254
0.2,0.040914595381505395,0.004980320531011902,324.71153598558004
0.10972363823341547,0,0.1520628527764581,319.84773694773196
0.11081916623778168,0,0.1455148381027183,319.85549138163327
0.2,0.005555555555555555,0,319.3819333397215
0.2,0.01111111111111111,0,319.8207113813885
0.2,0.05,0,327.02987066471036
0.2,0.044444444444444446,0,325.53498665476855
0.2,0.006226881481596965,0.02950287071616699,319.6114394772474
0.09587845317909002,0.05000000000000002,0.14932222021882494,327.9891971421236
0.06536506983459829,0,0.16676561336471815,319.78082140458065
0.17795861631937868,0.05,0.06497086033769497,327.63386669794113
0.2,0.03941045281118286,0.014940961593035706,324.4411690667162
0.2,0.042940301874121914,0.016370897472280217,325.29393339630246
0.1198979746041574,0,0.12682532216497217,319.8572492771272
0.12551921699918006,0,0.13029330342112141,319.84746664073316
0.12548693785145998,0,0.12376993677133949,319.84822770400365
0.2,0.038306505248022635,0.02494927075614873,324.2622702435009
0.2,0.034553413920311804,0.026144005642708218,323.4651003082322
0.05573509569724395,0.05,0.1670833372872214,327.87129591141354
0.05637330199042538,0.05,0.16129263733046123,327.88791859983127
0.1890871210390759,0,0.045170257833630226,319.4148523349228
0.18431983546345504,0,0.0419439896376126,319.42955355810744
0.18363068155861384,0,0.0485246175196761,319.4625937604601
0,0.005537250919644061,0.20231771186559583,319.6522010183882
0.14289561973024384,0.05,0.10874890859268316,327.9233463415289
0.2,0.05,0.03205128205128206,327.28378811744574
0.16012952275653952,0.049999999999999996,0.09935897435897434,327.83523910504846
0.16012952275653952,0.05,0.10576923076923075,327.84415701093667
0.2,0.04183635431096168,0.02637920663539324,325.0946440623721
0.2,0.0423883280925418,0.02137505205383673,325.19461082152793
0.1862681539506737,0,0.023735288698092452,319.32470376080505
0,0,0.20512820512820515,319.34095551408814
0.10125204457279297,0,0.14977993545717855,319.85429124207354
0,0.03367668435287303,0.18509646176457495,323.4805962823804
0.13705328163065117,0.05,0.11172858641613559,327.94574995024084
0.10061152495118478,0.05000000000000001,0.14497833498566062,327.9958655714563
0.15557468803900504,0.05,0.07208448297790337,327.79070022173136
0.1907697586452234,0.05,0.026489919211657238,327.3322743770197
0,0.011074501839288122,0.1995072186029865,320.1067697958329
0.19118481119687625,0.05,0.02116764766947725,327.29099815053456
0.08842706000087602,0.05,0.15222790047214146,327.97971217570466
0.06043586194867082,0.05,0.17009737362530777,327.8795887052142
0.06577483449327913,0.05,0.16732071000663395,327.90372317592863
0.07098183633616592,0,0.1647916367582265,319.79786988700977
0.07158595505863946,0,0.1588017066926454,319.8112186915737
0.06596918855707183,0,0.16077568329913705,319.7950719636492
0.09187090528305014,0.05,0.1565162301568171,327.97462854319247
0.1953848793226117,0.05,0.03568085704172606,327.35007812389745
0.19579993187426453,0.05,0.017538072679033248,327.2227432077285
0,0.016993787020575447,0.184946032332065,320.79484910797686
0.1487149490240712,0,0.09937191078800754,319.7691566776371
0,0.05,0.1794871794871795,327.4687551865099
0.005747338994159343,0.05,0.17619161784855253,327.5344067323908
0.19454356051953794,0,0.04181589814758435,319.36446917384035
0.19523271442437912,0,0.03523527026552084,319.3285573714992
0.18977627494391708,0,0.03858962995156672,319.3803763325758
0.1428398458702385,0,0.11498680516571855,319.8034586078955
0.1428398458702385,0,0.12139706157597493,319.805844966055
0.1487379578298365,0,0.11858974358974358,319.785895288391
0.19014763633791287,0.05,0.03922546453676291,327.4173567583042
0.10978360883252963,0.05,0.13459944871433666,328.0014438862812
0.11499334683503332,0.05,0.13768948063093955,327.99398673718747
0.021858173421063772,0,0.18525092571713955,319.55518269577675
0.021676363358816612,0,0.19153630308218766,319.53220075131827
0.05103432944581708,0.05,0.16406930094913508,327.86044151085156
0.2,0.03363165499085552,0.01115537594858329,323.1725926964495
0.2,0.03565736148347203,0.01613569647959519,323.6255391164646
0.16012952275653952,0.05,0.11217948717948717,327.8505119975527
0.011494677988318686,0.05,0.17930631262018193,327.5742299338656
0,0.016739097512813272,0.19705333194444408,320.7182992971051
0.10457387083002595,0.05,0.13150941679773376,328.006064936209
0,0.04449240792390746,0.18781301591202001,325.94772488463764
0.022884794778297954,0.05,0.1729099729176499,327.6813654515271
0.1604998190263905,0,0.06816825876852138,319.6528227196475
0.16079195461000273,0,0.061863847470308944,319.63067746173374
0.15518426049434414,0,0.06520023863634489,319.66501658706983
0.022833238247490117,0.05,0.16659014994089227,327.6985737977562
0.2,0.05,0.012820512820512825,327.1454313033679
0.2,0.04647015093706096,0.017800833351524728,326.212103058534
0.2,0.05,0.019230769230769235,327.19567805341103
0,0.016866442266694356,0.19099968213825452,320.7576332009237
0.2,0.028195451579761263,0.026431632015537557,322.2611346745189
0.14997630988791377,0.049999999999999996,0.07512931329424226,327.8257673610154
0.14973537529294745,0.04999999999999999,0.08113176962111304,327.84460275313404
0.1599051384540633,0,0.08048621707446058,319.68969443075395
0.15458957992201694,0,0.07751819694228407,319.70377056330324
0.15428703493330193,0,0.08353174395001083,319.71965384111013
0.19454356051953794,0,0.05463641096809717,319.41860677854555
0.1548921249107319,0,0.07150464993455732,319.68587219252214
0.2,0.03885847902960275,0.019945116174592218,324.35204174729927
0.2,0.03510538770189192,0.021139851061151703,323.5456418045391
0.17252926665980356,0.05,0.06199191083916673,327.6586715153256
0.10603560540528731,0,0.14764738677994843,319.85582948836253
0.1601295227565395,0,0.11217948717948718,319.73855987682145
0.13719027071353745,0.05,0.12474150035601089,327.95077642402566
0.16000582620241874,0,0.08672393572610584,319.7034704146048
0.010562485075917298,0,0.19812610301530786,319.44112264122873
0.01602553767612311,0,0.1947499310040675,319.48772182538755
0.18908712103907588,0,0.05158051424388663,319.4419270894163
0.2,0.05,0.006410256410256413,327.09016217380093
0.1369740130583606,0,0.12431748980173182,319.82279110212994
0.1907697586452234,0.05,0.03290017562191365,327.3741868119824
0.16709991700022847,0.05,0.059012961340638506,327.67974028921896
0.17282936834878682,0.05,0.055707094542642006,327.62987386763666
0.18656969051948794,0.05,0.02479722265992125,327.35525872493247
0.18698474307114077,0.05,0.01947495111774126,327.31325341300413
0.1829807172743782,0,0.06126729339153437,319.51573027848605
0.18330569941649602,0,0.05489595545560523,319.49024907579445
0.19579993187426453,0.05,0.004717559858520422,327.1142659969839
0,0.01120184659316921,0.19345356879679698,320.14318397444595
0.18739979562279357,0.05,0.014152679575561267,327.26856505042684
0.11471873049618184,0,0.13003232374771137,319.86291575647465
0.1203399728912045,0,0.1335003050038606,319.8546170442481
0.1428398458702385,0,0.10857654875546213,319.79883734419934
0.1487379578298365,0,0.11217948717948717,319.78253570922925
0.2,0,0,319.08557574854007
0.2,0.005578619501238044,0.004487208959664831,319.41476316924167
0.2,0.02987856366314469,0.012350110835142775,322.46618739813204
0.17756202180551184,0,0.05823023505047087,319.5355757391694
0.17723703966339405,0,0.06460157298640001,319.55980492406525
0.2,0.005578619501238044,0.010897465369921241,319.4573137401446
0.2,0.04591817715548084,0.02921524434333765,326.14612532446426
0.04546455961799849,0.05,0.1669953249326233,327.82843236275903
0.13110818024648263,0,0.1272379180274887,319.8368372740553
0.17214332633664547,0,0.05519317670940737,319.55280088356403
0.17788700394762966,0,0.05185889711454173,319.50917244163065
0.1494944406979811,0.049999999999999996,0.08713422594798381,327.8610574833803
0.15443374029318802,0.05,0.11538461538461536,327.8808876793769
0.1486689314125406,0,0.08657727082556109,319.74690530610127
0.2,0.04591817715548084,0.02280498793308124,326.1025852284021
0,0.05,0.1858974358974359,327.44494622119794
0.08705520710875375,0.05,0.15863537996976707,327.9661215794351
0.154433740293188,0,0.11538461538461539,319.7636710938045
0,0.03898481584781492,0.18331833951634774,324.629180064094
0,0.04449240792390746,0.18140275950176363,325.9717818015199
0.07659860283773354,0,0.16281766015173485,319.8124746434757
0.14957656637868555,0,0.06853662980238083,319.6964964622684
0.0907032306513975,0,0.16275274963063435,319.82893586953537
0.15021724448288015,0.05,0.06912685696737149,327.80455130702427
0.09147993127419039,0,0.16881254623690212,319.8157494153538
0.08615724063411256,0,0.1647931816207293,319.8208479654445
0.1802066861173912,0.05,0.03340602324817359,327.46034021092
0.17825871800836193,0.05,0.05868604404117024,327.6062325414055
0.1850089893682962,0,0.03536336175554909,319.394025842869
0,0.011329191347050297,0.18739991899060743,320.17748015629337
0.06657330727954537,0,0.15478575323355595,319.80729985463137
0.005463052600205809,0,0.18893152029645194,319.4423523527986
0.11516072878322894,0,0.1367073065865998,319.85928710297674
0.1487379578298365,0,0.10576923076923078,319.7769412245311
0.16639964872566132,0,0.058527456304273015,319.5934790862602
0.067051247079642,0.05,0.1557393100931136,327.93388426313965
0.14897147640125558,0,0.08056372381783433,319.73211745113116
0.1736366119596368,0.05,0.04301784120909521,327.5615202614981
0.1683107824165035,0.05,0.0399790813403183,327.5778855265484
0.17425873426694735,0.05,0.03669255229424595,327.52144172436545
0.13694173391064052,0,0.11138386674169348,319.8178155308912
0,0.04449240792390746,0.1749925030915072,325.9928710025936
0.1789624415027702,0.05,0.046056601077872114,327.54135336375685
0.2,0.03888888888888889,0,324.1997514889742
0,0.05,0.17307692307692307,327.4895964360133
0.11986569545643734,0,0.12030195551519024,319.85674910281034
0.12064148279042314,0.05,0.12137770155803296,327.99018334419264
0,0.0056645956735251485,0.18985380564914986,319.71015185239935
0.09444935826289143,0.05,0.13925180032113724,328.0007046056693
0.19580272510191543,0,0.0045467994491020566,319.1452038984699
0,0.03347722377172238,0.1788236631206755,323.46253507844636
0.1489901187858847,0.049999999999999996,0.09955756249548176,327.88774735896806
0.028579129104925716,0.05,0.16971876142024606,327.7283821234755
0.11427673220913476,0,0.12335734090882296,319.8641628823795
0.13121094353105853,0.05000000000000001,0.11470826423958803,327.9646138118465
0.14927402138997056,0,0.07455017681010759,319.71531450318685
0,0.03898481584781492,0.17690808310609135,324.6505172167379
0.1861546379678351,0.05,0.030119494202101242,327.3945809862117
0.17855881969734516,0.05,0.052401227744645514,327.57575538233846
0.016389157800617428,0,0.1821791762739713,319.53371289091416
0.005695782463351506,0.05,0.16987179487179488,327.55281940633176
0.09153987358041504,0,0.1563138559233339,319.8417101606478
0.08699388356313009,0,0.15835428791342884,319.8346221289996
0.1432699790921824,0.05,0.1024601473801737,327.9144196829972
0.14352214004823058,0.05,0.09624847910642473,327.9035884043742
0.06215673707205201,0.05,0.14544758415555076,327.9357843449662
0.06741980537521149,0.05,0.14928376444299887,327.9459549017885
0.061788178776482516,0.05,0.15190312980566545,327.92510747870926
0.06092336550118714,0,0.1576012348837183,319.7880309728908
0.10385814090464623,0,0.12488926266103384,319.87068527125336
0.10917127398153792,0,0.12712917958598557,319.86819294106266
0.10896359913224307,0,0.12111742398387124,319.86808147961113
0.1040658157539411,0,0.13090101826314818,319.86965617726963
0.10961327226858501,0,0.13380416242487397,319.8657869552821
0.05111023368726591,0.05,0.15745645704301314,327.87555889341553
0.08244789354584514,0,0.16039471990352377,319.82584174633524
0.03417469478010904,0.05,0.15384615384615385,327.79864644208277
0.03422480317419313,0.05,0.16017989353063583,327.78637314209954
0.028478912316757532,0.05,0.15705128205128205,327.75805752509694
0.18926207606266154,0.025978509711246704,0,321.783116654907
0.1954231524771158,0.02767413980269262,0,322.02000569176823
0.19383892358554572,0.031637703241887416,0,322.74564080614005
0.022032778965321527,0,0.1789456746324644,319.5758495952447
0.02226550882846722,0,0.17270646202832016,319.59451438422707
0.016621887663763123,0,0.175939963669827,319.553566961858
0.19542315247711584,0.016563028691581515,0,320.4230562322608
0.19542315247711584,0.022118584247137064,0,321.1473350339976
0.0990128866228642,0.05000000000000001,0.12889668417393005,328.0077604305574
0.10440432741790395,0.05000000000000001,0.12549818588369088,328.0074451220911
0.15907773314948248,0.05,0.034144554763873465,327.5939864940021
0.15732480753487707,0.05,0.03992240564561294,327.63715162824406
0.15270828290136657,0.05,0.037005142357390525,327.64162849416465
0.0284789123167575,0,0.15705128205128205,319.6618178282965
0.022783129853406005,0,0.16025641025641024,319.6257252880626
0.02819402115496441,0,0.16326212121904768,319.6482734971763
0.13824930564041127,0,0.08645916190675042,319.7786646516207
0.14374772248983028,0,0.08351571948827452,319.75624355422116
0.13882651356711997,0,0.08045416815098794,319.76333177781345
0.15947910060655618,0.05,0.026848785883557786,327.54438968630376
0.16449699269714035,0.05,0.02247028029146453,327.48690869961484
0.16409562524006668,0.05,0.029766049171780207,327.53942858147053
0.03979457300201172,0.05,0.1572538695471476,327.822987933257
0.045414451223914395,0.05,0.16066158524814134,327.8435862895133
0.03984468139609581,0.05,0.16358760923162957,327.80927431988835
0.17254889167995913,0,0.048810300755156626,319.5249888544063
0.17295445702327272,0,0.04242742480090589,319.49487382358205
0.16721077941228857,0,0.04576170439577153,319.5382149638646
0.11005527055563212,0,0.1404791452637624,319.86099944190846
0.10527170972313775,0,0.14261169394099252,319.8616813058977
0.08469576078229651,0.05,0.14122380366759246,327.99045741717055
0.08942883255439127,0.05,0.13687991843442818,327.9992935609538
0.08412085290948573,0.05,0.12779226942784577,327.99762869329055
0.08897183520586388,0.05,0.12415292040051193,328.0032339506529
0.08914137861798588,0.05,0.13016415131455483,328.00258284378674
0.1432165321746522,0,0.10231535320648344,319.791007893326
0.1373184202150542,0,0.1051226711927148,319.81109667737076
0.07339712792156479,0.05,0.14668385134111628,327.96439532411654
0.06778836367078098,0.05,0.14282821879288415,327.95540197327745
0.07376568621713428,0.05,0.1402283056910016,327.9726013968066
0.08440830684589112,0.05,0.13450803654771915,327.99545182955967
0.0790869965315127,0.05,0.13736817111936034,327.98546897780636
0.07879954259510732,0.05,0.13065240399948702,327.9887123506422
0.17506146918109472,0.05,0.022101014533614592,327.4199558306187
0.16951488478772453,0.05,0.018091774699371267,327.4253673746867
0.17547652173274755,0.05,0.0167787429914346,327.37718162131745
0.016854617526908817,0,0.16970075106568275,319.5712537968921
0.011391564926703006,0,0.16666666666666666,319.5450913910129
0.011158835063557313,0,0.17290587927081094,319.5283907437797
0.16750353880565347,0.05,0.0526683346738651,327.64885968957634
0.16113408855753755,0.05,0.05552892226738215,327.6975617731736
0.16153771036296255,0.05,0.04918429560060876,327.6652448807137
0.17300992319181635,0.05,0.012061183132914178,327.35512986309175
0.19084630495423163,0.022014946272051916,0,321.16546931545605
0.05652511047332304,0.05,0.14806694951821733,327.91296048062605
0.14987897354597202,0.05,0.06227151935187081,327.77991711424886
0.14954070260906388,0.05,0.05541618173637014,327.75187409960597
0.15550653105175477,0.05,0.05890022080962649,327.74062255621055
0.0727305029443944,0,0.14586090468463542,319.8329485556212
0.06688121223628278,0,0.14828384493284646,319.81752857646256
0.07242259798765699,0,0.15236281298534493,319.8237235263491
0.10907760639697134,0.05,0.11513856553847177,328.00183798562165
0.1146385906041331,0.05,0.11775129816227549,327.99771191433155
0.10979576821294369,0.05,0.1220996875934517,328.0039861451004
0.027501794585767868,0,0.1820174240756327,319.59567501097257
0.027676400130025623,0,0.1757121729909576,319.61517396168443
0.1679071606110785,0.05,0.04632370800709171,327.6149081020194
0.17323299015421184,0.05,0.04936246787586861,327.5972325585244
0.09896035752634427,0,0.13467285694031078,319.8685525910005
0.09972425320849383,0,0.1397085497792667,319.8652405998444
0.10450781404098819,0,0.1375760011020366,319.8660913316134
0.16680521406897494,0,0.052144580350022264,319.56699852589554
0.07303840790113181,0,0.13935899638392596,319.8398571815792
0.07857979365250602,0,0.1434379644364244,319.8456175073768
0.13217368086428358,0,0.09540759808098881,319.8105897825563
0.1258625040779789,0,0.09812802254910126,319.82773389873734
0.13179699455986987,0,0.10166879362996747,319.8205055277556
0.09416190432648604,0.05,0.1325360332012639,328.0051063076045
0.19333333333333336,0.05,0,327.09218136531257
0.13871344682467746,0.05,0.08671976342490384,327.9002712795455
0.13365259264507615,0.05,0.08340271601713192,327.90725037558724
0.13937273233877845,0.049999999999999996,0.08050013113243999,327.8818974829254
0.07937445046791809,0.05,0.1440839382392337,327.9794080563121
0.04878332972824532,0,0.17532937977008767,319.70908293963953
0.049203405836358,0,0.1692807889770653,319.72624850558987
0.04376891895311101,0,0.1723629466988679,319.69773433507726
0.11358567773995794,0,0.11016502795982511,319.85868273305226
0.11393120497454634,0,0.11676118443432403,319.8626135632398
0.11952016822184894,0,0.11370579904069132,319.8542534564242
0.19084630495423166,0.01645939071649636,0,320.4426049538774
0.13969223762258057,0,0.06947140441946487,319.73053484313374
0.14435281246726026,0,0.071488625472821,319.72277109395566
0.14491599153400586,0,0.06651940874902469,319.7056594614899
0.027909129993171317,0,0.1694729603868133,319.6326494687055
0.1314203082554562,0,0.10792998917894617,319.82826752843897
0.09382281750224203,0.05,0.12051357137317809,328.0060810610671
0.09867379979862018,0.05,0.11687422234584427,328.0061700245331
0.09884334321074217,0.05,0.12288545325988715,328.00808407715385
0.10423478400578196,0.05,0.119486954969648,328.0065876087559
0.17829256929094328,0,0.04547602116029099,319.48002894367977
0.09354081488178521,0,0.15266972852888028,319.84866766322557
0.1323340216168742,0.05,0.09584198060205962,327.93848782728713
0.13780200035452828,0.05,0.09915106399111664,327.9281146301893
0.1319596622549356,0.05,0.10213074181456908,327.9496890564178
0.12510913146915154,0,0.11065041364705862,319.84321142992013
0.03875450817797671,0,0.16939651362764813,319.6842026996276
0.03360491245652281,0,0.16626783218168512,319.6682206964124
0.03332002129472972,0,0.17247867134945072,319.65168599023355
0.188016671123505,0.04636078620794362,0,326.1367109245613
0.1866666666666667,0.05,0,327.1484798854153
0.18913326520759788,0.05,0.004717559858520422,327.17284800072105
0.13742764099258975,0.05,0.10543982520362612,327.9381785740206
0.13158530289299708,0.05,0.10841950302707855,327.95839771793766
0.12520805134476848,0.05000000000000002,0.11108186084383057,327.9759822693994
0.09399236091436403,0.05,0.126524802287221,328.00671253394444
0.1446745211133461,0.05,0.07781472221334113,327.8553058483074
0.1444335865183798,0.05,0.08381717854021191,327.8729747823795
0.032970810206214216,0,0.185089173518801,319.61279098448415
0.13767209771370256,0,0.0924641556625129,319.7920054572752
0.13275088879099228,0,0.08940260432522633,319.79844191548295
0.12558241070670706,0.05,0.1047930996313211,327.9685232748842
0.12595677006864558,0.05,0.09850433841881161,327.958571712758
0.14405026747854527,0,0.07750217248054776,319.74051487057557
0.15557188192027166,0.05,0.04570025652735241,327.6773692458555
0.16194133216838758,0.05,0.042839668933835354,327.6298570003397
0.11324015050536954,0,0.10356887148532617,319.85237039181715
0.10827254466306627,0,0.10792511103487339,319.86074743470067
0.1437743010042788,0.049999999999999996,0.09003681083267576,327.8902975850503
0.18143815867777058,0.05,0.015465711283497934,327.3249141798975
0.1849331970818624,0.05,0.009435119717040846,327.24868409909465
0.10365046605535139,0,0.1188775070589195,319.8697482786046
0.16096764491312257,0,0.04880366973684823,319.5795228098575
0.05636579720662413,0,0.14774909723169816,319.78957499847866
0.050715855428265906,0,0.15056457888186048,319.7672989934793
0.05581961046472653,0,0.1540829068827894,319.77893149227026
0,0.011329191347050297,0.180989662580351,320.19889794236445
0.06146955224308475,0,0.15126742523262704,319.7997039356402
0.06177745719982215,0,0.14476551693191755,319.8087881216035
0.10861807189765467,0,0.1145212675093723,319.8656052126798
0.034174694780109,0,0.15384615384615385,319.6950510167184
0.03388980361831591,0,0.16005699301391946,319.6826757052406
0.17897156013683937,0.05,0.010748151424977512,327.3039478251186
0.1401489883000347,0.05,0.06974671716649425,327.84518251461526
0.134847199525467,0.05,0.07243212608559313,327.871104046249
0.1353825208917569,0.05,0.06768116844651817,327.85280546791273
0.13961366693374477,0.05,0.07449767480556921,327.8630143450275
0.14491545570831246,0.05,0.07181226588647036,327.835256252363
0.09875268267704942,0,0.12866110133819644,319.87072224041947
0.09854500782775456,0,0.12264934573608212,319.870925803206
0.1431935233688869,0,0.09591803322526021,319.7820063088495
0.14317051456312158,0,0.089520713244037,319.77077729845684
0.08412117940388023,0,0.14751693248892286,319.84831778757547
0.08783052649214762,0,0.15191539420612837,319.8460389489696
0.0898314677935178,0,0.14827126681167474,319.85262140415364
0.13503166277790088,0,0.06745418336610873,319.7365238016955
0.14025541668932617,0,0.06450218769566855,319.71304767009525
0.13559484184464649,0,0.06248496664231243,319.7186610880841
0.14034603872941642,0.05,0.058140421911918636,327.79881324075586
0.14068430966632456,0.05,0.0649957595274193,327.82577364463583
0.13591784225804676,0.05,0.06293021080744321,327.8329298500094
0.18626945743134746,0.01635575274141121,0,320.4605560383906
0.05126204217016356,0.05,0.14423076923076922,327.8974432688902
0.05118613792871474,0.05,0.15084361313689118,327.8878928127617
0.04556625970681205,0.05,0.1474358974358974,327.8681911643269
0.050169668686368296,0,0.1568983885329517,319.7554791461464
0.022498238691612913,0,0.1664672494241759,319.61101193729985
0.05424922889224269,0,0.17245523739248408,319.7353588222658
0.13769510651946787,0,0.09886147564373612,319.8022240793345
0.04549035546536323,0.05,0.1540487413420194,327.857280458529
0.038334432069864026,0,0.1754451044206705,319.6666259588086
0.14545077707460236,0.05,0.0670613082473954,327.8163141303075
0.04962348194447069,0,0.16323219818404297,319.74145350114765
0.054669305000355384,0,0.16640664659946172,319.7515034690319
0.05527342372282891,0,0.16041671653388062,319.76608218839624
0.07743524576675107,0,0.15637876644443435,319.8261140788623
0.038159826525606275,0,0.18175035550534563,319.64731237521227
0.03314541575047197,0,0.17878392243412586,319.63335498827774
0.059715128056240074,0,0.1695810950148805,319.7592016944579
0.1380541613105765,0.05,0.09293939571736769,327.9161076996859
0.13299330713097518,0.05,0.08962234830959578,327.92413778967693
0.15516826011484663,0.05,0.05204488319412581,327.7111224311325
0.0603192467787136,0,0.16359116494929937,319.7746276677175
0.03427491156827722,0.05,0.16651363321511783,327.77148763245583
0.16056207956980895,0,0.05518654569109897,319.6070668135566
0.10048814889064339,0,0.1447442426182226,319.86048681686873
0.13332809671770096,0,0.08339761056946385,319.7843019802568
0.1254858177735652,0,0.10438921809807994,319.83654953658663
0.005695782463351503,0,0.16987179487179488,319.50057792453526
0.00546305260020581,0,0.17611100747593916,319.48269622919355
0.01092610520041162,0,0.17914509187495523,319.509522860637
0.00546305260020581,0,0.18252126388619555,319.46365548434943
0.16911351733065086,0.05,0.025387543579686946,327.48081033069974
0.14477423520078608,0.05,0.05335063301639405,327.76131071178463
0.14511250613769422,0.05,0.06020597063189472,327.79051683197974
0.039870477243460545,0.05,0.15064102564102563,327.8352588887244
0.19542315247711584,0.011007473136025958,0,319.84377290245396
0.13912905855583496,0,0.07444062114326118,319.74666226549226
0.06718911719302019,0,0.14178193663213698,319.8254408949795
0.06208536215655957,0,0.13826360863120807,319.8155559042528
0.17650496159590817,0.05,0.006030591566457089,327.27959614653565
0.18246659854093122,0.05,0.004717559858520423,327.2254178239585
0.09477786050100581,0,0.14398990829547073,319.8602925037786
0.09554175618315537,0,0.14902560113442664,319.85461255565303
0.15095535728676115,0.05,0.04278299323913,327.6824991369454
0.01708734739005451,0,0.16346153846153846,319.5867733960167
0.0674970221497576,0,0.1352800283314275,319.8310368101825
0.108359444580999,0.05,0.10817744348349183,327.9965947284251
0.10351662218980959,0.05,0.11252583291466804,328.0029450090333
0.09401396481885625,0,0.13895421545651482,319.8645306600847
0.0625252953676215,0.05,0.13899203850543604,327.9438376440632
0.18270000891367663,0.04272157241588724,0,325.24482818303335
0.18135000445683833,0.04636078620794362,0,326.1871052985655
0,0.0056645956735251485,0.18344354923889347,319.73205340550305
0.06815692196635047,0.05,0.13637267314276946,327.9622254776064
0,0,0.1858974358974359,319.41524951643106
0.08328453647486268,0,0.15395582619622333,319.83825843874786
0.15472451041395657,0,0.05184563507792492,319.6175865993453
0.1551300757572702,0,0.045462759123674173,319.58897915231154
0.07827188869576861,0,0.14993987273713388,319.8373961706638
0,0.0056645956735251485,0.17703329282863706,319.7516925719002
0,0,0.1794871794871795,319.4353724498608
0.18000000000000002,0.05,0,327.19876622501835
0.09833733297845972,0,0.1166375901339678,319.86916327935984
0.043348842844998334,0,0.17841153749189026,319.6793828964963
0.05667370216336154,0,0.14124718893098864,319.79751464857424
0.19468333779017166,0.04080523065238806,0,324.6883114474429
0.1343118781591771,0.05,0.07718308372466809,327.8878255850181
0.1806080535744649,0.05,0.026110254367857914,327.4096937011271
0.18102310612611774,0.05,0.020787982825677925,327.36864546583683
0.11955132729167421,0,0.10084844701721371,319.8416607684909
0.11917464098726054,0,0.1071096425661924,319.8493762989903
0.14920243167215574,0.05,0.04856084412086947,327.7204222630957
0.18936667558034329,0.04272157241588724,0,325.194325774628
0.0390393993397698,0,0.16318567445988252,319.6996384163904
0.0441889950612237,0,0.16631435590584553,319.7141252032656
0.04447388622301679,0,0.16010351673807993,319.7284619306124
0.056449206231874216,0.05,0.1546797934243393,327.9018312718376
0.18320559916588902,0.03547038676888577,0,323.5890096021792
0.18936667558034329,0.03716601686033168,0,323.90522393934066
0.18405001337051494,0.03908235862383086,0,324.3719348784219
0.19084630495423163,0.010903835160940806,0,319.86523678641595
0.1954231524771158,0.005451917580470403,0,319.4069100231325
0.18767784717109146,0.0299420731504415,0,322.4765008357928
0.18852226137571737,0.03355404500538659,0,323.15859801980145
0.17466010172402105,0.05,0.02939678341393027,327.4730005635217
0.1199233209744508,0.05,0.11441657950305302,327.9883812507986
0.1488869412581042,0,0.048504724464750876,319.62503844362624
0.028529020710841624,0.05,0.16338502173576405,327.74452592911655
0.022783129853406026,0.05,0.16025641025641027,327.7133636897338
0.18468522853977737,0.020319316180606,0,320.9702156029207
0.18310099964820728,0.024282879619800794,0,321.5556120088857
0.17967087710062565,0,0.032314765396163986,319.4096062090119
0.19468333779017163,0.03524967509683251,0,323.45596736897573
0.154461208515972,0.05,0.03122729147565105,327.5978103347534
0.1687121498735772,0.05,0.032683312460002625,327.53164971465355
0.1823611849612631,0.031858414913940675,0,322.87061306146705
0.163694257782993,0.05,0.037061818052095886,327.5873448912671
0.05689366876889253,0.05,0.14161140386810261,327.92224357449106
0.08906757211136823,0,0.14323557397271883,319.8577857256097
0.19468333779017163,0.04636078620794362,0,326.0803043700575
0.11920515915847846,0.05,0.10745545744807308,327.9834840596868
0.11392042878816075,0.05,0.11079017610729555,327.993963097379
0.119579518520417,0.05,0.10116669623556361,327.97478216456517
0.1613732102564362,0,0.04242079378259748,319.54967580449176
0.1815167707566372,0.028246443058995586,0,322.21674525628555
0.17898172319578448,0,0.03889539327822749,319.44606133278864
0.17364361092811392,0,0.035846796918842384,319.45997880415257
0.1676163447556022,0,0.03937882844152078,319.507128400167
0.13446848371115527,0,0.07242340008990505,319.7530267646268
0.051262042170163516,0,0.14423076923076925,319.77691304314664
0.07347823228072889,0.05,0.13351253857112821,327.97691127874754
0,0,0.17307692307692307,319.4532329965837
0.03932429050156289,0,0.15697483529211687,319.71299443580267
0.11320226697218842,0.05,0.10382905405231563,327.98711918270874
0.103304938820763,0,0.1122813505844206,319.8663450638817
0.13390530464440967,0,0.07739261681370137,319.768169976878
0.0871090055595147,0.05,0.10551610175845594,327.9896336684975
0.09254197214397761,0.05,0.10863034857873367,327.99766611466157
0.08780786662969432,0.05,0.11064572870528878,327.99575854360256
0.17248369934019003,0.021251191909749237,0,321.1717073806035
0.1785844639399837,0.02078525404517762,0,321.0717710321468
0.1770002350484136,0.024748817484372413,0,321.6660041648134
0.09709396469769513,0,0.10623111229656229,319.8612341855723
0.09192412552834842,0,0.1028988794961726,319.8554875039486
0.09254580966873072,0,0.10810211841487535,319.8613770239341
0.17312968336878015,0.0278473372316806,0,322.1989781807049
0.16666666666666669,0.05,0,327.28417328145247
0.16000000000000003,0.05000000000000001,0,327.32007822619136
0.16330170523924564,0.045847334100306725,0,326.1645237212947
0.022783129853406026,0.05,0.15384615384615385,327.7261992463397
0.01708734739005452,0.05,0.15705128205128205,327.6787141209691
0.12799347382875512,0.05,0.08576684605928721,327.9277885488481
0.12733418831465412,0.05,0.09198647835175104,327.94341865273685
0.06166759400277475,0,0.11901386945818171,319.818181692753
0.06187647807966715,0,0.12543361083956667,319.8197538002109
0.06707925399597278,0,0.12244054556865754,319.832638018621
0.1814916169682861,0,0.015024783469166216,319.3012568288244
0.18092160629074983,0,0.020072228644559355,319.3349521242304
0.09797493872844056,0.05,0.11174459539901141,328.00265735544434
0.091843111073798,0.05,0.10350072163190083,327.9911589624368
0.15689042682974438,0,0.03957281296004482,319.55506498122395
0.1801686928315538,0.016821690605982827,0,320.55327474091496
0.07834618654242881,0,0.13657259070417158,319.8510072618973
0.0728048007910546,0,0.13249362265167314,319.8436505937634
0.04502007296491441,0,0.15376970708698867,319.74154829568016
0.0883898509177791,0.05,0.11739932455290036,328.0009236178758
0,0.016747320644974972,0.1728701582539115,320.8023847127884
0,0.011082724971449824,0.16891378850219751,320.2096132845427
0,0.016624087457174735,0.1668322212148347,320.8030334345838
0.1458135835234432,0.05,0.042978374464300986,327.70453255168854
0.14756650913804864,0.05,0.03720052358256151,327.6645099199466
0.09771564883807743,0,0.11143435121526504,319.8659554192607
0.1026832546803807,0,0.10707811166571785,319.86211686281786
0.17663503857257895,0.04584733410030672,0,326.0842828502644
0.17432432944070178,0,0.028651705342630895,319.41921958860235
0.1803515956132135,0,0.025119673819952497,319.36717114196557
0.17500504795328964,0,0.021456613766419406,319.3754544525527
0.18246939176858207,0,0.004546799449102056,319.22816718315704
0.1765528334311219,0,0.005931184570962103,319.2702345277686
0.179022225199704,0,0.010477984020064158,319.28654722208597
0.18913605843524878,0,0.0045467994491020566,319.18822299594973
0.19333333333333333,0,0,319.1304639204361
0.04556625970681204,0.05,0.13461538461538458,327.88090155755816
0.05126204217016356,0.05000000000000001,0.13782051282051283,327.9038039997413
0.04556625970681205,0.05,0.14102564102564102,327.8758247392421
0.034174694780109025,0.05,0.1474358974358974,327.80879904033276
0.03417469478010902,0.05,0.141025641025641,327.8164131226691
0.03987047724346053,0.05,0.14423076923076922,327.8441519753071
0.10281776111962995,0.05,0.1073962059678352,327.998306105511
0.005695782463351503,0,0.15064102564102563,319.5373506311714
0,0,0.15384615384615385,319.4932279834993
0.005695782463351504,0,0.15705128205128205,319.52730081848887
0.17849063328162967,0.03495693466124887,0,323.5140455247975
0.17933504748625556,0.03856890651619396,0,324.28867372809594
0.1259616082363708,0.05,0.06471411026342803,327.86562162476514
0.1304044038809189,0.05,0.06857311817451058,327.8697071297586
0.1254262868700809,0.05,0.06946506790250298,327.8844450913851
0.08295688433331617,0.05,0.11428507773262261,327.99272496930325
0.0823749000452314,0.05,0.10753148188501106,327.9859909950656
0.09316749380911299,0,0.1133053573335781,319.86575317033044
0.005695782463351504,0,0.16346153846153846,319.51506512522326
0,0,0.16666666666666666,319.4688161663114
0,0.01687055383277521,0.17890809529298823,320.79965660391946
0,0.01120595815925006,0.17495172554127425,320.2052953069904
0.07259591671416218,0,0.12607388127028812,319.8446632875918
0.06728813807286518,0,0.1288602869500425,319.83295042548593
0,0.022365032749824185,0.1768673055558584,321.5390778571965
0.12928116207080026,0.05,0.04963448262438069,327.79106218027323
0.1359215852712521,0.05,0.04927660312321028,327.77138938432546
0.13149338879988243,0.05,0.054066392018734866,327.8068932055442
0.14417766098933613,0.05,0.03161805392599304,327.64286961940513
0.14242473537473072,0.05,0.03739590480773251,327.68499175673855
0.13903588722601817,0.05,0.03181343515116403,327.66179987824586
0.0836539651837258,0,0.1337861850244172,319.8597234782388
0.08342035807364859,0,0.12692081129216437,319.86157656899553
0.07811257943235159,0,0.12970721697191875,319.8538305133678
0.09336500801018933,0,0.12006533052003332,319.8690061097136
0.0935726828594842,0,0.12607708612214766,319.86971940980766
0.09378035770877906,0,0.132088841724262,319.86846662326917
0.13253273712253955,0.05,0.0436941334666418,327.75176843786244
0.13578431217427886,0.05,0.037753784308902916,327.7086810038533
0.13917316032299137,0.05,0.043336253965471395,327.7300874163311
0.15300334759006384,0.05,0.011578260047412248,327.45921541569265
0.15650167379503194,0.05,0.005789130023706124,327.3921387738725
0.15967330205760677,0.05,0.011819721590163212,327.4294566953485
0.03987047724346052,0.05,0.1314102564102564,327.85429945175684
0.03987047724346053,0.05,0.1378205128205128,327.850506545976
0.17310566686224382,0,0.011862369141924206,319.3268495321338
0.15280914613901325,0.05,0.026607324340806822,327.5745475030099
0.15782703822959743,0.05,0.02222881874871356,327.52005704142886
0.1041245288673103,0.05,0.09865740539127625,327.985977583207
0.09858284540594126,0.05,0.09787616787561962,327.9852961918186
0.10058847422380125,0.05,0.09426699424589355,327.97885959949855
0.16381427984149824,0,0.029335756042756633,319.4738765658072
0.1644949983540861,0,0.02214066446654514,319.43069797552147
0.15933149641480643,0,0.026487775220203975,319.477774049343
0.16829706326819005,0,0.032183736865309294,319.468045036113
0.1689777817807779,0,0.0249886452890978,319.4259557515594
0.16965850029336574,0,0.01779355371288631,319.3808605465064
0.18,0,0,319.21101553341083
0.1337056155289646,0.05,0.05849830141308904,327.82084909545625
0.10765086052268397,0,0.10272187211617063,319.85549889267236
0.04556625970681202,0.05,0.12820512820512817,327.88342605611405
0.11733452171021402,0.05,0.08427547385113393,327.94404447028893
0.11595710346420549,0.05,0.0907933339181945,327.9612907476488
0.11242104882069642,0.05,0.08640292277281178,327.95539386832957
0.10211890004945032,0.05,0.10226657902100234,327.9919788218609
0.10766058351081936,0.05,0.10304781653665898,327.9908295904694
0.16313356132891038,0,0.036530847618968125,319.51404923559346
0.12986908251462903,0.05,0.07332407581358553,327.88747963245305
0.12420996369830799,0.05,0.07568820585574082,327.9077724557594
0.11976716805375989,0.05,0.07182919794465828,327.90323525453596
0.12098349122553281,0.05,0.06560605999142044,327.8787219618143
0,0.011082724971449824,0.1625035320919411,320.224271322541
0.0972760776582609,0.05,0.10661496845217855,327.99745630622783
0.12865275934285608,0.05,0.07954721376682337,327.9096210684799
0.11457968521819695,0.05,0.09731119398525505,327.97564898512206
0.011391564926703008,0,0.16025641025641027,319.55848262266136
0.011391564926703006,0,0.15384615384615385,319.5696524378331
0.17764621907700373,0.03134496280630378,0,322.8039460570297
0.03417469478010901,0.05,0.13461538461538458,327.82148868909184
0.05126204217016353,0.05000000000000001,0.12499999999999999,327.908868502163
0.05689366876889251,0.05,0.12879089104758978,327.9303228432346
0.05126204217016354,0.05,0.1314102564102564,327.9076124108323
0.05126204217016351,0,0.13782051282051283,319.78254999581975
0.14468611649381208,0,0.05984210696981471,319.68353581598285
0.1400255416491324,0,0.05782488591645858,319.6900652024761
0.056893668768892514,0.05,0.13520114745784623,327.92755936874295
0.06252529536762148,0.05,0.13258178209517962,327.94810850171575
0.06208536215655956,0,0.13185335222095165,319.81909988550046
0.1755750586308259,0,0.01640916859102626,319.3423232710223
0.0398704772434605,0,0.14423076923076925,319.7329385161869
0.0398704772434605,0,0.15064102564102563,319.72514152093936
0.04556625970681201,0,0.14743589743589744,319.7524288630822
0.13813381200033426,0.05,0.05370851251756445,327.78603888022013
0.09324083321415724,0.05,0.11375997552556652,328.00248488675834
0.04556625970681201,0,0.14102564102564102,319.75916801423773
0,0.04448128413779783,0.16870220219933024,326.00836389889383
0.05667370216336154,0,0.13483693252073226,319.8021051155346
0.056673702163361525,0,0.1284266761104758,319.8044453493364
0.0512620421701635,0,0.13141025641025642,319.7859367153343
0.1849387835371642,0,0.009093598898204113,319.2437157453244
0.17807887368777128,0.011369773025512423,0,319.9862641100009
0.1759890545439888,0.00591785544504202,0,319.5560167274897
0.18208981914378247,0.005451917580470403,0,319.49076578666796
0.18666666666666665,0,0,319.1722771820597
0.034174694780109004,0,0.13461538461538464,319.7150010861015
0.034174694780109,0,0.14102564102564102,319.7105558791856
0.0398704772434605,0,0.13782051282051283,319.7385306952227
0.022783129853406026,0.05,0.1474358974358974,327.73641418038824
0.01708734739005452,0.05,0.15064102564102563,327.69024268338745
0,0.005541362485724912,0.1709953557895603,319.7596798052094
0.16317162826257486,0.05,0.006030591566457089,327.36044298423894
0.18875648581044915,0.005451917580470404,0,319.4503753600364
0.0784620053138076,0.05,0.12398379676488364,327.9890789985276
0.07314069499942917,0.05,0.12684393133652486,327.97829998139144
0.17377566739737027,0.03444348255361197,0,323.4380501950291
0.1692591316891467,0.030945856978988794,0,322.77885553385175
0,0.022241799562023948,0.17082936851678163,321.5382581496776
0,0.022230675775914324,0.16453906762460468,321.5522289174856
0.083887572293803,0,0.14065155875667001,319.8553038844321
0.1746200816019962,0.038055454408557066,0,324.2043813253833
0.056464818086469123,0,0.12200693472909085,319.8038395634539
0,0.03346609998561276,0.17253336222849852,323.4799134654798
0.087375970499384,0,0.10476988561448566,319.8543218917613
0.08799765463976628,0,0.10997312453318842,319.85986632445463
0,0.05,0.16025641025641024,327.5226508174468
0,0.04448128413779784,0.1558816893788174,326.03775210060644
0,0.05,0.15384615384615383,327.5352682943101
0.09657721658808127,0.05,0.1014853415053457,327.9905668768834
0.17798504302941726,0.042208120308250344,0,325.15178638371987
0.06218775808632177,0.05,0.12591317486057624,327.94878991453675
0.056556131487592795,0.05,0.12212228381298643,327.9292749114743
0.06185022080502206,0.05,0.11924456762597287,327.94671118322503
0,0.027848387880763537,0.1685362149265516,322.4404332750525
0,0.02783726409465391,0.16224591403437463,322.45352548866185
0.07788002102572282,0.05,0.11723020091727204,327.9861828029249
0.07729803673763803,0.05,0.11047660506966048,327.9804318658261
0,0.027859511666873164,0.17482651581872855,322.42475869763183
0.08883396500129104,0,0.136370200240466,319.8632467556303
0.08282781547041958,0,0.10664089173279873,319.8515027417329
0.15240764340305257,0,0.03672483213749216,319.5585201117978
0.1506472923305784,0,0.04261477830112152,319.5928366703494
0.1511570837620545,0.05,0.0219873572059626,327.54904677530936
0.14766737237569533,0.05,0.026802705565977816,327.59758161541004
0.14252559861237735,0.05,0.026998086791148807,327.61821613882
0.1061301576851703,0.05,0.09504823176155018,327.9788104372978
0.12299364052653505,0.05,0.08191134380897865,327.9283606969035
0.17333333333333334,0.05,0,327.24373594772817
0.1699683719059123,0.045847334100306725,0,326.1266694802723
0.034174694780109,0,0.14743589743589744,319.7039058560578
0.08353886862140095,0.05,0.1210386735802342,327.99660420204486
0.06714431012245133,0.05,0.11636685143895932,327.96117731741555
0.07222117343004468,0.05,0.11342172825430989,327.97216063994273
0.07280315771812947,0.05,0.12017532410192147,327.9769285399026
0.022783129853406005,0,0.15384615384615385,319.6369052784093
0.022783129853406005,0,0.14743589743589744,319.64585229074123
0.01708734739005451,0,0.15064102564102566,319.60912005332426
0.07238703263726978,0,0.11965413988890317,319.84344995925176
0.06687036991908038,0,0.11602080418727256,319.83009958958786
0,0.005541362485724912,0.15817484296904746,319.7876695055129
0,0.005541362485724912,0.16458509937930388,319.7748004090723
0,0,0.16025641025641024,319.4821478286166
0.14256200847170392,0.05,0.048918723622039875,327.7478427452662
0.1740679282317601,0.017287628470554442,0,320.64437436267013
0.011391564926703013,0.05,0.16025641025641027,327.6264513306281
0,0.03345497619950313,0.16624306133632155,323.4947094887018
0.10750757593117884,0.05,0.08853037169448962,327.9644647448744
0.10259410304166122,0.05,0.09065782061616745,327.9712570999235
0.1287274985181266,0.05,0.05939025114108145,327.83760454556034
0.011391564926703013,0.05,0.15384615384615385,327.63930728057517
0.045566259706812,0,0.1346153846153846,319.7636757536058
0.01708734739005451,0,0.15705128205128205,319.5990632136778
0,0.05,0.16666666666666666,327.5074268646812
0,0.04448128413779784,0.16229194578907383,326.0243612377014
0.10206157053999841,0,0.1018748727470151,319.85637528816494
0.14911681629829798,0,0.05518202624396086,319.65141229932595
0.1444562414536183,0,0.05316480519060472,319.6588576543234
0.14934669133849177,0,0.061859328023170845,319.67523163887324
0.15495438545415036,0,0.0585229368571349,319.64257885128376
0.022783129853406005,0,0.14102564102564102,319.65252978068577
0.01708734739005451,0,0.14423076923076925,319.61694391495615
0.08860035789121382,0,0.12950482650821318,319.86614128260084
0.15865077790221857,0,0.03368286679641547,319.51903602486146
0.1628449303201816,0.05,0.017850313156620303,327.4615062416085
0.005695782463351507,0.05,0.15064102564102563,327.59491516498525
0.005695782463351506,0.05,0.15705128205128205,327.583352450067
0,0.03897369206170529,0.17061778221391438,324.6669528584048
0.10966621232867935,0.05,0.0994386429069329,327.98409779822623
0.17197810908797762,0.01183571089008404,0,320.06362985090476
0.005695782463351506,0.05,0.16346153846153846,327.56938916615053
0.16983829492924152,0.05,0.006030591566457089,327.32228575988006
0.16796716363196643,0.01775356633512606,0,320.73385490365587
0.02847891231675751,0.05,0.1378205128205128,327.78482146115624
0.02847891231675752,0.05,0.14423076923076922,327.7784697152014
0,0.03896256827559566,0.1643274813217374,324.6808061362603
0.15416799447552676,0,0.030834885973862802,319.5220887679712
0.011391564926703015,0.05,0.14743589743589744,327.64954260796475
0,0.033443852413393496,0.15995276044414458,323.50692314811243
0,0.03896256827559567,0.157917224911481,324.6949703852072
0.06748184740375104,0.05,0.12303545867356269,327.96428684827856
0.15617497585263868,0.05,0.01760885161386934,327.49348650059693
0.14950502138509575,0.05,0.01736739007111837,327.5213081516518
0.1309397252472088,0.05,0.06382216053543563,327.85035758749694
0.028478912316757504,0,0.14423076923076925,319.6796541559707
0.028478912316757504,0,0.13782051282051283,319.68521550440096
0.06781938468505075,0.05,0.12970406590816608,327.9646362350088
0.1663432565251497,0.05,0.012061183132914178,327.3955393670708
0.12374938150728862,0.05,0.060282200869073856,327.85219629544514
0.12651527178904443,0.05,0.05495834174672727,327.82297636826485
0.07790369535545918,0,0.12328747559053377,319.85394228572096
0.08302532967149591,0,0.11340086491925394,319.8573398494685
0.12233435501243407,0.05,0.08813097610144249,327.9452708670708
0.14601530999873655,0.05,0.022182738431133588,327.5713855632887
0.08819516884084264,0,0.11673309771964363,319.86441134801413
0.01708734739005452,0.05,0.14423076923076922,327.6991506232485
0.028478912316757532,0.05,0.15064102564102563,327.7695794533329
0.18417963828756498,0.010903835160940808,0,319.90727928832786
0.17327007714515788,0.04169466820061344,0,325.05771333201966
0.16990511571773684,0.03754200230092016,0,324.1190576702839
0.08839268304191897,0,0.12349307090609885,319.8664772062587
0.14931943475265408,0.05,0.03142267270082204,327.62153977157436
0.12095693676642554,0.05,0.09464883616850304,327.9614705357613
0.09647228055731283,0,0.10102787337785954,319.8549995782947
0.16660341047849125,0.04169466820061345,0,325.0975168693256
0.02278312985340602,0.05,0.14102564102564102,327.7440421058751
0.11104363057468788,0.05,0.09292078283987233,327.9711898532212
0.045566259706811996,0,0.1282051282051282,319.7659332598153
0.08322284387257226,0,0.12016083810570916,319.8606977918893
0.0398704772434605,0,0.13141025641025642,319.74190922128577
0.028478912316757504,0,0.15064102564102566,319.67188799132873
0.011391564926703006,0,0.14743589743589744,319.5785892749903
0.11855084488198696,0.05,0.0780523358978961,327.92500942402756
0.0512620421701635,0,0.125,319.78707320169036
0.16861314766055657,0.024349711657057425,0,321.6504546116425
0.11024151208222177,0.05,0.06317047448865253,327.88298174995714
0.11712891737604497,0.05,0.06111878395801401,327.8668676488188
0.11409608593170963,0.05,0.06765775052205895,327.8963791202385
0.16988616676445523,0,0.005931184570962103,319.3043493028555
0,0.02784139730806673,0.15581681452174806,322.46699171803004
0.0674691732175722,0.05,0.10994230878675687,327.95735149601586
0.06187193184652469,0.05,0.11292282177052745,327.9433029540297
0.15546510028791827,0.0385656670395086,0,324.4222598221869
0.15319765043187739,0.032848500559262896,0,323.22366514637355
0.15876680552716388,0.03441300113981532,0,323.51305162864725
0.045566259706811996,0,0.12179487179487179,319.7659101948922
0.005695782463351503,0,0.13782051282051283,319.5507513094074
0.011391564926703006,0,0.13461538461538464,319.58973109171086
0.005695782463351504,0,0.13141025641025644,319.554064217123
0.061502369336147195,0,0.11240338148691986,319.8143738106959
0.056299593419841566,0,0.11539644675782901,319.8010657237266
0,0.03881624881002446,0.13882306162011648,324.6889559430774
0,0.03881624881002446,0.1452333180303729,324.6819299028552
0,0.033224373215036684,0.14092690012248243,323.4920091924425
0.15701699193710228,0,0.02083768099162704,319.45501730716416
0.15470248745939816,0,0.015187586763050112,319.4301174792368
0.1495389855201185,0,0.019534697516708943,319.47534050176887
0.09133897626136901,0.05,0.0889723373317824,327.9646991781589
0.09058136702883636,0.05,0.08267344098750526,327.9486047533893
0.09620893041898246,0.05,0.08351618262969777,327.95389665674793
0.13034421260343204,0.05,0.017654309153148133,327.5869833867237
0.133562808402288,0.049999999999999996,0.011769539435432089,327.53083593247976
0.1367311488639866,0.05,0.017558669459138213,327.56866325715015
0.06716676507100623,0,0.10965634025102036,319.82657750482343
0,0,0.13461538461538464,319.51331059161976
0.09063460191646208,0,0.08235746510117062,319.8180174556968
0.09611722862334518,0,0.08318661553361924,319.8226000050715
0.09526330551589368,0,0.07676026562079677,319.80621785340963
0.12937993341565585,0.04999999999999999,0.038687124273289256,327.73156064339435
0.12612835836391653,0.049999999999999996,0.044627473431028145,327.7723926594232
0.12297555465703283,0.04999999999999999,0.039620464237675596,327.7508740730889
0.1118155439090189,0,0.07943483916727198,319.80907340610133
0.11777731130586572,0,0.0835707256806965,319.81279181793167
0.1187788433227584,0,0.07745858590701532,319.7964450649317
0.14680376835552103,0,0.036961132632393645,319.57898019302354
0.14856411942799522,0,0.03107118646876429,319.5431981178027
0.14296024438046367,0,0.031307486963665775,319.56220572849816
0.06811889940781396,0.05,0.097093223482352,327.9419490481069
0.07287089962028644,0.05,0.100572642949905,327.9592901384044
0.06779403631269308,0.05,0.10351776613455443,327.95094207291305
0.10674996669864617,0.05,0.08223147535021245,327.94918571922733
0.10107888457659593,0.05,0.07806002792761314,327.93916189262586
0.10599235746611353,0.05,0.07593257900593531,327.9312356271335
0,0.0333706926806079,0.15361080700359053,323.50453651704447
0,0.027768237575281123,0.149474861081194,322.46471263695025
0,0.03329753294782229,0.14726885356303648,323.49956519848786
0.13050682557951865,0,0.05284322684273301,319.6943328658386
0.12811318888271497,0,0.058580543314969556,319.72139508160006
0.13305083371208257,0,0.057664096742522715,319.7073913708039
0.0739830705622836,0.05,0.09410534755143128,327.95058423735844
0.14311808512454116,0.05,0.017463029765128292,327.5467715121262
0.0894946923971246,0,0.09231240084698283,319.8379307160289
0.0884353314482543,0,0.09854114323073423,319.8472390172185
0.09298348647721871,0,0.09667013711242119,319.8474080824217
0.011391564926703006,0,0.14102564102564102,319.58529575051955
0.01708734739005451,0,0.13782051282051283,319.62250168962316
0,0.05,0.1474358974358974,327.54520079739973
0.005695782463351507,0.05,0.14423076923076922,327.60356854994006
0.1558511849298861,0.0224357495535495,0,321.42239139737063
0.15092801386318974,0.027467394294928442,0,322.2419238444729
0.1486583772945021,0.022086288030593988,0,321.3999693254174
0.05130546425316879,0.05,0.11235650828910915,327.90409499451755
0.051327175294671415,0.05,0.10603476243366373,327.8980017325744
0.05659955357059805,0.05,0.1094787921020956,327.9222444257494
0.05109681750353594,0,0.11838951202873815,319.78533340429277
0.16,0,0,319.30840598023104
0.16321950009778857,0,0.005931184570962103,319.3353573348398
0.16666666666666666,0,0,319.2790492410604
0.022783129853406008,0,0.13461538461538464,319.6569815608638
0.16103425538320476,0.040130167620061025,0,324.7553494995747
0.16433596062245037,0.03597750172036774,0,323.81151580328407
0.14504341728304684,0,0.042851078796023,319.6126474829694
0.13806870934599702,0,0.042690289622087145,319.63227747353545
0.14191223332105438,0,0.048343935290815016,319.6466497668112
0,0.01108685818486264,0.15607443257931453,320.23695668839815
0,0.01663235388400037,0.1539740221895816,320.82993698992766
0,0.01662822067058755,0.16040312170220816,320.8176252927758
0,0.02223480898932714,0.1581099681119781,321.56625796126576
0.01708734739005452,0.05,0.125,327.7103167485125
0.022783129853406015,0.05,0.1282051282051282,327.7514269675908
0.01708734739005452,0.05,0.1314102564102564,327.7091380275928
0.10405540316678738,0,0.09834628691402535,319.8511720216051
0,0.05,0.141025641025641,327.55260520839283
0.005695782463351507,0.05,0.1378205128205128,327.6096938427982
0.09697115173079665,0,0.08961296544644169,319.8367043173941
0.09148852502391355,0,0.08878381501399307,319.8326771927418
0.0949773191040077,0,0.09314155127943144,319.8425127425313
0.08822117650151187,0.05,0.09904880635998223,327.98161562716047
0.10604923579357636,0,0.0948177010810356,319.8450556697984
0.10756162272707509,0,0.08815165247949239,319.8320814122604
0.10245377843767976,0,0.09044211587889031,319.8386488530733
0.028478912316757504,0,0.125,319.6896894550631
0.034174694780109004,0,0.12820512820512822,319.7172457858701
0.034174694780109004,0,0.1217948717948718,319.71726556771466
0.12317554405334738,0,0.05949698988741639,319.7336396202222
0.12078190735654373,0,0.06523430635965294,319.75729470651453
0.1257195521859113,0,0.0643178597872061,319.7461760058782
0.07254603652516556,0.05,0.10699718560210746,327.96701719002516
0.11475253743886826,0,0.09690282288378295,319.8418023085649
0.11626492437236699,0,0.09023677428223972,319.8286094506032
0.11115708008297168,0,0.09252723768163766,319.8378583456513
0.08348707098722857,0.05,0.10106418648653734,327.9792380506386
0.08388717641928986,0,0.1004121493490473,319.84541641417405
0.07886442305410266,0,0.0971743228976197,319.83414705030606
0.07780506210523236,0,0.10340306528137111,319.8409701129688
0.07750866695330651,0,0.10976752921762334,319.846903582186
0.1310940014089472,0,0.04252950044815129,319.6484451841038
0.13422518537093966,0,0.037036643953359275,319.6149871930603
0,0,0.14743589743589747,319.5020940723682
0.03987047724346052,0.05,0.12499999999999997,327.8556022462439
0,0.03888940854281006,0.15157527147092695,324.68974248777556
0,0.044408124405012225,0.14953973593826336,326.029682936811
0.1126694670164704,0,0.08586118908009444,319.82346240054653
0.15773255014395915,0.0442828335197543,0,325.7877308487928
0.028478912316757504,0,0.13141025641025644,319.6885612900899
0.07770618115438285,0,0.11652750240407855,319.8516625166109
0.10964469314947295,0,0.09919328628318089,319.84962951604626
0.16304399256527008,0.022785211076505003,0,321.4414385219601
0.16077435599658244,0.017404104812170553,0,320.72521207953673
0.09696653965151511,0.05,0.08981507897397492,327.9692999043454
0.06219679494164557,0.05,0.10649827911832502,327.9382513352266
0.12795209893818632,0,0.08545698019179555,319.8005659881389
0.13678140420114399,0.04999999999999999,0.005884769717716044,327.4697261149177
0.1399497446628426,0.04999999999999999,0.011673899741422168,327.5107628997733
0.10074593222277678,0,0.07758941605324539,319.80927323853354
0.10159985533022828,0,0.08401576596606786,319.8250999654731
0.10670769961962359,0,0.08172530256666992,319.8181124712376
0.05128375321166616,0.05,0.11867825414455456,327.9077172510472
0.1462496149502911,0,0.02542109224018736,319.52009661205045
0.14064573990275955,0,0.025657392735088845,319.53830530722047
0.07873507077475608,0.05,0.0975847670189843,327.96624136465414
0,0.00554549569913773,0.1453354870461645,319.8066818901979
0,0.00554549569913773,0.15174574345642092,319.798448379035
0.11989480765780079,0.05,0.05579492483566743,327.83950815788967
0.15358154836119847,0.017054643289215046,0,320.71319430805374
0.15092582715054298,0.011136787844173025,0,320.090840404926
0.15811863478592697,0.011486249367128533,0,320.0954475977383
0.05692441666571893,0.05,0.10305424944989316,327.9159670095427
0.0398704772434605,0,0.11858974358974358,319.7419059382072
0.039870477243460496,0,0.125,319.74302003870844
0.08494653736816016,0,0.09418340696529588,319.83710465996865
0.07992378400297295,0,0.09094558051386828,319.8250985609966
0.12415484110227304,0,0.0753992162846836,319.78278476820645
0.11978037533965107,0,0.07134644613333413,319.77794602779255
0.05657784252909542,0.05,0.115800537957541,327.9269951713186
0.16932238787732212,0.00591785544504202,0,319.59032683631887
0.17333333333333334,0,0,319.246585758787
0.1636899765938602,0.02938135639843637,0,322.5205765555106
0.12737489101147761,0,0.09146197394755803,319.813815509519
0.16531144242131096,0.01183571089008404,0,320.0966798431869
0.14638874072581448,0.016705181766259538,0,320.6978015892069
0.10183649380912857,0.05,0.08435892427189029,327.95654502949793
0.1128797627599367,0.05,0.07388088847529678,327.9193330654648
0.1195078942326729,0.05,0.0454640565199683,327.7893501467055
0.1226606979395566,0.05,0.05047106571332084,327.8094544061493
0.11604023380831295,0.05,0.051307648802261005,327.82414108462945
0.15546291357527148,0.005568393922086513,0,319.62770853526735
0.1306571970152789,0,0.06340141321475927,319.7332981330681
0.005695782463351506,0.05,0.1314102564102564,327.61307535464914
0.011391564926703013,0.05,0.1282051282051282,327.6640204283901
0.011391564926703013,0.05,0.1346153846153846,327.66174031200484
0.11166343958816377,0.05,0.08010402642853462,327.9395478874608
0.14633668092339716,0.049999999999999996,0.011578260047412248,327.48711825161627
0.09295528201579514,0.05,0.09703342623342709,327.98187582418973
0.1518534899978226,0,0.025184791745285873,319.4997861777442
0.07762289983275891,0.05,0.10405206241745803,327.97397078739056
0,0.05,0.1346153846153846,327.55748152728944
0,0.044408124405012225,0.13671922311775053,326.0441133880264
0.09496091083365513,0.05,0.093424252603701,327.97617081789514
0.07278230874004513,0,0.10016523882994352,319.8280773841136
0.06775955537485792,0,0.09692741237851592,319.8128245551671
0.06746316022293207,0,0.10329187631476813,319.8208191600166
0.0954513211864498,0.05,0.07721728628542061,327.9358223427038
0.10032127534406327,0.05,0.07176113158333598,327.91910768930717
0,0.044408124405012225,0.14312947952800695,326.038162208467
0.15106588347729247,0.0442828335197543,0,325.8178605359055
0.14439921681062579,0.04428283351975429,0,325.84407290545755
0.1487984336212516,0.038565667039508596,0,324.45074330956965
0.01708734739005452,0.05,0.13782051282051283,327.70541598583816
0.011391564926703015,0.05,0.14102564102564102,327.6569168747846
0.14666666666666667,0.049999999999999996,0,327.3797126823158
0.15333333333333335,0.05,0,327.3518541130338
0.14983500712836526,0.05,0.005789130023706125,327.42197813525553
0.06179876448807304,0,0.10603891755066766,319.80972228862555
0,0.01109099139827546,0.14964533306668798,320.24736189321493
0,0.01663648709741319,0.14754492267695504,320.8399685260392
0.1361386623518228,0.05,0.027093726485158728,327.6397827785567
0.1411998933079895,0,0.037197433127295135,319.5973385351132
0.09846611318410181,0,0.0974992875448698,319.8504624218011
0.15812082149857373,0.02781685581788395,0,322.27137526953265
0.08600589831703047,0,0.08795466458154447,319.8265674791164
0.022783129853406005,0,0.12820512820512822,319.6592225448241
0.03417469478010901,0.05,0.12820512820512817,327.82406546230067
0.03417469478010902,0.05,0.12179487179487175,327.8240942946208
0.062095159639998884,0,0.09967445361441543,319.8028345065126
0.14316834046169857,0.049999999999999996,0.005789130023706125,327.44790017907815
0.028478912316757518,0.05,0.12499999999999997,327.7897748394667
0.12953083888178768,0,0.07333984666235188,319.7668439967711
0.128529306864895,0,0.07945198643603307,319.785324398606
0.1557414936808048,0,0.0046282010960440045,319.3576217510882
0.15896099377859338,0,0.010559385667006108,319.3839543324979
0.13999999999999999,0.049999999999999996,0,327.40365393403744
0.02847891231675751,0.05,0.1314102564102564,327.78848428111723
0.10941976967706929,0.05,0.05214423189120116,327.83512221571385
0.11327434352655713,0.05,0.05663150792460758,327.85233440011865
0.11281707592591159,0,0.07332269939359079,319.7917371089945
0.03970525257683294,0,0.11197925561848175,319.73777071903424
0.034174694780109004,0,0.11538461538461539,319.7150604316353
0.13493752538400455,0,0.048183146116879155,319.66479880999844
0.10638693823273394,0.05,0.0586831984552461,327.866905443971
0.1514829873616096,0,0.009256402192088009,319.40440367102616
0.13263150846739516,0.049999999999999996,0.03274677511555037,327.68693493576734
0.12973428359319977,0.049999999999999996,0.028027066449545068,327.6636271490489
0.13748153351656847,0,0.05300401601666886,319.6783264000798
0.028478912316757504,0,0.1185897435897436,319.6885927021124
0.1251563731191657,0,0.06928707651100241,319.7632189066499
0.1300940179485333,0,0.06837062993855557,319.7507509402597
0,0.022165782469954355,0.1453389151587975,321.57583531291397
0,0.027695077842495523,0.14313290764063996,322.4598488683818
0.12315330908538036,0,0.08151135605836479,319.8001983456239
0.1332414374776274,0.05,0.02237401781915343,327.6148439480494
0.16218049387638195,0,0.01649057023796821,319.4074870813906
0.08933334744350903,0.05,0.09258151096150849,327.9708385056831
0.1058537765121721,0,0.07529895265384745,319.8018656908757
0.08571141287122291,0.05,0.08812959568958989,327.95745492136393
0.08459924192922574,0.05,0.09459689108806361,327.9697260260714
0.16643900019557717,0,0.011862369141924206,319.3595088569315
0.06252165803676644,0.05,0.10007373646612258,327.9306161147202
0.022783129853406005,0,0.1217948717948718,319.6592341750019
0.11982275095014913,0.049999999999999996,0.034613455044323053,327.7265064212707
0.12332990483457676,0.04999999999999999,0.02896040641393141,327.6839053096946
0.12622712970877215,0.04999999999999999,0.03368011507993671,327.70850378344227
0.017087347390054512,0,0.13141025641025644,319.6258486680724
0.02847891231675752,0.05,0.11858974358974357,327.7885174569276
0.10720868063788647,0.05,0.06970944105269747,327.90984102940286
0.12796281744695473,0,0.04802235694294331,319.6794855731882
0.12556918075015105,0,0.05375967341517984,319.7077032424468
0.12257610115867167,0,0.08751634981412726,319.8145495213108
0.16265572121065547,0.00591785544504202,0,319.6215302020453
0.039870477243460524,0.05,0.11858974358974356,327.8543570998422
0.034174694780109025,0.05,0.11538461538461536,327.8215751860525
0.139628373738182,0.05,0.022278378125143508,327.59490056339416
0.11635509052578918,0.049999999999999996,0.04045704732661576,327.7663968217776
0,0.00554549569913773,0.13892523063590811,319.81274351519875
0,0.01109099139827546,0.14323507665643156,320.2549628266719
0,0,0.14102564102564105,319.508788275075
0.005695782463351503,0,0.14423076923076925,319.54513691337047
0.11381860794280427,0,0.0672105596199096,319.7722485277485
0.13735636933293213,0,0.03154378745856726,319.5791116000574
0.11288743010142924,0.05,0.046300639608908456,327.802602086592
0.04560968178981728,0.05,0.10915138008398094,327.8762167168307
0.04556625970681202,0.05,0.12179487179487176,327.8834548718792
0.14393511047258695,0,0.01977099801161043,319.4948520205497
0.07248591358811929,0,0.10652970276619572,319.8350414211469
0.07218951843619345,0,0.11289416670244795,319.83976919813756
0.1268370587190044,0.049999999999999996,0.023307357783539772,327.6373976315122
0.022783129853406022,0.05,0.12179487179487179,327.751431311081
0.07984724171675325,0.05,0.09111747162051059,327.95575286177746
0.12106371422517294,0,0.0941823984156705,319.82941753225566
0.10685530852906477,0,0.06918681288016626,319.783539849662
0.022783129853406015,0.05,0.13461538461538458,327.7490061971505
0,0.022238942202739958,0.15168086859935154,321.5780068440056
0.056430763905139854,0,0.10242149485031496,319.7901642865074
0.05613436875321401,0,0.10878595878656717,319.79594524588384
0.07384166968891542,0,0.09393649644619209,319.82051758634685
0.04558797074831465,0.05,0.11547312593942635,327.8810712970617
0.03989218828496315,0.05,0.11226799773429814,327.85074120132333
0.011391564926703008,0,0.12820512820512825,319.5919556366845
0.14722448104241437,0,0.013884603288132014,319.4487517400449
0.1004599458108908,0,0.09397070171188006,319.8450121800607
0.05093159283690838,0,0.1117790240574763,319.7812469687799
0.1033541067883986,0.05,0.06522216501929104,327.8949006018354
0.01708734739005451,0,0.12500000000000003,319.6269848503039
0.05076636817028082,0,0.10516853608621449,319.77481389515145
0.09989200911532531,0,0.07116306614042293,319.7911686722546
0.04540103504018444,0,0.11518438382360995,319.762972686607
0.04523581037355688,0,0.10857389585234811,319.75768854020635
0,0.011082870209064092,0.130305176251151,320.2625546170152
0,0.011082870209064092,0.12389491984089458,320.2633752215723
0,0.016624305313596138,0.12815007206903417,320.8523621451418
0.08346448102565135,0.05,0.06355780615903008,327.87751954575356
0.0867501860806536,0.05,0.06994856982906687,327.9055090365016
0.07996464144894877,0.05,0.06904228895193232,327.89288744317133
0.09025002565735618,0.05,0.06446408703616463,327.88849049352086
0.06852125632411055,0.05,0.09182958797486873,327.9329827896886
0.14879624690860482,0.005568393922086513,0,319.65216655682195
0.1464975770066641,0.0330314976921693,0,323.2864383195258
0,0.016632426502807503,0.14107997247431475,320.84645668291455
0,0.02216172187534867,0.13887396495615723,321.58166829321897
0.011391564926703013,0.05,0.12179487179487178,327.6643250195589
0.005695782463351506,0.05,0.11858974358974358,327.6135046736918
0.01139156492670301,0.05,0.11538461538461536,327.66187356583913
0,0.016652855413169868,0.11534098398671525,320.85330466975347
0,0.011097145258850957,0.1174903757997351,320.26316275344647
0,0.011111420308637822,0.11108583175857566,320.26067032126826
0.023104346373060275,0.05,0.08997635915311021,327.71628032152546
0.01708734739005452,0.05,0.08653846153846155,327.66492925125334
0.022728133430646752,0.05,0.0840579630034401,327.6996676150216
0.03438591845424474,0.05000000000000001,0.08501536208306733,327.77596743160063
0.028368919471238988,0.05,0.08157746446841865,327.73065185858354
0.03400970551183122,0.05,0.07909696593339721,327.7578819819391
0.03986555562458848,0,0.10549355941973812,319.73268082921436
0.10909843019804077,0,0.03939970621382436,319.66479142332855
0.1057690600065814,0,0.04527238217294888,319.6937639958149
0.11198296020133147,0,0.04471538922461003,319.68745922017
0.011391564926703002,0.05,0.10256410256410253,327.64935985624265
0.005695782463351501,0.05,0.10576923076923075,327.60349519012146
0.005695782463351501,0.05,0.09935897435897435,327.59470059554883
0.12011473753447735,0.05,0.011658272409612314,327.5595723141454
0.11333333333333334,0.05,0.011547005383792538,327.56776742518946
0.11666666666666668,0.05,0.005773502691896269,327.51261488880357
0.01708734739005451,0,0.1185897435897436,319.6258254265642
0.022783129853406008,0,0.11538461538461539,319.65695481425973
0,0.038833442876169515,0.13248175803992954,324.6968013735716
0,0.033258761347326804,0.12824429296210854,323.5056158492789
0,0.038850636942314574,0.1261404544597426,324.7024505143075
0.011391564926703008,0,0.12179487179487182,319.5919323690458
0.005695782463351504,0,0.12500000000000003,319.5551480634025
0.02912134535606603,0.05000000000000001,0.09341425676775889,327.76305695560876
0.029121345356066024,0.05,0.09982451317801527,327.7742825399192
0.023104346373060268,0.05,0.09638661556336661,327.7288766897553
0.13333333333333333,0.04999999999999999,0,327.4236753100504
0.12666666666666668,0.049999999999999996,0,327.4399767047843
0.13103247671874585,0.0444658306526607,0,325.9322506384403
0.11531233039279085,0,0.038842713265485516,319.6568832495134
0.11864170058425022,0,0.032970037306361,319.623600266287
0.11242780038950015,0,0.033527030254699844,319.63311183827244
0.017087347390054516,0.05,0.09294871794871795,327.6788964034024
0.01139156492670301,0.05,0.09615384615384615,327.63922295805764
0.011391564926703015,0.05,0.08974358974358976,327.6265517639695
0,0,0.11538461538461539,319.51324027158915
0,0,0.1217948717948718,319.5154781118071
0.005695782463351504,0,0.11858974358974361,319.55401750947425
0,0.005555710154318911,0.11323522357159552,319.8149650831378
0.03476213139665826,0.05000000000000001,0.09093375823273744,327.79175982212195
0.04083794543925657,0.05000000000000001,0.08703041681373193,327.8157959650705
0.041214158381670085,0.05,0.09294881296340203,327.830596338091
0.07287219392078541,0.05,0.07721564095724558,327.90627929483446
0.07833400815895847,0.05,0.07949140053380814,327.92401829186787
0.0747877843948768,0.05,0.08357807653646476,327.92840667552787
0.0629051003152018,0,0.08756691559566725,319.7840337755396
0.05716606118706423,0,0.08892401292937421,319.7705307566034
0.062462808280961075,0,0.09292571265394507,319.7931001801952
0,0,0.12820512820512822,319.51550155181724
0,0.027568895777805302,0.10460634648529862,322.4357978332111
0,0.033105170761310344,0.10892852963075389,323.46808345182063
0,0.02765428810388606,0.11109357636088246,322.4570609806699
0.13111814641670483,0,0.03201920407449851,319.5966244451726
0.13752786701276315,0.027833388560741263,0,322.3507554919308
0.14422794043797646,0.027650391427834854,0,322.29806305199736
0.1397975035814508,0.03321449482507571,0,323.34576472508695
0.13550183585368064,0.005533202114776835,0,319.68932856961777
0.13100367170736132,0.01106640422955367,0,320.1427433223189
0.128835169187014,0.005533202114776835,0,319.7043501841153
0.028800128836411774,0.05000000000000001,0.10600200017875122,327.7807648371004
0.02278312985340601,0.05,0.10897435897435895,327.7440508504784
0.023104346373060265,0.05,0.102796871973623,327.73893876208194
0.09996130995204193,0.05,0.04645802953860144,327.81019011901645
0.10310123317773169,0.05,0.052292434785209306,327.83908977475676
0.0967826966783941,0.05,0.05244063767921746,327.83978487427896
0.08036607603721367,0,0.08558678345559047,319.81483430768725
0.07828523278146102,0,0.07914276093121705,319.79666609426044
0.07472625375739687,0,0.08321890232963647,319.80057595699105
0.1448163206949429,0,0.009256402192088009,319.4268007175133
0.1490748270141381,0,0.0046282010960440045,319.38194539611845
0.14240816034747145,0,0.0046282010960440045,319.403201957349
0.13860968821454359,0,0.009646563369564331,319.44728234101854
0.08696432060235393,0.05,0.05807332336612784,327.8589595694566
0.09374986523405876,0.05,0.058979604243262394,327.8682798716611
0.04002585867234403,0,0.0990078632209945,319.72526936557335
0.045763762062274616,0,0.09533945869313411,319.74295484466893
0.040393507313306216,0,0.09225912226052413,319.71599974632886
0.06320119509416487,0.05,0.09310952569669832,327.92037206931764
0.017087347390054516,0.05,0.11858974358974358,327.70912122607245
0.12528362259556103,0,0.021026736982494316,319.54737583029305
0.12240305573414428,0,0.015810227238936908,319.5206528169548
0.11908209472848888,0,0.02178187740087025,319.5613446620691
0,0.05,0.12179487179487179,327.5602221875763
0,0.04442531847115729,0.12396766312730718,326.05264558107
0,0.04442531847115729,0.11755740671705078,326.05089718188356
0.11841936934702568,0,0.043860153144346284,319.6766761870622
0.09318246226014104,0,0.07031624309642337,319.78702022178095
0.10666666666666665,0,0.02309401076758503,319.5800069949413
0.11288056686141673,0,0.022537017819246184,319.5726122377942
0.10999999999999997,0,0.017320508075688773,319.5438608634593
0.11620152786707214,0,0.01656536765731284,319.53360746823245
0.046610435366869964,0.05,0.09600968231382076,327.86251250175263
0.04728997242426839,0.05,0.08904547154439652,327.8514447019039
0.05268624940946827,0.05,0.09210634089481526,327.8810218163534
0.0797633685497725,0,0.06862259700842424,319.7691488685537
0.08184421180552515,0,0.07506661953279764,319.7909398002289
0.08647291540495677,0,0.0694694200524238,319.7796802872139
0,0.022118013120381017,0.10677139321542721,321.5713468617959
0.08024959863304984,0.05,0.08585383611302733,327.9443451751022
0.15333333333333332,0,0,319.33465622380425
0.01708734739005451,0,0.11217948717948718,319.62246385569057
0.022783129853406005,0,0.10897435897435898,319.65247330638385
0.05200671235206984,0.05,0.09907055166423949,327.89108764556426
0.05760395372311736,0.05,0.0960900386804689,327.9073879433363
0.045930898309471536,0.05,0.102973893083245,327.8704285594008
0.03481712781941753,0.05,0.10302964138314348,327.81311165946903
0.035138344339071786,0.05000000000000001,0.09685215438240756,327.8052591535033
0.04053462132427166,0.05,0.09991302373282628,327.8395143663771
0.011391564926703006,0,0.10897435897435898,319.58521595284424
0.01708734739005451,0,0.10576923076923078,319.61690013768333
0,0.027708211314034892,0.13032665385781272,322.4710697702169
0,0.022174855346888046,0.12606771117332996,321.5893290459199
0,0.02772540538017995,0.12398535027762578,322.4749165785592
0.06820184740909864,0,0.0915686153202381,319.80475542764873
0.10621390019475008,0,0.03408402320303869,319.6399282384875
0,0.005541435104532046,0.119639767612755,319.8170012637214
0,0.005541435104532046,0.1260500240230114,319.8177098815519
0.0896067512477705,0,0.051774668585897105,319.718862553616
0.09595569750180437,0,0.051379134118509584,319.7204778343314
0.09307116749851366,0,0.04606345110772391,319.6966353977554
0.01708734739005451,0.05,0.09935897435897434,327.6903292596483
0.07428396172315616,0,0.08857769938791428,319.811350895933
0.034495911299763274,0.05,0.10920712838387941,327.8185503369853
0.04021340480461741,0.05,0.10609051073356221,327.84633469807494
0.13481121608161573,0,0.014664925643084654,319.48893204451207
0.12860458360121643,0,0.015055086820560976,319.5049969096263
0.13152184551178833,0,0.02055132036656307,319.532053814153
0.1248557784927199,0,0.043004917064082535,319.6629764067334
0.12152640830126052,0,0.04887759302320705,319.6943498554321
0.1097758354939137,0,0.06232847922793681,319.7592803261919
0.11673913490765318,0,0.06035222596768014,319.745757314422
0.11269636245876265,0,0.05547014557570734,319.7317684716695
0.11913277160445684,0,0.0546149094954436,319.72119423066863
0.1324030557341443,0,0.01003672454704065,319.4650804397775
0,0.02218913039667491,0.11966316713217051,321.5905538075457
0.1028845300032907,0,0.03995669916216321,319.67000442537335
0.005695782463351502,0.05,0.11217948717948717,327.60979728869233
0.011391564926703004,0.05,0.10897435897435895,327.65692132505245
0.13772847799218765,0,0.02016115918908675,319.5147946797245
0.028478912316757518,0.05,0.11217948717948716,327.78483330583214
0.11327425031671637,0.05,0.023084823731900222,327.65809318365984
0.12005565451786039,0.049999999999999996,0.023196090757719997,327.6496291835096
0.11654850063343275,0.049999999999999996,0.028849139388111636,327.6942567482842
0.05113401681124301,0,0.0984197951257441,319.7674111245325
0.05150166545220519,0,0.09167105416527373,319.757511920946
0,0.022157661280742987,0.1324090147535169,321.585144323016
0,0.03301977843522959,0.10244129975517005,323.44370890022634
0,0.038679852290153055,0.1067557382983185,324.6533412449343
0.10281253608017424,0,0.06430473248819346,319.76914083864114
0.10573306304502317,0,0.05744639883596401,319.7438606739751
0.11321516730009941,0.04999999999999999,0.034622642080007884,327.7354641829723
0.10974750687573948,0.05,0.04046623436230058,327.77346738515183
0.10313992322568975,0.05,0.04047542139798542,327.7769594491074
0.10660758365004969,0.049999999999999996,0.03463182911569271,327.74084344525545
0.09942011375254753,0,0.0456679166403364,319.69659639970274
0.10230464375583824,0,0.050983599651122063,319.7192997092117
0.14209836019603828,0.038748664172415,0,324.51689710943214
0.135398286770825,0.03893166130532141,0,324.5796041417035
0,0.0331905630873911,0.11541575950633773,323.48988873276505
0.017087347390054512,0.05,0.11217948717948717,327.70542491656533
0.07264541050164422,0,0.07677487980526305,319.7807276721707
0.13313325194929948,0.016634798151640182,0,320.7279364074562
0.13763141609561882,0.011101596036863347,0,320.12972612969895
0.139760996337557,0.01666998995894986,0,320.7144703646401
0.13533055948103134,0.022234093356190723,0,321.4635302245898
0,0.05,0.1282051282051282,327.5600974597024
0.12953486120040547,0,0.005018362273520325,319.437868402575
0.1333333333333333,0,0,319.39479123798986
0.12666666666666665,0,0,319.4086079827891
0.10627984645137953,0.05,0.046309826644593294,327.8077854516386
0,0.016667130462956734,0.1089364399455558,320.8503559859809
0.12433700504069464,0.01106640422955367,0,320.15595077287605
0.005695782463351506,0.05,0.125,327.6145356164399
0,0.005541435104532046,0.13246028043326782,319.8162040991745
0.12356280840228802,0.05,0.017543042127328358,327.60109505212876
0.14101784856201505,0,0.014274764465608334,319.4701836546517
0.05679841254610204,0,0.09567275388984457,319.7815957380392
0.1376991433854125,0.0444658306526607,0,325.9136073320303
0.12798696245471236,0,0.03751206056929052,319.63100922693263
0,0.027691017247889832,0.13666795743799967,322.4650266721162
0.11999999999999995,0,0,319.4194056939495
0.11666666666666661,0,0.005773502691896257,319.46359964691305
0.12286819453373878,0,0.0050183622735203255,319.44998448175846
0.12174873953848506,0,0.03798747718522177,319.64434797109965
0.09303517053695542,0,0.05823746777073904,319.7461798047597
0.08632562368177116,0,0.05739064472673948,319.7381847794544
0.13620152786707213,0,0.005018362273520325,319.4227332897527
0.028745132413652508,0.05,0.08749586061808877,327.7480009366663
0.10865359000987213,0,0.05058806518373456,319.7153281782567
0.12689614173562136,0.05,0.011769539435432089,327.5476096512542
0.045396113421312424,0,0.10208819965360448,319.75129103960063
0.05760835322130494,0,0.08356521587109639,319.7604670748107
0.03433499782786455,0,0.10889891918587176,319.71127815260115
0.03449530087562009,0,0.10241322298712813,319.7051742997459
0.0897540429709561,0,0.06385344391158143,319.76421010641644
0.028639215364513047,0,0.10569379098074357,319.68036009256207
0.0993841167909893,0,0.05784193330335153,319.746416942285
0.08866577655474497,0.05,0.07631100540828606,327.92855494842314
0,0.016638580363383,0.1217455280278747,320.8539733894738
0.09653558374925682,0,0.04035223362955072,319.67169770219414
0.14666666666666667,0,0,319.35783938357787
0.14212958024193817,0.005568393922086513,0,319.673557494577
0.13999999999999999,0,0,319.3779554595519
0,0.044425318471157285,0.13037791953756359,326.05190277571734
0.11576113372283348,0,0.027753527562803592,319.5991920387368
0,0.03327595541347186,0.12190298938192157,323.50912474305966
0,0.038850636942314574,0.11973019804948618,324.70132019259967
0,0.05,0.11538461538461538,327.55785571091116
0.06864413944333936,0,0.08620981826196028,319.7950780516023
0.06908643147758008,0,0.08085102120368245,319.78379242702783
0.0633473923494425,0,0.08220811853738942,319.773359122356
0.14195830386928882,0.0222692851635004,0,321.4494745673141
0.09646358982614037,0,0.06470026695558098,319.77028184430606
0.028478912316757504,0,0.11217948717948718,319.68519340436785
0,0.011086930803669775,0.13677012645379127,320.2599371970975
0.12487992350047752,0,0.03249462069042976,319.61145400058246
0.08304449611577183,0,0.06300662086758185,319.75494688443365
0.12870281509277384,0.022198901548881045,0,321.47438314924847
0.0461314107032368,0,0.08859071773266375,319.73212221676954
0.02294343290116155,0,0.10248866277561536,319.6465889618066
0,0.01662836590820182,0.13461502227167443,320.85058788928217
0.08392505506127781,0,0.08151064205717105,319.81007933708315
0.08855375866070943,0,0.0759134425767972,319.8001745688658
0,0.03876524461623382,0.11324296817390234,324.6786153540919
0,0.04433992614507653,0.11107017684146693,326.0247235151626
0.053365786466866696,0.05,0.08514213012539101,327.86780424494196
0.058283490780515784,0.05,0.08912582791104467,327.8956571349293
0.13011473753447733,0.049999999999999996,0.005884769717716044,327.48812366231135
0.12436581005207918,0.04446583065266071,0,325.94717396357146
0.12873162010415834,0.03893166130532141,0,324.5968693785106
0.02278312985340602,0.05,0.11538461538461536,327.7489914743132
0.10954723352808339,0,0.028310520511142436,319.60764520330304
0.11678140420114401,0.05,0.017431775101508583,327.61143916568665
0.11000000000000001,0.05000000000000001,0.017320508075688808,327.61801572739745
0.12196266158990562,0,0.026998387144427656,319.5869102825134
0.017087347390054505,0.05,0.10576923076923074,327.69922781999134
0.04691375948185487,0.05,0.08312707539472641,327.83534328724414
0,0.027739680429966815,0.1175808062364663,322.47575485747876
0.1257363890674776,0,0.010036724547040651,319.4785148869841
0.05868584769681237,0.05,0.08386219240356141,327.8843397452276
0.06360355201046146,0.05,0.08784589018921507,327.9102302452576
0.011391564926703006,0,0.11538461538461539,319.58967523451184
0.040461732496843046,0.05,0.08111202066406181,327.7987025329099
0.0764184176848671,0.05,0.07312896495458895,327.90069530167807
0,0.05,0.10256410256410256,327.54527775824533
0.11333333333333329,0,0.011547005383792514,319.5050847034164
0.09353573071235843,0.05,0.07085485070620143,327.9142491185467
0.1330974301562375,0.033397491957982126,0,323.4016443630571
0.11508999915556634,0,0.04973282910347081,319.70629739045495
0,0.05,0.10897435897435898,327.55281298257904
0,0.044339926145076536,0.10465992043121053,326.018020813719
0.08188023192304014,0.05,0.0754047245311515,327.91740604285775
0.10994091698338304,0.05,0.028858326423796467,327.70144097114064
0.08379582239713153,0.05,0.08176716011037069,327.9389285355885
0.03465560392337563,0,0.09592752678838451,319.69674887306974
0,0.022203405446461773,0.11325862309101105,321.58949860511916
0.02879951841226859,0,0.09920809478199993,319.67320520693534
0.09364277345270433,0.05,0.046606232432609584,327.80932232687354
0.09046416017905651,0.05,0.052588840573225604,327.8372075142806
0.1033333333333333,0,0.02886751345948128,319.61340319609894
0.12820088450613293,0,0.026522970528496413,319.57317614159103
0,0.03867985229015306,0.10034548188806208,324.64497857037924
0.005695782463351503,0,0.11217948717948718,319.55066266414616
0.06892361324040713,0.05,0.08656595246738547,327.92221291453325
0.06400590892675805,0.05,0.0825822546817318,327.89828480446045
0.06932597015670372,0.05,0.0813023169599022,327.9096394226408
0.13443910742236023,0,0.026047553912565163,319.5567587109634
0.10333333333333332,0.05,0.028867513459481298,327.70504669457847
0.10006840173339634,0.05,0.05883140134925424,327.8692288875764
0,0.044339926145076536,0.09824966402095413,326.0088256162737
0.09999999999999998,0,0.03464101615137753,319.64404946693224
0,0.033241567281181744,0.1345855965422955,323.4999106657399
0.09703557028906101,0.05,0.06537036791329918,327.89557993000335
0.10666666666666666,0.05,0.023094010767585053,327.66350386767095
0.14425916048387633,0.011136787844173025,0,320.113506204462
0.005695782463351507,0.05,0.09294871794871795,327.58332535952167
0.126505507561042,0.016599606344330504,0,320.73819971765533
0.12344807086781069,0.05,0.005884769717716044,327.50280122842616
0.11953486120040545,0,0.010791864965416582,319.4931504232257
0.09682138672635215,0.05,0.040623624291993565,327.77780122482
0.07620438952570836,0,0.07269873840684364,319.77584648601265
0.13090012262450568,0.027798196753431585,0,322.36219803104905
0.12000000000000002,0.05,0,327.45255811823966
0,0.05,0.09615384615384615,327.53525003790986
0.09999999999999998,0.05,0.034641016151377546,327.7426442081199
0.0743854274785802,0.05,0.08884171204394803,327.94039726481174
0.1221685025203473,0.005533202114776835,0,319.7163527649741
0.051869314093167376,0,0.08492231320480335,319.7451162843918
0.03776880940963978,0.05,0.06967571847470894,327.74864182624515
0.04186745672824738,0.05,0.066239594372458,327.7574105235384
0.04220700014904642,0.05,0.07222471772889531,327.78035828731737
0.10644707417106275,0.03323358551473454,0,323.410222678764
0.1020720289781963,0.03881253381290946,0,324.60238697856124
0.09976901276352616,0.033204015923993836,0,323.4057729256775
0.03259430026239444,0,0.06547570127013244,319.6129278069359
0.03320350704973218,0,0.07146854910725778,319.6344826756799
0.03698363278985108,0,0.0682198480306757,319.64200345564603
0,0.05,0.08974358974358974,327.5225707878862
0,0.04438326199800216,0.09202656074966196,326.0084989932278
0,0.044383261998002174,0.08561630433940556,325.9942280390127
0.05725352101724949,0.05,0.039928896234572596,327.6988216431781
0.06077541819745408,0.05,0.03442551289690987,327.67800040123626
0.06400044411725138,0.05,0.04011333302947481,327.7219638575302
0.10666666666666666,0.05,0.011547005383792538,327.57320887891217
0.06090428537822819,0.05,0.06742971419345495,327.840410379497
0.0573394324710989,0.05,0.06193169709893598,327.80681801209744
0.06408635557110079,0.05,0.06211613389383819,327.82972453130833
0.07679325961824784,0.05,0.0631911837328231,327.8651500023161
0.07043980759467432,0.05,0.06265365881333065,327.8491714660823
0.07362187778754692,0.05,0.0573400785137139,327.83405848854005
0.02251731000593473,0.05,0.07816150073554562,327.6819892617729
0.028158096046526963,0.05,0.07568100220052418,327.7121594687175
0,0.05,0.08333333333333334,327.5072935119567
0,0.044383261998002174,0.07920604792914916,325.9773590588914
0,0.05,0.07692307692307693,327.4894182101211
0.005695782463351506,0.05,0.08012820512820513,327.55275245710186
0.011391564926703006,0,0.08333333333333334,319.5450581158413
0.005695782463351503,0,0.08653846153846154,319.51503261514364
0.011391564926703006,0,0.08974358974358973,319.5584738371874
0.08029309919495042,0.05,0.05770670093992086,327.84836518933594
0.09666666666666668,0.05,0.017320508075688766,327.6215642911418
0.09333333333333332,0.05,0.02309401076758501,327.66346403721565
0.09000000000000001,0.05,0.017320508075688745,327.6178708757688
0.06725773740180171,0.05,0.0679672391129474,327.86137113259525
0.011391564926703008,0,0.10256410256410257,319.5785363898231
0.005695782463351504,0,0.10576923076923078,319.54510495731466
0.06057785361604297,0,0.07753589505070607,319.7542816348052
0.057808314882643416,0,0.07286367156402271,319.73343063899915
0.0548388144879054,0,0.07889299238441304,319.7406030305833
0.09666666666666664,0,0.017320508075688773,319.5469254627252
0.09333333333333331,0,0.011547005383792514,319.50970433895975
0.08999999999999998,0,0.017320508075688773,319.54385087088707
0.09000000000000001,0.05,0.005773502691896248,327.5195394179783
0.08666666666666668,0.05,0,327.46154427614385
0.09333333333333335,0.05,0,327.4670513730586
0.03759283957718882,0,0.07421269586780103,319.6624805002762
0.041372965317307726,0,0.07096399479121895,319.6692945118475
0.09666666666666665,0,0.02886751345948128,319.61338254432206
0.08333333333333334,0.05,0.005773502691896248,327.51217869039823
0.08666666666666667,0.05,0.011547005383792497,327.5673000449207
0.08000000000000002,0.05,0.011547005383792516,327.5583438945139
0.0771217173642495,0.05,0.05185559572081165,327.8158567599975
0.07363366397123068,0.05,0.04587298758019563,327.7785817998619
0.08030488537863419,0.05,0.04623961000640261,327.79318837445624
0.02823759168806478,0,0.08048708514240925,319.63437715350983
0.03381271383706992,0,0.07746139694438312,319.65402879519223
0.02819903231021775,0,0.07448961088622366,319.61855336973684
0,0,0.08974358974358974,319.4821249291038
0,0,0.09615384615384616,319.4932329321213
0.005695782463351503,0,0.09294871794871794,319.5272944773255
0.011391564926703013,0.05,0.08333333333333334,327.6112561374792
0.01118074150199099,0.05,0.07743687106543884,327.593050407244
0.04585044734113489,0,0.08243534111799661,319.71768332820545
0.04963057308125379,0,0.07918664004141453,319.7237358549839
0.09015472005968551,0.05,0.040623624291993565,327.7742913452158
0.09333333333333334,0.05,0.034641016151377546,327.7408641474095
0.005695782463351503,0,0.08012820512820513,319.5005101746267
0.011353005548855974,0,0.07733585907714774,319.53021288909497
0.10333333333333333,0.05,0.017320508075688787,327.6216125750181
0.0866666666666667,0.05,0.02309401076758501,327.6580459033669
0.06354735401078099,0,0.07150657423031574,319.74543705702393
0.06077781527738144,0,0.06683435074363239,319.72359910963945
0.05377457956396961,0.05,0.056433680004417015,327.7699811547391
0.0605215026639715,0.05,0.056618116799319225,327.79504285409337
0.09548685221581366,0.005527113041596334,0,319.73255531705325
0.09999999999999999,0,0,319.4332377818489
0.10215081948531732,0.0055375592533634015,0,319.733763381561
0.016876523965342494,0.05,0.08064199927056706,327.6480649346218
0.11982115785934534,0.016603963482917074,0,320.74999315419535
0,0.011111420308637824,0.10467557534831926,320.25464495265857
0,0.005555710154318912,0.10682496716133912,319.809734473512
0.0319850934750567,0,0.059482853433007105,319.5893641889598
0.036374426002513345,0,0.06222700019355036,319.6195176617841
0.046697947814625884,0,0.061853477841134805,319.66085135086763
0.050361332464078236,0,0.06742164605763538,319.6927909575529
0.05190618922127748,0,0.06155983018413331,319.6784900959229
0.12424269109862628,0.027753417802595957,0,322.3685028202776
0.03437464056127373,0,0.08977215017371737,319.68457272504804
0.04011254395120431,0,0.08610374564585699,319.702692228036
0.06987587176824467,0,0.07210265631857969,319.76204254678254
0.06631689274418053,0,0.07617879771699909,319.7655014961534
0,0.033063114288155226,0.09621819648387792,323.44288722878514
0,0.02760635606588941,0.09203308954148168,322.4225064258053
0,0.033106450141080865,0.08999509321258577,323.4396058914846
0.0668133757818765,0,0.056669119785261055,319.7033046031705
0.06379559552962896,0,0.06175173526444672,319.7145205805402
0.07012411328709267,0,0.062347817352710666,319.73133334480275
0.10422284846351364,0.027683426399606192,0,322.37820199066624
0.10199862275596452,0.022133267284477842,0,321.4953926929697
0.10867668416350111,0.02216283687521855,0,321.49700561476686
0.01708734739005451,0,0.09294871794871795,319.59904951680755
0.022943432901161548,0,0.08966814995510253,319.6264159300945
0.01708734739005451,0,0.08653846153846154,319.5867710117072
0.02266246953905965,0,0.0835127733404354,319.61195789234813
0.11536103386519778,0.022158479736631986,0,321.49035069215194
0.11313680815764866,0.016608320621503636,0,320.75853229398035
0.11765265533899799,0.011070761368140235,0,320.1664172526999
0.005695782463351506,0.05,0.08653846153846154,327.5693379212648
0.07361118942537524,0.05,0.06850476403243985,327.87886348715335
0.11333333333333334,0.05,0,327.4616130281762
0.09999999999999999,0.05,0.023094010767585032,327.66530651819176
0.09666666666666665,0.05,0.028867513459481277,327.7050551479995
0.08000000000000003,0.05,0.023094010767585032,327.64902767732315
0.08333333333333338,0.05,0.02886751345948128,327.69422580351466
0,0.016661254898115204,0.10258628627303099,320.8426975058916
0,0.011105544743796294,0.09832542167579443,320.2457706134942
0.07343485079230881,0,0.06802651492016029,319.75676716611065
0.07025847273248473,0.05,0.028795679041325403,327.66891673122825
0.07333333333333336,0.05,0.02309401076758505,327.63638796999254
0.07666666666666672,0.05,0.028867513459481298,327.6833894333467
0.08348805339301887,0.05,0.040623624291993565,327.7671503156859
0.0866666666666667,0.05,0.034641016151377546,327.7354529367736
0,0.016649503768432147,0.08988597892798136,320.8207161172232
0,0.02210626199069796,0.09407108587037759,321.5515944032085
0,0.016655379333273677,0.09623613260050617,320.832817549639
0.005695782463351504,0,0.09935897435897437,319.53731398796907
0,0,0.10256410256410256,319.5021353077914
0.1264399986303581,0.0333527130071465,0,323.4081956179807
0,0.011099669178954764,0.09197526800326962,320.23467479816645
0.11000000000000001,0.05,0.005773502691896269,327.51986307063316
0.06718361213163607,0.05,0.03449734731506576,327.6976311277767
0.06385027879830271,0.05,0.02872384462316951,327.65095002756146
0.11758525957274689,0.027708638851760333,0,322.37138048072467
0.12204538356689444,0.022154122598045417,0,321.480441472782
0.10999999999999996,0,0.005773502691896257,319.46972886878
0.07981263576063151,0,0.04600072968111668,319.6838423255504
0.07661038534470802,0,0.040289512202943495,319.6528618232342
0.07322077068941601,0,0.045938008254509444,319.6727186832486
0.07666666666666669,0.05,0.0057735026918962675,327.5014664715041
0.07333333333333336,0.05,0.011547005383792535,327.5457662628203
0.07645263104455635,0,0.06294389944097462,319.7453445585369
0.07973375861055568,0,0.05732792330013225,319.7300833100532
0.0731418935393402,0,0.05726520187352501,319.7189453281958
0.09666666666666666,0.05,0.005773502691896248,327.52336977853025
0.10333333333333333,0.05,0.005773502691896269,327.5235463374281
0.1,0.05,0.011547005383792518,327.5749190232736
0.011391564926703006,0,0.09615384615384615,319.5696228450594
0.11090090987105022,0.0277129959903469,0,322.37940548292454
0.11312513557859934,0.03326315510547525,0,323.41101674148337
0.07040863805143338,0.05,0.0401851674476307,327.7398194418651
0.10666666666666663,0,0.011547005383792514,319.5097067838614
0.0604785469370468,0.05,0.04561671636713753,327.7413009921649
0.06722547003704869,0.05,0.045801153162039754,327.7625013577325
0.05260007347599181,0,0.0731573192210242,319.7177810217785
0.05556957387072983,0,0.06712799840063388,319.7091670507973
0.048908366927111556,0.05,0.05688663981548016,327.7519610004832
0.052473219834240845,0.05,0.06238465690999912,327.7901387880628
0.04760700719738279,0.05,0.06283761672106225,327.77132350379134
0.09097370443162733,0.011054226083192668,0,320.17305019558097
0.09763767170113101,0.011064672294959735,0,320.1767567109992
0.08986891708259015,0,0.040352233629550725,319.66860015994973
0.086404500831847,0,0.04606345110772392,319.69192945539606
0.022306486581222702,0.05,0.07226503846765112,327.6620617967642
0.027818552625727924,0.05,0.06969587884408684,327.6901803693087
0.016665700540630473,0.05,0.07474553700267257,327.6289515062304
0.07681683198561537,0.05,0.04025700186578659,327.7541810246515
0.07359180606581807,0.05,0.034569181733221654,327.7137678527685
0.08000000000000007,0.05,0.034641016151377546,327.7264105762119
0.11104171185953313,0.04442105170182509,0,325.9547620989528
0.11770837852619981,0.04442105170182509,0,325.94709332163535
0.022623910161212613,0,0.0775152990842498,319.5971346456418
0.02258535078336558,0,0.07151782482806421,319.58034302754436
0,0.011099669178954765,0.08556501159301323,320.2217125982111
0,0.005549834589477383,0.08765430066830149,319.78014530164603
0.06119868066726619,0.05,0.07795805375958272,327.87642942956063
0.05839145240777435,0.05,0.07333385283743363,327.85247214081255
0.06371151363772003,0.05,0.07205391511560402,327.86558864105984
0.03810835283043882,0.05,0.07566084183114626,327.7703231755148
0.04230861528716924,0,0.05910933108059155,319.63386757173527
0.04076375852996999,0,0.06497114695409362,319.64788654209946
0.048659027134058244,0.05,0.07423977245955991,327.81710134263426
0.04456037981545065,0.05,0.07767589656181086,327.80910497865875
0.070450495956846,0.05,0.05148897329460468,327.7996129018433
0.028518555050166684,0,0.08664246175707638,319.64975812433136
0,0.03876652399600433,0.08148901893522138,324.6255079516261
0.017048788012207477,0,0.08054098728227593,319.5729483020675
0.017010228634360445,0,0.07454351302609034,319.55715722103673
0.08666666666666664,0,0.02309401076758503,319.5754099212801
0.09333333333333331,0,0.023094010767585025,319.57998301230697
0,0.02764969191881505,0.08580998627018954,322.41662785487506
0.04824280457182513,0,0.05599166196763272,319.6451122275127
0.08000000000000002,0.05,0,327.4525068122011
0.01708734739005451,0,0.09935897435897435,319.6090925587996
0.06651874189721188,0.05,0.07667811603775311,327.88866498877434
0.11548415281865063,0.005537559253363401,0,319.7254922880816
0.07666666666666667,0.05,0.01732050807568878,327.5998492306428
0.0379192827597126,0,0.056365184320048285,319.6050992000942
0,0.005555710154318912,0.1004147107510827,319.802270601372
0.106452458455952,0.016612677760090202,0,320.76381713701034
0.11096830563730131,0.011075118506726801,0,320.1736294357686
0.08,0,0.034641016151377546,319.63038059748754
0.0832022504159235,0,0.04035223362955073,319.66243547001983
0.08666666666666666,0,0.03464101615137754,319.6380040349877
0.09000000000000001,0.05,0.028867513459481277,327.70145605071986
0.08436365045199654,0.044391482111084374,0,325.9427035047762
0.0910303171186632,0.04439148211108438,0,325.94913841902587
0.06370357285684411,0.05,0.05130453649970248,327.78035438506004
0.0672684257639734,0.05,0.05680255359422144,327.81612537209037
0.08333333333333334,0.05,0.017320508075688766,327.6106707938491
0.10430163897063466,0.011075118506726801,0,320.1772898332815
0,0,0.10897435897435898,319.5088044209473
0.09754478705597705,0.027653856808865486,0,322.3733428080409
0.09533465548646086,0.022122821072710776,0,321.49321718547895
0.09333333333333335,0.05,0.011547005383792497,327.57298403613817
0.06710633303484512,0,0.06743043283189634,319.7415839131392
0,0.03872318814307869,0.09412237861676995,324.6444044231357
0.06013221088017662,0,0.056183567047946144,319.68427733619575
0.057114430627929084,0,0.061266182527131806,319.6941848065757
0.12207418857827895,0.03888688235448579,0,324.60010468500434
0.04739183206934021,0,0.0734509668780257,319.7001873701554
0.09539396757065971,0.03878296422216875,0,324.5949227593404
0.07642302110533952,0,0.05164922573268263,319.7026248153484
0.03409367719917183,0,0.08361677355905026,319.67033269908893
0.08872730090399306,0.03878296422216875,0,324.5910903947838
0.02879951841226859,0,0.0927978383717435,319.6630752172154
0.09769698378532986,0.044391482111084374,0,325.9520429662475
0.05345104597847673,0,0.055698014310631226,319.66206958997645
0.04978766132902438,0,0.05012984609413065,319.6272534598415
0.04515309105742663,0,0.06771529371463687,319.67447082990617
0.10875009038573288,0.038842103403650165,0,324.606195507415
0.09978849118644835,0.01660223154832314,0,320.7639589569534
0,0.03876652399600433,0.08789927534547778,324.6413706100328
0.09312452391694469,0.016591785336556072,0,320.76092738376065
0.005657223085504472,0,0.07413073087201955,319.4846424307736
0.055878619437320524,0.05,0.07923799148141232,327.8616034292942
0.083792938771653,0.05,0.05222221814701863,327.8283882974766
0.016454877115918448,0.05,0.06884907473477808,327.60758896607916
0.021966943160423667,0.05,0.0662799151112138,327.638518532707
0.09999999999999998,0,0.023094010767585025,319.5815306341145
0.07000000000000002,0.05,0.0173205080756888,327.58540618614956
0.03742926598884075,0.05,0.06369059511827162,327.72451926753837
0.10666666666666667,0.05,0,327.46710302307804
0.016971669256513413,0,0.06854603876990475,319.5393977686149
0.021976143996027844,0,0.06552497699093887,319.5583972863935
0.08999999999999998,0,0.028867513459481284,319.6103514277438
0.010969918077278967,0.05,0.07154040879754436,327.57259556524895
0.083014886176555,0,0.05171194715928987,319.7122619407103
0,0.005549834589477383,0.08124404425804509,319.76584962182443
0,0.005549834589477383,0.09406455707855789,319.7921804031325
0.044470176187704914,0.05,0.05433764056129378,327.7203403193275
0.05020972665684033,0.05,0.05093566290989805,327.7298998074223
0.02294343290116155,0,0.09607840636535893,319.6376201775047
0.039831580589102404,0,0.07994836903118986,319.6873208318056
0,0.033149785994006496,0.08377198994129362,323.4338648883249
0.04316881645797615,0.05,0.06028861746687589,327.7402247663094
0.027589825522880012,0,0.06849676304909832,319.59780743940524
0.10333333333333332,0,0.005773502691896257,319.4728324233247
0.005484959038639483,0.05,0.07423174286031065,327.53320531326284
0,0,0.08333333333333334,319.46875634775114
0,0,0.07692307692307694,319.45312718806326
0.05603807274137014,0.05,0.06788267400451808,327.82507208568376
0.05101240680046247,0.05,0.07969095129247546,327.8437069851661
0.053525239770916305,0.05,0.07378681264849676,327.83585477184187
0.08333333333333331,0,0.028867513459481284,319.6042531634802
0.09333333333333332,0,0.03464101615137753,319.64256032480273
0.06314999113242414,0,0.051100951568760475,319.6722324175452
0.06983115603412404,0,0.05158650430607539,319.6899511775304
0.09309095135598958,0.03317444633325313,0,323.3976674822239
0,0.022149597843623595,0.08784798259908544,321.54557826450787
0.10437504519286644,0.04442105170182509,0,325.9588659612356
0.10666666666666665,0,0,319.43165275320473
0.10881748615198397,0.005537559253363401,0,319.7311406684825
0.03367016209103218,0.05,0.07311184257695988,327.7374670471785
0.03333061867023314,0.05,0.06712671922052256,327.7146109029809
0.027479009204928885,0.05,0.06371075548764951,327.6657600604628
0.07006496566129355,0.05,0.07259144003509649,327.88487617063896
0.05117186010451208,0.05,0.06833563381558122,327.80759773163356
0.05695664975684221,0.05,0.05112009970480026,327.7571166869198
0.1033333333333333,0,0.017320508075688773,319.5469287935826
0.0436117063292213,0,0.07669966795460778,319.6945729477368
0.056468826230724266,0,0.05061539883144556,319.65133317831555
0.038730625718569514,0.05,0.05773961821268951,327.70681156663545
0.11541675705239957,0.038842103403650165,0,324.59991286271656
0,0.027563020212963772,0.09825619281277381,322.4259253308762
0,0.02211213755553949,0.10042123954290241,321.5625813705838
0.11978256710447872,0.03330793405631087,0,323.41131974412275
0.09666666666666665,0,0.005773502691896257,319.47283330928036
0.08697610678603769,0.05,0.046606232432609584,327.8040826283755
0.1,0.05,0,327.46902810294523
0.09999999999999998,0,0.011547005383792514,319.511241191901
0.06692513939915137,0.05,0.023022176349429158,327.6200852891991
0.04630564746765402,0.05,0.06878859362664436,327.78798731734656
0.03299107524943411,0.05,0.06114159586408524,327.6893135493464
0.011314446171008944,0,0.07133838482096216,319.51339929095747
0.11333333333333329,0,0,319.4270420572382
0.08646055664744103,0.016581339124789003,0,320.7547224174322
0.026980618735542274,0,0.06250391521197299,319.57505275984175
0.043853472044368486,0,0.053247515207089466,319.6177289570546
0.053731623837044905,0.05,0.04543227957223532,327.7161214452401
0.09088081978647339,0.02764341059709842,0,322.3688499731163
0.08867068821695721,0.022112374860943713,0,321.4878682848525
0.05106091821263131,0.04434300626351187,0,325.84261494946105
0.046666666666666676,0.05,0,327.35137973132595
0.04439425154596466,0.04434300626351186,0,325.81362720475653
0.07666666666666666,0,0.02886751345948129,319.59495316313615
0.07335972009315406,0,0.03425114557773433,319.6173936632003
0.07,0.05,0.005773502691896267,327.486918279446
0.06669305342648738,0,0.022704140193941826,319.54062111736056
0.0600176773815071,0,0.022410058078256842,319.5218325081108
0.06338610685297479,0,0.028087772312194868,319.562720992315
0.0253142133495135,0.025602770862321975,0,321.81601833322696
0.027100932488252683,0.03167868556477208,0,322.8959063589456
0.021836759208085747,0.030490613213132865,0,322.6407955177405
0.05736342170779886,0.05,0.02856483906935199,327.62869307831807
0.06043828230864751,0.05,0.022863170795611638,327.5994702785751
0.010795531034385705,0.0037487604507432694,0,319.34195778522286
0.014924395402104745,0.007497520901486539,0,319.61793964820845
0.008257728735438079,0.007497520901486539,0,319.5759086172674
0,0.005540105643147679,0.068444335490007,319.72973081014527
0,0.011080211286295358,0.06637585046719346,320.1671245326908
0,0.011080211286295358,0.07278610687744988,320.18709689111813
0.07974788045993664,0.033127121955500834,0,323.37369401442504
0.08420928433844692,0.027619748408222275,0,322.35835777516303
0.0864194159079631,0.033150784144376985,0,323.38737183701187
0.06435878167063672,0.04436781992220823,0,325.8951477401083
0.06871756334127345,0.038735639844416456,0,324.5461647764317
0.0710254483373034,0.044367819922208236,0,325.9126054753332
0.005524195309306268,0.03198973584272011,0,322.8078053181804
0,0.03333333333333334,0,323.02459800449196
0,0.027777777777777783,0,322.00176753060214
0.026387865699232824,0,0.04640920384014419,319.50920738084056
0.02197868606171425,0,0.04109326046932329,319.46166420493796
0.021667562434984605,0,0.047993918993212245,319.4907100527533
0.055482264756960706,0.005359278206970003,0,319.65255758543276
0.06215836289373747,0.005505667053939281,0,319.6815568149278
0.05764062765069821,0.010864945260909285,0,320.09435923564763
0,0.011289820255272809,0.04718187232755388,320.11263256289436
0,0.005644910127636404,0.042821705394546175,319.6379662059223
0,0.011857455213254892,0.04016822062439082,320.13409963093034
0.029419258662905345,0,0.024371195350491495,319.41463985515
0.025334674506568587,0,0.02935559843482075,319.42108375440813
0.03278871896221186,0,0.029834538295028072,319.46085404643196
0,0.024847045068920187,0.030413264586317452,321.7295163953236
0,0.029449170391533656,0.025442891374750302,322.4772223714667
0,0.03105645488098492,0.030325445021562505,322.8034515018599
0.005960210016975106,0,0.02885632208897371,319.3035825079288
0.011920420033950212,0,0.032071618536921774,319.35862390703886
0.011920420033950212,0,0.025661362126665362,319.3242568214217
0.06666666666666665,0,0,319.3947123486536
0.06882502956040415,0.005505667053939281,0,319.69770159943783
0.06666666666666667,0.05,0,327.4235570075553
0.07333333333333335,0.05,0,327.43986497645784
0.07002638675982073,0,0.028477642885838077,319.5803529309286
0.005120342368306838,0.04999999999999999,0.010687291810838781,327.1760276517811
0.010240684736613676,0.04999999999999999,0.014964327211421153,327.25495117141554
0.005120342368306838,0.049999999999999996,0.01709754822109519,327.2268085093224
0.04003608479499824,0,0.010120570350086497,319.37691912171033
0.036711460839978526,0,0.004641149773875221,319.32637750169664
0.03342292167995706,0,0.009282299547750441,319.3422854341026
0.07769211500397008,0.044367819922208236,0,325.92639707739863
0.04429786284725479,0.010718556413940006,0,320.0340109103002
0.04644679427088219,0.01607783462091001,0,320.5972523157147
0.039966178964655485,0.015598227683627,0,320.51513515418867
0.037254529363385164,0.05,0.025565258874562343,327.51852745236295
0.04382195121787526,0.05,0.02637653558149873,327.55754576175224
0.04046321246256866,0.05,0.03114305766512998,327.57273850536643
0.043424396054911545,0,0.036918934134867146,319.5434360515957
0.04660602869196796,0,0.04352439011449889,319.5869245259931
0.0500365283421139,0,0.037971576226604645,319.57323912799336
0.01652647870570732,0.05,0.06302954296503085,327.5861716175338
0.059899325880870206,0,0.045062584943551316,319.637501707585
0.06658049078257008,0,0.04554813768086623,319.65691890243437
0.06332982553101615,0,0.039509771055657075,319.6210434017268
0.01771505728527921,0.03620169390766243,0,323.74887009488293
0.022979230565446148,0.03738976625930165,0,324.0413977656769
0.026972482040283262,0,0.05618144700409816,319.55211532700986
0,0.03290868142769673,0.07711809427044644,323.3680914227776
0,0.027639962972485346,0.07942053391240786,322.3989924774005
0,0.027398858406175574,0.07276663824156068,322.3382379721362
0.0733333333333333,0,0.011547005383792525,319.4865628872381
0.07666666666666665,0,0.005773502691896262,319.45436102397645
0.06999999999999998,0,0.005773502691896262,319.44198909533003
0.03674754563497677,0,0.014761720123961715,319.3921406250609
0.03013438251993559,0,0.013923449321625661,319.3561696128767
0.0335038428192421,0,0.019386792266162238,319.40548710448184
0.053315914576706085,0,0.010958841152422554,319.43161126713943
0.046649247910039424,0,0.010958841152422554,319.4084317970103
0.04997387186505914,0,0.01643826172863383,319.45471961250587
0,0.016934730382909213,0.051542039260561584,320.73550100309177
0,0.017502365340891293,0.04452838755739852,320.77311506950934
0,0.02217104241733967,0.04977607028495186,321.423132347511
0.02604979836359883,0,0.018907852405954915,319.36598098018715
0.005657223085504471,0,0.06131021805150672,319.4445660221963
0.011306309475749933,0,0.05860566020283092,319.47149261666965
0.005649086390245463,0,0.0549877498436319,319.42133868729826
0.05772758487929797,0.04434300626351186,0,325.86755623779817
0.05333333333333333,0.05,0,327.37950454659335
0.03694572105500607,0.05,0.004803220431142359,327.3492947619463
0.0302790543883394,0.05,0.004803220431142359,327.31133979043466
0.033333333333333354,0.05,0,327.2834563560582
0.07533733011352123,0.022067266684410513,0,321.46337710748224
0.07753774889042046,0.027596086219346127,0,322.3444833998349
0.07087592623501095,0.027574640231689075,0,322.32767391923693
0.005649086390245462,0,0.04216723702311907,319.36747123545024
0,0,0.044871794871794886,319.34081695620347
0.005649086390245462,0,0.04857749343337549,319.39553289715764
0,0.022547145604442397,0.019641323896552352,321.31395419697014
0,0.02185453062941587,0.01375193685359945,321.17466236642616
0,0.027149270927055866,0.014670950684985206,322.00512036942627
0.039999999999999994,0,0,319.3084458156587
0.04214893142362739,0.005359278206970003,0,319.6044087436149
0.035668316117400685,0.004879671269686994,0,319.5455009781668
0,0.027742152332814185,0.004277641007404566,322.0292961926853
0,0.022150971332295027,0.008555282014809132,321.1810475637776
0,0.02218659677725863,0.004277641007404566,321.15486980240854
0.07333333333333332,0,0.023094010767585042,319.5568346474886
0.07666666666666665,0,0.017320508075688783,319.52840703173655
0.06999999999999998,0,0.017320508075688787,319.51602505054456
0,0.022139868897293892,0.08145853024130377,321.52921756743336
0.06644514822057143,0.03307864610792832,0,323.335872332367
0.0642447294436722,0.02754982657299271,0,322.3069139090568
0,0.027445711629935025,0.009474295846194886,322.01812494021294
0.05017980957616282,0.05,0.0056144971380787485,327.4202194956084
0.05369295248565897,0.05,0.011228994276157497,327.48415740224436
0.047026285818992306,0.05,0.011228994276157497,327.4563406473852
0.029743854144087162,0,0.03467154180564165,319.47113080421093
0.03719789859973043,0,0.03515048166584898,319.5085193627233
0.02005004006934656,0.02441469851068276,0,321.59616002794064
0.016572585927918805,0.029302540861493642,0,322.39065212458667
0.016963532561254407,0,0.06222357056202994,319.5186660397556
0.04666666666666665,0,0,319.3346772318308
0.015177254986331575,0.02328378769173903,0,321.39281022689147
0,0.03549802723440269,0.007880216370512269,323.52865267203396
0,0.03303689263045418,0.005196654838790319,323.0086406968986
0,0.035794467937281846,0.00268356153172195,323.54856104569564
0.04356116387384327,0,0.04836139362511248,319.59638362605875
0.04336070875001795,0,0.015599990926297772,319.42499062493727
0.04011700593428328,0,0.020225063068498295,319.4396796293376
0.032365105768419625,0.0328667579164113,0,323.1559846482018
0.028243403845613087,0.038577838610940864,0,324.338892884522
0.07999999999999997,0,0.011547005383792521,319.4973775759338
0.011048390618612536,0.025090582796551318,0,321.64273941166294
0.005524195309306268,0.02643418028716455,0,321.8195147746277
0.005524195309306268,0.020878624731608994,0,320.97981625489854
0.08199915276893074,0.022088712672067565,0,321.47717953415776
0.07979873399203151,0.01655989313713195,0,320.7439270446789
0,0.0055555555555555575,0,319.3820046818792
0.004128864367719039,0.009304316006298826,0,319.69163866507006
0,0.011111111111111115,0,319.8207990933753
0,0.029515722145368566,0.03566094731387079,322.5500318377693
0.027224775443345447,0.05,0.009606440862284718,327.33552547006934
0.030837163165018167,0.05,0.014409661293427078,327.3983741022316
0.025678451144985615,0.05,0.013883476262867091,327.361528124784
0,0.005644910127636404,0.04923196180480259,319.66618210059767
0,0.011289820255272809,0.053592128737810295,320.1397493282172
0.005960210016975106,0,0.03526657849923012,319.3366321642382
0,0,0.03846153846153847,319.3115019321756
0.020000000000000018,0.05,0,327.1977012400569
0.024121701922806552,0.04428891930547043,0,325.68613174847366
0.026666666666666686,0.05,0,327.2429539495134
0.03781724754102808,0.010238949476656996,0,319.96349844681316
0.073136911336622,0.016538447149474896,0,320.729910849484
0.06867550745811171,0.02204582069675346,0,321.44635385836494
0.08666666666666664,0,0.011547005383792514,319.5050855568849
0.08999999999999998,0,0.005773502691896257,319.46973600367505
0.08333333333333331,0,0.005773502691896257,319.4636084201758
0.05059268646283706,0.05,0.02747068732542536,327.59526615366264
0.054004682952492264,0.05,0.03333136115298324,327.6472065698681
0,0.022222222222222227,0,321.12752908053585
0.032510368468616116,0.05,0.05596225516743414,327.6641932632721
0.03824991893775152,0.05,0.05256027751603841,327.6806584124439
0.04184928680210452,0.038631925568982296,0,324.4249660293578
0.037455035256139885,0.04428891930547044,0,325.76527916001464
0.023378127506645197,0,0.00464114977387522,319.2614855238155
0.026666666666666665,0,0,319.2466062233073
0.019999999999999997,0,0,319.21119136585094
0.017999600712033298,0,0.004117728649829512,319.2282075992008
0.030788368589473217,0.04428891930547044,0,325.72808060570003
0,0.02726255832435453,0.05972088170602192,322.26899277650966
0,0.02733495638806233,0.05386549150768202,322.2571734726337
0,0.03249887035878499,0.05795491273041219,323.22006182352766
0,0.006212545085618486,0.02298754087087029,319.5741889317819
0,0,0.019230769230769235,319.2092353540241
0,0.005519930110591957,0.01709815382791739,319.4924575739681
0.031336632234801376,0.009759342539373987,0,319.891106617147
0.017912807964720927,0.05,0.03742939123830036,327.4710071705312
0.012356247336292574,0.05,0.033119744250301036,327.40128854445106
0.01853437100443886,0.05,0.030448847144682323,327.4325163602044
0,0.0383567129270926,0.05591558098493073,324.4431110290323
0,0.044214555495400196,0.05387624923944926,325.84079529103985
0,0.0441421574316924,0.059731639437789155,325.8478828343682
0.031692785304531484,0,0.05459673185103012,319.56959281282246
0,0.01863763525685546,0.030501084151072402,320.84324855055274
0,0.012425090171236972,0.033154568921227756,320.15386848170243
0,0.012425090171236972,0.026744312510971344,320.1188599972915
0.0469608885920831,0.05,0.04433812782830869,327.68191603344536
0.04398946940688692,0.05,0.04915829986464267,327.6931542970185
0,0.03829600748313057,0.01680356608783705,324.2026646482338
0,0.03520158653152353,0.013076871209302588,323.50691098005785
0,0.04105358278995824,0.014290472780768679,324.82065342970196
0.006666666666666665,0,0,319.13033316229615
0.0041288643677190396,0.0037487604507432694,0,319.2985253985067
0.05664924791003941,0,0.016732343844318813,319.4782932513155
0.053342301336526815,0,0.022115975962571855,319.49990540606416
0.02721076027279971,0.05,0.04055199823098206,327.55354623287815
0.026589197233081778,0.05,0.047532542324600094,327.5870325605541
0.02225100259890135,0.05,0.04248096678145022,327.53103494028403
0.021965214207262072,0,0.02389225549028417,319.3730834960874
0,0.016559790331775872,0.0128329230222137,320.479852117769
0,0.01659541577673947,0.008555282014809132,320.45502525711373
0.08430703776496068,0.01105422608319267,0,320.16717673586504
0.07764521510955116,0.011032780095535617,0,320.15613187651337
0,0.03842911099080039,0.04364993437633442,324.4005452987884
0,0.0442145554954002,0.04746599282919285,325.8100692335403
0,0.038429110990800396,0.05006019078659084,324.43276166795863
0,0.045755288231016544,0.029309977716371748,326.10453200935365
0,0.04575528823101655,0.035720234126628156,326.1442751230522
0,0.0415105764620331,0.03297892979171786,325.05847157259893
0,0.03852541942969456,0.07483512326437422,324.5516394740409
0,0.011089940232625061,0.07917555923523154,320.20558008524785
0,0.005540105643147679,0.0748545919002634,319.7486706125725
0.015907313729202937,0.04680832072501051,0,326.2860653019038
0.013333333333333345,0.05,0,327.14849947814105
0.009240647062536264,0.04680832072501051,0,326.23362820967725
0.021577520424792513,0.05,0.019229871546618836,327.3754235183032
0.020519739124953064,0.049999999999999996,0.013357291232307103,327.3218138908632
0,0.05,0.00641025641025641,327.0910761293565
0,0.04690557904839296,0.00909381794197836,326.25905635591295
0,0.04690557904839296,0.00268356153172195,326.2019452630204
0,0.034184399221816944,0.04090863004142413,323.47566464705426
0,0.03996984372641675,0.03831443208402614,324.72477470881876
0,0.05,0.01282051282051282,327.1456152693317
0,0.04690557904839296,0.01550407435223477,326.31081645368795
0.018857528642639614,0.043100846953831214,0,325.3512198000397
0.014764842371842533,0.03990916767884173,0,324.55392495158424
0.022038544750212538,0.05,0.060460383341466584,327.6159983636819
0.01659808029549619,0.05,0.05721001119528365,327.5624282648193
0.02211014634000141,0.05,0.05464085157171937,327.5911521904877
0.0570262858189923,0.05,0.01700249696805376,327.5438157036826
0.06351314290949615,0.05,0.01716150252187128,327.56643311414496
0.06017980957616282,0.05,0.011387999829975015,327.50855672757467
0.02584398482381546,0.05,0.030680250651498205,327.4847180992857
0.03315359864319206,0.05,0.03091165415831409,327.5314588143397
0.030182179457995884,0.05,0.03573182619464807,327.54389807002025
0.05665795728835303,0,0.005479420576211277,319.4059585040425
0.04999129062168637,0,0.005479420576211277,319.3843793078786
0.01747658970459941,0.05,0.024576266830370584,327.3847696488441
0.011298466036453125,0.05,0.02083690752573289,327.30880870111537
0.016418808404759965,0.05,0.018703686516058853,327.33367466226576
0,0.017945020281828927,0.024611697108119498,320.72175149632744
0,0.0172524053068024,0.0187223100651666,320.60061935206613
0.07999999999999999,0,0,319.41941946075946
0.07549169622707082,0.005505667053939281,0,319.7107814043574
0.07333333333333332,0,0,319.4085983945018
0.010626477395675071,0,0.020153537918290398,319.2849927389639
0.016586687412650177,0,0.02336883436623846,319.3396768312644
0.016955395865995395,0,0.055901102354155116,319.49568341956814
0.021968007300768835,0,0.059202508783064045,319.53656270554785
0.021959870605509822,0,0.052880040575189226,319.51247723337406
0,0.02188903538465442,0.06841518221267492,321.4547706442109
0,0.016725121413931763,0.06432576098994475,320.75984575407114
0,0.021993839869143147,0.06202332134798333,321.4475009958498
0.0633333333333333,0,0.005773502691896262,319.426552187093
0.05999999999999998,0,0,319.377761323215
0,0.05,0.0641025641025641,327.44541024173077
0,0.05,0.05769230769230769,327.41927208536896
0.04673016904932446,0,0.021063333870834353,319.4707511418856
0.041752898103394664,0.021674142386077105,0,321.3021950254932
0,0.05,0.05128205128205128,327.3900363395401
0.005556560628428353,0.05,0.04918144185979419,327.4323327277621
0.005556560628428353,0.05,0.0555916982700506,327.4625921048265
0.02162943955918342,0.05,0.049461510875068254,327.5631468815357
0.01729124492500299,0.05,0.04440993533191839,327.50562135310827
0.04685489570505748,0,0.0313661202469729,319.52841468194646
0.05346702799225984,0,0.032418762338710404,319.5569268948661
0.0393043220582444,0.03292084487445273,0,323.2024928831391
0.034910070512279755,0.03857783861094087,0,324.37753788951824
0.022334982784067356,0.004879671269686994,0,319.4785917635174
0.02900164945073402,0.004879671269686994,0,319.51354472460235
0.017569506424195674,0,0.03577731709850238,319.41118048963335
0.017258382797466033,0,0.04267797562239134,319.4421714054584
0.03740458501950826,0.05,0.015220938000363466,327.4422168267655
0.034045846264201665,0.05,0.019987460083994713,327.46040598465146
0.05999129062168636,0,0.01125292326810754,319.4536949280695
0,0.05,0.019230769230769232,327.1948034141894
0.006178123668146286,0.05,0.022970128535406927,327.2800803069254
0,0.05,0.02564102564102564,327.2412587673385
0.037059001935907145,0.0272704501512442,0,322.155105802989
0.03057838662968044,0.02679084321396119,0,322.0408440865644
0.05096452951392145,0.010718556413940006,0,320.0590545829326
0.05312289240765895,0.016224223467879287,0,320.6388623916496
0.023612387721672734,0.05,0.004803220431142359,327.26863451601105
0.018453675701640183,0.05,0.004277035400582372,327.22737027635384
0.01666968188528506,0.05,0.05139047942553643,327.5363589079356
0,0.006212545085618486,0.0293977972811267,319.60991591987045
0,0.034051295714147126,0.020472518163183157,323.323891819423
0,0.03244401122469586,0.015589964516370958,322.97122612676907
0.05999999999999999,0.05,0,327.40358290549335
0,0.02784188590208239,0.020560337727938104,322.16293679621685
0.02675625501329039,0,0.00928229954775044,319.30981160615744
0.011314446171008942,0,0.06492812841070573,319.4934721485482
0.005657223085504471,0,0.06772047446176313,319.46572523635547
0,0.03565858020359838,0.025355071809995355,323.68850106722056
0.005484959038639482,0.05,0.06782148645005423,327.5113852865807
0.010969918077278965,0.05,0.06513015238728795,327.5495814386909
0,0.05,0.07051282051282051,327.46879228331477
0,0.044142157431692405,0.06614189584804557,325.87301725920713
0.02706990401389977,0.05,0.052711883021251196,327.6155742734449
0.027550610794717757,0.05,0.0578912237179023,327.6421370709579
0.03749179327737248,0.05,0.035963229701463956,327.58728874473053
0.02994491554400856,0.05,0.02533385536774646,327.4748366734577
0.04869211439321944,0.021728229344118537,0,321.33851202141994
0.0553682125299962,0.021874618191087814,0,321.3836218893725
0,0,0.07051282051282054,319.43521994163615
0.006178123668146286,0.05,0.029380384945663335,327.3242932779269
0.006178123668146286,0.05,0.03579064135591975,327.36460459822337
0.01333333333333333,0,0,319.17223047764475
0.01746219770105237,0.0037487604507432694,0,319.3824537447964
0.011298172780490926,0,0.052283191994956096,319.4472621934628
0.06666666666666664,0,0.011547005383792525,319.47264009620284
0,0,0.025641025641025647,319.24568084579005
0.005960210016975106,0,0.0224460656787173,319.26817621923726
0,0,0.06410256410256412,319.4150706754681
0.04371205052732588,0.05,0.037740592746719336,327.62952893276
0.0407406313421297,0.05,0.04256076478305332,327.6424231842287
0.0633246239550197,0,0.017026425960003803,319.4987283973283
0.019797180485119727,0.008628431720430263,0,319.73501371832964
0.017259378186172104,0.012377192171173532,0,320.0556591976083
0.030044794173311858,0,0.00464114977387522,319.29542986651626
0.033333333333333326,0,0,319.2790243732432
0.011787009034973511,0.049999999999999996,0.004277035400582371,327.17678469774575
0.006666666666666672,0.05,0,327.09299439621
0.022289809688443893,0,0.03419260194543433,319.42990594389187
0.04351314290949616,0.05,0.005614497138078748,327.3902254823615
0.040458863964502205,0.05,0.010417717569221108,327.4180700319343
0.01173468429657464,0.05,0.04010028834391907,327.43775160479134
0.05684647624282948,0.05,0.0056144971380787485,327.44616705248797
0,0.005519930110591957,0.004277641007404566,319.409447953992
0,0,0,319.08549941980505
0.09333333333333332,0,0,319.43166195271306
0,0.02213013995096419,0.0750690778835221,321.51050618919226
0,0.05,0.03205128205128205,327.28381246978245
0,0.016631041221703072,0.004277641007404566,320.4290354359552
0,0.01666666666666667,0,320.40188265429316
0,0.05,0,327.0311859942636
0.005120342368306838,0.049999999999999996,0.004277035400582371,327.11989579912233
0.06333333333333332,0.05,0.005773502691896267,327.46870395422854
0.03348556365842878,0.01511862074634399,0,320.4311386264836
0.028791667490941253,0.020714928511511084,0,321.1039367813635
0.027004948352202074,0.01463901380906098,0,320.3452627325992
0.04399821822573191,0.027324537109285632,0,322.19651841842096
0,0.05,0.038461538461538464,327.32246452152145
0.005556560628428353,0.05,0.042771185449537785,327.3990399085774
0,0.05,0.04487179487179487,327.3577671515909
0.03452037409217631,0.05,0.04078340173779794,327.599047891272
0.088820185549147,0.005527113041596334,0,319.72883067262734
0,0.011185015770784085,0.05998398960250188,320.1546409657408
0,0.005644910127636405,0.055642218215059006,319.6921421237063
0,0.016630045875772742,0.07710707421241801,320.7881934027077
0,0.006212545085618487,0.03580805369138312,319.6432862755768
0.06666666666666668,0.05,0.011547005383792535,327.52931171444726
0.040000000000000015,0.05,0,327.3192084596912
0.04881559809029405,0.005359278206970004,0,319.6300462880172
0.01690735140328035,0.05,0.008554070801164744,327.2545469964913
0.0220660634233129,0.05,0.009080255831724731,327.29647036151687
0.023527494210774318,0.019526856159871868,0,320.9143635639449
0.04037953123678685,0,0.04175593764548073,319.5540312646656
0.037334666418662156,0,0.04659294115609431,319.5626131035498
0.019377328930711795,0,0.012876607073534243,319.2930305770994
0.021377728218678494,0,0.008758878423704732,319.27789783202746
0.0159992014240666,0,0.008235457299659023,319.24394426941063
0,0.0415105764620331,0.026568673381461447,325.0176373969407
0,0.038284314863384794,0.06818122759352703,324.4752593331864
0,0.03242647229507719,0.06381030292875209,323.2290095018756
0,0.038284314863384794,0.06177097118327062,324.45112863987043
0.055455169758595955,0.03868601252702373,0,324.4943140788625
0.010240684736613676,0.04999999999999999,0.008554070801164743,327.20257760119085
0.015361027104920516,0.049999999999999996,0.012831106201747114,327.2792314004692
0.011609296407220568,0,0.03897227706081073,319.3908951071728
0.013998802136099898,0,0.012353185949488532,319.25840137648044
0.06997010543786208,0,0.03989964162930028,319.6384684656836
0,0.005540105643147679,0.06203407907975059,319.70854898797705
0,0.02323976057946893,0.025530710939505253,321.4536109374781
0.012356247336292573,0.05,0.02670948784004462,327.3593179555971
0.031548954906980134,0.05,0.04560357377413192,327.60801594499077
0.011814627458405854,0.04361664145002102,0,325.4264978995591
0.005147960791739182,0.04361664145002102,0,325.37082547702164
0.03687330311854861,0,0.024850135210698815,319.4523599124059
0,0,0.0512820512820513,319.3678761086646
0.02475585572532369,0,0.01340002819757995,319.3256199892314
0.020671271568986935,0,0.018384431281909207,319.334002835953
0.043486466233589795,0,0.025688406013034872,319.4847739499333
0.040242763417855126,0,0.0303134781552354,319.4967880366491
0.05053942872848845,0.05,0.016843491414236245,327.5175539547626
0.05395142521814365,0.05,0.022704165241794118,327.57521092949344
0.04718068997318185,0.05,0.021610013497867488,327.53915091155096
0.00809817570517586,0.03435361212328617,0,323.2938343064562
0.002573980395869591,0.035697209613899404,0,323.52722966979724
0.0820557654559666,0.03875930203329261,0,324.577789358489
0.07538423000794013,0.03873563984441646,0,324.56110614481946
0,0.0379591618383512,0.010563777902234218,324.0800549061907
0,0.03825560254123036,0.0053671230634439,324.1039143459208
0.01067215610104545,0.036717488403852236,0,323.80869863893685
0.048788503091929294,0.03868601252702373,0,324.46850986108825
0.07999999999999999,0,0.023094010767585035,319.5676756382566
0.011048390618612536,0.030646138352106875,0,322.5964900248786
0.0046662673786999655,0,0.004117728649829511,319.1455408047462
0.05333333333333331,0,0,319.35778240101627
0.05664866062931626,0,0.03902421831834216,319.5999277720132
0.024669965568134715,0.009759342539373987,0,319.85661555243354
0.050937434515556684,0.027378624067327065,0,322.23404672574384
0.057613532652333446,0.02752501291429634,0,322.282656385714
0,0,0.05769230769230771,319.39267938955896
0.08333333333333331,0,0.017320508075688777,319.5376823051841
0.022635301724631962,0.05,0.025102451860930575,327.42568487052495
0.026736232444825064,0.05,0.019756056577178827,327.4143041178674
0.005147960791739182,0.03806108589446547,0,324.0586966793074
0.002573980395869591,0.04125276516945496,0,324.77050139351394
0,0.01662031692944304,0.07071762185463634,320.7684060237004
0.04332462395501971,0,0.005479420576211276,319.35967386472794
0.0046662673786999655,0,0.016938241470342334,319.2274483836348
0.009332534757399931,0,0.014645713709915433,319.24383705778683
0.032029661687798125,0.05,0.05078291447078303,327.6370940618203
0.011113121256856706,0.05,0.04708083243753711,327.4703380373821
0.03762697458918737,0,0.0514790627380713,319.5845408465275
0,0.01807000029887338,0.03751473585423547,320.809030918663
0.009332534757399931,0,0.008235457299659021,319.2031747903047
0.03140047713400627,0,0.04971061026905313,319.54845204727394
0.026680173869758045,0,0.051295325422121174,319.53134604863067
0,0.01682992589842049,0.05793390012525318,320.7488774138683
0.04624353834806916,0.032974931832494156,0,323.24511680996727
0,0.03257126842249279,0.0520995225320723,323.2087823949443
0.011041519667067836,0.05,0.059310620617540735,327.52676424427113
0.005484959038639482,0.05,0.061411230039797815,327.48680914512084
0.03527228279716796,0.021194535448794096,0,321.20400558651795
0,0.016639774822102445,0.08349652657019968,320.80563010054874
0.07098339245414165,0.011011334107878561,0,320.14186619472
0.015292744774375039,0,0.017861010157863497,319.2999849032321
0.06431672578747497,0.011011334107878561,0,320.12652765113853
0.06647508868121248,0.016517001161817844,0,320.71267383184744
0.059798990544435715,0.016370612314848564,0,320.67733623036054
0,0.03888888888888889,0,324.1990126542112
0,0.044444444444444446,0,325.534541984135
0,0.0413500234928374,0.0026835615317219496,324.79469581425565
0,0,0.012820512820512825,319.1702316693455
0,0.005519930110591957,0.010687897417660979,319.452073577344
0.017880630050925318,0,0.028876658574613426,319.3774771605776
0.016947259170736386,0,0.04957863414628029,319.4704499080526
0.06671944018630813,0,0.03386127500409112,319.6013750225071
0,0.011732475196210443,0.020854925468018443,320.01724579127193
0,0.011039860221183913,0.014965538425065544,319.9159964952164
0,0,0.006410256410256413,319.12898635793914
0.03776921215693353,0.05,0.0473809368193873,327.6525263428747
0.01133293404536663,0,0.004117728649829511,319.18834241554475
0.011298172780490926,0,0.04587293558469969,319.42045389407593
0,0.045755288231016544,0.02289972130611534,326.06088724495
0,0.03990329197258184,0.021686119734649248,324.6041792450156
0.050098598520792154,0,0.026741048104772378,319.51516440467134
0.011113121256856706,0.05,0.053491088847793515,327.50162104568216
0,0.044214555495400196,0.041055736418936443,325.7763097339204
0.02213216326918709,0.013508102990117257,0,320.1981970831124
0,0.03572513195743329,0.03557312774911584,323.765625531733
0,0.03726586469304965,0.030237625456807554,324.0650538701616
0,0,0.03205128205128206,319.279769705174
0.07307634501191018,0.03310345976662469,0,323.3566340144635
0.03415303378160574,0,0.039987485176462556,319.5182373146119
0.012386593103157118,0.011246281352229806,0,319.917649076087
0,0.02740735445177013,0.048010101309342135,322.2430224185223
0.05321816097917032,0,0.044577032206236405,319.6149040334911
0,0.040716737145178865,0.00805068459516585,324.6906579051675
0.056710730807994505,0,0.02779369019650988,319.54244042703147
0,0.03274045192757502,0.010393309677580637,322.990850070991
0.04723394770753046,0.05,0.03223720940905661,327.6121192712447
0.004128864367719039,0.014859871561854383,0,320.22704108105506
0.009653059677025306,0.019071829626796707,0,320.76743087589375
0,0.0271577538398658,0.0661127425707135,322.27497180360274
0.060079160279462196,0,0.03347140443044791,319.58232467540785
0,0.02273867737532175,0.042762418581788794,321.47346798517293
0.05048278577228769,0.05,0.038834744490645966,327.66632202159656
0.007721941187608772,0.040424962175031526,0,324.6189990330225
0.022872565638619283,0.05,0.035500422687832184,327.4950463712826
0.026698989325962468,0,0.039508545316255236,319.4793941878042
0.0046662673786999655,0,0.010527985060085922,319.1876154075544
0.05318275463789393,0.03302901879053559,0,323.2838564286863
0.002573980395869591,0.04680832072501051,0,326.1748877974353
0,0.043811158096785915,0.01177737947370031,325.476101284014
0,0.043811158096785915,0.0053671230634439,325.4217692333217
0.018654709127759333,0.018395945340928144,0,320.7391558386769
0.05981395142923268,0.03305383244923196,0,323.311613137108
0.062086366549934706,0.038710826185720096,0,324.5219881842284
0,0.04414215743169239,0.07255215225830197,325.89539556926826
0,0.023306312333303835,0.035748766878625736,321.5221054055709
0.06204431066677296,0.02202100703805709,0,321.42559552010096
0,0.03264366648620059,0.04624413233373241,323.1951712161254
0.043972006873998354,0.05,0.016032214707299854,327.4819434442757
0,0.02209864435363187,0.05563146048329175,321.4378232769151
0.04061326811869176,0.05,0.0207987367909311,327.5018365016129
0.013622371014482127,0.03301001463267294,0,323.06591633612487
0.031108168963481043,0,0.04482448868707614,319.5259418923146
0.03389144211001212,0.05,0.00960644086228472,327.3756833094598
0,0.044148003741565287,0.01801716765930314,325.6105237440406
0,0.03266757686138696,0.07046419859959926,323.2998062939612
0,0.011039860221183913,0.008555282014809132,319.8742321866466
0.08215351888248033,0.005527113041596335,0,319.72207575030745
0.008257728735438077,0.013053076457042095,0,320.0656298883197
0.013781924044744345,0.01726503452198442,0,320.5684758773916
0,0.02797498940975221,0.04099644960617907,322.3060796274285
0.08666666666666666,0,0,319.4270558456833
0,0.011075485666147515,0.004277641007404566,319.8480971202627
