% Model,3d_full_flux.mph
% Version,COMSOL 6.2.0.339
% Date,"Apr 17 2026, 16:26"
% Dimension,3
% Nodes,4286
% Expressions,1
% Description,Volume
% X,Y,Z,Temperature
0.17656132305921285,0.05,0.24539001097615984,342.89868669889177
0.17333333333333337,0.05,0.25,342.8638514962189
0.16989465639254617,0.05,0.24539001097615984,342.9690668142217
0.09785108682395038,0.027726898495404904,0.25,337.99748527838995
0.1000925894728541,0.03328181003790619,0.25,339.10303918661197
0.10449794177632822,0.027733304452145127,0.25,337.9976983413043
0.2,0.03372003901035904,0.1861366274361847,339.1590456074176
0.2,0.03919779934264397,0.19030176612715233,340.3594734921414
0.19999999999999996,0.039044479335430135,0.18397741492575698,340.36571224288
0.19577290344402273,0.04647521159494428,0.25,341.60950041624756
0.2,0.05,0.25,342.51949775291456
0.2,0.044444444444444446,0.25,341.0135795578991
0.20000000000000004,0.03970541749367719,0.20937476088977364,340.3237319763716
0.20000000000000007,0.03438097716860609,0.20512371698994492,339.1558039219257
0.20000000000000007,0.034735275312425484,0.2114621041409145,339.174657881736
0.1,0.05,0.25,343.24191620480457
0.09333333333333335,0.05,0.25,343.2388181991268
0.09666666666666666,0.05,0.24422649730810375,343.32872584110663
0.1625600087032334,0,0.21370454342262063,334.5427572811084
0.16684695288401208,0,0.21878578569668544,334.4620251212
0.1698248161400387,0,0.21406754981159695,334.47949604276994
0.19438707888783163,0.05,0.1822849676352139,343.3131511097322
0.18877415777566323,0.05,0.1786724993729919,343.41385187551197
0.19438707888783163,0.05,0.17587471122495751,343.35087787530597
0.2,0,0.17948717948717946,334.40305576123416
0.2,0,0.18589743589743588,334.3668968908725
0.2,0.005771578769674226,0.18386806866697095,334.86973172097026
0.18868709546784304,0.05,0.19756523420086725,343.2838878122161
0.18303064320176457,0.05000000000000001,0.20019400514745475,343.3353823563794
0.18307417435567466,0.05000000000000001,0.19395276593864527,343.3847939998646
0.16981582660076117,0.006452880617861938,0.25,334.65004262191906
0.17333333333333334,0,0.25,334.0660001381019
0.16666666666666669,0,0.25,334.12357499502974
0.15015755669225445,0.05,0.2334557015909966,343.30242577968846
0.14343837112816962,0.05,0.2331969650354348,343.34998990274454
0.14694763162361918,0.05,0.22819754152879215,343.3897920546935
0.19577290344402276,0.04091965603938871,0.25,340.19180904518635
0.2,0.03888888888888889,0.25,339.64855956045085
0.15333333333333338,0.05,0.25,343.04399776170027
0.15005251889741816,0.05,0.24448523386366555,343.1512063286044
0.15671918556408485,0.05,0.24448523386366555,343.10105996781294
0.2,0.005771578769674226,0.19027832507722736,334.83022974775133
0.2,0.0117461274236881,0.19464571272414175,335.45002826020635
0.2,0.011543157539348451,0.18824895784676243,335.4683896433657
0.17439879130832187,0,0.2361551209948211,334.2188369793587
0.17286300173654562,0,0.24041232833601056,334.1849600163822
0.17796729044004905,0,0.24094895682681583,334.13107084327777
0.12894486494857954,0.03893184331585173,0.25,340.305785979562
0.12447243247428977,0.044465921657925865,0.25,341.6932051873303
0.13113909914095645,0.04446592165792587,0.25,341.66760588581883
0.17378338179202923,0.05,0.23113407692858218,343.1220659223457
0.16635177127618772,0.05,0.23064234072270126,343.20322221676406
0.1704511838905785,0.05,0.225606384722804,343.22353081013785
0.2,0.011543157539348451,0.18183870143650602,335.5071471721013
0.18906352138794558,0.0055719509085705166,0.25,334.37323103902804
0.18479370944255785,0.011143901817141033,0.25,335.0103258157962
0.1914603761092245,0.011143901817141033,0.25,334.9357047567029
0.11112876645920328,0.04443154065046221,0.25,341.71688168879956
0.11779543312586994,0.04443154065046221,0.25,341.70366386028354
0.11559086625173987,0.03886308130092442,0.25,340.3301614292732
0.20000000000000004,0.02364562179344271,0.20954006726291835,337.05469359301514
0.20000000000000004,0.023291323649623313,0.20320168011194878,337.04914400863186
0.2,0.017923645962041622,0.20540985524843547,336.18980882790896
0.2,0.011949097308027748,0.20745272401177747,335.3760661894677
0.2,0.011949097308027748,0.20104246760152106,335.42749318792966
0.18833761674085844,0.049999999999999996,0.21093154387156796,343.1703888174668
0.19399406900693691,0.049999999999999996,0.2147130293352369,343.05450612928956
0.18798813801387385,0.04999999999999999,0.21788759713201225,343.10476273877697
0.2,0.017720676077701975,0.19901310037105613,336.2110896277277
0.2,0.023088353765283662,0.19680492523456944,337.065220252999
0.2,0.017517706193362327,0.19261634549367682,336.22819673842923
0.1222678656001597,0.03889746230838808,0.25,340.3209701380745
0.16666666666666669,0.05,0.25,342.930802086984
0.16322798972587949,0.05,0.2453900109761598,343.0324132471788
0.19999999999999998,0.02273206387373019,0.18408381915579478,337.0926299321298
0.2,0.01718909680365388,0.1797620180445905,336.2612963161523
0.19999999999999998,0.017314736309022676,0.18621959061629748,336.24113016001337
0.1503447691146056,0.05000000000000001,0.2122571894887252,343.5416237041349
0.14738869408490407,0.05,0.2055626676352261,343.62590767010556
0.15377522541388328,0.05,0.20619791260414663,343.5741519404335
0.06238288394882709,0.02218509910138524,0.25,336.9318622564068
0.05790990626386332,0.02777325317749974,0.25,337.8883066060349
0.06459318378107928,0.027730418415656065,0.25,337.9150014241452
0.16241957432729415,0.0402080935700942,0.25,340.3975356105571
0.15798329877630077,0.04467890330035319,0.25,341.55608870751183
0.16443627555099338,0.045529190269741004,0.25,341.72334339829507
0.2,0.027812817671170345,0.24586599720222807,337.3944655994455
0.2,0.03333333333333333,0.25,338.4244377605698
0.2,0.034124979123350746,0.24522166635949705,338.65662927521606
0.1897382458102191,0,0.24148558531762104,334.0024192414271
0.18307157914355246,0,0.24148558531762107,334.0739098382055
0.1882024562384429,0,0.24574279265881055,333.96935279456665
0.17776960888432675,0.04552919026974101,0.25,341.5876247194073
0.18000000000000002,0.05,0.25,342.78986722308105
0.19486912290510955,0,0.2393325362485541,333.96824799220457
0.18973824581021914,0,0.23507532890736466,334.0741963034857
0.2,0.05,0.1794871794871795,343.245422590312
0.13596572080798194,0.02230999802459925,0.25,336.9602336245863
0.1407108552928532,0.016810353563536835,0.25,336.09746391437886
0.13376900970822336,0.016721875536483313,0.25,336.11824493215784
0.1819344121996306,0.05,0.24588594656694984,342.8290538379868
0.1886010788662973,0.05,0.24588594656694984,342.74478164243163
0.18666666666666668,0.05,0.25,342.70804360635515
0.2,0.02860446346118776,0.24108766356172512,337.60445831573816
0.10666666666666667,0.05,0.25,343.23886003901225
0.10333333333333333,0.05,0.24422649730810372,343.3289970097033
0.1888934148492192,0,0.20291338323862482,334.3824954222243
0.19444670742460962,0,0.2008156659782868,334.33460309026634
0.18889341484921923,0,0.1965031268283684,334.42960548272805
0.2,0.04452223966771507,0.17532204079621183,341.77609973121184
0.19999999999999998,0.03899460469445523,0.17111575099836795,340.42662407477735
0.2,0.03904447933543014,0.1775671585155006,340.4042887892512
0.16619633506987896,0,0.24041232833601056,334.24236834337853
0.16976483420160615,0,0.24520616416800528,334.1560720389662
0.1753618412561346,0.018477712144294393,0.25,336.0770054770806
0.16944747980228353,0.019358641853585816,0.25,336.2643261611443
0.17408021231833157,0.022702098022697917,0.25,336.74834209093314
0.14677170446150295,0.05,0.23897046772733105,343.25197618450926
0.15343837112816963,0.05,0.23897046772733108,343.2049622292502
0.20000000000000004,0.03402667902478669,0.19878532983897534,339.13266931696904
0.2,0.03935111934985779,0.20303637373880407,340.29619589868776
0.20000000000000004,0.0393511193498578,0.19662611732854768,340.3488244915095
0.18268116447477997,0.05,0.20715005840789902,343.27867622491505
0.18868709546784304,0.05,0.20397549061112366,343.22990401798603
0.16556873426138863,0.029994307521289475,0.25,338.14340513676973
0.16040287310359488,0.0348869968704474,0.25,339.1980141987158
0.1668558498782875,0.03573728383983521,0.25,339.3271074505544
0.19999999999999998,0.01896477386853147,0.22344892682258616,336.17605902265603
0.19999999999999996,0.01264318257902098,0.21947877172787794,335.3529825380891
0.19999999999999996,0.01264318257902098,0.22588902813813433,335.28936230744773
0.12454358697469088,0.027775261478198008,0.25,337.96686220222693
0.12674029807444945,0.03336338396631394,0.25,339.07200585520116
0.1312205863231107,0.027809642485661663,0.25,337.9484377134942
0.1901787471714215,0.026479398806655667,0.25,337.2226713736128
0.18590893522603374,0.020940238604115074,0.25,336.3395641200622
0.1846273062882307,0.025164624482518598,0.25,337.0548993463005
0.14005251889741815,0.05,0.23871173117176928,343.2964230453676
0.13333333333333336,0.05,0.23845299461620745,343.3344251372482
0.13671918556408483,0.05,0.232938228479873,343.3911092568232
0.20000000000000004,0.04047218046892372,0.2340330763087377,340.23970609847044
0.2,0.04523609023446186,0.23881140994924066,341.3782979145845
0.20000000000000004,0.045236090234461866,0.23240115353898425,341.46072734095173
0.17999457377218264,0.021821168313406497,0.25,336.544506308611
0.17871294483437963,0.026045554191810018,0.25,337.2752502268812
0.14022844605953438,0.05,0.22793880497323035,343.4341304747058
0.13701852099089915,0.05,0.2226806449110259,343.51300842144565
0.14373770655498397,0.05,0.2229393814665877,343.4718957044773
0.1781706571384524,0.05000000000000001,0.19062132489791728,343.4682049339005
0.1782141882923625,0.05,0.1843800856891078,343.51066223494746
0.18311770550958473,0.05,0.1877115267298358,343.4296576158388
0.18460736871532868,0,0.23722837797643162,334.1061273843581
0.17008440526988264,0,0.22451769009545436,334.37932263517513
0.16281959783307734,0,0.224154683706478,334.44302361773475
0.1660570502189479,0,0.22988658810524693,334.3589011711465
0.2,0,0.22435897435897437,334.06414212889854
0.1937921892525409,0,0.22701675333769988,334.11248088233776
0.2,0,0.23076923076923075,333.9992598594559
0.18,0,0.25,334.0029852019764
0.1764315008682728,0,0.24520616416800528,334.0958604074054
0.20000000000000004,0.040265948053210154,0.22807824037986868,340.26179160793356
0.08453700732554414,0.011075105617910135,0.24999999999999994,335.4437718004802
0.08226850366277207,0.005537552808955067,0.24999999999999997,334.84662501522564
0.07788712420736903,0.01106986781737865,0.25,335.42737042438097
0.19022146256083194,0.034049326159696094,0.25,338.7051267131413
0.19577290344402273,0.035364100483833164,0.25,338.9150158716921
0.19444855911680922,0.03201855900919626,0.25,338.229083381418
0.13815995500035885,0.011177409700006717,0.25,335.3790520986691
0.18939546618185768,0,0.18497127593894058,334.49846776194386
0.18409319927278653,0,0.18130306775456473,334.57721610453063
0.1838421736064673,0,0.18706899319927864,334.5462867210554
0.19999999999999998,0.04452223966771507,0.18814255361672463,341.6972498988993
0.2,0.044522239667715076,0.18173229720646825,341.73899715134024
0.2,0.012296139943524364,0.21346574786982772,335.3662928830196
0.19999999999999998,0.018617731233034854,0.2174359029645359,336.18417932955606
0.2,0.01827068859753824,0.21142287910648572,336.1887625979736
0.15185083117842918,0.028324083797569843,0.25,337.93057476436985
0.14710569669355794,0.03382372825863225,0.25,339.0675075051853
0.15394989632890227,0.034036709901059586,0.25,339.06568725947267
0.2,0.023992664428939325,0.21555309112096854,337.0581253243048
0.17553921776865344,0.04105838053948202,0.25,340.47532465004315
0.16887255110198676,0.04105838053948201,0.25,340.54409273816594
0.17110294221766006,0.045529190269741004,0.25,341.6590009000376
0.11666666666666667,0.05,0.23267949192431123,343.4689516427265
0.12000000000000001,0.05,0.23845299461620745,343.3838184639661
0.11333333333333334,0.05,0.2384529946162075,343.3992442633257
0.1943435477339215,0.05,0.19493646325427977,343.225504142043
0.18873062662175313,0.05000000000000001,0.1913239949920578,343.33123139873175
0.10890329407980237,0.022184798866384067,0.25,337.0192648557201
0.11562508497736734,0.022185968928233074,0.25,337.0086594061397
0.11338358232846363,0.016631057385731784,0.25,336.16728119824006
0.14290756639261176,0.02239847605165277,0.25,336.9389031416101
0.14765270087748303,0.016898831590590357,0.25,336.07045817490103
0.2,0.005974548654013874,0.20308533636486312,334.75857541867316
0.2,0.005974548654013874,0.1966750799546067,334.80644040301684
0.16929450260481843,0,0.23561849250401584,334.27028402890716
0.2,0.040059715637496586,0.2221234044509996,340.27950749956864
0.20000000000000007,0.03529580587195845,0.2237553272207531,339.1712144493924
0.1433858522307515,0.05,0.24448523386366555,343.19487831916973
0.2,0.005771578769674226,0.17745781225671453,334.90514614684867
0.20000000000000004,0.0446755596749289,0.2008771612283764,341.64014135410827
0.2,0.05,0.19871794871794873,343.1104523112853
0.20000000000000004,0.0446755596749289,0.19446690481812,341.69134516780656
0.12333333333333335,0.05,0.24422649730810372,343.2917352803549
0.11666666666666668,0.05,0.24422649730810375,343.3102740513056
0.2,0.02229230200900736,0.24173199440445614,336.4876677492086
0.2,0.02225726211561479,0.24586599720222807,336.42975497654265
0.1683200915500978,0.05,0.19019968202527077,343.5769874921261
0.17322360876732004,0.05,0.19353112306599873,343.5017346505913
0.16854590155227267,0.05,0.19504179713196446,343.53849240906624
0.2,0,0.23717948717948717,333.93038531555374
0.19486912290510955,0,0.23292227983829772,334.0385737951849
0.16317516501584378,0.05,0.23526525581598517,343.17394846340835
0.15984296711439305,0.05,0.229737563610207,343.2732494062469
0.16271225449696736,0.05,0.19814303337375674,343.5692143097688
0.156878607441662,0.05,0.201244269615549,343.59352812520933
0.15665279743948712,0.05,0.1964021545088553,343.6353027778091
0.19333333333333333,0.05,0.25,342.617920449633
0.18910623677735608,0.04647521159494428,0.25,341.7015692203704
0.1914603761092245,0.022255012928252143,0.25,336.4842044261177
0.18719056416383678,0.01671585272571155,0.25,335.6990448902738
0.14929993088593485,0.03935780660070639,0.25,340.296754079236
0.1513166321096341,0.0446789033003532,0.25,341.60723273251983
0.15596659755260153,0.039357806600706396,0.25,340.24774479554395
0.12902387522335212,0.02222151999754573,0.25,336.9753393858636
0.1773492127066879,0,0.22488069648443065,334.3090276904705
0.17332185765575317,0,0.23024959449422325,334.2921254534991
0.17411176032081738,0,0.21914879208566176,334.3948049115831
0.18914444051553844,0,0.1907372013836545,334.4656849306099
0.18359114794014805,0,0.19283491864399255,334.5120607210325
0.18243957011068943,0.04647521159494428,0.25,341.7853384844969
0.18487914022137883,0.04295042318988855,0.25,340.83763604303533
0.18020917899501612,0.042004401864685285,0.25,340.6563660969926
0.17505705831805624,0.05,0.23666596851926947,343.036992669636
0.18043014745847402,0.05,0.2371619041100595,342.9691007706997
0.17849573525884344,0.05,0.24127595754310968,342.93574573204285
0.0912323266764229,0.027721155529732377,0.24999999999999997,337.99160956576446
0.09344573452047625,0.033275404081165964,0.25,339.09865979352577
0.12666666666666668,0.05,0.23845299461620745,343.36221194951804
0.18137656775762268,0,0.2195117984746381,334.32099073982096
0.18866131215765045,0,0.22916980240676682,334.14874838938886
0.18353043506276,0,0.23132285147583376,334.1813244690116
0.16553787195926,0,0.20898630753753217,334.55945487856025
0.09000000000000001,0.05,0.24422649730810375,343.322580574129
0.09333333333333332,0.05,0.2384529946162075,343.40841756430444
0.19999999999999998,0.01750278218740674,0.23288163667865153,335.86131940322974
0.2,0.023083947799024777,0.23695366076395322,336.6754616671476
0.2,0.023814943639587142,0.23223730583592053,336.85300467182384
0.17648249326742782,0.006452880617861938,0.25,334.58886227969236
0.11782965185149741,0.011087761611104193,0.25,335.44058648671347
0.1201053732260286,0.01663222744758079,0.25,336.1529288318898
0.1943435477339215,0.05,0.2077569760747926,343.11683039886356
0.2,0.05,0.21153846153846154,342.996161499012
0.07561862054459695,0.0055323150084235825,0.25,334.8286416807946
0.14245573125059052,0.03914482495827906,0.25,340.2896147139615
0.181324404778492,0.03513407198499265,0.25,339.04542190107395
0.18467002167764118,0.032734551835559025,0.25,338.4974628698816
0.1800000604512785,0.03178853051035575,0.25,338.3570675061235
0.18386882439926122,0.05,0.24177189313389968,342.8645364583984
0.2,0.011181190897896253,0.23532173799419975,335.0117490859594
0.2,0.005590595448948126,0.23945574079197168,334.3720343437117
0.2,0.011181190897896253,0.2417319944044562,334.93771704563505
0.19526774553296394,0.05,0.24588594656694984,342.6522099068802
0.19526774553296394,0.05,0.2394756901566934,342.7430779386822
0.2,0.05,0.24358974358974358,342.6146721832394
0.2,0.05,0.22435897435897434,342.86093874767727
0.19399406900693691,0.049999999999999996,0.2275335421557497,342.9136131740256
0.19399406900693694,0.05,0.2211232857454933,342.9867901658818
0.2,0,0.25,333.78034644111267
0.19573018805461226,0.0055719509085705166,0.25,334.29613860698254
0.2,0.005555555555555555,0.25,334.2422325864792
0.11999999999999998,0,0.25,334.37291128107694
0.11555393047696622,0.005543295774627593,0.25,334.8517574033216
0.12227572137453119,0.005544465836476599,0.25,334.8360280016794
0.14255090029249434,0.005632943863530119,0.25,334.7623422091098
0.14666666666666667,0,0.25,334.2633713285374
0.13999999999999999,0,0.25,334.2990174761653
0.1356090547078645,0.005544465836476598,0.25,334.78779578292676
0.2,0.033873359017572865,0.19246097863758,339.1480625871399
0.2,0.028456031452865353,0.19459675009808272,338.04096919390054
0.09781524484015874,0.04442513469372199,0.25,341.72349864901724
0.1044620997925366,0.04443154065046221,0.25,341.72396822631794
0.10227734463269533,0.0388566753441842,0.25,340.34483766378435
0.13121810941572903,0.011088931672953196,0.25,335.39905703361757
0.1702223680169065,0.05,0.21512504952842812,343.3407332513081
0.16711898598912778,0.05,0.22007869251702578,343.3190850225571
0.162790757501065,0.05,0.2146333133225472,343.41701890598557
0.16000000000000003,0.05,0.25,342.9907189953764
0.20000000000000004,0.03570827070338558,0.2356649990784912,339.1220721018935
0.20000000000000004,0.03550203828767201,0.22971016314962212,339.14882808455695
0.2,0.030127105091767543,0.23159297499318948,338.01261511380767
0.19526774553296394,0.05,0.233065433746437,342.82731756563345
0.2,0.05,0.23717948717948717,342.7032182087137
0.15631838347355684,0,0.22334321252971825,334.4992217991551
0.1595558358594274,0,0.22907511692848717,334.41802344793274
0.1784261463592566,0,0.23078622298502852,334.2383608772393
0.0934242711358437,0.01661840139253773,0.24999999999999994,336.17439875955677
0.08680551098831622,0.016612658426865202,0.24999999999999997,336.1651935261279
0.08901891883236956,0.02216690697829879,0.24999999999999994,337.0137874766317
0.1530546214999069,0,0.2282636457517274,334.4720048059899
0.15629207388577743,0,0.23399555015049628,334.3892358544823
0.17296498653485567,0.012905761235723876,0.25,335.3426425994149
0.17887934798870678,0.012024831526432456,0.25,335.1770374107188
0.1957301880546123,0.011127506464126071,0.25,334.8828334474681
0.2,0.01111111111111111,0.25,334.8275885772848
0.2,0.005974548654013875,0.20949559277511953,334.7066397300364
0.1943870788878316,0.05,0.18869522404547032,343.2707796715891
0.18877415777566323,0.05,0.18508275578324834,343.37402695773636
0.1378057658076231,0.044465921657925865,0.25,341.6358034110402
0.14464996544296743,0.04467890330035319,0.25,341.6519023873018
0.2,0.02792400265111908,0.1625876600893198,338.12078735174384
0.19999999999999998,0.03346696972119538,0.16690946120052408,339.21085153699045
0.19999999999999998,0.03341709508022047,0.16045805368339144,339.2267321206355
0.12682716412359357,0.016633397509429795,0.25,336.13280122823784
0.12234687587493231,0.022187138990082074,0.25,336.9922787192575
0.08679274339049997,0.03326123704347171,0.25,339.0865535734835
0.10892419958507318,0.03886308130092442,0.25,340.3412783385174
0.1133862993776098,0.03329462195138663,0.25,339.09384654140325
0.10673944442523194,0.03328821599464641,0.25,339.10143476923776
0.1782569250604138,0,0.18985627018137904,334.5858175107905
0.1726716765143603,0,0.19264354716347942,334.6205704844683
0.17800589939409456,0,0.19562219562609295,334.5497640337367
0.19486912290510955,0,0.24574279265881052,333.89382559367857
0.19333333333333333,0,0.25,333.85991024611025
0.177089623576844,0,0.2144305562005733,334.40964084228636
0.1777441417489127,0,0.20746023807192943,334.46269172298014
0.17280267939606533,0,0.20934931392650852,334.4935586493552
0.10004303128337118,0.016624144358210254,0.24999999999999997,336.1779536932772
0.09563767897989704,0.022172649943971313,0.24999999999999994,337.021327949659
0.1707345954191824,0.02510161817213155,0.25,337.1880551579688
0.17536732793523047,0.028445074341243652,0.25,337.75111522896657
0.15319390635083796,0,0.238789385982491,334.3571204079558
0.14979085952625695,0,0.23318407897373655,334.44100038917617
0.1465272396841713,0,0.23878938598249103,334.39826461321917
0.11114479672870609,0.02773971040888535,0.25,337.99192759375825
0.20000000000000004,0.03508957345624488,0.21780049129188406,339.1892311963998
0.2,0.02971464026034041,0.21968330313545142,338.0624107416933
0.12000000000000002,0.05,0.25,343.21435383443446
0.11333333333333334,0.05,0.25,343.2296725822222
0.17332575004468523,0.05,0.2101714065398305,343.3576705162883
0.17367522877166983,0.05000000000000001,0.2032153532793862,343.4177088249171
0.1780034572597326,0.05,0.20866073247386474,343.3201248227318
0.2,0,0.21153846153846154,334.18152944961497
0.1944467074246096,0,0.20722592238854318,334.28482587060864
0.19379218925254088,0,0.21419624051718705,334.23366044639226
0.17306443704124716,0,0.19751127148067202,334.5832220356489
0.1681229746883998,0,0.1994003473352511,334.61320106755505
0.17345719756813405,0,0.20237899579786464,334.54348777884496
0.14993028650875231,0,0.24439469299124553,334.31254179910314
0.14326361984208566,0,0.24439469299124553,334.3509369755488
0.1845295600728648,0.05,0.23212594811016224,342.9846081687195
0.1858032365988918,0.05,0.23765783970084953,342.8963150843157
0.17850795072673303,0,0.1840903447366651,334.6185743712965
0.2,0.027777777777777773,0.25,337.33271114140103
0.19573018805461226,0.027794173130792736,0.25,337.39266871621635
0.18666666666666668,0,0.25,333.9341231663982
0.18153578957177624,0,0.24574279265881055,334.0395291107449
0.159115757486696,0.029144020551901663,0.25,338.0326411435515
0.17788279440642002,0.05,0.22609812092868492,343.1377127711289
0.1745505965049693,0.05,0.22057042872290672,343.23741111107364
0.18198220702081078,0.049999999999999996,0.2210621649287876,343.1469313274742
0.07571604458421816,0.02214750214007305,0.24999999999999994,336.98002926859897
0.0801556278701411,0.016607420626333715,0.24999999999999994,336.1503741083603
0.07350574475196599,0.016602182825802232,0.24999999999999997,336.129787979562
0.19999999999999998,0.0335168443621703,0.1733608687176567,339.1904802893793
0.19999999999999998,0.03356671900314521,0.17981227623478935,339.1656183778022
0.2,0.029367597624843794,0.21367027927740118,338.05450104917884
0.2,0.04502985781874829,0.2264463176101152,341.47814237721445
0.0866666666666667,0.05,0.25,343.2295353984424
0.0911485781734921,0.04442513469372199,0.25,341.7185114046782
0.08448191150682546,0.04442513469372199,0.25,341.7073393653327
0.2,0.029920872676053978,0.22563813906432045,338.0396977366645
0.18758437850508178,0,0.22326427590616899,334.2197245091261
0.18245350141019134,0,0.22541732497523592,334.25294558749925
0.13000000000000003,0.05,0.24422649730810375,343.26707318572596
0.16968396917763845,0.05,0.2361700329284795,343.0999907811245
0.2,0.022885383880944014,0.1904081703571901,337.0771228082487
0.19999999999999998,0.028302711445651524,0.1882723988966874,338.0564193909266
0.08236592770239329,0.022152739940604536,0.24999999999999994,336.9991747973509
0.08457933554644662,0.027706988492038124,0.24999999999999997,337.97825011610286
0.12006329872602964,0.03332900295885029,0.25,339.085922631959
0.1630981675349395,0,0.24520616416800528,334.2108435913295
0.16,0,0.25,334.17570977275994
0.09563048968031751,0.03885026938744398,0.25,340.34241317859096
0.08896382301365086,0.03885026938744398,0.25,340.3355366955909
0.19154580688804546,0.04295042318988855,0.25,340.7519211315082
0.18233168574779537,0.049999999999999996,0.2141061116683433,343.21585921528
0.07127646129829522,0.027687583653812388,0.25,337.9354825653055
0.06906616146604305,0.022142264339541567,0.25,336.9551170288162
0.20000000000000004,0.0450298578187483,0.2200360611998588,341.54978379105467
0.20000000000000004,0.04005971563749659,0.2157131480407432,340.34698740890906
0.17797878787934282,0.03753359213442629,0.25,339.6173361437979
0.1766544435521293,0.03418805065978939,0.25,338.89303965479024
0.2,0,0.1923076923076923,334.32665047317045
0.13666666666666671,0.05,0.24422649730810375,343.23620791783014
0.2,0,0.24358974358974356,333.85741417610603
0.2,0.005590595448948126,0.24586599720222807,334.29648445605284
0.17950308001182527,0,0.23669174948562638,334.1641180978423
0.09999999999999998,0.05,0.23845299461620745,343.4117155986881
0.163019573374737,0.05,0.22511464851692306,343.3005429770307
0.1596873754732863,0.05000000000000001,0.21958695631114486,343.3919530619244
0.06685586163379087,0.016596945025270746,0.25,336.103435139733
0.15651076921294232,0.05,0.22420987140442877,343.36663967371254
0.1533008441443071,0.05000000000000001,0.21895171134222433,343.4504043468771
0.07565784075369829,0.038821935312055474,0.25,340.29684984482765
0.08231083188367457,0.038836102349749727,0.25,340.31916150090893
0.08013975226052368,0.033247070005777465,0.25,339.0685108920419
0.07792634441647034,0.027692821454343874,0.24999999999999997,337.95895420504195
0.11,0.05,0.2442264973081037,343.32270117600325
0.09666666666666665,0.05,0.23267949192431123,343.48731627456874
0.19999999999999998,0.01706345729828508,0.17330444547288348,336.2772669068744
0.19999999999999996,0.011417518033979654,0.175381128864799,335.52685207013235
0.18239685472127892,0.0055719509085705166,0.25,334.4449725863638
0.17915647093244702,0.05,0.2316300125193722,343.05578393925646
0.2,0.044675559674928894,0.2072874176386328,341.5840266260354
0.2,0.05,0.20512820512820512,343.0557623623359
0.13333333333333336,0.05,0.25,343.16507590719175
0.156596953175419,0,0.2443946929912455,334.26869020248364
0.20000000000000007,0.029396109251205182,0.23630932992122222,337.81480429782573
0.20000000000000007,0.034916624913368166,0.24044333271899415,338.8891740556573
0.19999999999999996,0.018233778027969105,0.22816528175061884,336.018657674162
0.1631491599340945,0.006452880617861938,0.25,334.7057828849481
0.17330882665298014,0.03658757080922302,0.25,339.4529670149887
0.2,0,0.20512820512820512,334.23397382842643
0.18127620270998568,0.01759678243500297,0.25,335.8885783867904
0.2,0.05,0.23076923076923075,342.7851358293373
0.19999999999999998,0.00632159128951049,0.21550861663316973,334.6881393470754
0.19434354773392154,0.05000000000000001,0.2013467196645362,343.1736227276405
0.15969512071035846,0,0.23960085715925078,334.3023148350317
0.16279328824529793,0,0.23480702132725606,334.33233040105927
0.17326713992123016,0.05,0.1872898838571893,343.5463336642222
0.15012423788396315,0.05,0.22357462643550824,343.4223627203854
0.2,0.04523609023446186,0.24522166635949705,341.2892400833666
0.14510180058498867,0.011265887727060237,0.25,335.35282244202176
0.17812712598454233,0.05000000000000001,0.19686256410672676,343.4211996053425
0.15333333333333332,0,0.25,334.2222687607356
0.2,0,0.19871794871794873,334.2823475029449
0.18926181453990087,0.05,0.22982974513295595,342.9516716636909
0.07782892037684917,0.044410967656027735,0.25,341.6866951960112
0.19469773309092886,0,0.18863948412331644,334.4149458848238
0.14000000000000004,0.05,0.25,343.13113218366993
0.13816243190774052,0.02789812051271518,0.25,337.93278248701967
0.19154580688804546,0.03739486763433299,0.25,339.4224565844009
0.0912036739922108,0.011075105617910135,0.24999999999999994,335.45405122749696
0.19999999999999996,0.038944730053480314,0.16466434348123532,340.4444686963375
0.15673130044358477,0.05,0.21289243445764575,343.4865201968225
0.11786658762627106,0.027740880470734357,0.25,337.97929382364595
0.19999999999999998,0.024545939480149506,0.22752095090788782,337.0306107540618
0.19999999999999998,0.024339707064435938,0.2215661149790188,337.058020017112
0.1598346824713635,0.05000000000000001,0.20793879146904812,343.50874121124093
0.1957301880546123,0.02223861757523718,0.25,336.4283073397269
0.19573018805461226,0.016683062019681626,0.25,335.59299813339265
0.19146037610922453,0.01669945737269659,0.25,335.64720829230737
0.18889711823361846,0.03070378468505919,0.25,338.0359543175575
0.1859943660048547,0.03608009331019592,0.25,339.19803264645094
0.19999999999999998,0.02797387729209399,0.16903906760645243,338.10273839711607
0.19999999999999996,0.0280237519330689,0.17549047512358507,338.08019877852223
0.2,0.05,0.17307692307692307,343.28105120368406
0.19999999999999996,0.02260642436836139,0.17762624658408777,337.1090827304307
0.19999999999999996,0.0281493914384377,0.18194804769529205,338.06745933805934
0.16589413952884374,0.05,0.20967967033394955,343.4373737862759
0.1595821454472068,0,0.21842277930770912,334.5226513686719
0.1783529359867172,0.05000000000000001,0.20170467921342045,343.3784970427784
0.19999999999999998,0.022480784862992594,0.17116867401238078,337.1213399633146
0.2,0.01693781779291629,0.1668468729011765,336.2890419321794
0.2,0.0450298578187483,0.21362580478960239,341.6159641764464
0.19444670742460962,0,0.19440540956803037,334.380309605631
0.177653978532748,0.04999999999999999,0.21561678573430904,343.2556417245146
0.19053549106592788,0.05,0.24177189313389968,342.7778156840139
0.16851573521528665,0,0.2042680716524437,334.57274416102746
0.2,0.05,0.21794871794871795,342.9312806375688
0.18798813801387385,0.04999999999999999,0.22429785354226867,343.03421167340457
0.1832558835468378,0.049999999999999996,0.22659405651947492,343.06814691643893
0.1405277814863487,0.05,0.21768122140438323,343.5487367290398
0.1826487491057055,0.03847961345962955,0.25,339.7819337717004
0.1937921892525409,0,0.22060649692744347,334.1751335340599
0.18758437850508178,0,0.21685401949591257,334.28014754312767
0.13341729742286929,0.0333977649737776,0.25,339.0520962111296
0.14500663154308485,0.02811110215514251,0.25,337.9348539232749
0.17312264611842565,0.05,0.24078002195231965,343.00206121823953
0.1687717115544476,0.05,0.1998839122386582,343.4971691459559
0.17344941876949493,0.05000000000000001,0.19837323817269248,343.4611358277794
0.06680348361333147,0.03327573772992689,0.25,339.0268242392898
0.149217566959161,0.005632943863530119,0.25,334.7239992966147
0.2,0.02243091022201768,0.16471726649524815,337.14155728892507
0.17839865992098142,0,0.20048991994328555,334.5107524266564
0.19053549106592788,0.05,0.23536163672364327,342.86437731729296
0.2,0.016701706560059235,0.2458659972022281,335.5940965237952
0.2,0.01114615100450368,0.24586599720222807,334.88355556720455
0.17202171103608127,0.030844594490677286,0.25,338.2509354425836
0.2,0,0.21794871794871795,334.1248986589516
0.08000000000000006,0.05,0.25,343.2140678027515
0.07123724108919391,0.011064630016847165,0.25,335.40520233725084
0.15994717528996433,0.05,0.23987524483982536,343.1401393772205
0.1566663608540491,0.05,0.23436047870349092,343.24142679626294
0.12455144274906238,0.011088931672953198,0.25,335.42265798406635
0.1356115316152462,0.03893184331585173,0.25,340.2761247535267
0.09782243413973829,0.011080848583582662,0.25,335.45938223105844
0.16899752155662245,0.05,0.2047260273453519,343.4530177027955
0.10225643912742452,0.02217839290964384,0.25,337.0232181229776
0.1873187103320682,0.039425634784832825,0.25,339.94675989869626
0.1266666666666667,0.05,0.25,343.19281645744655
0.20000000000000004,0.028659001337205,0.20099350497546203,338.03009750498524
0.19999999999999998,0.00632159128951049,0.22832912945368256,334.563762586381
0.19469773309092886,0,0.17581897130280363,334.4868126121477
0.19469773309092886,0,0.18222922771306005,334.45292302215597
0.15081915038418175,0.05,0.19950339075064755,343.65484829275744
0.20000000000000004,0.0396805346789063,0.24522166635949708,339.90248558050774
0.2,0.040472180468923716,0.2404433327189941,340.1567648663596
0.13,0.05,0.2326794919243112,343.425783841924
0.20000000000000004,0.0290132994810244,0.2073318921264316,338.0444395996553
0.0734867611305474,0.03323290296808321,0.25,339.04453174920087
0.2,0.0055905954489481255,0.23304548438171524,334.443487635825
0.1882388966771505,0,0.20988370136726872,334.3338165711847
0.16248644449479244,0.05,0.19330091826706303,343.60934917759863
0.16293806449914222,0.05,0.20298514848045046,343.5262512618886
0.2,0.02222222222222222,0.25,336.37003669238766
0.16733745363462604,0,0.1896648987008659,334.6869574566568
0.1677302141615129,0,0.1945326230180585,334.65127216609807
0.15333416295259839,0.05,0.2288327864977127,343.3367972463005
0.2,0.05,0.1923076923076923,343.16023134586015
0.10666179143089867,0.01662988732388278,0.25,336.1758583272886
0.1033333333333333,0.05,0.2326794919243112,343.487407306601
0.18316123666349482,0.05,0.18147028752102634,343.4699732043019
0.1402614970582136,0.033610746616204924,0.25,339.0629771557376
0.1469143128153279,0.05000000000000001,0.2183164663733038,343.5026655692489
0.1439582377856264,0.05,0.21162194451980468,343.59053714886636
0.19999999999999998,0.00632159128951049,0.2219188730434261,334.62801383642307
0.2,0.05,0.1858974358974359,343.20514930437065
0.17292270218067954,0,0.18687762171876549,334.6551548220052
0.1466666666666667,0.05,0.25,343.0908021577981
0.16645597945175897,0.05,0.24078002195231962,343.06883717576153
0.16629831986818902,0.012905761235723876,0.25,335.40198834774293
0.1893954661818577,0,0.1785610195286842,334.5341756189061
0.15176846725165533,0.011265887727060237,0.25,335.3117827646593
0.16428161864448976,0.02425133120274374,0.25,337.0988541107754
0.1826856041017601,0,0.20557116221735033,334.428345826599
0.07999999999999999,0,0.25,334.3737531703642
0.10666666666666666,0.05,0.23845299461620745,343.4087797649334
0.2,0.016666666666666663,0.25,335.53641441352954
0.1820310859296914,0,0.21254148034599424,334.3771633717187
0.15588423362582765,0.005632943863530119,0.25,334.6801999639456
0.2,0.016771786346844376,0.23759799160668427,335.70404420985915
0.1590333935599222,0.012085824481392057,0.25,335.3591206461355
0.11110786095393244,0.011086591549255186,0.25,335.45273975205896
0.08666666666666668,0.05,0.2384529946162075,343.399225036027
0.0601202060961155,0.03331857249177056,0.25,339.00290305242856
0.12333333333333334,0.05,0.2326794919243112,343.4504580998694
0.15701669233622292,0.02343139444841192,0.25,337.0177446800784
0.16218255349401667,0.018538705099253996,0.25,336.204173678932
0.15491762718574986,0.017718768344922177,0.25,336.13955101685093
0.1335092604954496,0.05,0.22768006841766855,343.47202412574046
0.1497517660279561,0.0226114576940801,0.25,336.9321650695127
0.18334567735042767,0.02938901036092212,0.25,337.84505056898837
0.2,0.011291878528610858,0.16892355629309203,335.54236140274617
0.2,0.005645939264305429,0.17100023968500755,334.9243897867715
0.08333333333333337,0.05,0.24422649730810375,343.3102505121448
0.19999999999999998,0.04447236502674015,0.1688706332790792,341.795908390687
0.2,0,0.17307692307692307,334.4351270842554
0.10444119428726578,0.011086591549255188,0.25,335.4590629349112
0.19999999999999998,0.011912186738458615,0.230605383066167,335.15052415792275
0.08999999999999998,0.05,0.23267949192431125,343.4809913743981
0.18334012227382881,0,0.19860084408870646,334.4745381044617
0.10999999999999999,0.05,0.2326794919243112,343.4812644704951
0.09999999999999999,0,0.25,334.39817363783135
0.09560183699610539,0.005537552808955067,0.24999999999999997,334.86504459806474
0.10222059714363288,0.005543295774627594,0.25,334.8665013717586
0.2,0.016736746453451808,0.24173199440445617,335.6499731225717
0.053436928578899555,0.033361407253614236,0.25,338.97276818861707
0.10666666666666663,0.049999999999999996,0.22690598923241495,343.5564184761921
0.10999999999999997,0.049999999999999996,0.22113248654051867,343.6192573459007
0.11333333333333331,0.05,0.22690598923241492,343.5471538141098
0.050160095864764935,0,0.24420294572750884,334.31530329260573
0.04698685839619656,0,0.23840589145501767,334.3626611490991
0.043493429198098274,0,0.24420294572750884,334.27147987897314
0.1780575154011003,0,0.17130883631222416,334.6892013492015
0.17771993212993958,0,0.16475660213047919,334.7202258184087
0.17235941480057482,0,0.16786683905162858,334.7583060311533
0.027416974020085777,0.024820057114777333,0.25,337.12201124795797
0.021758559067253984,0.02349469310667484,0.25,336.838470010766
0.0232523344489236,0.029560843604865186,0.25,337.95076101480095
0.2,0.044472365026740165,0.16246037686882278,341.8238663051307
0.2,0.05,0.16025641025641027,343.33854334388434
0.2,0.044472365026740165,0.1560501204585664,341.8473544078577
0.1619964628391811,0,0.19760467010076035,334.6762178010829
0.16238922336606795,0,0.20247239441795295,334.63690942466746
0.11666666666666664,0,0.24422649730810372,334.45132855291763
0.11333333333333331,0,0.25,334.386663397522
0.11666666666666664,0,0.2211324865405187,334.70089922448557
0.11999999999999997,0,0.22690598923241495,334.6359760806646
0.12333333333333331,0,0.2211324865405187,334.6842811622095
0.15358909753708538,0.05000000000000001,0.18818219567982974,343.7209638965963
0.1580377710159389,0.05,0.19074155697344639,343.66703670002016
0.15220412396063357,0.05000000000000001,0.19384279321523865,343.6899442004035
0.2,0.04443216631252923,0.14963344232611003,341.8560331020476
0.2,0.03886433262505845,0.14542073080606624,340.48702406383705
0.2,0.03890453133926938,0.15183740893852257,340.4804507738237
0.1481250340131897,0.05,0.1885673569207943,343.75793195873285
0.05685169635469352,0,0.23255703124669,334.4859992127843
0.05365352506286322,0,0.23840589145501767,334.4036787213267
0.06002493382326189,0,0.23835408551918114,334.4381770437885
0.1430402710669918,0,0.21015720378042105,334.7024900936036
0.13616723533651937,0,0.2103031275929454,334.73521906943176
0.1394923067666724,0,0.21579528569614587,334.6714007536287
0.19999999999999998,0.01677007696452329,0.14760379815697994,336.32856426838157
0.19999999999999996,0.011180051309682193,0.14968458338670457,335.59516167303923
0.19999999999999998,0.016825990573987624,0.15401815640504546,336.31954021519556
0.13017592716211623,0.05,0.22190656572577228,343.5540683699582
0.1336851876575658,0.05,0.2169071422191296,343.5927600454348
0.015239198858463292,0.03956001991293895,0.25,340.010434029838
0.018395946330727875,0.03549031973117513,0.25,339.1188026247994
0.014437172023827223,0.03230517977852652,0.25,338.3983768089674
0.09999999999999998,0,0.23845299461620745,334.5361249968903
0.1033333333333333,0,0.2326794919243112,334.59936433385536
0.09666666666666665,0,0.23267949192431123,334.5993812207985
0.18872029963953624,0,0.16545655116519423,334.6020689220649
0.18872029963953624,0,0.1590462947549378,334.62543661430243
0.18308044945930435,0,0.1616463652093298,334.67750865303407
0.18341803273046509,0,0.16819859939107476,334.6483076606147
0.055624619052599716,0.03890760483574283,0.25,340.2223550076292
0.06230789656981567,0.03886477007389915,0.25,340.2499510863537
0.12666666666666665,0,0.22690598923241495,334.616635220113
0.12983076892222412,0,0.22127792048969316,334.66147959989365
0.1333333333333333,0,0.23845299461620745,334.46724582286447
0.12999999999999998,0,0.23267949192431123,334.5442573637251
0.12666666666666665,0,0.23845299461620748,334.4919614136055
0.06759959277014435,0.05,0.23997855071783275,343.31707671437624
0.07426625943681103,0.05000000000000001,0.23997855071783278,343.3438489827704
0.07046646305173887,0.05,0.2449892753589164,343.2574844449413
0.017530608231417902,0.05,0.24545320055089792,342.8284030907805
0.020899428563683903,0.05,0.23955370031122347,342.95261081930283
0.02336882033226602,0.05,0.24410049976032555,342.91582801861705
0.13316410225555744,0,0.2270514231815894,334.5910695621224
0.2,0,0.16666666666666666,334.4632238932304
0.19436014981976812,0,0.16926673712105866,334.52127506580536
0.03152305478486241,0.044070523873690065,0.25,341.30478761909774
0.026666666666666686,0.05,0.25,342.86273178556183
0.033333333333333354,0.05,0.25,342.9301256380651
0.13971519963683876,0,0.2046650456772206,334.7647110711312
0.13639012820668575,0,0.19917288757402016,334.8225846854514
0.13284216390636633,0,0.20481096948974495,334.7946900220272
0.12,0.05,0.22690598923241495,343.5317276177844
0.11666666666666667,0.05,0.22113248654051867,343.6069112636797
0.19999999999999996,0.022234214767616063,0.13908478931726462,337.17991166480306
0.19999999999999998,0.016680737921999242,0.13482963305818763,336.3366138847848
0.19999999999999996,0.016725407443261266,0.14121671560758378,336.33463090284454
0.16711174952568203,0,0.17720635021547396,334.7606483915681
0.17269699807173552,0,0.17441907323337358,334.7254580851582
0.16699889747121005,0,0.170977075972778,334.7917492912679
0.15147552462053035,0,0.19324559227711788,334.7815661429393
0.14752277528070318,0,0.18795326158830064,334.840615632821
0.14618345032780344,0,0.1935887092601542,334.8116264494409
0.07139938915521651,0.05000000000000001,0.23496782607674915,343.4008041812394
0.07759959277014433,0.05000000000000001,0.23420504802593653,343.43306357536096
0.1329948711777816,0,0.21564985174697138,334.70189291124484
0.13632820451111494,0,0.22142335443886763,334.63345069209043
0.14266097048929396,0.04999999999999999,0.18895251816175884,343.7904944150664
0.13979175925004278,0.04999999999999999,0.19438124178026764,343.7669377625953
0.1357126693025989,0.04999999999999999,0.1891058054858233,343.8279383939976
0.1033333333333333,0,0.2211324865405187,334.7176485196583
0.10666666666666663,0,0.22690598923241495,334.6581232703414
0.10999999999999997,0,0.2211324865405187,334.7120295983359
0.14319390635083795,0,0.23301588329059475,334.4807322996051
0.14635800860639542,0,0.22738781454787296,334.52251496964556
0.13976105543097644,0,0.2272196188647312,334.55944872534036
0.17839509867226103,0,0.17786107049396915,334.6539470229125
0.05125614988905733,0.027713613260771548,0.25,337.8368580440933
0.0557291275740211,0.02212545918465705,0.25,336.88626110959285
0.049075371199215116,0.022065819267928857,0.25,336.83498279952664
0.044966895147619874,0.02733033471659019,0.25,337.722085174748
0.1943512323705262,0.05000000000000001,0.16320640360348387,343.41236090958324
0.18870246474105237,0.05,0.16615639695055748,343.4791918941913
0.1887024647410524,0.05000000000000001,0.1597461405403011,343.5054443675049
0.1301673427701484,0.05,0.21100115265861547,343.66869556799077
0.1233247489413655,0.05,0.21022707347336186,343.70195082338324
0.126649497882731,0.05,0.20509516309810136,343.7384774049944
0.03637944290305813,0.03814104774738012,0.25,339.89901404624527
0.04266869764449559,0.038524326291561474,0.25,340.0410317307682
0.04085841909602465,0.03259485016525153,0.25,338.7219621737827
0.16283017521072196,0,0.1808722238690182,334.77618557820443
0.16294302726519397,0,0.18710149811171414,334.73905482439045
0.16722460158015404,0,0.1834356244581699,334.72571778003106
0.1133333333333333,0,0.23845299461620745,334.5249711383549
0.10999999999999999,0,0.24422649730810375,334.46240403355597
0.048400618947185045,0.05,0.24074167490285392,343.1937786098915
0.05260092842077757,0.05,0.23611251235428093,343.286231178225
0.05506728561385173,0.05,0.24074167490285395,343.2389832625511
0.05886708199892389,0.05000000000000001,0.23573095026177035,343.33032356377225
0.15013619966763062,0,0.1988810399489715,334.7502700247432
0.14326316393715818,0,0.1990269637614958,334.789403489894
0.1465882353673112,0,0.20451912186469626,334.72877985064173
0.024268248895949904,0.05,0.23365420007154902,343.0692612342322
0.018430036795101787,0.05,0.23500690086212145,342.98450591435954
0.19999999999999998,0.0055900256548410965,0.1517653686164292,334.98806060804486
0.2,0.011235964919146527,0.15609894163477012,335.58391288975184
0.1837556160016258,0,0.17475083357281973,334.6148768111135
0.16331728120539135,0.05,0.1816667499289109,343.6821146214751
0.16776595468424488,0.05,0.18422611122252752,343.6234837626984
0.16387141807124428,0.05,0.1876403207316541,343.63772111437476
0.09999999999999998,0.04999999999999999,0.22690598923241495,343.55945505125123
0.10888726381029956,0.005543295774627593,0.25,334.8617950529703
0.10666666666666666,0,0.25,334.39508418310675
0.19999999999999996,0.022278884288878087,0.14547187186666077,337.1759206711478
0.19999999999999996,0.02231908300308902,0.1518885499991171,337.1669731615023
0.04666666666666669,0.05,0.25,343.0438630702163
0.0511456428596332,0.04445380241787142,0.25,341.566178362531
0.04447897619296652,0.04445380241787141,0.25,341.51739823707265
0.1370099365989313,0.05,0.2117752318438691,343.628683692925
0.1334920917115139,0.05,0.20586924228335496,343.70247697125774
0.10666666666666663,0,0.23845299461620745,334.5333699831865
0.12333333333333334,0.05,0.22113248654051867,343.5883716987974
0.12,0.05,0.2153589838486224,343.6605368192049
0.1133333333333333,0.049999999999999996,0.2153589838486224,343.6759643215644
0.1440459440657458,0.05,0.18329192062634997,343.8202512868854
0.13858188054185008,0.049999999999999996,0.18367708186731452,343.8498148309556
0.14044039289820898,0.05,0.20571595495929051,343.66769114626425
0.030035486998932683,0.05,0.24410049976032555,342.98683667414525
0.03670215366559935,0.05,0.24410049976032555,343.0508311295808
0.048957952385933035,0.03890760483574282,0.25,340.1781525364532
0.04459639500624859,0.010945350183390776,0.25,335.2493319172756
0.04896486416979095,0.005472675091695388,0.25,334.69743441141
0.04229819750312429,0.005472675091695388,0.25,334.6521181586241
0.12997424682409653,0.05,0.19996325272284088,343.77011656403823
0.1369225480107916,0.05,0.1998099653987764,343.7386914581098
0.07639634258366057,0,0.23252877689144844,334.5671504771909
0.07306300925032724,0,0.2383022795833447,334.4929342768401
0.07986483795849694,0,0.23837763709977608,334.5119449153445
0.2,0.038944730053480314,0.15825408707097893,340.4694035492664
0.09666666666666662,0.04999999999999999,0.2211324865405187,343.6253316528068
0.0933333333333333,0.049999999999999996,0.22690598923241498,343.556257758172
0.09033195060210442,0.049999999999999996,0.22192570468155143,343.61075881305095
0.08318189864435413,0,0.22189876785315765,334.69320002729194
0.07977284796653122,0,0.2165084058175809,334.7361959916834
0.07638006993618443,0,0.22182341033672626,334.67680244943807
0.08651523197768747,0,0.2161252651612614,334.75390559229686
0.12666666666666668,0.05,0.22690598923241495,343.51012070637046
0.06319817129183027,0,0.24415113979167233,334.385662428542
0.06639634258366056,0,0.23830227958334466,334.46775564758
0.04689459250937289,0.016418025275086165,0.25,335.96714245491734
0.05126306167291525,0.010945350183390776,0.25,335.29333516780986
0.1585486008957619,0,0.18453809752256242,334.78806370220104
0.12666666666666665,0,0.25,334.35372981973137
0.13,0,0.24422649730810375,334.4128975266796
0.12333333333333332,0,0.24422649730810375,334.43484605272283
0.18905788291069697,0,0.1720087853469392,334.57023719902645
0.15942274459239075,0.05000000000000002,0.18508095943803748,343.6946944107781
0.06379979638507219,0.05,0.24498927535891638,343.2271554091723
0.06000000000000003,0.05,0.25,343.1310402656274
0.05753364280692588,0.05,0.24537083745142696,343.18725295835185
0.09333333333333331,0,0.23845299461620745,334.5333716010704
0.08999999999999998,0,0.23267949192431123,334.593889698218
0.08666666666666664,0,0.23845299461620748,334.5252006451709
0.06666666666666665,0,0.25,334.32913027495846
0.06986483795849693,0,0.24415113979167236,334.4133824573781
0.09999999999999998,0,0.22690598923241495,334.66088095832913
0.1233333333333333,0,0.2326794919243112,334.5663210225521
0.19436014981976812,0,0.16285648071080222,334.5470073164117
0.2,0.03329649893758768,0.14120801928602245,339.2535575817779
0.2,0.02774302209197086,0.13695286302694545,338.15283379512744
0.19999999999999998,0.027787691613232884,0.1433399455763416,338.15091844227993
0.08999999999999998,0,0.24422649730810375,334.4625608458585
0.08333333333333331,0,0.24422649730810375,334.451821802553
0.14973688396050328,0,0.21103303498427547,334.6560474976281
0.03867764040618242,0.026947056172408838,0.25,337.60241542656485
0.17280985012620753,0,0.18064834747606953,334.6922213095003
0.020000000000000018,0.05,0.25,342.78832373296603
0.019197973165363945,0.042745159865587565,0.25,340.8359507000334
0.016041225693099365,0.046814860047351387,0.25,341.8577162084072
0.12966979974762854,0,0.21015769364377093,334.7630283442111
0.07653150462516362,0,0.24415113979167236,334.4358024990747
0.04510277261278438,0.05,0.23484217466317947,343.2492023993021
0.017593919496091806,0.028235479596762692,0.25,337.63687950726404
0.016987902334762724,0.02289800877366002,0.25,336.68817381569596
0.18873831125835777,0.05,0.1724144481617747,343.4486747439604
0.19435123237052618,0.05,0.16961666001374026,343.38374418494715
0.1399302865087523,0,0.23862119029934925,334.4354116774981
0.2,0.05,0.15384615384615385,343.36058469640966
0.1943512323705262,0.05000000000000001,0.1567961471932275,343.4365078225026
0.10333333333333328,0.04999999999999999,0.2211324865405187,343.6254013387946
0.15328484826082267,0,0.2053949530685507,334.67986839061155
0.056826762531431596,0,0.24420294572750884,334.353620007062
0.2,0,0.16025641025641024,334.4872685562782
0.2,0.00564593926430543,0.16458998327475116,334.9515145136775
0.2,0.00564593926430543,0.15817972686449472,334.9745870946561
0.029712776236391465,0.038141047747380113,0.25,339.8367465494493
0.02485638811819574,0.04407052387369006,0.25,341.2364498444018
0.09999999999999995,0.049999999999999996,0.21535898384862245,343.6882130583023
0.10666666666666662,0.04999999999999999,0.21535898384862243,343.68518973459686
0.05333333333333331,0,0.25,334.2632529898614
0.04666666666666665,0,0.25,334.22213043400023
0.06899117408703162,0.038821935312055474,0.25,340.27133348812816
0.06449558704351582,0.044410967656027735,0.25,341.6335029936036
0.0711622537101825,0.04441096765602774,0.25,341.6632040735253
0.16276314433953842,0.05,0.1756931791261677,343.7223945554503
0.16721181781839195,0.05,0.17825254041978433,343.66586646014565
0.03008783820957834,0.014013120126499135,0.25,335.51106992382023
0.026725225473052224,0.009342080084332755,0.25,334.92125619098204
0.025317181477087083,0.013416435793484314,0.25,335.3904959679823
0.14387084919748666,0.05,0.19965667807471196,343.7002687010163
0.10666666666666665,0,0.21535898384862245,334.76951970609247
0.11333333333333331,0,0.21535898384862245,334.76111317431753
0.012082451386198713,0.04362972009470278,0.25,340.97176754055323
0.011280424551562642,0.03637487996029034,0.25,339.22957621634725
0.13666666666666666,0,0.24422649730810375,334.38549919367796
0.06020210525898488,0.016537305108542552,0.25,336.0636814080467
0.03456916435458719,0.032211571621070176,0.25,338.5892138481085
0.11999999999999997,0,0.23845299461620745,334.5112344931165
0.1328434580633477,0.049999999999999996,0.19453452910433205,343.80137230502515
0.17766005142650956,0.05,0.1784065148863646,343.55395441999553
0.038189721451529074,0.044070523873690065,0.25,341.36611119370104
0.057916818047721245,0.011004990100118971,0.25,335.33876490578206
0.053548348884178885,0.01647766519181436,0.25,336.01825051310817
0.02405436128355967,0.03681568373927763,0.25,339.475992950752
0.08733056787087555,0.049999999999999996,0.21694542013068785,343.6605249716528
0.08399723453754224,0.05,0.2227189228225841,343.5904872807676
0.040000000000000015,0.05,0.25,342.9905052904757
0.06895195387793028,0.005532315008423582,0.25,334.8054685253536
0.17212301967221885,0.05,0.16908469104048565,343.6645800209498
0.1775883583918987,0.05,0.16589041246393016,343.618999603266
0.1776242049092041,0.05,0.17214846367514738,343.58862987073945
0.12894238804119784,0.005544465836476598,0.25,334.8146367957823
0.05563153083645761,0.005472675091695388,0.25,334.73724396501956
0.12317236415873775,0,0.21001225969459647,334.78561027350287
0.12634472831747554,0,0.2046655355405705,334.8198164139697
0.08659094932217706,0,0.22728912988873443,334.6457645961368
0.09333333333333331,0,0.22690598923241495,334.6581302367934
0.08992428265551039,0,0.22151562719683818,334.70823764792704
0.021954568740560967,0.008745395751317938,0.25,334.8105595476598
0.062285287211263606,0.0055323150084235825,0.25,334.7769953827731
0.06457057442252724,0.011064630016847165,0.25,335.3785174805019
0.0508669761402592,0.05,0.24537083745142696,343.1444845301752
0.09366528393543774,0.04999999999999999,0.21615220198965515,343.6772183612413
0.07298729190583765,0,0.22713841485587166,334.61311995343044
0.07978912061400736,0,0.22721377237230303,334.6323197291225
0.06322310511509219,0,0.2325052253108535,334.5180337175576
0.047147673837462094,0.03297812870943288,0.25,338.84981362061893
0.14618891966018388,0,0.2166711169000003,334.62742702170794
0.15288553255369536,0,0.21754694810385472,334.57784389338894
0.03307538897291758,0.02614542112287983,0.25,337.4091157578946
0.03158161359124796,0.020079270624689484,0.25,336.3830677831318
0.11999999999999998,0,0.21535898384862245,334.7471951900147
0.1429251576865339,0,0.2215915501220094,334.59931509112977
0.1496217705800454,0,0.22246738132586383,334.55207314334154
0.009374559026432692,0.046814860047351387,0.25,341.7727519570879
0.08666666666666666,0,0.25,334.38706030107573
0.1268425938287829,0.05,0.21613306303387603,343.6300267421564
0.1495100075896415,0.05,0.1829067593853854,343.7862821370123
0.0376046168047912,0.05,0.23357183697207806,343.2031802229405
0.040902463139191866,0.05,0.2394713372117525,343.1530781282329
0.03340430733119868,0.05,0.2382009995206511,343.10338424913573
0.19999999999999998,0.027827890327443816,0.14975662370879794,338.1442107445387
0.19999999999999998,0.027868089041654744,0.15617330184125428,338.1330291122536
0.10999999999999997,0,0.23267949192431123,334.5938390373886
0.1133333333333333,0,0.22690598923241495,334.64978050694367
0.18308954362888397,0.05,0.1689541850985919,343.53922634059575
0.05781230952629988,0.04445380241787142,0.25,341.6084456999659
0.14223070098797624,0,0.18829637857133696,334.8682282270697
0.13931041459733098,0,0.19373463307267855,334.84745050180607
0.0211525419059249,0.018157222283572166,0.25,335.99443174083075
0.016381885173433645,0.01756053795055735,0.25,335.85766172230564
0.13333333333333333,0,0.25,334.3290985514275
0.1831253901461894,0.05,0.17521223630980912,343.5067526315575
0.07333333333333332,0,0.25,334.354091716231
0.02336261273652611,0.004671040042166378,0.25,334.4184315112223
0.019999999999999993,0,0.25,334.00259588454105
0.018591956004034852,0.0040743557091515595,0.25,334.3176121804156
0.07713312971840555,0.05000000000000001,0.2449892753589164,343.2816035232745
0.07333333333333339,0.05,0.25,343.1926019144793
0.03999999999999999,0,0.25,334.17550117896275
0.017183912008069707,0.008148711418303119,0.25,334.69852796126634
0.2,0.016881904183451958,0.16043251465311098,336.30636610312814
0.2,0.01129187852861086,0.16251329988283564,335.56851404758305
0.04420030947359253,0.05,0.24537083745142696,343.095203313975
0.15886860772653782,0.05000000000000002,0.17910738863529427,343.73698515440645
0.09666666666666665,0,0.24422649730810372,334.46813291427475
0.15626271151684928,0,0.2006767171834622,334.69608471257266
0.15941136011004134,0,0.20719063030304144,334.6221566224533
0.2,0.033376896366009545,0.1540413755509351,339.24014787556024
0.028910749401755396,0.030886207612967682,0.25,338.26820579508245
0.053333333333333365,0.05,0.25,343.0907080619335
0.2,0.02218954524635404,0.13269770676786846,337.17981900593554
0.09333333333333332,0,0.25,334.39520045689807
0.08893517032943873,0.005537552808955067,0.25,334.85841829408986
0.08046646305173885,0.05,0.23921577266702015,343.37430217426646
0.06133343919199804,0.05,0.24036011281034336,343.28098068073496
0.010863941564751229,0.05,0.24545320055089792,342.7441210608453
0.008394549796169113,0.05,0.24090640110179584,342.775654566218
0.015061216462835786,0.05,0.24090640110179584,342.8635947429661
0.1033333333333333,0,0.24422649730810372,334.468148183334
0.1488621002336029,0,0.18231781391644705,334.8662133864534
0.15281484957343008,0,0.18761014460526432,334.8094708313879
0.15415417452632982,0,0.1819746969334107,334.8339840900887
0.15586995098996242,0,0.1958089928662696,334.73424455887596
0.15720927594286216,0,0.190173545194416,334.76284984541235
0.09666666666666665,0,0.2211324865405187,334.7176385991672
0,0.05,0.25,342.51933465255735
0.004197274898084556,0.05,0.24545320055089792,342.65079988722965
0.006666666666666672,0.05,0.25,342.61803682304077
0.01259182469425367,0.05,0.23635960165269382,342.89389868952253
0.13659695317541895,0,0.23284768760745297,334.51515129112136
0.18305369711157857,0.05000000000000001,0.1626961338873747,343.5673943314164
0.13827795164814907,0,0.18300404788251973,334.9200753576296
0.14357002594087598,0,0.18266093089948338,334.8949104756337
0.1353576652575038,0,0.1884423023838613,334.90074286664924
0.042786116457777655,0.0216825407237475,0.25,336.7283916288344
0.02592319863841616,0.018753906616586984,0.25,336.1298668162847
0.05999999999999998,0,0.25,334.29886884654655
0.2,0.033336697651798614,0.14762469741847878,339.249089695941
0.17271300305537723,0.05,0.18131631305444607,343.59122789203235
0.17215886618952428,0.05,0.17534274225170288,343.6320085467175
0.15643349685401475,0,0.21190886618812993,334.6039955052545
0.2,0,0.15384615384615385,334.5072610733985
0.14674006043673787,0.049999999999999996,0.19422795445620317,343.72550556900035
0.19436014981976812,0,0.15644622430054583,334.5686874210906
0.16160370231229423,0,0.19273694578356773,334.7131403695138
0.11666666666666663,0,0.2326794919243112,334.5828482471067
0.020546524744595823,0.012819751460469495,0.25,335.2685870690733
0.06666666666666671,0.05,0.25,343.16492606877125
0.19999999999999998,0.02237499661255335,0.15830290824718263,337.1563402546544
0.06959451387549086,0,0.232453419375017,334.5451485036606
0.08079841365384328,0.05,0.22846198542426033,343.51493504053127
0.07779703092261442,0.05000000000000001,0.22348170087339678,343.56534254503833
0.013333333333333345,0.05,0.25,342.7076998498436
0.08379979638507215,0.05,0.23344226997512388,343.45979263974726
0.0869986172687711,0.05,0.22769920737344768,343.53810677572136
0.02673764066453202,0.05,0.2382009995206511,343.03577499067524
0.2,0.05,0.16666666666666666,343.3120321796425
0.08319817129183027,0,0.2326041344078798,334.5833975420434
0.1549740711135372,0.05000000000000001,0.18252159814442082,343.7479073813362
0.03010646099679802,0.05,0.23230149928097665,343.1481646491406
0.12951709247621332,0,0.1993188113865445,334.8498136114153
0.0027078923597660203,0.046814860047351387,0.25,341.678748562088
0.005415784719532041,0.043629720094702784,0.25,340.8824629210369
0.1264974355888908,0,0.21550441779779692,334.72715772337347
0.0651332355770702,0.05000000000000001,0.23534938816925977,343.368514564777
0.1584357488412899,0,0.17830882327986647,334.8235648864548
0.13243737886685858,0,0.1938805568852029,334.87732228457776
0.16665768095253902,0.05,0.17227896961704114,343.7041355844677
0.07459821003891547,0.05000000000000001,0.22922476347507298,343.48623297560573
0.16271732315624995,0,0.17464294962632224,334.80948662018125
0.09325761598884372,0,0.21574212450494193,334.76597852351557
0.015775868012104566,0.012223067127454676,0.25,335.1453432270932
0.08099585180631336,0.05,0.21773863827172057,343.63813288953685
0.05048028759429485,0,0.2326088371825265,334.4490449893405
0.00812367707929806,0.04044458014205417,0.25,340.130477729404
0.2,0.016636068400737218,0.1284425505087915,336.3345132142022
0.09999999999999998,0,0.21535898384862245,334.7724147853394
0.0027078923597660203,0.04125930449179584,0.25,340.2530635918934
0.008572532191796621,0.0340044643573834,0.25,338.68000349869317
0.011729279664061204,0.029934764175619577,0.25,337.8930510412479
0.005864639832030602,0.03163404875447646,0.25,338.1555153264747
0.06385588764258772,0,0.22296783549422927,334.61904682862405
0.07011797878938608,0,0.22239562291547776,334.6503768510114
0.0672486656729345,0,0.2176528309750839,334.6842798729119
0.2,0.02770329131511238,0.12416808264417088,338.15270739106563
0.2,0.0332567681607292,0.12842323890324786,339.2581133997009
0.20000000000000004,0.03323690277229996,0.12203084871186058,339.2539164930394
0.1717363740454285,0,0.16197563206349325,334.7871029919248
0.1657528159609174,0,0.15919466199650728,334.84870678789315
0.16637585671606372,0,0.16508586898464264,334.82195888697976
0.03671690593941335,0.05,0.21352217384893457,343.42411256553896
0.0360013995435753,0.05,0.22070673132810711,343.34181411263444
0.031537473788474116,0.05,0.21793238432263157,343.32931214640166
0.03899414357298374,0.010143715133861766,0.25,335.1153554553194
0.03669594606985944,0.0046710400421663785,0.25,334.5350245534741
0.033391892139718896,0.009342080084332757,0.25,334.9802141350933
0.037183865024512805,0.020880905674218492,0.25,336.55631213511805
0.03569008964284319,0.014814755176028146,0.25,335.66425895912244
0.06035379199864062,0,0.22776243337045962,334.5544079481496
0.08278170366485295,0,0.21030118577178436,334.7981465087015
0.0895240876760092,0,0.20991804511546489,334.8131005999718
0.17713748008037258,0.05,0.15979581503373133,343.6491291616042
0.04382252953983253,0,0.23235672320196077,334.40788676693785
0.040329100341734245,0,0.23815377747445193,334.31889363031934
0.1029138933948021,0,0.20940680517401664,334.82386833316326
0.10582778678960422,0,0.20345462649941082,334.87067789738313
0.09918036508196758,0,0.2035827257845396,334.8717427429673
0.12259195504561099,0,0.19871335686596467,334.87687355586695
0.12603622494081873,0,0.19354127796384396,334.903086488911
0.11911108751021643,0,0.19293582344326413,334.9267864181615
0.14416398843975228,0,0.17064590240757146,334.9531760183447
0.1471070068355539,0,0.16446682967009735,334.9623508584901
0.1411737868800116,0,0.16605713350768447,334.98893370555305
0.02483309579399512,0.05,0.22861309873507873,343.1380970844193
0.030821967392636068,0.05,0.22511694180180414,343.24222549726346
0.15415517085719393,0.05000000000000002,0.16748329101223064,343.83678687632454
0.1502606342441933,0.05000000000000002,0.1708975005213572,343.8494410738096
0.14790391580952136,0.05000000000000001,0.16508545170982536,343.89327477172895
0.08579055936317469,0,0.20409396572598784,334.855064720626
0,0.033288858411723216,0.2448323755310262,338.4860365149186
0,0.038844413967278765,0.2448323755310262,339.7113367402703
0,0.03888888888888889,0.25,339.64874880818564
0.10899304758893519,0.05,0.19796435789359657,343.8439829221788
0.11598678066732229,0.05,0.19863065617001133,343.8262889479029
0.11266203172595678,0.05,0.20376256654527183,343.7888975152378
0.2,0.011092854153865492,0.11768084642130724,335.612495486821
0.2,0.005545356133579073,0.11973726042600742,335.017796799397
0.2,0.011090712267158145,0.12408990546739945,335.61488017375314
0.2,0.005545356133579074,0.12614751683626385,335.0190454813519
0.18295966744382317,0.049999999999999996,0.15038589078297104,343.61036306971283
0.18860843507329697,0.04999999999999999,0.1474358974358974,343.54454049981587
0.18865544990717467,0.05,0.15359101898809924,343.52701071149687
0.11249445345627089,0,0.20345462649941082,334.86296652276957
0.10958056006146877,0,0.20940680517401664,334.81856510623305
0.11239655053568856,0.05,0.19284280317605432,343.8792739126216
0.1196557648043439,0.05,0.2044288648216866,343.76715153266827
0.11633101586297838,0.05,0.2095607751969471,343.72774881424647
0.2,0.011090712267158147,0.1305001618776559,335.6133731237755
0.17111333329028217,0,0.15608442507535789,334.81243825789784
0.2,0.03886433262505846,0.13901047439580985,340.49876899717134
0.20000000000000004,0.03327663354915844,0.13481562909463518,339.25799376261386
0.15974522650417833,0,0.16291578688374908,334.88306362342433
0.00541578471953204,0.03807416453914723,0.25,339.53665806181516
0.11939028361407568,0.05,0.19350910145246908,343.85862645174285
0.16036826725932465,0,0.16880699387188444,334.8546026136584
0.11566681761500866,0,0.19810790234538483,334.89788351139487
0.1121859500796141,0,0.1923303689226843,334.94443635848813
0.1096643491963117,0.049999999999999996,0.20956077519694713,343.73978625999536
0.2,0.027705433201819726,0.11775902359807866,338.150534960653
0.011925289337368188,0.004074355709151559,0.25,334.2470553043193
0.01333333333333333,0,0.25,333.9338756254594
0.13187679772210925,0,0.1826647689611608,334.95019362241396
0.12888659616236858,0,0.1780760000612738,334.98686557494796
0.12547564379606946,0,0.18232549003980186,334.9751647480044
0.15261735267886525,0.05000000000000002,0.17670954933288902,343.80098527701193
0.011729279664061204,0.024379208620064017,0.25,336.87692591347815
0.005864639832030602,0.020522937643365345,0.25,336.17668299265074
0.005864639832030602,0.026078493198920902,0.25,337.1016111009671
0.0523219640664005,0,0.22321822678698594,334.55654614218497
0.0558240597103476,0,0.2184236289107556,334.62239034087537
0.050661544894559055,0,0.21862221426767578,334.5904698496109
0.04050169119614963,0,0.22316469816334036,334.47814109138307
0.03550435231352876,0,0.2275085967020848,334.39611064361725
0.042162110367991085,0,0.22776071068265058,334.44426435971684
0.2,0.01664249406085926,0.10921537337051485,336.32320001990325
0.2,0.022173963631339492,0.11348719848429675,337.1736294696077
0.2,0.022184046121244295,0.1070849469932104,337.16563005490053
0.03016900447696929,0,0.24395083174694307,334.170198048225
0.023502337810302625,0,0.24395083174694307,334.10985789736094
0.026666666666666658,0,0.25,334.06566611795444
0.16530504601796062,0.049999999999999996,0.15399517732644463,343.79288565558755
0.1712212630491666,0.049999999999999996,0.15689549618008797,343.7242929363279
0.16575592432948674,0.04999999999999999,0.16008977475664346,343.76742177798866
0.0715813975355156,0.05,0.2127108555369608,343.65895008268393
0.06831887730061893,0.05,0.2075146258958895,343.69554552372824
0.07447081133652003,0.05,0.20734617898957794,343.721760565554
0.1595046692818142,0.05,0.1576919354542382,343.8329845446151
0.011123262502732123,0.019041737796961347,0.25,336.01480883631643
0,0.044444444444444446,0.25,341.0137695713899
0.2,0.04443216631252923,0.13681292950559726,341.88094718809384
0.20000000000000004,0.03884446723662922,0.13261808420442256,340.50135425605305
0.01086652727529418,0,0.24528252466774425,333.96450454565644
0.006666666666666665,0,0.25,333.8597338701338
0.2,0.0221696798579248,0.1263053165764812,337.17957296478664
0.2,0.016638210287444565,0.12203349146269926,336.3348989590277
0.09047464468617314,0.05,0.21084591893087612,343.7274901796321
0.0027078923597660203,0.03570374893624029,0.25,338.967922939662
0.004197274898084556,0.05,0.23263268773038512,342.82531289012974
0.004197274898084556,0.05,0.23904294414064153,342.7413678206508
0,0.05,0.23717948717948717,342.70305504056955
0,0.02773330285616766,0.24483237553102621,337.3935945443677
0,0.03324438349011309,0.2396647510620524,338.5445094516652
0.030029279403192773,0.0046710400421663785,0.25,334.4794455999846
0,0.04439996952283433,0.23842211912076977,341.1655674534594
0,0.03879993904566865,0.23325449465179598,339.85223417089867
0,0.04439996952283433,0.23201186271051338,341.2473307593914
0.004199860608627514,0,0.24528252466774422,333.8882255879893
0,0,0.25,333.7801706185644
0.2,0.02772315670354162,0.13056047283555816,338.15492886497094
0.1020942584767697,0,0.19763054710993377,334.9164234804834
0.04564475744961573,0.05,0.2190708678598856,343.44130913520036
0.047963481106669675,0.05,0.22475141602468404,343.3950356082175
0.04046532529867649,0.05,0.2234810783335826,343.3502562894318
0.09626647168716546,0,0.2095349044591454,334.8224180218473
0.17709689137479326,0,0.15886539514234382,334.7476101442399
0.033333333333333326,0,0.25,334.123301216095
0,0.0055555555555555575,0.25,334.24241348751923
0,0.009898111565874293,0.2451228726840512,334.75017700803477
0,0.011111111111111115,0.25,334.82774019625845
0.17167214136069273,0.05,0.16299009361028682,343.69649621835936
0.1059953650592901,0.049999999999999996,0.20376256654527186,343.7975449043759
0.09980704328038041,0.049999999999999996,0.20425449213816813,343.7956694412269
0.10280472581002548,0.05,0.19845628348649283,343.84505984692834
0.2,0.02772559818162933,0.10495452061590596,338.13624136352064
0.2,0.027715515691724528,0.11135677210699232,338.1455134108077
0.2,0.03325706775210956,0.10922634572968788,339.24557862563046
0.055913968846721715,0.05,0.2301563345664057,343.38399770664574
0.05922700927266587,0.05,0.22420015677853047,343.47523161414773
0.062180122424868034,0.05,0.22977477247389513,343.42476282106486
0.07634381049980143,0,0.21107105448688593,334.7751749408935
0.13870707822729644,0.049999999999999996,0.1728788962037335,343.91247901199444
0.14168922563107383,0.049999999999999996,0.1774798718148181,343.87010359643625
0.1355997331380727,0.04999999999999999,0.17907610625622988,343.894088594425
0,0.027688827934557535,0.23966475106205237,337.45130883380875
0,0.03319990856850297,0.2344971265930786,338.5996911731842
0.06844627600301435,0.05000000000000002,0.22939321038138455,343.45962655094144
0.1322975485286677,0,0.17382651008274574,334.995265429476
0.13823076848421,0,0.17223620624515862,334.97656789724954
0.1352405669244693,0,0.16764743734527163,335.0108222059375
0.03683567114363595,0,0.24395083174694307,334.2251030638163
0.12895651133146402,0,0.18810302346250235,334.92868410120803
0.10299768252964502,0.04999999999999999,0.20956077519694716,343.74562161641717
0.2,0.01113538178842017,0.13688724442705202,335.613184230245
0.04278404895573044,0.05,0.22916162649838107,343.302438907038
0.050282204763723616,0.05,0.23043196418948247,343.3433429558923
0.2,0.03882460184819997,0.12622569401303527,340.49962297118606
0.047159449250611954,0,0.22341681214390613,334.52231832675386
0.10874168018440636,0,0.197502447824805,334.91284347799905
0.09042808225220611,0.05,0.19944013467228539,343.8310606635209
0.09361872150147071,0.049999999999999996,0.2047464177310644,343.78840963377553
0.08728400543690852,0.05,0.20553963587209712,343.772797159362
0.01372151849034411,0.05,0.22627739897975319,343.0338984884129
0.018994883693147006,0.05,0.2299657995256511,343.05481690015256
0.01315667159229889,0.05,0.23131850031622353,342.9656848109214
0.1258963946026279,0,0.1734872311613868,335.0203081236448
0.188608435073297,0,0.14102564102564102,334.67113071290896
0.1829126526099455,0,0.14423076923076925,334.72748508601575
0.188608435073297,0,0.14743589743589744,334.6591010141587
0.19430421753664848,0.049999999999999996,0.15064102564102563,343.4561378635019
0.027004675620605257,0,0.23790166349388614,334.21203005601205
0.021035531752263477,0,0.23923335641468732,334.140770087916
0,0.008685112020637473,0.24024574536810234,334.67554774570476
0,0.01424066757619303,0.24024574536810236,335.33233089278883
0.1943042175366485,0,0.14423076923076925,334.59970467319624
0.1943042175366485,0,0.15064102564102566,334.58569300995305
0.010517245341403043,0.013704266973858674,0.25,335.2708853573326
0.18302451717618473,0,0.1558411665498096,334.6974063773179
0.1829685848930651,0,0.15003596789028942,334.71406518831174
0.17704095909167364,0,0.15306019648282365,334.76585827310043
0.1263840166924628,0.05,0.19417539972888384,343.83105084575965
0.12298051374570941,0.05,0.1992969544464261,343.80166682852274
0.07120829110162337,0.05,0.2021499493485066,343.7561371085645
0.07761488815181761,0.05,0.20124667778976618,343.7869954793693
0.09253294337433093,0,0.20371082506966837,334.86726330255317
0.19999999999999996,0.011180051309682193,0.14327432697644815,335.60891168419187
0.2,0.0055900256548410965,0.1453551122061728,335.0029324274892
0,0.027777777777777787,0.25,337.3325890396991
0,0.03333333333333334,0.25,338.42427236294463
0.06254004969861003,0.05,0.21824397899065529,343.559932900731
0.056908285615611925,0.05,0.21851960861373204,343.52500744409474
0.08087740838671428,0.05,0.2064429074308375,343.75022078870103
0.07773333157141671,0.05,0.21254240863064927,343.6824258258782
0.025548602189833167,0.05,0.22142854125590622,343.2290461906612
0.07484391777041224,0.05,0.21790708517803212,343.6173964449743
0.0716450968867133,0.05,0.22365014777970832,343.54167111042483
0.06869198373451113,0.05,0.2180755320843437,343.59132978203894
0.0966164040311158,0.05,0.1989482090793891,343.8407524273757
0.005258622670701521,0.015185466820262674,0.25,335.40115452989556
0.07351075681973286,0,0.2170806183963324,334.7126901442781
0.13528775008840838,0,0.17841527898263274,334.9592850954714
0.16620680264101287,0.049999999999999996,0.1661843721868423,343.7378384209487
0.16040642590486648,0.05,0.16988113031463586,343.7737404805707
0.041180831694514544,0.05,0.21629652085441012,343.4347407450875
0.012599581825882545,0,0.2358475740032327,334.0917189828766
0.008399721217255029,0,0.24056504933548845,333.99207504276
0.015066387883921693,0,0.24056504933548847,334.0650697065249
0.2,0.03326715024201437,0.10282409423860153,339.2350339457635
0.17105740100716255,0,0.1502792264158377,334.82903679133506
0.1651297752057711,0,0.15330345500837195,334.871992994008
0.005258622670701521,0.009629911264707115,0.25,334.72457381104516
0.010517245341403043,0.008148711418303117,0.25,334.6261344681554
0.02453786956256611,0,0.2331841881616304,334.2410883145834
0.018568725694224325,0,0.23451588108243157,334.1686238553775
0.2,0.044432166312529234,0.14322318591585365,341.8706762328712
0.07008171935300309,0,0.21164326706563744,334.74927846499077
0,0.04439996952283432,0.2448323755310262,341.07718128358516
0.11624722672813544,0,0.20940680517401664,334.80775042677476
0.019559730591192225,0.05,0.22492469818918082,343.121555442038
0,0.05,0.24358974358974358,342.6145062785345
0.12255535740542417,0,0.18776374454114342,334.9514781965729
0.07291477303307167,0,0.20563370315619098,334.80962969362304
0.0694857355663419,0,0.20019635182549606,334.83956024987214
0.06665268188627331,0,0.20620591573494249,334.7813425892229
0.18866436735641662,0,0.15324109609541764,334.6438882708756
0.13212243917096517,0.04999999999999999,0.18331795249186628,343.8843977902487
0.1518051186294045,0,0.1761387411789729,334.8807286790805
0.030507013430907892,0,0.23185249524082924,334.3091123604941
0.03367134228727192,0,0.23790166349388614,334.26964012432677
0.15995554759334035,0.05,0.16378653288443706,343.80542225231346
0.12279378656082907,0.05,0.18838754673492686,343.88621311014066
0.005258622670701521,0.004074355709151559,0.25,334.17107693197914
0.2,0,0.12820512820512822,334.5472653119866
0.2,0,0.13461538461538464,334.54325651202976
0.2,0.005545356133579074,0.13255777324652027,335.01628755638455
0.051276521532613833,0.05,0.21879523823680885,343.4854661889179
0.12925322793171398,0.04999999999999999,0.18874667611037507,343.86006914401145
0.15651188929186588,0.05,0.17329533982376244,343.7891970648046
0,0.05,0.23076923076923075,342.7849809386624
0.004762121796129776,0.05,0.2275915863939148,342.89496577828817
0.008959396694214333,0.05,0.22945504335506917,342.93233831186177
0.017533193941960845,0,0.24528252466774425,334.0353620070797
0.04129234107610804,0.015616390225557154,0.25,335.8162831361548
0.12930734696892704,0,0.16923774118285878,335.0280163596435
0.17698502680855402,0,0.14725499782330348,334.78086748867094
0.08413992862161095,0.05,0.21163913707190884,343.70848790136745
0.2,0.044412300924099986,0.11760002649369712,341.880433663227
0.2,0.05,0.11538461538461539,343.40001254947214
0.2,0.044422383414004785,0.11119777500261077,341.8758193570834
0.2,0.00554749802028642,0.1133282013799152,335.012641680707
0.12914029176718778,0.05,0.17871697688078167,343.92572761665815
0.03225298018431216,0.05,0.21074782684345905,343.40942459655486
0,0.01666666666666667,0.25,335.5361507447821
0.18300668227770087,0.05,0.15654101233517287,343.590896978401
0.2,0.03882460184819997,0.11981543760277885,340.4984016444161
0.2,0.038834684338104775,0.1134131861116925,340.4950726488525
0.1943042175366485,0,0.13782051282051283,334.609721188247
0.2,0,0.14102564102564105,334.5352531806783
0.11941959088687322,0,0.20406008101999065,334.84441646283153
0.2,0.05,0.14102564102564105,343.3912951774344
0.2,0.05,0.13461538461538464,343.4000921545457
0.18291265260994546,0.049999999999999996,0.14423076923076922,343.6257926053517
0.020275236987030272,0.05,0.2177401407100083,343.2093928063989
0.02626410858567122,0.05,0.2142439837767337,343.31302109791824
0.2,0.022171821744632145,0.11989625753038897,337.178679621993
0.12963543833051794,0.05,0.16987415503406067,343.9716081940251
0.13261758573429533,0.049999999999999996,0.17447513064514528,343.9346863821149
0.1261581443634104,0.05,0.17411600126969706,343.96338146728806
0.13572493082351908,0.05,0.1682779205926489,343.9511784517731
0.05748447888218905,0,0.22301964143006575,334.58742830306113
0.05398238323824195,0,0.22781423930629613,334.52012157364635
0,0.03879993904566864,0.23966475106205237,339.7706334571275
0.2,0,0.14743589743589747,334.52325470113453
0.11907448987002962,0,0.1819862111184429,334.9949887344009
0.0759236287313934,0,0.19942648311039446,334.86728412993466
0.07935266619812317,0,0.2048638344410894,334.8349774175583
0.15370429254566778,0.05000000000000001,0.16138869358203178,343.86644758332886
0.1447965707202976,0.05,0.17128266176232176,343.8845902433608
0.12248544223632876,0,0.17773672113991487,335.0092989152306
0.03528589314773725,0.05,0.22789128880727966,343.2525414607451
0.17709046524649488,0.05,0.15364069348152953,343.6707071163809
0.009524243592259552,0.05,0.22441394201859885,342.99948537273286
0.14715328915496956,0.05000000000000001,0.17709471057385356,343.8377472396256
0.2,0.05,0.14743589743589744,343.3781260247224
0.15311459629229296,0,0.16074570478285555,334.9381822265525
0.15373763704743926,0,0.16663691177099088,334.9114698027325
0.008394549796169113,0.05,0.23449614469153945,342.86161880708306
0,0.015453667121429851,0.2451228726840512,335.4327738558386
0.0454990300787705,0,0.21882079962459594,334.5552037037915
0.08879941506149643,0,0.19788674568019132,334.9069506274571
0.09544683676913307,0,0.19775864639506255,334.91445919696935
0.04881986842245341,0,0.22801282466321632,334.48693208860357
0,0.004342556010318736,0.24512287268405117,334.1906640000153
0,0.022222222222222227,0.25,336.3698818336449
0.06098657452613615,0,0.21822504355383543,334.65096517758496
0.01428636538838933,0.05,0.2212362976432829,343.0985397219968
0.1494560627324792,0,0.17030278542453514,334.9235176018811
0.14651304433667758,0,0.17648185816200926,334.91167253549474
0.053595245189667774,0.05,0.22447578640160729,343.43744151045286
0.1711742482152889,0.04999999999999999,0.15074037462788614,343.7439461988966
0.08236152189644491,0,0.1986566143952929,334.8897475891297
0.11920355642919533,0.05,0.18259969374096985,343.93560335718126
0.12566299780008025,0.049999999999999996,0.18295882311641806,343.9129939656573
0.14122097004395068,0,0.17682497514504558,334.93908418472455
0,0.020964747755375282,0.23995524821507738,336.29730453369336
0,0.022177747300612102,0.24483237553102621,336.430128691008
0.12268085039630289,0.05,0.17835784750533346,343.95137985500673
0.19999999999999998,0.0055900256548410965,0.1389448557959164,335.0138090987412
0.188608435073297,0.049999999999999996,0.14102564102564102,343.5577280725942
0.1943042175366485,0.05,0.14423076923076925,343.4715023140474
0.1943042175366485,0.05,0.13782051282051283,343.4824945889921
0,0.01975174821013846,0.23507812089912855,336.16741430227233
0.06549316285081219,0.05,0.2238185946860199,343.51266945743873
0.15608669294436456,0,0.17247286752542867,334.8694951776894
0.17704345041261718,0.04999999999999999,0.14748557192932768,343.6882485154847
0.11563021997482185,0,0.1871582900205636,334.97181811062217
0.11580005348244195,0.05,0.18772124845851207,343.9098140576225
0.2,0.016640352174151912,0.11562443241660705,336.33112789426144
0.08402148520201186,0.05,0.20034340623102576,343.811969997688
0.09680936075073532,0.04999999999999999,0.21005270078984342,343.74079376536935
0.15912218574903203,0,0.15702457989561375,334.90806293839177
0.2,0.033246985262204765,0.11562859722077423,339.2518728080558
0.06542946349961448,0.05,0.21287930244327238,343.63014412111704
0.2,0.044412300924099986,0.13042053931420994,341.8816815250214
0.06381962820620474,0,0.21221547964438894,334.7184775651272
0.037164771485370215,0,0.232104609221395,334.3612425573224
0.14181442331652022,0.05,0.16668168615123713,343.9250673110077
0.2,0.03884476682800958,0.10701093462060615,340.48749315584723
0.06672520075903929,0,0.22771062743462314,334.5837746039826
0,0.026475828389320714,0.23478762374610357,337.2890374081228
0.2,0.01109499604057284,0.11127178737521502,335.60595399029694
0.2,0,0.11538461538461539,334.5432630911336
0.2,0,0.1217948717948718,334.5472675050212
0,0.01302766803095621,0.23536861805215353,335.23482185563273
0.17721687014659399,0,0.1282051282051282,334.80223225923675
0.17152108768324248,0,0.13141025641025642,334.8543237308902
0.17721687014659399,0,0.1346153846153846,334.79826920196064
0.1533008457707366,0,0.15385601881055525,334.95886953450577
0.14729325631399753,0,0.15757714369779705,334.9857256344121
0.027266831330605742,0.05,0.2013734727251811,343.4437840218348
0.032542503899573846,0.05,0.20444077994822088,343.47086694316175
0.026977307615344056,0.05,0.20768051962041928,343.38451656602774
0.16559346188185103,0,0.14084474141304706,334.89533262023957
0.15954027856551561,0,0.14390553712565102,334.9378722533607
0.16536161854381107,0,0.1470740982107095,334.88556439438366
0.07355205252131315,0.05,0.19646359865130927,343.81275993380376
0.06866964443296508,0.05,0.19743512255068352,343.7851066576208
0.2,0.03886837033413453,0.08773918897770863,340.436428412624
0.2,0.044434185167067264,0.09194651756577739,341.83058589021516
0.2,0.04443418516706727,0.08553626115552099,341.8056772044079
0.1829126526099455,0,0.13141025641025642,334.74309039868575
0.1357542116468838,0,0.15639642161885398,335.04977348133644
0.13007781405254878,0,0.1523612175932323,335.08499430728676
0.12982099169134154,0,0.15798672545644113,335.0691530568113
0.024958151709243905,0,0.22789229776795844,334.30062997774723
0.030896562639615634,0,0.22460324487107408,334.38695786097543
0.021991158761637642,0.05,0.19830616550214133,343.41091207843897
0.021701635046375956,0.05,0.2046132123973795,343.3538195134317
0.2,0.005547498020286421,0.1069179449696588,335.00326109536917
0.2,0.005547498020286421,0.10050768855940238,334.98984906845675
0.2,0,0.10256410256410256,334.5232516271334
0.01940928998757992,0,0.22393210029508764,334.2865969454376
0.01898900784090212,0,0.2292239906887596,334.2290434464119
0.188608435073297,0,0.11538461538461539,334.678874978922
0.188608435073297,0,0.10897435897435898,334.67088013315407
0.1829126526099455,0,0.11217948717948718,334.7370320916553
0.12995881384955973,0.05,0.16432402076512234,343.9958543521831
0.13604830634256088,0.05000000000000001,0.16272778632371057,343.97412561255106
0.188608435073297,0.05,0.08974358974358976,343.5047671520447
0.1829126526099455,0.05,0.09294871794871795,343.5903641242523
0.18291265260994552,0.05000000000000001,0.08653846153846156,343.5660506417526
0.2,0.05,0.08333333333333334,343.3120325541165
0.2,0.04443418516706727,0.0791260047452646,341.7762867152198
0.10846516419716569,0,0.18612678880086353,334.9889793112712
0.15348709524918022,0,0.14696633283825494,334.97485435145524
0.15930843522747568,0,0.15013489392331344,334.9260627783764
0,0.008685112020637473,0.23383548895784595,334.747987310611
0,0.004342556010318736,0.23871261627379475,334.2654223076928
0,0.004342556010318736,0.23230235986353837,334.3361264200946
0.188608435073297,0,0.1282051282051282,334.6828453952705
0.1829126526099455,0,0.125,334.7450232566153
0,0.04454547129639714,0.2193393142581054,341.43082829217394
0,0.03909094259279427,0.21431965415723647,340.13069552714285
0,0.04454547129639714,0.21292905784784902,341.4964423499599
0.12364361233167714,0,0.16716727193747502,335.0557861067531
0.12023265996537802,0,0.17141676191600308,335.0465114639848
0.11823670005563452,0,0.15947129482888245,335.09928405304584
0.11231614305717741,0,0.16302633344670753,335.0978767085134
0.11797987769442728,0,0.1650968026920913,335.0790728897097
0.13637168186160264,0.05,0.15717765205477222,343.9936233073893
0.142137798835562,0.05,0.16113155188229877,343.9467154744057
0.020988436016703114,0.05,0.2111766765536939,343.2843029476821
0.014999564418062172,0.05,0.21467283348696853,343.17686453645365
0.177216870146594,0.05,0.13461538461538464,343.7084363966498
0.17721687014659404,0.05000000000000001,0.12820512820512822,343.7128615668898
0.1829126526099455,0.05,0.1314102564102564,343.6433423438779
0.09757932253706111,0,0.1788917074593427,335.0344750113591
0.09108919650885107,0,0.1809590039525471,335.0185944177767
0.09465268671187288,0,0.18522338686629225,334.99709057489315
0.013860428265915936,0,0.21997190282221687,334.26701326356556
0.019798839196287665,0,0.2166828499253325,334.3589791224586
0,0.0336364138891914,0.21571025046662393,338.89873521106796
0,0.03349091211562859,0.22197254250877546,338.80363499198086
0,0.0276422569473553,0.21716315406720677,337.6936183020066
0.01571276344773501,0.05,0.20810936933065413,343.2497957753769
0.010237442621932394,0.05,0.21144022145202807,343.14623277832936
0.15970777167232236,0.04999999999999999,0.1508460588885132,343.85293430404573
0,0.03334541034206578,0.22823483455092702,338.70395364601967
0,0.027351253400229678,0.2296877381515099,337.507169908339
0.2,0.005555146845306129,0.08124706883631977,334.92568980407225
0.2,0,0.08333333333333334,334.46317877184873
0.2,0.005555146845306129,0.08765732524657618,334.95133081342885
0.2,0.044371788298881075,0.07274765741320223,341.7261602091362
0.2,0.04437178829888107,0.06633740100294581,341.6877325170512
0.2,0.03874357659776215,0.0685722379033275,340.31085245435634
0.1829126526099455,0.05,0.13782051282051283,343.63674379355297
0.18291265260994552,0.05000000000000001,0.125,343.64558825632645
0.20000000000000004,0.04441230092409999,0.12401028290395354,341.8832232111967
0.07995864957150739,0.05,0.19556032709256888,343.84088303455695
0.08230241099119717,0.05,0.18987397639537154,343.8901395135393
0.08636524662170164,0.05,0.19465705553382845,343.8631222828241
0.05481523018260212,0,0.19700049799833133,334.79344801680514
0.05697327298236645,0,0.20110755745418415,334.7751050935358
0.06107146147458984,0,0.19654489518398727,334.82968594809165
0.10502089430195793,0,0.19129886770298424,334.95902482647597
0.0888020922794523,0.05,0.18788359524681558,343.9174593334148
0.2,0.05,0.12820512820512822,343.404396853666
0.188608435073297,0.05,0.13461538461538464,343.56649002326697
0.07879803169342309,0,0.19439223148154774,334.9115373127076
0.036283450730944244,0,0.21301009596257447,334.53981084157203
0.031286111848323375,0,0.2173539945013189,334.45950234152764
0.035893901522236496,0,0.22025934633232963,334.47061125255925
0.005475320825802617,0.05,0.2082076094170876,343.1099821866242
0.010950641651605234,0.05,0.20487675729571367,343.21710143970694
0.09773861922545807,0.05,0.17911975381124673,343.9827235901011
0.1014900953466171,0.05,0.18540128850536333,343.94308159338306
0.09530177356770742,0.05,0.1858932140982596,343.9383984833261
0.2,0.05,0.10256410256410257,343.37806740939965
0.1943042175366485,0.05,0.10576923076923075,343.4713684758872
0.1943042175366485,0.05,0.09935897435897437,343.4560800389285
0.1597721219035556,0,0.13767618032798856,334.9458785538253
0.1537189385872202,0,0.1407369760405925,334.9849019010482
0.04089124040485737,0,0.21591544779358518,334.5492968087856
0.09905324968886645,0.05,0.19217474879237623,343.89503161142187
0.10864507441452952,0.05,0.18656126848193771,343.93012370243554
0.10489359829337049,0.05,0.18027973378782108,343.9743685996602
0.1120485773612829,0.05,0.18143971376439547,343.9586618553535
0.2,0.05,0.12179487179487182,343.4043703186415
0.19430421753664853,0.05000000000000001,0.125,343.4911788261645
0.19430421753664853,0.05000000000000001,0.11858974358974361,343.4889591160476
0.17128924434520254,0,0.14404986961817529,334.84058522006126
0.10976203922974928,0.05,0.17496761331974084,344.0002032719531
0.2,0.011094996040572841,0.10486153096495862,335.595182830834
0,0.05,0.21153846153846154,342.99597567951884
0.004762121796129777,0.05,0.214771073573402,343.035782527259
0,0.05,0.21794871794871795,342.9310511582949
0.188608435073297,0,0.1346153846153846,334.67894465355823
0.1943042175366485,0,0.13141025641025642,334.6155898137419
0.004199860608627514,0,0.2388722682574878,333.9624058598302
0.004199860608627514,0,0.23246201184723142,334.0325319363955
0,0,0.23717948717948717,333.9302705241862
0.1598811914062992,0.04999999999999999,0.14438612798482656,343.8672102046124
0.16565188548591422,0.049999999999999996,0.1410753155190713,343.820962598981
0.16547846575193742,0.04999999999999999,0.14753524642275795,343.8091867757
0.10130010841950952,0,0.18509528758116348,334.99956867092925
0.009524243592259554,0.05,0.21800368560834246,343.0699705414183
0.004762121796129776,0.05,0.22118132998365841,342.96807768230434
0.1943042175366485,0,0.09935897435897437,334.5855172678642
0.1943042175366485,0,0.10576923076923078,334.59959364456927
0.1715210876832425,0.049999999999999996,0.13782051282051283,343.76713209522654
0.1713476679492657,0.04999999999999999,0.1442804437241995,343.7578017954773
0.188608435073297,0,0.08333333333333334,334.59854502583124
0.1829126526099455,0,0.08653846153846154,334.67263265004107
0.188608435073297,0,0.08974358974358974,334.6226548760695
0.1943042175366485,0.05,0.13141025641025644,343.4890673021364
0.18860843507329703,0.05000000000000002,0.12820512820512822,343.5708993360634
0.17152108768324248,0,0.13782051282051283,334.84833047426764
0.165825305219891,0,0.13461538461538464,334.9012976715758
0.07523454149040129,0,0.19012784856780257,334.92987392534815
0.08167243465545279,0,0.189357979852701,334.952202241109
0.07810894445243098,0,0.18509359693895586,334.96964838152877
0,0.05,0.22435897435897434,342.86071957800937
0,0.04454547129639713,0.2257495706683618,341.3598071753264
0.05855024020176863,0.05,0.21276026417394875,343.59454802307823
0.1943042175366485,0,0.08653846153846155,334.54545247979377
0.1943042175366485,0,0.09294871794871795,334.5675102369797
0.04723836728263991,0,0.21306825317257336,334.6190000658473
0.04263057760872678,0,0.21016290134156262,334.6123729599373
0.2,0.022191694946264003,0.1006448400906406,337.15283273047976
0.2,0.027733247006649038,0.09851441371333616,338.1219439157294
0.05414021930229787,0,0.2071171213636306,334.7119480445098
0.05071704169037873,0,0.20156316026852822,334.7354629461824
0.06322950427435417,0,0.2006519546398401,334.8098041947657
0.16582530521989103,0.05,0.13461538461538464,343.8282131254305
0.08473925664894782,0.05,0.18310051610835865,343.9420301037755
0.09123893793720295,0.05,0.1811101349598027,343.96556718192045
0.025347700917951646,0,0.22064304739820328,334.37574381649836
0.2,0.0444223834140048,0.10478751859235436,341.8641339752203
0.2,0.03884476682800958,0.10060067821034974,340.47291801851037
0.2,0,0.07692307692307694,334.43515584240413
0.2,0.005554183934070786,0.07489619351663704,334.8960932136281
0.06732769276657756,0,0.1960892923696432,334.8609808332545
0.17721687014659399,0,0.14102564102564102,334.79039294574756
0.13594046112532743,0,0.14950673564655367,335.0679579205165
0,0.013903093041865171,0.23026873245755983,335.4018832429879
0,0.009560537031546435,0.22873560336325224,334.89831769059356
0.038358860525570054,0.05,0.20776282940915128,343.4947156240776
0.044464740866827945,0.05,0.2047778319748435,343.57334643880995
0.04282278628067124,0.05,0.2105371764146268,343.50632280061257
0,0.02749675517379249,0.22342544610935833,337.6026846686099
0,0.0216481000055192,0.2186160576677896,336.64005522521165
0.2,0.011109330779376914,0.07922018542987987,335.51235064001787
0.2,0.011108367868141572,0.07286931011019715,335.48107530059104
0.07236013852837159,0,0.1951621001966493,334.8865112147959
0.2,0.05,0.09615384615384616,343.36056400842307
0.2,0.04442238341400479,0.09837726218209794,341.8480947060635
0.188608435073297,0.05,0.09615384615384615,343.52682810895794
0.188608435073297,0.05,0.10256410256410255,343.54447568429686
0.1829126526099455,0.05,0.09935897435897435,343.61026422517745
0.048977704486509316,0,0.20731570672055077,334.67908647997757
0.052400882098428456,0,0.2128696678156532,334.6530639210231
0.1295641693301343,0,0.16361223331964997,335.0501604075968
0.13549738928567656,0,0.16202192948206282,335.03187354300644
0.2,0.03885656858107205,0.09416993359402918,340.4569268248799
0.06516964996681324,0,0.19198223291379038,334.8800901651596
0.05756339691421702,0,0.21267108245873304,334.683782121644
0.013440146119238138,0,0.2252637932158888,334.2114479286778
0.11691701829766171,0.05,0.17612759329631522,343.980305836322
0.17152108768324253,0.05000000000000001,0.13141025641025644,343.7737365232578
0.032832027614835536,0.05,0.1981337330529827,343.52745813059056
0.2,0.005555146845306129,0.09406758165683259,334.97296319012986
0.2,0,0.08974358974358976,334.4871930686379
0.2,0,0.09615384615384616,334.5071987327715
0.03864838424083174,0.05,0.2014557825139131,343.55367027904265
0.08459907048064103,0,0.18302630044575147,334.9969855411666
0.2,0.027693490733352456,0.07292370182894997,338.00961731630656
0.2,0.02214682283368931,0.06869389060032242,337.0125622790163
0.2,0.022209219701875504,0.07507223793238478,337.05789003020095
0.03802278793481365,0,0.20725754951055186,334.6021667818198
0.03167566105703112,0,0.2101047441315637,334.52674580215086
0.188608435073297,0,0.10256410256410257,334.65878027410577
0,0.03894544081923146,0.22699220260964442,339.960603615284
0.188608435073297,0,0.09615384615384616,334.6427434883982
0.10740386955047199,0,0.16831479145091927,335.08257188746535
0.1096566518214227,0,0.17463475067483106,335.05097283910305
0.11456892532812814,0,0.16934629267061932,335.0682318401719
0.057449844505931685,0.05,0.20191187280985934,343.6891137435313
0.05057062120808585,0.05,0.20179283454053576,343.64531704075216
0.0549111978372734,0.05,0.19719704601203628,343.7128075967844
0.19430421753664853,0.05000000000000001,0.08653846153846155,343.4119741120257
0.19430421753664853,0.05000000000000001,0.08012820512820515,343.38319481306894
0.2,0.022199343771283714,0.0942047331880708,337.1358574812577
0.2,0.027745048759711517,0.09208366909701562,338.1043879868758
0.06039645059428559,0,0.20666151854928655,334.7491168399282
0.2,0.03880597346594834,0.07495058523538987,340.36196728434294
0.2,0.03886837033413453,0.08132893256745224,340.40863586647225
0.02573725012665939,0,0.2133937970284481,334.44555663532043
0.12419498175091857,0.05,0.1620937665561041,344.02721441727493
0.11810777413323563,0.05,0.1654136466160242,344.0312973214158
0.11843114965227741,0.05,0.15986351234708585,344.05331470332015
0.1943042175366485,0,0.11217948717948718,334.6096385796998
0.1943042175366485,0,0.1185897435897436,334.61558393107674
0.1943042175366485,0.05,0.09294871794871795,343.43627160760155
0.027556355045867433,0.05,0.19506642582994294,343.4982003184639
0.188608435073297,0.05,0.11538461538461539,343.56635673382004
0.18291265260994552,0.05000000000000001,0.11858974358974358,343.64332244446376
0.18291265260994552,0.05000000000000001,0.11217948717948717,343.6367100071976
0.12390043469288439,0,0.1615417640742662,335.0769637123978
0,0.014778518052774133,0.22516884686296612,335.5696246180046
0,0.010435962042455397,0.22363571776865854,335.0493280582376
0.054560430704927235,0.05,0.20727654935724224,343.6230094030853
0.061439654002773084,0.05,0.20739558762656587,343.66270580349425
0.01642596247740785,0.05,0.20154590517433973,343.317333438767
0.08523592485847462,0,0.19362236276644618,334.9313029897517
0.10524157146777613,0.05,0.19168282319947993,343.8968347040756
0.2,0.016650142885878967,0.10277526646794503,336.3119028188529
0.1306055648876433,0.05,0.15322375222724566,344.03399827068
0.13657478425211084,0.05,0.15033177548904725,344.0139892996203
0.15411049732668414,0.049999999999999996,0.14769694045058182,343.9071787871358
0.15428391706066094,0.05,0.14123700954689516,343.9194294681567
0.008399721217255029,0,0.23415479292523206,334.0633585359932
0.14831012059053772,0.05,0.1513936985783754,343.9399962737796
0.14254400361657837,0.05,0.14743979875084884,343.9878629110128
0.1485132229810459,0.05,0.14454782201265043,343.9556191048577
0.2,0,0.10897435897435898,334.53527307992084
0.14234090122607018,0.05,0.1542856753165738,343.96986849935837
0,0,0.24358974358974358,333.8572476690131
0.2,0.011102644865592549,0.0984214240623888,335.5810912911454
0.2,0.0333025555012018,0.08353186038963989,339.1780915756495
0.2,0.027755887601538652,0.07930204916101233,338.05388652098645
0.2,0.027756850512773996,0.08565292448069507,338.08232483939673
0.09286492790995676,0.05,0.19266667438527246,343.887844174466
0.11234394203459447,0.05,0.16318339240700597,344.0532522165413
0.1943042175366485,0,0.08012820512820513,334.5193860899523
0.188608435073297,0.05,0.10897435897435898,343.55754915723764
0.2,0.01665779171089868,0.09633515956537522,336.2964276930012
0.07020209572860725,0,0.1910550407407965,334.9066080257331
0.2,0.02221018261311085,0.08142311325206751,337.08858623361084
0.2,0.0166635147134477,0.07719330202343996,336.2230561917025
0.2,0.016664477624683045,0.0835441773431227,336.25194703805425
0.15390739493617595,0.05,0.1545428170163068,343.88939249188144
0.12387160623187679,0.05,0.16764390082504244,344.0040826472438
0.009240285510610624,0,0.22357101213788816,334.1816252046313
0.06613099776430678,0.05,0.19272029575286043,343.810445490909
0.059251774466460946,0.05,0.19260125748353682,343.7750864526766
0.0635923510956485,0.05,0.18800546895503734,343.832153608429
0.14747950579244115,0,0.15068745772549674,335.00439791933024
0.008820003363932826,0,0.2288629025315601,334.1239249163165
0.004620142755305312,0,0.22717012145355947,334.0923671781374
0.06847475918399656,0.05,0.18703394505566312,343.8623086606251
0.2,0.011110293690612259,0.091981317159819,335.56282182665547
0.12451835726996036,0.05,0.15654363228716575,344.0468967213663
0.13028218936860153,0.05,0.158773886496184,344.0166510444013
0.188608435073297,0,0.1217948717948718,334.68283731957064
0.1829126526099455,0,0.1185897435897436,334.74304392669495
0.2,0.03327895199507684,0.096393349622281,339.22056037435095
0.2,0.03329075374813932,0.08996260500596044,339.2015795843129
0.07335716727234465,0.05,0.18606242115628888,343.88896157637083
0.07101340585265487,0.05,0.1917487718534862,343.8393496550985
0.2,0.022211145524346193,0.08777398857175026,337.115219194963
0.1168217075990789,0,0.1756662518945311,335.0339358488011
0.05891341867482552,0,0.19243783572813444,334.8472564499401
0.14810701820002953,0.05,0.15823957514410036,343.9192148294034
0.11463048016612809,0.05,0.1696554928516606,344.0195221227753
0.10747550109821566,0.05,0.1684955128750862,344.03625849586547
0.09837347259432129,0,0.191426966988113,334.95957577970006
0.04892866662192914,0.05,0.20755217898031902,343.581872822896
0.07589581394100293,0.05,0.19077724795411194,343.8647516828376
0.05291847611877053,0.05,0.21303589379702556,343.5565170046654
0.047286712035772435,0.05,0.21331152342010234,343.513870187712
0.2,0.05,0.07692307692307694,343.2810441218919
0.11190943409237344,0,0.18095470989874285,335.0147226677113
0.07307649869063695,0,0.18602078911194975,334.94864696384
0.044754264582089635,0.05,0.19847078507960533,343.62981340213327
0,0.020627173221047426,0.22997823530453487,336.360011246058
0.10474437831471728,0,0.17992320867904277,335.0278847600307
0.14161685871966248,0,0.15354193967217536,335.0296719392885
0.1829126526099455,0.05,0.10576923076923075,343.6257509445283
0.1829126526099455,0,0.13782051282051283,334.7372443418191
0.2,0.01666544053591839,0.08989505266280542,336.27677464234836
0.18860843507329703,0.05000000000000001,0.1217948717948718,343.5708176849991
0,0.021502598231956386,0.22487834970994114,336.55328817750524
0,0,0.23076923076923075,333.9992391840837
0.2,0.05,0.10897435897435898,343.39121692308265
0.2,0.03317776176482941,0.07077516572551515,339.087224011442
0.2,0.033240158633015604,0.07715351305757752,339.13488091747433
0.044369914812596195,0,0.20441035488954004,334.6717391631637
0.06432906780377753,0.05,0.20203091107918297,343.72605376613546
0.14143060924121886,0,0.16043162564447566,335.0088923317376
0.06179042113511924,0.05,0.1973160842813599,343.75238546729014
0.01301986397256034,0,0.23055568360956075,334.15301650178145
0.08816256068366285,0,0.18729068335949667,334.9775105495149
0.07823957536069272,0.05,0.18509089725691463,343.9121123556661
0.2,0.05,0.08974358974358974,343.33853918296023
0.1829126526099455,0,0.10576923076923078,334.7269877514963
0.1943042175366485,0,0.125,334.6175901758705
0.12415725705409164,0,0.15591625621105737,335.0949899193036
0.2,0.03874357659776215,0.0621619814930711,340.2696596941948
0.2,0.03311536489664322,0.06439681839345279,339.0351208575525
0.18860843507329703,0.05000000000000001,0.08333333333333336,343.47819698635584
0.2,0.044371788298881075,0.0599271445926894,341.6446698696347
0.2,0.05,0.06410256410256412,343.20508391854366
0,0.03909094259279426,0.22072991056749286,340.06439193279493
0.2,0.027631093865166267,0.06654535449688762,337.9609018637695
0.2,0.011110293690612259,0.0855710607495626,335.53956273738703
0.033121551330097226,0.05,0.19182668615774456,343.5791981588411
0.038937907956093434,0.05,0.19514873561867493,343.60777377482964
0.1943042175366485,0.05,0.11217948717948718,343.4823030255522
0.12039431226476925,0.05,0.17188574706067883,343.99408168455494
0,0.015653943063683097,0.22006896126837242,335.7380459806828
0.2,0.05,0.07051282051282053,343.2453814978835
0.1829126526099455,0,0.09294871794871795,334.69480284381365
0.1829126526099455,0,0.09935897435897437,334.7129212109655
0.17721687014659399,0.049999999999999996,0.14102564102564102,343.6996585885335
0,0.005217981021227698,0.22720247426894466,334.4697257927046
0.10260706016183686,0.05,0.17380763334316646,344.01274895371876
0.16005461114027597,0.05,0.1379261970811399,343.87696080834763
0.06804405292884294,0,0.18694798128494367,334.92439358519283
0.09172605088668466,0,0.19155506627324181,334.95458244692577
0.1476657552708848,0,0.14379777175319644,335.0183677132446
0.1418031081981061,0,0.14665225369987506,335.04574905583576
0.0630116071670489,0,0.18787517345793753,334.8968882455872
0.10249159604376656,0,0.173603249455131,335.06143798841396
0.2,0.016662551802212357,0.07084242670375723,336.1901021032931
0.2,0.05,0.05769230769230771,343.1601513838723
0,0.05,0.1987179487179487,343.1098016298008
0,0.05,0.1923076923076923,343.1591650079036
0.005475320825802618,0.05,0.19538709659657477,343.21892548521333
0.028229529424978854,0.05,0.1823650221497186,343.5947471426137
0.02782837321422416,0.05,0.18869145990243347,343.5483189175332
0.022535195098351092,0.05,0.18555623364712243,343.5116535709661
0.2,0.03466550781010187,0.04060840144243962,339.1794365889646
0.2,0.038747330654621034,0.04344443915038403,340.12305738084626
0.2,0.04029184248279136,0.03811695109801684,340.4406837616647
0.18282701345071714,0,0.08023851813479553,334.64787821189606
0.18852279591406865,0,0.07703338992966732,334.5718967617149
0.177216870146594,0,0.1217948717948718,334.8021884374996
0.2,0.05,0.051282051282051294,343.1104242596912
0.1947627570153012,0.05000000000000001,0.048416402366831736,343.1657396332582
0.2,0.05,0.044871794871794886,343.0556715849908
0.16012952275653952,0.05,0.125,343.88533300734883
0.16012952275653952,0.05,0.1185897435897436,343.8831497783724
0.16582530521989103,0.05,0.1217948717948718,343.8327033277651
0.07911560225457351,0.05,0.17911460126472398,343.9524875998731
0,0.033782811097852375,0.20968751999520724,338.9871794953912
0,0.039237339801455245,0.20829692368581978,340.2226128729856
0.2,0.0362100196382722,0.03528091339007244,339.4673874730548
0.2,0.031396569125891984,0.030241051710534587,338.39491942521653
0.2,0.029852057297721658,0.03556853976290178,338.14127782121477
0.054893029955468214,0.05000000000000002,0.17914748720410384,343.83923125181786
0.05437827092065181,0.05000000000000002,0.18411217353465156,343.8049064477111
0.04977123083315346,0.05000000000000001,0.18216552582445866,343.78594436208533
0.2,0.0331191189535021,0.05208953246102214,338.94792123898105
0.2,0.038747330654621034,0.04985469556064044,340.17822715776543
0.2,0.03312099598193155,0.045935889494806814,338.898004181674
0.2,0.04437366532731052,0.04095298880596125,341.48902044021185
0.2,0.05,0.03846153846153847,342.9958933597711
0.2,0.04591817715548084,0.03562550075359406,341.8428407945583
0.2,0.016839829326822302,0.05818552245328966,336.13696669968755
0.2,0.011285645392751517,0.05380214944947315,335.3838327842775
0.2,0.011197006630446545,0.06013060157470694,335.4167371558843
0.06921028222556017,0,0.1768682279331848,334.9860322306342
0.06476095111212476,0,0.17275554343029925,334.9878932466599
0.06417783646376614,0,0.1777954201061787,334.9601467728591
0.2,0.0211892272588518,0.020934365862633975,336.4585092077019
0.2,0.024346072053271623,0.016837319794807605,336.93306711420973
0.2,0.020540965278492876,0.015149473336901049,336.29166674344
0,0,0.22435897435897434,334.0641056019273
0,0.005217981021227698,0.22079221785868824,334.53296966948375
0.18892531065263585,0.05,0.06453064245491803,343.36934970490967
0.1833879659789538,0.05,0.0679498098362232,343.46339084109974
0.18368806766793705,0.05,0.06166499353969848,343.41812519456494
0.16012952275653952,0.05,0.13141025641025644,343.8830876323614
0.16582530521989103,0.05,0.12820512820512822,343.83267252857974
0.17721687014659399,0.05,0.10256410256410256,343.6863654951251
0.2,0,0.05769230769230771,334.3266079421215
0.2,0.005554183934070785,0.062075680696124215,334.8243345246759
0.2,0.005642822696375759,0.05574722857089043,334.79130690690204
0.034325019962361314,0.05,0.17284737289959984,343.7106736063061
0.033923863751606616,0.05,0.17917381065231475,343.6714771832133
0.028630685635733552,0.05,0.17603858439700368,343.63654664163215
0.08561528354282863,0.05,0.17712422011616802,343.9802540395828
0.19446265532631793,0.05,0.06111147507361287,343.2682698858339
0.19476275701530119,0.05,0.054826658777088144,343.2176335840863
0.058985311008150146,0.05,0.18605882124484444,343.8203095298257
0.0546447343789626,0.05,0.19065460977334392,343.7613913231842
0.04395883332415594,0,0.1914451851450381,334.76285330196754
0.044743429347571306,0,0.19817358171351085,334.72160186038354
0.049932445666963365,0,0.19483476370005548,334.77965047510156
0.14866304621357296,0.05,0.13151594067088346,343.9729500859733
0.15443374029318802,0.05,0.1282051282051282,343.93192468964315
0.15435882867692446,0.05,0.13472106887601168,343.92797417198506
0.10666754487813773,0.05,0.16239044821850154,344.0641043874805
0.10867131882615767,0.05,0.15879344324950548,344.0759377953675
0.17721687014659399,0.05,0.09615384615384616,343.66865323814454
0.1362946762392121,0,0.14330675800789977,335.0794751917604
0.14858813459730943,0.05,0.13803188134176694,343.96658168850064
0.17711618239823854,0,0.08350587109194446,334.7192213076101
0.17703054323901019,0,0.07720592768827846,334.6924661647519
0.2,0.027719732627471235,0.06021690237165381,337.9363603797262
0.2,0.03311724192507266,0.05824317542723746,338.9936267976072
0.048363253620132635,0,0.18137797056311,334.8543339378202
0.049147849643548,0,0.18810636713158274,334.8192741389808
0.05324603813577139,0,0.18354370486138583,334.8719518136752
0.18952551403060236,0.05000000000000002,0.05196100986186859,343.26879984692704
0.1839881693569203,0.05000000000000002,0.055380177243173755,343.3682116383298
0.18428827104590353,0.05000000000000001,0.04909536094664903,343.3136501723944
0.2,0.017512526874348483,0.04484348170410167,336.1322525608674
0.2,0.0223259773867287,0.04988334338363952,336.9134891186152
0.2,0.022910036171949904,0.04286975475968532,336.9522189650528
0.17142039993488706,0,0.08671099929707266,334.7851498946464
0.17721687014659399,0,0.08974358974358973,334.7417805963608
0.18876687286296645,0.05000000000000001,0.0771371160992539,343.4460505834112
0.18307109039961494,0.05000000000000001,0.08034224430438211,343.5361182970557
0.1832295281892844,0.05000000000000001,0.07414602707030266,343.5018983635047
0.2,0.02830754546955133,0.040896027815268965,337.8941546940129
0.1715210876832425,0,0.125,334.8562837614411
0.2,0,0.07051282051282054,334.4030069093865
0.19421857837742015,0,0.07382826172453913,334.4908439998646
0.1311404593942027,0,0.13376128467727064,335.11416568441024
0.1366488913530967,0,0.1371067803692459,335.087179966661
0.13700629220608063,0,0.13084085645151378,335.09104486332825
0.12042775606436694,0,0.1463752654814029,335.13014801565083
0.12525278505845786,0,0.1493682415373176,335.1094905260814
0.1256070001723425,0,0.14316826389866372,335.121417765993
0.03947375691929203,0.05,0.17595342387455276,343.7409327812407
0.03907260070853733,0.05,0.18227986162726767,343.69976112751243
0.17721687014659399,0,0.11538461538461538,334.79818731393664
0.17152108768324248,0,0.11217948717948718,334.84820197427246
0.17152108768324248,0,0.11858974358974358,334.85422489147794
0.0804438152286954,0,0.17292027472020144,335.0411135725403
0.07927637984056318,0,0.17900693582957866,335.0073254707143
0.08576650586877324,0,0.17693963933637427,335.03245101910085
0.09211496483108374,0.05,0.17513383896761203,344.0016398093283
0.177216870146594,0.05,0.12179487179487179,343.7128925870829
0.177216870146594,0.05,0.11538461538461536,343.70843625134336
0.11933222806000074,0,0.15292328015514267,335.1169232784965
0.11925371698824502,0.05,0.15352838515734443,344.0730295952997
0.12534092460592797,0.05,0.15020850509742434,344.0635777960338
0.17721687014659399,0,0.10897435897435898,334.79015368525444
0,0.010435962042455397,0.21722546135840215,335.11094939395224
0,0.005217981021227698,0.21438196144843186,334.59217585765305
0.0646218691652813,0.05,0.1780760962939419,343.90111460265797
0.06898951821881297,0.05,0.18206925872511537,343.8973214942409
0.0641071101304649,0.05,0.1830407826244896,343.86806850935335
0.08568335421663148,0.05,0.16504285946739272,344.0415912384141
0.09130700861100581,0.05,0.1690287743110274,344.0323103919517
0.0864913104367094,0.05,0.17114792412397736,344.0143074861498
0,0.044691868505058116,0.1940858145559195,341.6986959240052
0,0.044691868505058116,0.20049607096617592,341.64778087300965
0,0.011074501839288122,0.20591747501324292,335.2842065088673
0,0.016292482860515822,0.20876097492321322,335.9297929867291
0,0.01075523194087176,0.21157146818582254,335.199031264996
0,0.03392920830651336,0.2036647895237906,339.07157727978085
0,0.02810792405443264,0.2054864304232105,337.8883075474081
0.016969998814121305,0.05,0.18879597331932085,343.4232878804423
0.01122265981996196,0.05,0.1920915349579478,343.32478997275774
0.011494677988318687,0.05,0.18571656903043837,343.3732229952545
0.2,0.011157239002476088,0.015384674329586073,335.0167631389736
0.2,0.017384120484073052,0.019246519404727415,335.86795536728744
0.2,0.016735858503714132,0.013461626878994493,335.7110803484538
0.07387192630716105,0.05,0.18109773482574112,343.9230723426781
0.07474795320104183,0.05,0.17512143883355047,343.9612561042239
0.1662895751512548,0.05,0.07799973499896713,343.70917329636956
0.17183060097081837,0.05,0.0808459771787986,343.66737416888486
0.16613481850746686,0.049999999999999996,0.0840511053839268,343.7396119509604
0.11398907670652966,0.05,0.15051313802752309,344.0942378275301
0.11316650937056207,0.05,0.15684826521726453,344.07600092583294
0.10949388616212527,0.05,0.15245831605976404,344.0960478336163
0.2,0.011869704177972722,0.040378304415262536,335.3481571405448
0.2,0.006226881481596965,0.0359131271264234,334.6915746733896
0.2,0.005642822696375758,0.0429267157503776,334.6948753927769
0.13732725979642374,0.05,0.13134415788562975,344.04264592032945
0.14295769719686657,0.05,0.13468801961369836,344.0075274329359
0.1372523481801602,0.05,0.13786009855651324,344.0362698036865
0.18843715675484027,0,0.0643231901157449,334.5051308698394
0.1826557351322604,0,0.0676386313274635,334.58661506873733
0.1884371567548403,0,0.07073344652600132,334.5413304086423
0.004620142755305312,0,0.22075986504330308,334.1550569357149
0.03876981700476389,0,0.1947840031584935,334.7020244435674
0.03798522098134852,0,0.18805560659002077,334.74033979781615
0.032796204661956464,0,0.19139442460347614,334.67673069573397
0.2,0.01110836786814157,0.06645905369994072,335.44549924506646
0.043174237300740576,0,0.18471678857656537,334.79954087851155
0.2,0.011805500982835008,0.021169566855318997,335.1566394575977
0.2,0.01245376296319393,0.026954459381051923,335.294880045879
0.2,0.01803238246443197,0.02503141193046034,336.0231946557785
0.005475320825802618,0.05,0.2017973530068312,343.16697036826486
0.1487379578298365,0,0.125,335.0292308852159
0.15443374029318802,0,0.1282051282051282,334.9917050969972
0.15443374029318802,0,0.12179487179487179,334.99166608247884
0.2,0.018680644444790895,0.030816304456193266,336.1767982139266
0.1428721250179586,0,0.1279204282257569,335.06273326359684
0.1483805569768526,0,0.13126592391773215,335.02950936865614
0.032049175592006235,0,0.2038679709555345,334.5806671909168
0.03839630246978877,0,0.2010207763345227,334.6540588248128
0.032422690126981346,0,0.19763119777950533,334.6306621554445
0.06001482907778295,0.05,0.176129448583749,343.887680427237
0.059500070042966556,0.05,0.1810941349142967,343.8554293823413
0.2,0,0.019230769230769235,333.9994425285866
0.2,0.006226881481596965,0.02309261430591058,334.5690948174323
0.2,0.005578619501238044,0.017307721780177653,334.4462171990179
0.026398349909312724,0,0.20708159887741434,334.5049624586263
0.050037694291464256,0.05,0.18870796206315102,343.7441371901805
0.044221337665468055,0.05000000000000002,0.18538591260222065,343.7228761488033
0,0.02196736990393556,0.21296206449521,336.7454896334358
0,0.02796152684577166,0.21150916089462712,337.8071603018455
0.1601295227565395,0,0.13141025641025642,334.9490606924505
0.1540763394402041,0,0.13447105212286037,334.9902532694047
0.004620142755305312,0,0.21434960863304667,334.2137090046827
0,0,0.21794871794871795,334.1249343311613
0.11031645349809287,0.05,0.1461231888700226,344.1116460642705
0.10582126295368847,0.05000000000000002,0.14806836690226355,344.11207208083414
0.2,0.016928468089127274,0.051857070328055865,336.1041855742479
0.058128822651410145,0,0.18570943915966168,334.8861365829309
0.1656239297231801,0,0.08367840885055558,334.8233181534092
0.17131971218653158,0,0.08047328064542739,334.76060892565647
0.2,0.01245376296319393,0.033364715791308334,335.3566775007676
0.2,0.01809658565956969,0.03782989308014746,336.1564567740937
0.1947627570153012,0.05000000000000001,0.04200614595657533,343.1088201319109
0.1719890387604878,0.05,0.07464975994471915,343.6337422876016
0.17753006458005138,0.05,0.07749600212455063,343.5878845043557
0.2,0.011285645392751516,0.04739189303921673,335.33577400692866
0.100991147721681,0.05,0.16159750402999712,344.0703659334734
0.10299492166970094,0.05,0.15800049906100105,344.0834790649987
0,0.01597321296209946,0.21441496809579286,335.83537279729217
0.009901385293263962,0,0.21084855757659804,334.3050677391128
0.009240285510610626,0,0.21716075572763177,334.24213830194265
0.014521528048569276,0,0.21365970467118314,334.3314492245784
0.17152108768324248,0.04999999999999999,0.09935897435897434,343.740557730202
0.165825305219891,0.04999999999999999,0.10256410256410256,343.8061114403513
0.165825305219891,0.049999999999999996,0.09615384615384615,343.7883276497592
0,0.05,0.20512820512820512,343.05540518700593
0.2,0.02503860678534144,0.030528678083363927,337.1998998852105
0.07365961333899557,0,0.1809809124360703,334.9799506089239
0.06862716757720155,0,0.1819081046090642,334.95650717119196
0.17152108768324248,0,0.09294871794871794,334.80582915872685
0.17721687014659399,0,0.09615384615384615,334.7619530567164
0.2,0.04437366532731052,0.04736324521621767,341.54649444128137
0.2,0.04437366532731052,0.053773501626474075,341.5989428918315
0.08693394125690544,0,0.17085297822699708,335.06402750967555
0.09225663189698327,0,0.17487234284316988,335.05184828445965
0.054030634159186755,0,0.19027210142985856,334.83498184776016
0.03867144449778264,0.05,0.18860629937998258,343.653960747722
0.04448780112377885,0.05,0.19192834884091298,343.67887907640477
0.165825305219891,0,0.12820512820512822,334.9052615544147
0.2,0.02183748923921072,0.026719258388366897,336.62371594162113
0.19446265532631796,0.05,0.06752173148386928,343.31086959652094
0.18892531065263587,0.05,0.07094089886517446,343.40961659161246
0.14215732331199077,0,0.14045227606122118,335.0552473096058
0.14251472416497468,0,0.13418635214348903,335.0609400569833
0.177216870146594,0.05,0.08974358974358976,343.6465275995897
0.010950641651605236,0.05,0.19846650088545728,343.2716482955011
0.2,0.04183635431096168,0.032789463045649656,340.7648286192829
0.17152108768324253,0.05,0.11858974358974358,343.7737983426362
0.1715210876832425,0.05,0.11217948717948717,343.76715148302
0.17152108768324253,0.05,0.125,343.7759817349289
0.14288278558060305,0.05,0.14120396028458182,343.9988580827929
0.08086765604233509,0.05,0.1671620092803427,344.02072662056526
0.0799916291484543,0.05,0.17313830527253332,343.9886923548393
0.020459938978941,0,0.21037065177429873,334.4209000146181
0.021121038761594338,0,0.20405845362326502,334.4787407340092
0.026771864444287842,0,0.20084482570138515,334.5571557395733
0.13043202916643343,0,0.14616123995457841,335.09853059600465
0.059295051948127384,0,0.17562968580790284,334.94782500876795
0.05382915278413001,0,0.17850382818550642,334.90330523915475
0.058711937299768764,0,0.18066956248378224,334.9182750591279
0.021494553296569456,0,0.1978216804472358,334.529205907137
0.17721687014659399,0.05,0.10897435897435896,343.69963329020055
0.17123407302730326,0,0.07417333724176138,334.73185307808507
0.044622493876222746,0.05,0.1790594748495057,343.76602303316713
0.03352270754085192,0.05,0.18550024840502963,343.62765203405826
0.1207819711782516,0,0.14017528784274902,335.1404662067561
0.14802315612386868,0,0.1375318478354643,335.0258883113324
0.2,0,0.04487179487179488,334.2339791086911
0.2,0,0.051282051282051294,334.28235184546736
0.2,0.005642822696375759,0.04933697216063401,334.7451494699005
0.10179910394175894,0.05,0.16770256868658182,344.04370060601735
0.09932229846126414,0.05000000000000002,0.15361054990350057,344.09883108195146
0.10499869561772088,0.05000000000000002,0.154403494092005,344.0946007136282
0.06950427725362937,0.05,0.17710457239456762,343.9294655202369
0.07038030414751016,0.05,0.171128276402377,343.9654577991219
0.07037771761369238,0,0.17078156682380757,335.0199615103235
0.1369135662161355,0.05,0.14409593702278023,344.027255800675
0.19421857837742015,0,0.06741800531428271,334.45666976395427
0.2,0.005554183934070785,0.06848593710638062,334.86223071935694
0.16598006186367892,0.04999999999999999,0.09010247576888647,343.76599673542364
0.1715210876832425,0.049999999999999996,0.09294871794871795,343.7206199355919
0.17152108768324248,0.04999999999999999,0.10576923076923075,343.75608352303584
0.16582530521989103,0.049999999999999996,0.10897435897435898,343.81943739809384
0.1892254123416191,0.05,0.05824582615839331,343.32139873076846
0,0.044691868505058116,0.20690632737643233,341.5918327573219
0,0.03938373701011623,0.20227419321440315,340.3104837188945
0.19446265532631793,0.05,0.0739319878941257,343.3488343518765
0.2,0.024994334033630543,0.02262221232054053,337.1098770238999
0.05030415774977505,0.05,0.19525039830184338,343.6972614164028
0.2,0.023494094957171113,0.035856166135731116,336.987086038097
0.07482704872712778,0,0.17489425132669312,335.0157537933613
0.15443374029318802,0.05,0.1217948717948718,343.9319560364686
0.1487379578298365,0.05,0.125,343.9747242972755
0.2,0.037754531466442524,0.029953425337705245,339.7618568339449
0.09531475056522426,0.05,0.16080455984149272,344.0720368545203
0.0973185245132442,0.05,0.15720755487249663,344.0864297096837
0.2,0.02772160965590068,0.05406325940543849,337.8926669330821
0.2,0.022324100358299254,0.056036986349854837,336.959381951958
0.17768850236972078,0.05,0.07129978489047117,343.5518148025116
0.1827413742914888,0,0.07393857473112952,334.61920568479485
0.010562485075917298,0,0.20453635942556428,334.3639170035146
0.005281242537958649,0,0.2080374104820129,334.27513191800995
0,0.005537250919644061,0.20872796827585222,334.6710127831312
0.02226317692999437,0.05,0.1919311995746319,343.4636371520825
0.17152108768324248,0,0.10576923076923077,334.8381193608328
0.17152108768324248,0,0.09935897435897435,334.82400388566526
0.165825305219891,0,0.10256410256410256,334.8809292926707
0.1601295227565395,0,0.125,334.9510231266107
0.165825305219891,0,0.1217948717948718,334.9052065367396
0.13094434685166798,0.05,0.14698791376097864,344.0495361010093
0.17721687014659399,0,0.10256410256410256,334.77807369045115
0.2,0.02223546159599428,0.06236543847508862,336.9880432566995
0.2,0.016751190564517328,0.06451397457852344,336.1656055427026
0.18952551403060236,0.05000000000000001,0.04555075345161217,343.21473906945204
0.005747338994159344,0.05,0.18901213066906533,343.269877291509
0.01724201698247803,0.05,0.18242100739181139,343.46920211914
0.14303260881313012,0.05,0.12817207894281488,344.0116025969085
0.13078624428031804,0,0.1399612623159245,335.1082543883791
0,0.02825432126309362,0.19946369995179383,337.9654082930368
0,0.022433037011012902,0.20128534085121375,336.9218676212892
0.13128312881569265,0.05,0.14075207529471165,344.06082143329553
0.12007628432421262,0.05,0.147193257967603,344.0882326796848
0.16572461747153555,0,0.08991612750220086,334.84597909772896
0.12567970656995264,0.05,0.14397266663115732,344.0773256949162
0.2,0.027723486684330126,0.04790961643922317,337.8447619877573
0.17737162679038193,0.05,0.08369221935863008,343.6196666173458
0,0.034075605515174336,0.19764205905237392,339.1519285642366
0.12596121528622717,0,0.13696828626000984,335.12953250956116
0.09612270678530221,0.05,0.1669096244980774,344.046552091223
0.09049905239092788,0.05,0.16292370965444272,344.05869464973244
0.07599448411526,0,0.16880759021731592,335.04766799043915
0.12601848853397732,0.05,0.1377368281648903,344.08682109575534
0.17167584432703042,0.05,0.08689734756375828,343.69602398730217
0.13162191077971735,0.05,0.13451623682844466,344.0678542675386
0.1601295227565395,0,0.11858974358974358,334.948966660257
0.165825305219891,0,0.11538461538461539,334.9011326185505
0.16552324197482465,0,0.07744069019891031,334.79679550418
0.11450719906590981,0,0.14993030409922797,335.1350179084641
0.19421857837742013,0,0.061007748904026306,334.4184618276341
0,0,0.21153846153846154,334.1817253717855
0.2,0,0.06410256410256412,334.3668242759589
0.01669798064576458,0.05,0.1951709392468303,343.3726649869845
0.11560272707027602,0,0.1433822894254882,335.14696677599494
0.06359472181540751,0,0.1828352967820581,334.9298117725016
0.0651366282000977,0.05,0.17311140996339414,343.93129188834286
0.11341167106154361,0,0.15647831877296775,335.1186545526368
0.2,0.038745453626191584,0.056008338526855765,340.2260491753205
0.12041506628823728,0.05,0.14095741950133597,344.10019064712014
0,0.022286639802351925,0.2073080713226304,336.84801741448746
0,0.016611752758932185,0.20310698175063363,336.0213065489938
0.165825305219891,0,0.09615384615384616,334.86477833713894
0,0.03938373701011623,0.19586393680414674,340.3629504427829
0.02714537897926296,0,0.19460805252535598,334.60542259628176
0.09693066300538014,0.05,0.17301468915466206,344.0167810030833
0.07562398009492263,0.05,0.16914514284135984,343.9952693765293
0.10132607240928407,0.05000000000000001,0.15001354493450447,344.1092409713235
0.165825305219891,0,0.10897435897435898,334.89304738647456
0.11481164404249727,0.05,0.14417801083778164,344.1079629216327
0.02293635130910579,0.05,0.17922979589440752,343.55605614591013
0.2,0,0.03846153846153847,334.1814897317927
0.17694490407978183,0,0.07090598428461245,334.6617929329375
0.01584372761387595,0,0.20103530836911565,334.44808062829935
0.16582530521989103,0.05,0.11538461538461539,343.8283055229867
0.015182627831222612,0,0.20734750652014938,334.391805012823
0.08161125061682761,0,0.16683361361082427,335.0710126870067
0.2,0.02815117882805037,0.018525166252714165,337.6352814607631
0.1549380622052844,0.04999999999999999,0.09014076601660459,343.86268818233475
0.1546859012492362,0.04999999999999999,0.09635243429035356,343.8861105328329
0.14924227974193288,0.04999999999999999,0.09334589422173278,343.91686847370414
0.09387467923107008,0.05,0.15291922518782103,344.0983587383755
0.0992511032714228,0,0.15342406285163218,335.13901523937886
0.10293913609955094,0,0.1578395288481418,335.1251128294381
0.10494007740092112,0,0.1541954014536882,335.13533502992914
0.050613296574929204,0.05,0.17010137590757626,343.85965308551255
0.055314062826356085,0.05,0.17311541224566263,343.87580213350856
0.05019226370404134,0.05000000000000002,0.17613345086601748,343.82485723138115
0.04504352674711062,0.05,0.17302739989106453,343.8031165450408
0.08223950893445736,0.05,0.16075452978271706,344.05159175864566
0,0.028182205435824052,0.1871372515017048,338.04086782469864
0,0.022488265937624423,0.18290524259493515,337.0594709429116
0,0.0279827448546734,0.18086445285780534,338.0422752337125
0.16581537755843687,0,0.07113627890069787,334.76283791343843
0.16020768344277828,0,0.07447267006673382,334.82450417261276
0.2,0.027800841723460264,0.004487208959664831,337.3970097869463
0.2,0.03333333333333333,0,338.4240952328833
0.2,0.027777777777777776,0,337.33260930167097
0.16610751314204908,0,0.06483186760248544,334.7248837981978
0.17152620861091544,0,0.06786892594354894,334.6956698749095
0.17181834419452768,0,0.06156451464533651,334.655490147235
0.1262001913265134,0.05,0.13124829795804824,344.0928015965223
0.1260632022436271,0.05,0.12464564042842936,344.09540838667414
0.13148492169683107,0.05,0.12791357929882577,344.0728997866138
0.15441073148742268,0,0.09616678258287933,334.9513905107182
0.1601295227565395,0,0.09935897435897435,334.9186538087348
0.1601065139507742,0,0.09296165437775113,334.90064534123593
0.09989697749308549,0.05000000000000001,0.13994312503681677,344.13123923461836
0.0991824300349862,0.05000000000000001,0.13490791508797295,344.13798443227
0.10439216803748988,0.05000000000000001,0.13799794700457585,344.132836255773
0.2,0.016689730612349154,0.004487208959664831,335.59659692762773
0.2,0.02222222222222222,0,336.36995496504784
0.2,0.016666666666666663,0,335.5361322230139
0.2,0.03160594849823901,0.006175055417571388,338.1544668433587
0.2,0.03535903982594984,0.004980320531011902,338.92394463767675
0.10510671549558917,0.05000000000000001,0.1430331569534197,344.12387214630223
0.10960190603999359,0.05000000000000001,0.14108797892117875,344.1228290855605
0.19523271442437912,0,0.02241475744500802,334.0900618933329
0.2,0,0.025641025641025647,334.06423061852104
0.1668298030505706,0.05,0.06534188589341472,343.6298966201772
0.1722591527101457,0.05,0.06832083539194295,343.59378412024745
0.1665596891009127,0.05,0.07167081044619092,343.6718250075819
0.07165671673387303,0.05,0.15954687648885663,344.0218173545265
0.0730285696259953,0.05,0.153139396991231,344.0490574232169
0.07763403928022633,0.05,0.15694696338697403,344.05264565510385
0.16120224554478782,0.05,0.06871318443565905,343.7035425038709
0.19580272510191543,0,0.017367312269614882,334.03071390017465
0.1910354395262946,0,0.020551300483853667,334.11947483790135
0.2,0.022245286167904707,0.004487208959664831,336.43238755999243
0.0790058921723486,0.05,0.1505394838893484,344.0769002855589
0.0849832147187019,0.05,0.14793957078746584,344.09892811601554
0.08361136182657963,0.05,0.15434705028509144,344.07765892379575
0.2,0.011157239002476088,0.008974417919329661,334.9433333341278
0.2,0.016712794558031645,0.008974417919329661,335.654912969441
0.2,0.011134175056793599,0.004487208959664831,334.8865249610988
0.19454356051953797,0,0.04822615455784076,334.32619503161834
0.09516390572099073,0.05000000000000001,0.1442870102699811,344.1215177830119
0.09043083394889596,0.05,0.14863089550314537,344.1065930849673
0.08971628649079666,0.05,0.14359568555430152,344.1171501345384
0.12059676908077335,0.05,0.1344688892944939,344.1085881384638
0.1099653116250657,0.05,0.1281109185074946,344.13575972346024
0.11535675242010546,0.05,0.12471242021725543,344.126589900968
0.11517504962756939,0.05,0.1312009504240975,344.12498639666495
0.12077847187330942,0.05,0.12798035908765182,344.1123801409988
0.16053644035637563,0.04999999999999999,0.08709593570026569,343.80403558994533
0.15509281884907233,0.04999999999999999,0.08408939563164491,343.83654668820895
0.16069119700016354,0.049999999999999996,0.08104456531530602,343.7757455155871
0.15533375344403866,0.04999999999999999,0.07808693930477414,343.80584487626754
0,0.028381666016974706,0.19341005014560428,338.03550846743553
0,0.03387614493402368,0.19136926040847443,339.1558249804482
0.2,0.03135229637418109,0.02233458594771119,338.3008900834365
0.2,0.0319042701557612,0.01733043136615468,338.3543465983244
0.011391564926703013,0.05,0.16666666666666669,343.47804321605355
0.01708734739005452,0.05,0.1634615384615385,343.5656655959511
0.017138903920862356,0.05,0.1697813614382961,343.53804765746486
0.14289561973024384,0.05,0.11515916500293957,344.0077426467167
0.14289561973024384,0.05,0.121569421413196,344.01235524421986
0.13705328163065117,0.05,0.118138842826392,344.04372819148756
0.1603816837125877,0.04999999999999999,0.09314730608522537,343.8282717941761
0.2,0.026073456888365945,0.010662264377236219,337.1616932178357
0.2,0.022268350113587198,0.008974417919329661,336.49267149213637
0.09524922066868244,0,0.1607123176405394,335.11443879062597
0.10093819479818075,0,0.16148365624259542,335.113063585664
0.09725016197005262,0,0.15706819024608576,335.1276405366438
0,0.039184276428965575,0.18959113816024725,340.36165213673127
0.1601295227565395,0,0.10576923076923077,334.9328074812284
0.2,0,0.03205128205128206,334.12491301958977
0.19523271442437912,0,0.028825013855264436,334.1529106022497
0.1953848793226117,0.05,0.029270600631469648,342.97122927725377
0.1953848793226117,0.05,0.022860344221213236,342.8984342354179
0.2,0.05,0.025641025641025647,342.86103450494255
0.027327189041510117,0,0.18832267516030782,334.6484114717493
0,0.022687726518775077,0.18917804123883464,337.0526486445971
0,0.022560381764893986,0.19523169104502416,336.98913018368995
0.0398947897901799,0.05,0.16992134891611158,343.77620693569213
0.18876213889695806,0,0.05795185217981577,334.4613924876273
0.2,0,0.012820512820512824,333.9304740920793
0.005281242537958649,0,0.20162715407175652,334.3254007785981
0.16093213159512992,0.05,0.07504210898843525,343.7428428167884
0.15443374029318802,0,0.10256410256410256,334.96740031271696
0.15443374029318802,0,0.10897435897435898,334.9795567021723
0.07626218638810406,0.05,0.16335444288459966,344.0235930517184
0.010926105200411618,0,0.1855553482852116,334.4985397684691
0.010744295138164458,0,0.19184072565025972,334.4572659907245
0.016207347738370268,0,0.1884645536390194,334.53820059257845
0.06641304078646057,0.05,0.16153001004987377,343.9911526519148
0.0710185104406916,0.05,0.1653375764456168,343.9955320783947
0.19579993187426453,0.05,0.011127816268776835,342.74356410929624
0.19159986374852905,0.05,0.015845376127297257,342.86595950027896
0.19159986374852905,0.05,0.009435119717040844,342.77995131924115
0.18683816462821,0,0.01868784352269931,334.14634630737345
0.19160545020383085,0,0.015503855308460525,334.0594437966664
0.18740817530574627,0,0.013640398347306168,334.0856322180618
0.1486919402183059,0,0.09297459080678432,334.97895407356384
0.1543877226816574,0,0.08976946260165611,334.93133920619493
0.10662716892767908,0,0.16225499484465147,335.1075428916265
0.10862811022904925,0,0.15861086745019787,335.1184396331566
0.10171489542097366,0,0.1675434528488632,335.0891327233957
0.09602592129147533,0,0.16677211424680716,335.09154807025044
0.09680262191426824,0,0.17283191085307495,335.06489347716155
0.12592621316074082,0.05,0.11804298289881049,344.0932992815974
0.13134793261394478,0.05,0.1213109217692069,344.07322941046056
0.01144312145751085,0.05,0.1729864896434243,343.44822914644334
0.017190460451670192,0.05,0.17610118441505374,343.5058931651945
0.12545465870373995,0,0.11724657012155754,335.135284387322
0.1310759010987626,0,0.12071455137770677,335.1172906321207
0.13104362195104255,0,0.11419118472792485,335.1125185108104
0.13694173391064052,0,0.1177941231519499,335.09046697614764
0.005747338994159343,0.05,0.18260187425880892,343.31296126248986
0.2,0.04647015093706095,0.004980320531011902,341.6191026031608
0.2,0.04294030187412191,0.009960641062023804,340.7707428475619
0.2,0.04647015093706096,0.011390576941268315,341.7083578835802
0.1558448019886629,0.05,0.06575555842512715,343.7298470543481
0.1614723594944457,0.05,0.06238425988288283,343.6596620923363
0,0,0.1923076923076923,334.3268218427714
0,0.005537250919644061,0.19590745545533939,334.7696481444403
0,0,0.19871794871794873,334.2824455981205
0.005281242537958649,0,0.19521689766150008,334.37168039350854
0.19160545020383085,0,0.009093598898204113,333.98789629467757
0.19580272510191543,0,0.010957055859358468,333.9604559309266
0.061074068241852256,0.05,0.1643066736685476,343.95220358150516
0.06171227453503369,0.05,0.1585159737117874,343.97870883854677
0.1487379578298365,0.05,0.11217948717948714,343.9658257658551
0.1487379578298365,0.05,0.11858974358974357,343.9724964514059
0.18491039335321405,0.05,0.04277007203179976,343.2500612808007
0.1795845638100807,0.05,0.03973131216302285,343.28635825797494
0.1855325156605246,0.05,0.0364447831169505,343.1813810119599
0.1487379578298365,0.05,0.10576923076923074,343.954712240623
0.15443374029318802,0.05,0.10897435897435895,343.9186265619832
0.15443374029318802,0.05,0.10256410256410255,343.90528636599146
0.2,0,0.006410256410256412,333.8574227601774
0.19046542884875828,0,0.025598745659246806,334.17691890459645
0.1856981432731374,0,0.028782733873485594,334.2600135623771
0.19046542884875828,0,0.03200900206950322,334.23782823249553
0.2,0.03738474631856635,0.009960641062023804,339.44044978861075
0.2,0.040914595381505395,0.004980320531011902,340.2015947200335
0.10972363823341547,0,0.1520628527764581,335.1368527653178
0.11081916623778168,0,0.1455148381027183,335.1508514091828
0.2,0.005555555555555555,0,334.2422866952248
0.2,0.01111111111111111,0,334.82756792526914
0.2,0.05,0,342.518689952482
0.2,0.044444444444444446,0,341.0139672451785
0.2,0.006226881481596965,0.02950287071616699,334.6323875898438
0.09587845317909002,0.05000000000000002,0.14932222021882494,344.1100307034033
0.06536506983459829,0,0.16676561336471815,335.017138259755
0.17795861631937868,0.05,0.06497086033769497,343.50924675659104
0.2,0.03941045281118286,0.014940961593035706,339.97361068568534
0.2,0.042940301874121914,0.016370897472280217,340.8535285492108
0.1198979746041574,0,0.12682532216497217,335.1540869181729
0.12551921699918006,0,0.13029330342112141,335.13670913717715
0.12548693785145998,0,0.12376993677133949,335.1381082939714
0.2,0.038306505248022635,0.02494927075614873,339.8344200998148
0.2,0.034553413920311804,0.026144005642708218,339.00974854116373
0.05573509569724395,0.05,0.1670833372872214,343.9082560000348
0.05637330199042538,0.05,0.16129263733046123,343.9370196370435
0.1890871210390759,0,0.045170257833630226,334.3653157647634
0.18431983546345504,0,0.0419439896376126,334.39116213637925
0.18363068155861384,0,0.0485246175196761,334.4501565134786
0,0.005537250919644061,0.20231771186559583,334.72232508662466
0.14289561973024384,0.05,0.10874890859268316,343.99868720953236
0.2,0.05,0.03205128205128206,342.9312554200007
0.16012952275653952,0.049999999999999996,0.09935897435897434,343.84982483570343
0.16012952275653952,0.05,0.10576923076923075,343.8653868289954
0.2,0.04183635431096168,0.02637920663539324,340.695879960234
0.2,0.0423883280925418,0.02137505205383673,340.77569357903394
0.1862681539506737,0,0.023735288698092452,334.2044734221452
0,0,0.20512820512820515,334.2340801077919
0.10125204457279297,0,0.14977993545717855,335.14856289883113
0,0.03367668435287303,0.18509646176457495,339.15576944841064
0.13705328163065117,0.05,0.11172858641613559,344.0367308423509
0.10061152495118478,0.05000000000000001,0.14497833498566062,344.12165808096944
0.15557468803900504,0.05,0.07208448297790337,343.77109939139547
0.1907697586452234,0.05,0.026489919211657238,343.0058938191764
0,0.011074501839288122,0.1995072186029865,335.3344763798478
0.19118481119687625,0.05,0.02116764766947725,342.9379073257089
0.08842706000087602,0.05,0.15222790047214146,344.09365904428364
0.06043586194867082,0.05,0.17009737362530777,343.9219093213226
0.06577483449327913,0.05,0.16732071000663395,343.9631167716994
0.07098183633616592,0,0.1647916367582265,335.0476004680468
0.07158595505863946,0,0.1588017066926454,335.07161027694883
0.06596918855707183,0,0.16077568329913705,335.0427541240288
0.09187090528305014,0.05,0.1565162301568171,344.0846952904519
0.1953848793226117,0.05,0.03568085704172606,343.0384413438019
0.19579993187426453,0.05,0.017538072679033248,342.82755265759175
0,0.016993787020575447,0.184946032332065,336.2033490957214
0.1487149490240712,0,0.09937191078800754,334.9970067125869
0,0.05,0.1794871794871795,343.2453507943945
0.005747338994159343,0.05,0.17619161784855253,343.35120619162734
0.19454356051953794,0,0.04181589814758435,334.2757601708681
0.19523271442437912,0,0.03523527026552084,334.2116536223007
0.18977627494391708,0,0.03858962995156672,334.30376530193007
0.1428398458702385,0,0.11498680516571855,335.05840279102426
0.1428398458702385,0,0.12139706157597493,335.0627044342828
0.1487379578298365,0,0.11858974358974358,335.0272144481338
0.19014763633791287,0.05,0.03922546453676291,343.14775522960065
0.10978360883252963,0.05,0.13459944871433666,344.13159714891475
0.11499334683503332,0.05,0.13768948063093955,344.11877740355317
0.021858173421063772,0,0.18525092571713955,334.6153086525963
0.021676363358816612,0,0.19153630308218766,334.5742033920143
0.05103432944581708,0.05,0.16406930094913508,343.89033192447954
0.2,0.03363165499085552,0.01115537594858329,338.63580038525834
0.2,0.03565736148347203,0.01613569647959519,339.1337896732985
0.16012952275653952,0.05,0.11217948717948717,343.8764909894376
0.011494677988318686,0.05,0.17930631262018193,343.4138785230491
0,0.016739097512813272,0.19705333194444408,336.0857314993964
0.10457387083002595,0.05,0.13150941679773376,344.1395579005609
0,0.04449240792390746,0.18781301591202001,341.6922028956904
0.022884794778297954,0.05,0.1729099729176499,343.5905788534201
0.1604998190263905,0,0.06816825876852138,334.78883159745936
0.16079195461000273,0,0.061863847470308944,334.749162497807
0.15518426049434414,0,0.06520023863634489,334.81033463556196
0.022833238247490117,0.05,0.16659014994089227,343.6205650071459
0.2,0.05,0.012820512820512825,342.7032616990435
0.2,0.04647015093706096,0.017800833351524728,341.7907351921812
0.2,0.05,0.019230769230769235,342.7852306145966
0,0.016866442266694356,0.19099968213825452,336.1464123483056
0.2,0.028195451579761263,0.026431632015537557,337.7307733070313
0.14997630988791377,0.049999999999999996,0.07512931329424226,343.8305312911363
0.14973537529294745,0.04999999999999999,0.08113176962111304,343.86307588915116
0.1599051384540633,0,0.08048621707446058,334.8549989847351
0.15458957992201694,0,0.07751819694228407,334.8798452237404
0.15428703493330193,0,0.08353174395001083,334.9083537940138
0.19454356051953794,0,0.05463641096809717,334.3725132522464
0.1548921249107319,0,0.07150464993455732,334.84772219512723
0.2,0.03885847902960275,0.019945116174592218,339.9050047170616
0.2,0.03510538770189192,0.021139851061151703,339.0727584315427
0.17252926665980356,0.05,0.06199191083916673,343.54924585427625
0.10603560540528731,0,0.14764738677994843,335.1513834501281
0.1601295227565395,0,0.11217948717948718,334.9429282919941
0.13719027071353745,0.05,0.12474150035601089,344.04554500352276
0.16000582620241874,0,0.08672393572610584,334.87975301544026
0.010562485075917298,0,0.19812610301530786,334.41209998868453
0.01602553767612311,0,0.1947499310040675,334.49508672258656
0.18908712103907588,0,0.05158051424388663,334.41369610936545
0.2,0.05,0.006410256410256413,342.61441481167196
0.1369740130583606,0,0.12431748980173182,335.0928674514598
0.1907697586452234,0.05,0.03290017562191365,343.07568001250223
0.16709991700022847,0.05,0.059012961340638506,343.58338813415554
0.17282936834878682,0.05,0.055707094542642006,343.500073211597
0.18656969051948794,0.05,0.02479722265992125,343.0425179567633
0.18698474307114077,0.05,0.01947495111774126,342.97346521569216
0.1829807172743782,0,0.06126729339153437,334.54508687970093
0.18330569941649602,0,0.05489595545560523,334.4996006946146
0.19579993187426453,0.05,0.004717559858520422,342.6526975891823
0,0.01120184659316921,0.19345356879679698,335.3931803184002
0.18739979562279357,0.05,0.014152679575561267,342.90045114265837
0.11471873049618184,0,0.13003232374771137,335.16423549981994
0.1203399728912045,0,0.1335003050038606,335.1494668405761
0.1428398458702385,0,0.10857654875546213,335.05004657280443
0.1487379578298365,0,0.11217948717948717,335.0211434360902
0.2,0,0,333.780288532881
0.2,0.005578619501238044,0.004487208959664831,334.29973606227026
0.2,0.02987856366314469,0.012350110835142775,337.89152891931855
0.17756202180551184,0,0.05823023505047087,334.58014893764886
0.17723703966339405,0,0.06460157298640001,334.62338411732804
0.2,0.005578619501238044,0.010897465369921241,334.3750180783413
0.2,0.04591817715548084,0.02921524434333765,341.77604749514865
0.04546455961799849,0.05,0.1669953249326233,343.83609304174996
0.13110818024648263,0,0.1272379180274887,335.1178396899874
0.17214332633664547,0,0.05519317670940737,334.61054797691315
0.17788700394762966,0,0.05185889711454173,334.53295576191994
0.1494944406979811,0.049999999999999996,0.08713422594798381,343.8915768142352
0.15443374029318802,0.05,0.11538461538461536,343.9275127190665
0.1486689314125406,0,0.08657727082556109,334.95685993201636
0.2,0.04591817715548084,0.02280498793308124,341.70367122045127
0,0.05,0.1858974358974359,343.2046774220708
0.08705520710875375,0.05,0.15863537996976707,344.07002412781407
0.154433740293188,0,0.11538461538461539,334.98763867980625
0,0.03898481584781492,0.18331833951634774,340.3564018824305
0,0.04449240792390746,0.18140275950176363,341.7336686558926
0.07659860283773354,0,0.16281766015173485,335.07370089279067
0.14957656637868555,0,0.06853662980238083,334.8664495717234
0.0907032306513975,0,0.16275274963063435,335.1029878095075
0.15021724448288015,0.05,0.06912685696737149,343.79394302019074
0.09147993127419039,0,0.16881254623690212,335.0792999833403
0.08615724063411256,0,0.1647931816207293,335.0885124416344
0.1802066861173912,0.05,0.03340602324817359,343.2157516249847
0.17825871800836193,0.05,0.05868604404117024,343.46202761198396
0.1850089893682962,0,0.03536336175554909,334.3277811526788
0,0.011329191347050297,0.18739991899060743,335.44814015545916
0.06657330727954537,0,0.15478575323355595,335.0647408394812
0.005463052600205809,0,0.18893152029645194,334.4150063033012
0.11516072878322894,0,0.1367073065865998,335.1577914160191
0.1487379578298365,0,0.10576923076923078,335.0110178490854
0.16639964872566132,0,0.058527456304273015,334.6829331584582
0.067051247079642,0.05,0.1557393100931136,344.0153995289893
0.14897147640125558,0,0.08056372381783433,334.93033760359174
0.1736366119596368,0.05,0.04301784120909521,343.38421985081715
0.1683107824165035,0.05,0.0399790813403183,343.4106891836919
0.17425873426694735,0.05,0.03669255229424595,343.31677823092474
0.13694173391064052,0,0.11138386674169348,335.08388012671276
0,0.04449240792390746,0.1749925030915072,341.77029537425125
0.1789624415027702,0.05,0.046056601077872114,343.3518735137181
0.2,0.03888888888888889,0,339.64910233864566
0,0.05,0.17307692307692307,343.28118512487464
0.11986569545643734,0,0.12030195551519024,335.1532112261844
0.12064148279042314,0.05,0.12137770155803296,344.1125482022271
0,0.0056645956735251485,0.18985380564914986,334.8226310711425
0.09444935826289143,0.05,0.13925180032113724,344.1301689066233
0.19580272510191543,0,0.0045467994491020566,333.8861150662839
0,0.03347722377172238,0.1788236631206755,339.15176196812394
0.1489901187858847,0.049999999999999996,0.09955756249548176,343.93791361583345
0.028579129104925716,0.05,0.16971876142024606,343.6689010105976
0.11427673220913476,0,0.12335734090882296,335.16629902739743
0.13121094353105853,0.05000000000000001,0.11470826423958803,344.06884313907887
0.14927402138997056,0,0.07455017681010759,334.9002008168274
0,0.03898481584781492,0.17690808310609135,340.3938209886677
0.1861546379678351,0.05,0.030119494202101242,343.10760936587207
0.17855881969734516,0.05,0.052401227744645514,343.4101605576766
0.016389157800617428,0,0.1821791762739713,334.5774222382748
0.005695782463351506,0.05,0.16987179487179488,343.3832163923615
0.09153987358041504,0,0.1563138559233339,335.1259806839941
0.08699388356313009,0,0.15835428791342884,335.11329490366774
0.1432699790921824,0.05,0.1024601473801737,343.9831677529897
0.14352214004823058,0.05,0.09624847910642473,343.9643161722409
0.06215673707205201,0.05,0.14544758415555076,344.0194309995461
0.06741980537521149,0.05,0.14928376444299887,344.03641354218627
0.061788178776482516,0.05,0.15190312980566545,344.000849914457
0.06092336550118714,0,0.1576012348837183,335.0303068194652
0.10385814090464623,0,0.12488926266103384,335.17815709817336
0.10917127398153792,0,0.12712917958598557,335.1736329378221
0.10896359913224307,0,0.12111742398387124,335.1733880489508
0.1040658157539411,0,0.13090101826314818,335.1763118392707
0.10961327226858501,0,0.13380416242487397,335.1694093074919
0.05111023368726591,0.05,0.15745645704301314,343.9166099018171
0.08244789354584514,0,0.16039471990352377,335.0975847365866
0.03417469478010904,0.05,0.15384615384615385,343.78836255197916
0.03422480317419313,0.05,0.16017989353063583,343.76692480087513
0.028478912316757532,0.05,0.15705128205128205,343.72055611670993
0.18926207606266154,0.025978509711246704,0,337.14440016863483
0.1954231524771158,0.02767413980269262,0,337.37452907618183
0.19383892358554572,0.031637703241887416,0,338.1602042884333
0.022032778965321527,0,0.1789456746324644,334.65242474348787
0.02226550882846722,0,0.17270646202832016,334.68591205433756
0.016621887663763123,0,0.175939963669827,334.6130325688602
0.19542315247711584,0.016563028691581515,0,335.5798583354583
0.19542315247711584,0.022118584247137064,0,336.41277790852547
0.0990128866228642,0.05000000000000001,0.12889668417393005,344.14246488330764
0.10440432741790395,0.05000000000000001,0.12549818588369088,344.141960295733
0.15907773314948248,0.05,0.034144554763873465,343.4370226856252
0.15732480753487707,0.05,0.03992240564561294,343.5094648855142
0.15270828290136657,0.05,0.037005142357390525,343.5169328082552
0.0284789123167575,0,0.15705128205128205,334.8059416680423
0.022783129853406005,0,0.16025641025641024,334.7418324124615
0.02819402115496441,0,0.16326212121904768,334.781759169787
0.13824930564041127,0,0.08645916190675042,335.01341956931236
0.14374772248983028,0,0.08351571948827452,334.9733784501071
0.13882651356711997,0,0.08045416815098794,334.9858829579898
0.15947910060655618,0.05,0.026848785883557786,343.3543269027268
0.16449699269714035,0.05,0.02247028029146453,343.2588190040949
0.16409562524006668,0.05,0.029766049171780207,343.34596302307466
0.03979457300201172,0.05,0.1572538695471476,343.8284699099863
0.045414451223914395,0.05,0.16066158524814134,343.8624597008197
0.03984468139609581,0.05,0.16358760923162957,343.8045677048994
0.17254889167995913,0,0.048810300755156626,334.5608189231986
0.17295445702327272,0,0.04242742480090589,334.5069954365374
0.16721077941228857,0,0.04576170439577153,334.58409512815734
0.11005527055563212,0,0.1404791452637624,335.16080512093833
0.10527170972313775,0,0.14261169394099252,335.16195575233803
0.08469576078229651,0.05,0.14122380366759246,344.11259586724725
0.08942883255439127,0.05,0.13687991843442818,344.1278383375185
0.08412085290948573,0.05,0.12779226942784577,344.1251807612594
0.08897183520586388,0.05,0.12415292040051193,344.13475573007275
0.08914137861798588,0.05,0.13016415131455483,344.1336096710149
0.1432165321746522,0,0.10231535320648344,335.03593455148933
0.1373184202150542,0,0.1051226711927148,335.07177814235996
0.07339712792156479,0.05,0.14668385134111628,344.06792877030193
0.06778836367078098,0.05,0.14282821879288415,344.0528650627878
0.07376568621713428,0.05,0.1402283056910016,344.0822376247916
0.08440830684589112,0.05,0.13450803654771915,344.1213467489953
0.0790869965315127,0.05,0.13736817111936034,344.10424830211025
0.07879954259510732,0.05,0.13065240399948702,344.10995076820456
0.17506146918109472,0.05,0.022101014533614592,343.14791372268184
0.16951488478772453,0.05,0.018091774699371267,343.1569896143164
0.17547652173274755,0.05,0.0167787429914346,343.0776232158279
0.016854617526908817,0,0.16970075106568275,334.64477169153105
0.011391564926703006,0,0.16666666666666666,334.5985292581585
0.011158835063557313,0,0.17290587927081094,334.56855709973996
0.16750353880565347,0.05,0.0526683346738651,343.53073811685607
0.16113408855753755,0.05,0.05552892226738215,343.6124362732633
0.16153771036296255,0.05,0.04918429560060876,343.5574493923191
0.17300992319181635,0.05,0.012061183132914178,343.04213812186737
0.19084630495423163,0.022014946272051916,0,336.4528376960419
0.05652511047332304,0.05,0.14806694951821733,343.98063424625
0.14987897354597202,0.05,0.06227151935187081,343.7514963802814
0.14954070260906388,0.05,0.05541618173637014,343.7034692927702
0.15550653105175477,0.05,0.05890022080962649,343.6850108248569
0.0727305029443944,0,0.14586090468463542,335.1106821737811
0.06688121223628278,0,0.14828384493284646,335.0831383305851
0.07242259798765699,0,0.15236281298534493,335.0940804421926
0.10907760639697134,0.05,0.11513856553847177,344.132260429492
0.1146385906041331,0.05,0.11775129816227549,344.12533549047816
0.10979576821294369,0.05,0.1220996875934517,344.13608406276677
0.027501794585767868,0,0.1820174240756327,334.68740763641284
0.027676400130025623,0,0.1757121729909576,334.72242860104745
0.1679071606110785,0.05,0.04632370800709171,343.47317180003483
0.17323299015421184,0.05,0.04936246787586861,343.4446046809679
0.09896035752634427,0,0.13467285694031078,335.1743357317432
0.09972425320849383,0,0.1397085497792667,335.1683447357993
0.10450781404098819,0,0.1375760011020366,335.1699281061878
0.16680521406897494,0,0.052144580350022264,334.63556135978115
0.07303840790113181,0,0.13935899638392596,335.12308698721085
0.07857979365250602,0,0.1434379644364244,335.133318459698
0.13217368086428358,0,0.09540759808098881,335.070538726533
0.1258625040779789,0,0.09812802254910126,335.1012031079728
0.13179699455986987,0,0.10166879362996747,335.0884333019941
0.09416190432648604,0.05,0.1325360332012639,344.13787756135156
0.19333333333333336,0.05,0,342.6175595505004
0.13871344682467746,0.05,0.08671976342490384,343.95769961263863
0.13365259264507615,0.05,0.08340271601713192,343.9691838313773
0.13937273233877845,0.049999999999999996,0.08050013113243999,343.9259013061342
0.07937445046791809,0.05,0.1440839382392337,344.0936289665321
0.04878332972824532,0,0.17532937977008767,334.88883019300266
0.049203405836358,0,0.1692807889770653,334.919735726562
0.04376891895311101,0,0.1723629466988679,334.86903908262644
0.11358567773995794,0,0.11016502795982511,335.1565979562793
0.11393120497454634,0,0.11676118443432403,335.16361028663965
0.11952016822184894,0,0.11370579904069132,335.1487855388059
0.19084630495423166,0.01645939071649636,0,335.62082129194147
0.13969223762258057,0,0.06947140441946487,334.92707152353563
0.14435281246726026,0,0.071488625472821,334.91335884058014
0.14491599153400586,0,0.06651940874902469,334.8826414561338
0.027909129993171317,0,0.1694729603868133,334.75379289216147
0.1314203082554562,0,0.10792998917894617,335.10242656341984
0.09382281750224203,0.05,0.12051357137317809,344.1395849375155
0.09867379979862018,0.05,0.11687422234584427,344.1396683835878
0.09884334321074217,0.05,0.12288545325988715,344.14302620041354
0.10423478400578196,0.05,0.119486954969648,344.1404435569733
0.17829256929094328,0,0.04547602116029099,334.480869453168
0.09354081488178521,0,0.15266972852888028,335.13850883529955
0.1323340216168742,0.05,0.09584198060205962,344.02336698588755
0.13780200035452828,0.05,0.09915106399111664,344.00605266807787
0.1319596622549356,0.05,0.10213074181456908,344.0428602490947
0.12510913146915154,0,0.11065041364705862,335.1291217533228
0.03875450817797671,0,0.16939651362764813,334.8452691445075
0.03360491245652281,0,0.16626783218168512,334.8170621110157
0.03332002129472972,0,0.17247867134945072,334.7874338109536
0.188016671123505,0.04636078620794362,0,341.6852068820867
0.1866666666666667,0.05,0,342.7079013992633
0.18913326520759788,0.05,0.004717559858520422,342.746309614496
0.13742764099258975,0.05,0.10543982520362612,344.02355902795273
0.13158530289299708,0.05,0.10841950302707855,344.05801896682516
0.12520805134476848,0.05000000000000002,0.11108186084383057,344.0880403651797
0.09399236091436403,0.05,0.126524802287221,344.1406908163994
0.1446745211133461,0.05,0.07781472221334113,343.8806639723702
0.1444335865183798,0.05,0.08381717854021191,343.9112377200585
0.032970810206214216,0,0.185089173518801,334.7176069341693
0.13767209771370256,0,0.0924641556625129,335.0373453847727
0.13275088879099228,0,0.08940260432522633,335.04876109877233
0.12558241070670706,0.05,0.1047930996313211,344.0750432977113
0.12595677006864558,0.05,0.09850433841881161,344.05771168476616
0.14405026747854527,0,0.07750217248054776,334.94517587451355
0.15557188192027166,0.05,0.04570025652735241,343.57727040317496
0.16194133216838758,0.05,0.042839668933835354,343.4975462118532
0.11324015050536954,0,0.10356887148532617,335.1452620363165
0.10827254466306627,0,0.10792511103487339,335.16031010963536
0.1437743010042788,0.049999999999999996,0.09003681083267576,343.94121807415246
0.18143815867777058,0.05,0.015465711283497934,342.9921103919419
0.1849331970818624,0.05,0.009435119717040846,342.8683057718501
0.10365046605535139,0,0.1188775070589195,335.17642822421436
0.16096764491312257,0,0.04880366973684823,334.6576346944604
0.05636579720662413,0,0.14774909723169816,335.03344373887165
0.050715855428265906,0,0.15056457888186048,334.99367854233793
0.05581961046472653,0,0.1540829068827894,335.0142586350479
0,0.011329191347050297,0.180989662580351,335.4863334114468
0.06146955224308475,0,0.15126742523262704,335.05135824332285
0.06177745719982215,0,0.14476551693191755,335.0676805408028
0.10861807189765467,0,0.1145212675093723,335.1690108740944
0.034174694780109,0,0.15384615384615385,334.86496737302963
0.03388980361831591,0,0.16005699301391946,334.84290663170765
0.17897156013683937,0.05,0.010748151424977512,342.9582951595575
0.1401489883000347,0.05,0.06974671716649425,343.86254632375494
0.134847199525467,0.05,0.07243212608559313,343.90671417221915
0.1353825208917569,0.05,0.06768116844651817,343.87522595404795
0.13961366693374477,0.05,0.07449767480556921,343.89325473584194
0.14491545570831246,0.05,0.07181226588647036,343.8460465517513
0.09875268267704942,0,0.12866110133819644,335.17827113841986
0.09854500782775456,0,0.12264934573608212,335.1786324122347
0.1431935233688869,0,0.09591803322526021,335.0197142536405
0.14317051456312158,0,0.089520713244037,334.9994524532671
0.08412117940388023,0,0.14751693248892286,335.1380369757781
0.08783052649214762,0,0.15191539420612837,335.1338467457116
0.0898314677935178,0,0.14827126681167474,335.1457013023045
0.13503166277790088,0,0.06745418336610873,334.9376228341956
0.14025541668932617,0,0.06450218769566855,334.8956719682488
0.13559484184464649,0,0.06248496664231243,334.90554110806846
0.14034603872941642,0.05,0.058140421911918636,343.782909204704
0.14068430966632456,0.05,0.0649957595274193,343.82920309374026
0.13591784225804676,0.05,0.06293021080744321,343.8411029179491
0.18626945743134746,0.01635575274141121,0,335.6590210924633
0.05126204217016356,0.05,0.14423076923076922,343.9547525243684
0.05118613792871474,0.05,0.15084361313689118,343.9380834351134
0.04556625970681205,0.05,0.1474358974358974,343.90531187157177
0.050169668686368296,0,0.1568983885329517,334.9723629464613
0.022498238691612913,0,0.1664672494241759,334.7155281572727
0.05424922889224269,0,0.17245523739248408,334.9358911541792
0.13769510651946787,0,0.09886147564373612,335.0557748439719
0.04549035546536323,0.05,0.1540487413420194,343.8862880082164
0.038334432069864026,0,0.1754451044206705,334.81371268098513
0.14545077707460236,0.05,0.0670613082473954,343.8134831278208
0.04962348194447069,0,0.16323219818404297,334.947050538498
0.054669305000355384,0,0.16640664659946172,334.9648863475804
0.05527342372282891,0,0.16041671653388062,334.9910767191374
0.07743524576675107,0,0.15637876644443435,335.0982220002025
0.038159826525606275,0,0.18175035550534563,334.77901383941514
0.03314541575047197,0,0.17878392243412586,334.7545079725759
0.059715128056240074,0,0.1695810950148805,334.9785005836343
0.1380541613105765,0.05,0.09293939571736769,343.9851481313698
0.13299330713097518,0.05,0.08962234830959578,343.9984503025189
0.15516826011484663,0.05,0.05204488319412581,343.63459414776383
0.0603192467787136,0,0.16359116494929937,335.0062182759604
0.03427491156827722,0.05,0.16651363321511783,343.74102848565076
0.16056207956980895,0,0.05518654569109897,334.706901584083
0.10048814889064339,0,0.1447442426182226,335.15975379149523
0.13332809671770096,0,0.08339761056946385,335.0233726751495
0.1254858177735652,0,0.10438921809807994,335.1171130876654
0.005695782463351503,0,0.16987179487179488,334.5193784662409
0.00546305260020581,0,0.17611100747593916,334.4873020641599
0.01092610520041162,0,0.17914509187495523,334.5347137334068
0.00546305260020581,0,0.18252126388619555,334.4531830637658
0.16911351733065086,0.05,0.025387543579686946,343.24858186937746
0.14477423520078608,0.05,0.05335063301639405,343.71916215127334
0.14511250613769422,0.05,0.06020597063189472,343.769112863348
0.039870477243460545,0.05,0.15064102564102563,343.84984854744215
0.19542315247711584,0.011007473136025958,0,334.87262104243916
0.13912905855583496,0,0.07444062114326118,334.95600013522727
0.06718911719302019,0,0.14178193663213698,335.0973389035303
0.06208536215655957,0,0.13826360863120807,335.0798059201243
0.17650496159590817,0.05,0.006030591566457089,342.9197134166855
0.18246659854093122,0.05,0.004717559858520423,342.831393890554
0.09477786050100581,0,0.14398990829547073,335.1594709401244
0.09554175618315537,0,0.14902560113442664,335.14920994332203
0.15095535728676115,0.05,0.04278299323913,343.58571562407025
0.01708734739005451,0,0.16346153846153846,334.67263960628725
0.0674970221497576,0,0.1352800283314275,335.1073425583168
0.108359444580999,0.05,0.10817744348349183,344.12306355459464
0.10351662218980959,0.05,0.11252583291466804,344.1340507009136
0.09401396481885625,0,0.13895421545651482,335.16713198856655
0.0625252953676215,0.05,0.13899203850543604,344.03344959203974
0.18270000891367663,0.04272157241588724,0,340.80627846348193
0.18135000445683833,0.04636078620794362,0,341.76762520987495
0,0.0056645956735251485,0.18344354923889347,334.861817477132
0.06815692196635047,0.05,0.13637267314276946,344.0647540907939
0,0,0.1858974358974359,334.3670013987626
0.08328453647486268,0,0.15395582619622333,335.1199261661771
0.15472451041395657,0,0.05184563507792492,334.7254103711542
0.1551300757572702,0,0.045462759123674173,334.6742483905861
0.07827188869576861,0,0.14993987273713388,335.1185124876249
0,0.0056645956735251485,0.17703329282863706,334.8969461230512
0,0,0.1794871794871795,334.40312319468364
0.18000000000000002,0.05,0,342.7897154987706
0.09833733297845972,0,0.1166375901339678,335.17541955318796
0.043348842844998334,0,0.17841153749189026,334.83601272327394
0.05667370216336154,0,0.14124718893098864,335.0476908427279
0.19468333779017166,0.04080523065238806,0,340.1793941773538
0.1343118781591771,0.05,0.07718308372466809,343.93556757246273
0.1806080535744649,0.05,0.026110254367857914,343.13145363986706
0.18102310612611774,0.05,0.020787982825677925,343.0637626818858
0.11955132729167421,0,0.10084844701721371,335.12611087790054
0.11917464098726054,0,0.1071096425661924,335.1400362618249
0.14920243167215574,0.05,0.04856084412086947,343.6498617576571
0.18936667558034329,0.04272157241588724,0,340.7232559074126
0.0390393993397698,0,0.16318567445988252,334.8728834992886
0.0441889950612237,0,0.16631435590584553,334.8984747203556
0.04447388622301679,0,0.16010351673807993,334.9240751298556
0.056449206231874216,0.05,0.1546797934243393,343.9612291636674
0.18320559916588902,0.03547038676888577,0,339.0971681262773
0.18936667558034329,0.03716601686033168,0,339.3982453593381
0.18405001337051494,0.03908235862383086,0,339.90567525959153
0.19084630495423163,0.010903835160940806,0,334.91491100364783
0.1954231524771158,0.005451917580470403,0,334.2886668171203
0.18767784717109146,0.0299420731504415,0,337.90166141444325
0.18852226137571737,0.03355404500538659,0,338.62190126167997
0.17466010172402105,0.05,0.02939678341393027,343.2358588427712
0.1199233209744508,0.05,0.11441657950305302,344.1092915387734
0.1488869412581042,0,0.048504724464750876,334.73845951967206
0.028529020710841624,0.05,0.16338502173576405,343.6969578457139
0.022783129853406026,0.05,0.16025641025641027,343.64632379803385
0.18468522853977737,0.020319316180606,0,336.2564708253979
0.18310099964820728,0.024282879619800794,0,336.9196193315479
0.17967087710062565,0,0.032314765396163986,334.3552233672212
0.19468333779017163,0.03524967509683251,0,338.9043853504354
0.154461208515972,0.05,0.03122729147565105,343.44351331021215
0.1687121498735772,0.05,0.032683312460002625,343.3331483925026
0.1823611849612631,0.031858414913940675,0,338.34476524338464
0.163694257782993,0.05,0.037061818052095886,343.4260813101186
0.05689366876889253,0.05,0.14161140386810261,343.99678240323124
0.08906757211136823,0,0.14323557397271883,335.15503240324495
0.19468333779017163,0.04636078620794362,0,341.5942608050427
0.11920515915847846,0.05,0.10745545744807308,344.10066163369703
0.11392042878816075,0.05,0.11079017610729555,344.1187078383657
0.119579518520417,0.05,0.10116669623556361,344.08549167101387
0.1613732102564362,0,0.04242079378259748,334.604273371891
0.1815167707566372,0.028246443058995586,0,337.6484666109132
0.17898172319578448,0,0.03889539327822749,334.42023971349516
0.17364361092811392,0,0.035846796918842384,334.444730334291
0.1676163447556022,0,0.03937882844152078,334.52853446358677
0.13446848371115527,0,0.07242340008990505,334.96723361672764
0.051262042170163516,0,0.14423076923076925,335.0109973261278
0.07347823228072889,0.05,0.13351253857112821,344.08980854471594
0,0,0.17307692307692307,334.43518723053427
0.03932429050156289,0,0.15697483529211687,334.8967140746995
0.11320226697218842,0.05,0.10382905405231563,344.10670694463084
0.103304938820763,0,0.1122813505844206,335.17036261525925
0.13390530464440967,0,0.07739261681370137,334.9943734556646
0.0871090055595147,0.05,0.10551610175845594,344.1110500894024
0.09254197214397761,0.05,0.10863034857873367,344.1248993672016
0.08780786662969432,0.05,0.11064572870528878,344.12171893965524
0.17248369934019003,0.021251191909749237,0,336.52891184828763
0.1785844639399837,0.02078525404517762,0,336.394578786002
0.1770002350484136,0.024748817484372413,0,337.0650065229868
0.09709396469769513,0,0.10623111229656229,335.16110722222544
0.09192412552834842,0,0.1028988794961726,335.1507870526215
0.09254580966873072,0,0.10810211841487535,335.16142802034835
0.17312968336878015,0.0278473372316806,0,337.66155316729623
0.16666666666666669,0.05,0,342.93069267830225
0.16000000000000003,0.05000000000000001,0,342.99059739135276
0.16330170523924564,0.045847334100306725,0,341.81790703370126
0.022783129853406026,0.05,0.15384615384615385,343.6685992742274
0.01708734739005452,0.05,0.15705128205128205,343.59017869279387
0.12799347382875512,0.05,0.08576684605928721,344.0042954899013
0.12733418831465412,0.05,0.09198647835175104,344.03141700263706
0.06166759400277475,0,0.11901386945818171,335.0846489189387
0.06187647807966715,0,0.12543361083956667,335.0874482879443
0.06707925399597278,0,0.12244054556865754,335.1104087178453
0.1814916169682861,0,0.015024783469166216,334.1629078311938
0.18092160629074983,0,0.020072228644559355,334.22261721607526
0.09797493872844056,0.05,0.11174459539901141,344.13353783072995
0.091843111073798,0.05,0.10350072163190083,344.11356132781344
0.15689042682974438,0,0.03957281296004482,334.61369423757435
0.1801686928315538,0.016821690605982827,0,335.78984982223255
0.07834618654242881,0,0.13657259070417158,335.1429670506621
0.0728048007910546,0,0.13249362265167314,335.129821660694
0.04502007296491441,0,0.15376970708698867,334.9477219982114
0.0883898509177791,0.05,0.11739932455290036,344.13073374335823
0,0.016747320644974972,0.1728701582539115,336.23461861463534
0,0.011082724971449824,0.16891378850219751,335.51753068550937
0,0.016624087457174735,0.1668322212148347,336.2446745276482
0.1458135835234432,0.05,0.042978374464300986,343.6228373485719
0.14756650913804864,0.05,0.03720052358256151,343.5554484758414
0.09771564883807743,0,0.11143435121526504,335.1696319779608
0.1026832546803807,0,0.10707811166571785,335.16272000924874
0.17663503857257895,0.04584733410030672,0,341.6846733107732
0.17432432944070178,0,0.028651705342630895,334.37220603949964
0.1803515956132135,0,0.025119673819952497,334.2797396264168
0.17500504795328964,0,0.021456613766419406,334.2944057425854
0.18246939176858207,0,0.004546799449102056,334.0331675523808
0.1765528334311219,0,0.005931184570962103,334.1078250655849
0.179022225199704,0,0.010477984020064158,334.13679768523366
0.18913605843524878,0,0.0045467994491020566,333.9623785287557
0.19333333333333333,0,0,333.8598806304365
0.04556625970681204,0.05,0.13461538461538458,343.92752700208734
0.05126204217016356,0.05000000000000001,0.13782051282051283,343.96586911596523
0.04556625970681205,0.05,0.14102564102564102,343.91864811503683
0.034174694780109025,0.05,0.1474358974358974,343.8060942360985
0.03417469478010902,0.05,0.141025641025641,343.81939410456283
0.03987047724346053,0.05,0.14423076923076922,343.8653825112342
0.10281776111962995,0.05,0.1073962059678352,344.1259552721379
0.005695782463351503,0,0.15064102564102563,334.58557899498487
0,0,0.15384615384615385,334.50722646294224
0.005695782463351504,0,0.15705128205128205,334.5675052664672
0.17849063328162967,0.03495693466124887,0,339.03885502973577
0.17933504748625556,0.03856890651619396,0,339.84053075530426
0.1259616082363708,0.05,0.06471411026342803,343.89670941785795
0.1304044038809189,0.05,0.06857311817451058,343.9039760783304
0.1254262868700809,0.05,0.06946506790250298,343.9290936575944
0.08295688433331617,0.05,0.11428507773262261,344.1166717349304
0.0823749000452314,0.05,0.10753148188501106,344.10492799628304
0.09316749380911299,0,0.1133053573335781,335.1693318075669
0.005695782463351504,0,0.16346153846153846,334.5454665044612
0,0,0.16666666666666666,334.4632495842179
0,0.01687055383277521,0.17890809529298823,336.2208434706597
0,0.01120595815925006,0.17495172554127425,335.50379166395953
0.07259591671416218,0,0.12607388127028812,335.1317485664062
0.06728813807286518,0,0.1288602869500425,335.1109057683833
0,0.022365032749824185,0.1768673055558584,337.0733999424752
0.12928116207080026,0.05,0.04963448262438069,343.7694461510328
0.1359215852712521,0.05,0.04927660312321028,343.73600370492045
0.13149338879988243,0.05,0.054066392018734866,343.7964018498487
0.14417766098933613,0.05,0.03161805392599304,343.5194191739827
0.14242473537473072,0.05,0.03739590480773251,343.59005078585693
0.13903588722601817,0.05,0.03181343515116403,343.5515020695121
0.0836539651837258,0,0.1337861850244172,335.1584949574131
0.08342035807364859,0,0.12692081129216437,335.16172339534756
0.07811257943235159,0,0.12970721697191875,335.14794860637096
0.09336500801018933,0,0.12006533052003332,335.1751285142546
0.0935726828594842,0,0.12607708612214766,335.1764343910997
0.09378035770877906,0,0.132088841724262,335.17416613508306
0.13253273712253955,0.05,0.0436941334666418,343.70279976462103
0.13578431217427886,0.05,0.037753784308902916,343.6301517374475
0.13917316032299137,0.05,0.043336253965471395,343.6660280657696
0.15300334759006384,0.05,0.011578260047412248,343.2156963714765
0.15650167379503194,0.05,0.005789130023706124,343.10672936314114
0.15967330205760677,0.05,0.011819721590163212,343.165728478983
0.03987047724346052,0.05,0.1314102564102564,343.8831258418756
0.03987047724346053,0.05,0.1378205128205128,343.87648465937144
0.17310566686224382,0,0.011862369141924206,334.2082818662101
0.15280914613901325,0.05,0.026607324340806822,343.40488817708484
0.15782703822959743,0.05,0.02222881874871356,343.3141995789649
0.1041245288673103,0.05,0.09865740539127625,344.1044350768044
0.09858284540594126,0.05,0.09787616787561962,344.10322247276207
0.10058847422380125,0.05,0.09426699424589355,344.0919798173961
0.16381427984149824,0,0.029335756042756633,334.46923900856586
0.1644949983540861,0,0.02214066446654514,334.39255794984575
0.15933149641480643,0,0.026487775220203975,334.4760954054842
0.16829706326819005,0,0.032183736865309294,334.4589696148084
0.1689777817807779,0,0.0249886452890978,334.3841287639071
0.16965850029336574,0,0.01779355371288631,334.30401191088316
0.18,0,0,334.00264150900745
0.1337056155289646,0.05,0.05849830141308904,343.82028743882074
0.10765086052268397,0,0.10272187211617063,335.15081247284155
0.04556625970681202,0.05,0.12820512820512817,343.93195249468135
0.11733452171021402,0.05,0.08427547385113393,344.0318367391746
0.11595710346420549,0.05,0.0907933339181945,344.0617611598629
0.11242104882069642,0.05,0.08640292277281178,344.05135912076423
0.10211890004945032,0.05,0.10226657902100234,344.1149215055294
0.10766058351081936,0.05,0.10304781653665898,344.113003249901
0.16313356132891038,0,0.036530847618968125,334.54064406516324
0.12986908251462903,0.05,0.07332407581358553,343.9345948983203
0.12420996369830799,0.05,0.07568820585574082,343.96931114554474
0.11976716805375989,0.05,0.07182919794465828,343.9612695351134
0.12098349122553281,0.05,0.06560605999142044,343.9190638502849
0,0.011082724971449824,0.1625035320919411,335.5437223168217
0.0972760776582609,0.05,0.10661496845217855,344.12446894003943
0.12865275934285608,0.05,0.07954721376682337,343.97282418939244
0.11457968521819695,0.05,0.09731119398525505,344.086717895015
0.011391564926703008,0,0.16025641025641027,334.62264298091554
0.011391564926703006,0,0.15384615384615385,334.642753200458
0.17764621907700373,0.03134496280630378,0,338.2932835545885
0.03417469478010901,0.05,0.13461538461538458,343.8282621573723
0.05126204217016353,0.05000000000000001,0.12499999999999999,343.9747421157895
0.05689366876889251,0.05,0.12879089104758978,344.010924581148
0.05126204217016354,0.05,0.1314102564102564,343.97253231310566
0.05126204217016351,0,0.13782051282051283,335.02115589996373
0.14468611649381208,0,0.05984210696981471,334.8429714222666
0.1400255416491324,0,0.05782488591645858,334.8544768930529
0.056893668768892514,0.05,0.13520114745784623,344.0060801894179
0.06252529536762148,0.05,0.13258178209517962,344.0409285728161
0.06208536215655956,0,0.13185335222095165,335.08618739634545
0.1755750586308259,0,0.01640916859102626,334.2357010621342
0.0398704772434605,0,0.14423076923076925,334.9328075750705
0.0398704772434605,0,0.15064102564102563,334.91869540344766
0.04556625970681201,0,0.14743589743589744,334.9673720544804
0.13813381200033426,0.05,0.05370851251756445,343.76099150973414
0.09324083321415724,0.05,0.11375997552556652,344.1332990687568
0.04556625970681201,0,0.14102564102564102,334.97952098747766
0,0.04448128413779783,0.16870220219933024,341.7991891112342
0.05667370216336154,0,0.13483693252073226,335.0559608677565
0.056673702163361525,0,0.1284266761104758,335.06016402047277
0.0512620421701635,0,0.13141025641025642,335.0272476014874
0.1849387835371642,0,0.009093598898204113,334.06083112206557
0.17807887368777128,0.011369773025512423,0,335.10680240446226
0.1759890545439888,0.00591785544504202,0,334.541611482812
0.18208981914378247,0.005451917580470403,0,334.43691154070603
0.18666666666666665,0,0,333.93399828914534
0.034174694780109004,0,0.13461538461538464,334.90112978562587
0.034174694780109,0,0.14102564102564102,334.89309692081
0.0398704772434605,0,0.13782051282051283,334.94289847397704
0.022783129853406026,0.05,0.1474358974358974,343.68637409220827
0.01708734739005452,0.05,0.15064102564102563,343.610191131424
0,0.005541362485724912,0.1709953557895603,334.9143682531381
0.16317162826257486,0.05,0.006030591566457089,343.0535995708005
0.18875648581044915,0.005451917580470404,0,334.36552639833656
0.0784620053138076,0.05,0.12398379676488364,344.11061412082944
0.07314069499942917,0.05,0.12684393133652486,344.09227384754575
0.17377566739737027,0.03444348255361197,0,338.97808006336146
0.1692591316891467,0.030945856978988794,0,338.2980793767033
0,0.022241799562023948,0.17082936851678163,337.0836097110759
0,0.022230675775914324,0.16453906762460468,337.1094436999209
0.083887572293803,0,0.14065155875667001,335.1505994842233
0.1746200816019962,0.038055454408557066,0,339.77292438118445
0.056464818086469123,0,0.12200693472909085,335.05912259360406
0,0.03346609998561276,0.17253336222849852,339.18348598009453
0.087375970499384,0,0.10476988561448566,335.1487666529135
0.08799765463976628,0,0.10997312453318842,335.15878665212335
0,0.05,0.16025641025641024,343.33862332216114
0,0.04448128413779784,0.1558816893788174,341.8503840341143
0,0.05,0.15384615384615383,343.3606225833959
0.09657721658808127,0.05,0.1014853415053457,344.11246171151623
0.17798504302941726,0.042208120308250344,0,340.73223026178755
0.06218775808632177,0.05,0.12591317486057624,344.04218320467993
0.056556131487592795,0.05,0.12212228381298643,344.0091665918414
0.06185022080502206,0.05,0.11924456762597287,344.03860769032025
0,0.027848387880763537,0.1685362149265516,338.081417858309
0,0.02783726409465391,0.16224591403437463,338.10581685254556
0.07788002102572282,0.05,0.11723020091727204,344.1055987660098
0.07729803673763803,0.05,0.11047660506966048,344.0955905942016
0,0.027859511666873164,0.17482651581872855,338.0526388579012
0.08883396500129104,0,0.136370200240466,335.16483073072567
0.08282781547041958,0,0.10664089173279873,335.1437840868576
0.15240764340305257,0,0.03672483213749216,334.6197021064185
0.1506472923305784,0,0.04261477830112152,334.68098052037635
0.1511570837620545,0.05,0.0219873572059626,343.36288321246707
0.14766737237569533,0.05,0.026802705565977816,343.4436397768862
0.14252559861237735,0.05,0.026998086791148807,343.4784780191169
0.1061301576851703,0.05,0.09504823176155018,344.09194523146755
0.12299364052653505,0.05,0.08191134380897865,344.0049139116297
0.17333333333333334,0.05,0,342.8637320474416
0.1699683719059123,0.045847334100306725,0,341.75481813114243
0.034174694780109,0,0.14743589743589744,334.8810427832779
0.08353886862140095,0.05,0.1210386735802342,344.1234226565892
0.06714431012245133,0.05,0.11636685143895932,344.06306541122655
0.07222117343004468,0.05,0.11342172825430989,344.0816363991828
0.07280315771812947,0.05,0.12017532410192147,344.08990900415176
0.022783129853406005,0,0.15384615384615385,334.76198297247765
0.022783129853406005,0,0.14743589743589744,334.77809738371576
0.01708734739005451,0,0.15064102564102566,334.7128968786437
0.07238703263726978,0,0.11965413988890317,335.12961521151374
0.06687036991908038,0,0.11602080418727256,335.1058514067027
0,0.005541362485724912,0.15817484296904746,334.96457296191977
0,0.005541362485724912,0.16458509937930388,334.9414952456361
0,0,0.16025641025641024,334.4872626616873
0.14256200847170392,0.05,0.048918723622039875,343.6961422404618
0.1740679282317601,0.017287628470554442,0,335.91690365368333
0.011391564926703013,0.05,0.16025641025641027,343.50464992651223
0,0.03345497619950313,0.16624306133632155,339.2108299858939
0.10750757593117884,0.05,0.08853037169448962,344.06699145617887
0.10259410304166122,0.05,0.09065782061616745,344.0787337454185
0.1287274985181266,0.05,0.05939025114108145,343.8487733069905
0.011391564926703013,0.05,0.15384615384615385,343.52691649256866
0.045566259706812,0,0.1346153846153846,334.98764004856923
0.01708734739005451,0,0.15705128205128205,334.69478631685445
0,0.05,0.16666666666666666,343.31214416932073
0,0.04448128413779784,0.16229194578907383,341.8270265184771
0.10206157053999841,0,0.1018748727470151,335.15234022273
0.14911681629829798,0,0.05518202624396086,334.78564122850116
0.1444562414536183,0,0.05316480519060472,334.79878303025407
0.14934669133849177,0,0.061859328023170845,334.82830457918493
0.15495438545415036,0,0.0585229368571349,334.7701316824308
0.022783129853406005,0,0.14102564102564102,334.7901568967395
0.01708734739005451,0,0.14423076923076925,334.72697129165505
0.08860035789121382,0,0.12950482650821318,335.16996202295115
0.15865077790221857,0,0.03368286679641547,334.54934066990046
0.1628449303201816,0.05,0.017850313156620303,343.2171894896983
0.005695782463351507,0.05,0.15064102564102563,343.45632229093053
0.005695782463351506,0.05,0.15705128205128205,343.43630225566056
0,0.03897369206170529,0.17061778221391438,340.42412986314446
0.10966621232867935,0.05,0.0994386429069329,344.10126963120496
0.17197810908797762,0.01183571089008404,0,335.2207918420815
0.005695782463351506,0.05,0.16346153846153846,343.41199926981386
0.16983829492924152,0.05,0.006030591566457089,342.9901844526481
0.16796716363196643,0.01775356633512606,0,336.0401825868157
0.02847891231675751,0.05,0.1378205128205128,343.7671904470979
0.02847891231675752,0.05,0.14423076923076922,343.7561081175036
0,0.03896256827559566,0.1643274813217374,340.45005873145004
0.15416799447552676,0,0.030834885973862802,334.55462427779855
0.011391564926703015,0.05,0.14743589743589744,343.5446824004124
0,0.033443852413393496,0.15995276044414458,339.233793985522
0,0.03896256827559567,0.157917224911481,340.47477450148966
0.06748184740375104,0.05,0.12303545867356269,344.0684584506392
0.15617497585263868,0.05,0.01760885161386934,343.2706924237124
0.14950502138509575,0.05,0.01736739007111837,343.31749841635866
0.1309397252472088,0.05,0.06382216053543563,343.8707224404127
0.028478912316757504,0,0.14423076923076925,334.83816353914335
0.028478912316757504,0,0.13782051282051283,334.8482097280631
0.06781938468505075,0.05,0.12970406590816608,344.06902134382835
0.1663432565251497,0.05,0.012061183132914178,343.1090636451217
0.12374938150728862,0.05,0.060282200869073856,343.8736266301417
0.12651527178904443,0.05,0.05495834174672727,343.8237540637244
0.07790369535545918,0,0.12328747559053377,335.14823920772875
0.08302532967149591,0,0.11340086491925394,335.15427970627644
0.12233435501243407,0.05,0.08813097610144249,344.0342402537328
0.14601530999873655,0.05,0.022182738431133588,343.40047680139907
0.08819516884084264,0,0.11673309771964363,335.1669328151767
0.01708734739005452,0.05,0.14423076923076922,343.6257029118414
0.028478912316757532,0.05,0.15064102564102563,343.7405939722543
0.18417963828756498,0.010903835160940808,0,334.98903806852474
0.17327007714515788,0.04169466820061344,0,340.65572019026035
0.16990511571773684,0.03754200230092016,0,339.7028561372321
0.08839268304191897,0,0.12349307090609885,335.17056312830783
0.14931943475265408,0.05,0.03142267270082204,343.48342292088273
0.12095693676642554,0.05,0.09464883616850304,344.0623498051415
0.09647228055731283,0,0.10102787337785954,335.1498452859819
0.16660341047849125,0.04169466820061345,0,340.7219932823278
0.02278312985340602,0.05,0.14102564102564102,343.6996706985876
0.11104363057468788,0.05,0.09292078283987233,344.07879821875275
0.045566259706811996,0,0.1282051282051282,334.9916922373486
0.08322284387257226,0,0.12016083810570916,335.1602594757731
0.0398704772434605,0,0.13141025641025642,334.9489780223243
0.028478912316757504,0,0.15064102564102566,334.82409607750736
0.011391564926703006,0,0.14743589743589744,334.65882727122244
0.11855084488198696,0.05,0.0780523358978961,343.9988604980767
0.0512620421701635,0,0.125,335.02927243069877
0.16861314766055657,0.024349711657057425,0,337.0771881932313
0.11024151208222177,0.05,0.06317047448865253,343.9261980842126
0.11712891737604497,0.05,0.06111878395801401,343.89863414062734
0.11409608593170963,0.05,0.06765775052205895,343.9492866778939
0.16988616676445523,0,0.005931184570962103,334.16831458611847
0,0.02784139730806673,0.15581681452174806,338.12924363481466
0.0674691732175722,0.05,0.10994230878675687,344.0563252998388
0.06187193184652469,0.05,0.11292282177052745,344.03263145409676
0.15546510028791827,0.0385656670395086,0,340.0653281976104
0.15319765043187739,0.032848500559262896,0,338.82071684398016
0.15876680552716388,0.03441300113981532,0,339.10905501886435
0.045566259706811996,0,0.12179487179487179,334.9916706160689
0.005695782463351503,0,0.13782051282051283,334.6096711961718
0.011391564926703006,0,0.13461538461538464,334.67891213896536
0.005695782463351504,0,0.13141025641025644,334.6156613513686
0.061502369336147195,0,0.11240338148691986,335.077788175248
0.056299593419841566,0,0.11539644675782901,335.054125026632
0,0.03881624881002446,0.13882306162011648,340.4880170576983
0,0.03881624881002446,0.1452333180303729,340.47601416159085
0,0.033224373215036684,0.14092690012248243,339.2384678592866
0.15701699193710228,0,0.02083768099162704,334.4356869740035
0.15470248745939816,0,0.015187586763050112,334.3914193907077
0.1495389855201185,0,0.019534697516708943,334.4716782955961
0.09133897626136901,0.05,0.0889723373317824,344.0674298310157
0.09058136702883636,0.05,0.08267344098750526,344.0394647658106
0.09620893041898246,0.05,0.08351618262969777,344.04855822236794
0.13034421260343204,0.05,0.017654309153148133,343.42842585069815
0.133562808402288,0.049999999999999996,0.011769539435432089,343.33642967820305
0.1367311488639866,0.05,0.017558669459138213,343.39735449747985
0.06716676507100623,0,0.10965634025102036,335.0994659163807
0,0,0.13461538461538464,334.5433092223861
0.09063460191646208,0,0.08235746510117062,335.08337769822396
0.09611722862334518,0,0.08318661553361924,335.09150370874414
0.09526330551589368,0,0.07676026562079677,335.0621677052253
0.12937993341565585,0.04999999999999999,0.038687124273289256,343.668801336702
0.12612835836391653,0.049999999999999996,0.044627473431028145,343.73776283242006
0.12297555465703283,0.04999999999999999,0.039620464237675596,343.7014949418624
0.1118155439090189,0,0.07943483916727198,335.0673203646025
0.11777731130586572,0,0.0835707256806965,335.0740832953643
0.1187788433227584,0,0.07745858590701532,335.0447631729572
0.14680376835552103,0,0.036961132632393645,334.6562877405452
0.14856411942799522,0,0.03107118646876429,334.5924488653417
0.14296024438046367,0,0.031307486963665775,334.62644098349404
0.06811889940781396,0.05,0.097093223482352,344.0293321194776
0.07287089962028644,0.05,0.100572642949905,344.05906361833314
0.06779403631269308,0.05,0.10351776613455443,344.04508086925586
0.10674996669864617,0.05,0.08223147535021245,344.04042366721717
0.10107888457659593,0.05,0.07806002792761314,344.0229975970363
0.10599235746611353,0.05,0.07593257900593531,344.0093145364893
0,0.0333706926806079,0.15361080700359053,339.23976288030053
0,0.027768237575281123,0.149474861081194,338.133832663164
0,0.03329753294782229,0.14726885356303648,339.241320838222
0.13050682557951865,0,0.05284322684273301,334.86192698836777
0.12811318888271497,0,0.058580543314969556,334.9103257452712
0.13305083371208257,0,0.057664096742522715,334.88532422017676
0.0739830705622836,0.05,0.09410534755143128,344.0437722372604
0.14311808512454116,0.05,0.017463029765128292,343.36037868603336
0.0894946923971246,0,0.09231240084698283,335.1191922400975
0.0884353314482543,0,0.09854114323073423,335.1359842994781
0.09298348647721871,0,0.09667013711242119,335.13622243132914
0.011391564926703006,0,0.14102564102564102,334.6708918859281
0.01708734739005451,0,0.13782051282051283,334.7370216425326
0,0.05,0.1474358974358974,343.3780599093576
0.005695782463351507,0.05,0.14423076923076922,343.47155374093484
0.1558511849298861,0.0224357495535495,0,336.86078782501704
0.15092801386318974,0.027467394294928442,0,337.776514319062
0.1486583772945021,0.022086288030593988,0,336.85315607587256
0.05130546425316879,0.05,0.11235650828910915,343.9663865611648
0.051327175294671415,0.05,0.10603476243366373,343.9557286636805
0.05659955357059805,0.05,0.1094787921020956,343.99685253824816
0.05109681750353594,0,0.11838951202873815,335.0261380404454
0.16,0,0,334.1755261885187
0.16321950009778857,0,0.005931184570962103,334.22328930827587
0.16666666666666666,0,0,334.1234127603911
0.022783129853406008,0,0.13461538461538464,334.79820311108796
0.16103425538320476,0.040130167620061025,0,340.39080661186927
0.16433596062245037,0.03597750172036774,0,339.4031014499483
0.14504341728304684,0,0.042851078796023,334.71632720108653
0.13806870934599702,0,0.042690289622087145,334.7512496142484
0.14191223332105438,0,0.048343935290815016,334.77689934086044
0,0.01108685818486264,0.15607443257931453,335.566269616755
0,0.01663235388400037,0.1539740221895816,336.29206728450004
0,0.01662822067058755,0.16040312170220816,336.2704360041964
0,0.02223480898932714,0.1581099681119781,337.1340378293296
0.01708734739005452,0.05,0.125,343.64538438737844
0.022783129853406015,0.05,0.1282051282051282,343.71273861943564
0.01708734739005452,0.05,0.1314102564102564,343.6432486595912
0.10405540316678738,0,0.09834628691402535,335.1429216978878
0,0.05,0.141025641025641,343.3910869395809
0.005695782463351507,0.05,0.1378205128205128,343.48237489520056
0.09697115173079665,0,0.08961296544644169,335.1166803359834
0.09148852502391355,0,0.08878381501399307,335.10961306572653
0.0949773191040077,0,0.09314155127943144,335.1272982737615
0.08822117650151187,0.05,0.09904880635998223,344.0970017075268
0.10604923579357636,0,0.0948177010810356,335.13180939283524
0.10756162272707509,0,0.08815165247949239,335.1084078580666
0.10245377843767976,0,0.09044211587889031,335.11995652305774
0.028478912316757504,0,0.125,334.8562858750489
0.034174694780109004,0,0.12820512820512822,334.9051871841131
0.034174694780109004,0,0.1217948717948718,334.9052071839079
0.12317554405334738,0,0.05949698988741639,334.93218316257014
0.12078190735654373,0,0.06523430635965294,334.9745346248937
0.1257195521859113,0,0.0643178597872061,334.95468089374725
0.07254603652516556,0.05,0.10699718560210746,344.07260216835556
0.11475253743886826,0,0.09690282288378295,335.12625552688866
0.11626492437236699,0,0.09023677428223972,335.1025292799046
0.11115708008297168,0,0.09252723768163766,335.1190405418233
0.08348707098722857,0.05,0.10106418648653734,344.0930573232648
0.08388717641928986,0,0.1004121493490473,335.1327840012791
0.07886442305410266,0,0.0971743228976197,335.11261012409057
0.07780506210523236,0,0.10340306528137111,335.124943523742
0.07750866695330651,0,0.10976752921762334,335.1356829095554
0.1310940014089472,0,0.04252950044815129,334.7800288372116
0.13422518537093966,0,0.037036643953359275,334.7204459104163
0,0,0.14743589743589747,334.5232344981685
0.03987047724346052,0.05,0.12499999999999997,343.88537877874495
0,0.03888940854281006,0.15157527147092695,340.4775997999688
0,0.044408124405012225,0.14953973593826336,341.8500657362939
0.1126694670164704,0,0.08586118908009444,335.09311678216886
0.15773255014395915,0.0442828335197543,0,341.455288380068
0.028478912316757504,0,0.13141025641025644,334.85425180588237
0.07770618115438285,0,0.11652750240407855,335.1442189836032
0.10964469314947295,0,0.09919328628318089,335.14024456392144
0.16304399256527008,0.022785211076505003,0,336.86207631757924
0.16077435599658244,0.017404104812170553,0,336.0500123525967
0.09696653965151511,0.05,0.08981507897397492,344.07533945662453
0.06219679494164557,0.05,0.10649827911832502,344.0237427997092
0.12795209893818632,0,0.08545698019179555,335.05240424908425
0.13678140420114399,0.04999999999999999,0.005884769717716044,343.2373292115508
0.1399497446628426,0.04999999999999999,0.011673899741422168,343.30243144293047
0.10074593222277678,0,0.07758941605324539,335.06756137282616
0.10159985533022828,0,0.08401576596606786,335.09583863608174
0.10670769961962359,0,0.08172530256666992,335.08345070579554
0.05128375321166616,0.05,0.11867825414455456,343.97272437853456
0.1462496149502911,0,0.02542109224018736,334.5514266022676
0.14064573990275955,0,0.025657392735088845,334.58393987253953
0.07873507077475608,0.05,0.0975847670189843,344.07068121688945
0,0.00554549569913773,0.1453354870461645,334.9987532251956
0,0.00554549569913773,0.15174574345642092,334.9839060852379
0.11989480765780079,0.05,0.05579492483566743,343.85187553198745
0.15358154836119847,0.017054643289215046,0,336.05349886179533
0.15092582715054298,0.011136787844173025,0,335.30208517656183
0.15811863478592697,0.011486249367128533,0,335.29376293727745
0.05692441666571893,0.05,0.10305424944989316,343.98581534086065
0.0398704772434605,0,0.11858974358974358,334.94897640083946
0.039870477243460496,0,0.125,334.95099591092804
0.08494653736816016,0,0.09418340696529588,335.1177742097556
0.07992378400297295,0,0.09094558051386828,335.0962670184941
0.12415484110227304,0,0.0753992162846836,335.02034264198903
0.11978037533965107,0,0.07134644613333413,335.0115802828003
0.05657784252909542,0.05,0.115800537957541,344.005169605102
0.16932238787732212,0.00591785544504202,0,334.60233579491666
0.17333333333333334,0,0,334.0657845338873
0.1636899765938602,0.02938135639843637,0,338.04064609523545
0.12737489101147761,0,0.09146197394755803,335.0761872877538
0.16531144242131096,0.01183571089008404,0,335.27909744141084
0.14638874072581448,0.016705181766259538,0,336.0506421144118
0.10183649380912857,0.05,0.08435892427189029,344.0531363421105
0.1128797627599367,0.05,0.07388088847529678,343.98886117295405
0.1195078942326729,0.05,0.0454640565199683,343.76654419159115
0.1226606979395566,0.05,0.05047106571332084,343.80068157707336
0.11604023380831295,0.05,0.051307648802261005,343.82564919508815
0.15546291357527148,0.005568393922086513,0,334.6770465345975
0.1306571970152789,0,0.06340141321475927,334.9316830548055
0.005695782463351506,0.05,0.1314102564102564,343.4885794142252
0.011391564926703013,0.05,0.1282051282051282,343.5704729853294
0.011391564926703013,0.05,0.1346153846153846,343.5663028619236
0.11166343958816377,0.05,0.08010402642853462,344.02382094614876
0.14633668092339716,0.049999999999999996,0.011578260047412248,343.26252874942975
0.09295528201579514,0.05,0.09703342623342709,344.0973352370804
0.1518534899978226,0,0.025184791745285873,334.5150808626048
0.07762289983275891,0.05,0.10405206241745803,344.0842622439349
0,0.05,0.1346153846153846,343.3997036740656
0,0.044408124405012225,0.13671922311775053,341.8750956626247
0.09496091083365513,0.05,0.093424252603701,344.08733905515834
0.07278230874004513,0,0.10016523882994352,335.10187782471235
0.06775955537485792,0,0.09692741237851592,335.07458698976865
0.06746316022293207,0,0.10329187631476813,335.0890444440693
0.0954513211864498,0.05,0.07721728628542061,344.0172356463453
0.10032127534406327,0.05,0.07176113158333598,343.98831751019594
0,0.044408124405012225,0.14312947952800695,341.86478584732856
0.15106588347729247,0.0442828335197543,0,341.5060356165544
0.14439921681062579,0.04428283351975429,0,341.55034043763453
0.1487984336212516,0.038565667039508596,0,340.1135379020475
0.01708734739005452,0.05,0.13782051282051283,343.63668816774555
0.011391564926703015,0.05,0.14102564102564102,343.55770797445916
0.14666666666666667,0.049999999999999996,0,343.0907245130182
0.15333333333333335,0.05,0,343.04388215988865
0.14983500712836526,0.05,0.005789130023706125,343.15678793638574
0.06179876448807304,0,0.10603891755066766,335.06934483862557
0,0.01109099139827546,0.14964533306668798,335.58468672044353
0,0.01663648709741319,0.14754492267695504,336.3095683685588
0.1361386623518228,0.05,0.027093726485158728,343.51491068167803
0.1411998933079895,0,0.037197433127295135,334.689040905281
0.09846611318410181,0,0.0974992875448698,335.14157614521747
0.15812082149857373,0.02781685581788395,0,337.78892106996733
0.08600589831703047,0,0.08795466458154447,335.09875471228685
0.022783129853406005,0,0.12820512820512822,334.80223322442504
0.03417469478010901,0.05,0.12820512820512817,343.8327389888052
0.03417469478010902,0.05,0.12179487179487175,343.83277094707864
0.062095159639998884,0,0.09967445361441543,335.0568655200136
0.14316834046169857,0.049999999999999996,0.005789130023706125,343.20040409422404
0.028478912316757518,0.05,0.12499999999999997,343.77594010626456
0.12953083888178768,0,0.07333984666235188,334.9918550986993
0.128529306864895,0,0.07945198643603307,335.02501041455264
0.1557414936808048,0,0.0046282010960440045,334.2628032469973
0.15896099377859338,0,0.010559385667006108,334.30951114735547
0.13999999999999999,0.049999999999999996,0,343.13112445074154
0.02847891231675751,0.05,0.1314102564102564,343.7736978761002
0.10941976967706929,0.05,0.05214423189120116,343.84434900507716
0.11327434352655713,0.05,0.05663150792460758,343.8737291922248
0.11281707592591159,0,0.07332269939359079,335.03621912551944
0.03970525257683294,0,0.11197925561848175,334.94146967608924
0.034174694780109004,0,0.11538461538461539,334.90118978501044
0.13493752538400455,0,0.048183146116879155,334.8091959718502
0.10638693823273394,0.05,0.0586831984552461,343.8986342517863
0.1514829873616096,0,0.009256402192088009,334.3457667097486
0.13263150846739516,0.049999999999999996,0.03274677511555037,343.59383820022214
0.12973428359319977,0.049999999999999996,0.028027066449545068,343.5550814326528
0.13748153351656847,0,0.05300401601666886,334.8334266044102
0.028478912316757504,0,0.1185897435897436,334.85428254552306
0.1251563731191657,0,0.06928707651100241,334.98524215510906
0.1300940179485333,0,0.06837062993855557,334.96300454855003
0,0.022165782469954355,0.1453389151587975,337.15771092441395
0,0.027695077842495523,0.14313290764063996,338.13401075465646
0.12315330908538036,0,0.08151135605836479,335.0515803611192
0.1332414374776274,0.05,0.02237401781915343,343.4738852754067
0.16218049387638195,0,0.01649057023796821,334.35128450207793
0.08933334744350903,0.05,0.09258151096150849,344.07818295610565
0.1058537765121721,0,0.07529895265384745,335.05433417724475
0.08571141287122291,0.05,0.08812959568958989,344.0550048685919
0.08459924192922574,0.05,0.09459689108806361,344.07641628070115
0.16643900019557717,0,0.011862369141924206,334.26611788239734
0.06252165803676644,0.05,0.10007373646612258,344.0103498261263
0.022783129853406005,0,0.1217948717948718,334.80224396427104
0.11982275095014913,0.049999999999999996,0.034613455044323053,343.6606424793599
0.12332990483457676,0.04999999999999999,0.02896040641393141,343.5892961895335
0.12622712970877215,0.04999999999999999,0.03368011507993671,343.6302183368382
0.017087347390054512,0,0.13141025641025644,334.74305589239896
0.02847891231675752,0.05,0.11858974358974357,343.77373746326936
0.10720868063788647,0.05,0.06970944105269747,343.9723712311976
0.12796281744695473,0,0.04802235694294331,334.8353494126414
0.12556918075015105,0,0.05375967341517984,334.8857880918195
0.12257610115867167,0,0.08751634981412726,335.0773688106975
0.16265572121065547,0.00591785544504202,0,334.6575453086452
0.039870477243460524,0.05,0.11858974358974356,343.8831868424547
0.034174694780109025,0.05,0.11538461538461536,343.8283580321926
0.139628373738182,0.05,0.022278378125143508,343.440133267517
0.11635509052578918,0.049999999999999996,0.04045704732661576,343.7278222341641
0,0.00554549569913773,0.13892523063590811,335.0096199164083
0,0.01109099139827546,0.14323507665643156,335.5983729651327
0,0,0.14102564102564105,334.5352620846498
0.005695782463351503,0,0.14423076923076925,334.59961531995083
0.11381860794280427,0,0.0672105596199096,335.00125511868646
0.13735636933293213,0,0.03154378745856726,334.65660063225545
0.11288743010142924,0.05,0.046300639608908456,343.7890577427365
0.04560968178981728,0.05,0.10915138008398094,343.9193068857248
0.04556625970681202,0.05,0.12179487179487176,343.93198153698705
0.14393511047258695,0,0.01977099801161043,334.50654518737855
0.07248591358811929,0,0.10652970276619572,335.11447624476943
0.07218951843619345,0,0.11289416670244795,335.1230386828371
0.1268370587190044,0.049999999999999996,0.023307357783539772,343.5118906466461
0.022783129853406022,0.05,0.12179487179487179,343.7127462483313
0.07984724171675325,0.05,0.09111747162051059,344.0523298202986
0.12106371422517294,0,0.0941823984156705,335.1040997130772
0.10685530852906477,0,0.06918681288016626,335.02145182148564
0.022783129853406015,0.05,0.13461538461538458,343.70841704104095
0,0.022238942202739958,0.15168086859935154,337.1545017624936
0.056430763905139854,0,0.10242149485031496,335.0343412914353
0.05613436875321401,0,0.10878595878656717,335.04484247435823
0.07384166968891542,0,0.09393649644619209,335.0882111109879
0.04558797074831465,0.05,0.11547312593942635,343.9278042514132
0.03989218828496315,0.05,0.11226799773429814,343.87685000856214
0.011391564926703008,0,0.12820512820512825,334.6829162909913
0.14722448104241437,0,0.013884603288132014,334.42441657677256
0.1004599458108908,0,0.09397070171188006,335.1316132242427
0.05093159283690838,0,0.1117790240574763,335.01871866489034
0.1033541067883986,0.05,0.06522216501929104,343.94662375349253
0.01708734739005451,0,0.12500000000000003,334.74507404125416
0.05076636817028082,0,0.10516853608621449,335.0070143040335
0.09989200911532531,0,0.07116306614042293,335.035124733291
0.04540103504018444,0,0.11518438382360995,334.9863500585671
0.04523581037355688,0,0.10857389585234811,334.97674451576364
0,0.011082870209064092,0.130305176251151,335.6125034988716
0,0.011082870209064092,0.12389491984089458,335.6139096531196
0,0.016624305313596138,0.12815007206903417,336.332825793641
0.08346448102565135,0.05,0.06355780615903008,343.91695507397145
0.0867501860806536,0.05,0.06994856982906687,343.9650630782215
0.07996464144894877,0.05,0.06904228895193232,343.9435485692688
0.09025002565735618,0.05,0.06446408703616463,343.93566648102825
0.06852125632411055,0.05,0.09182958797486873,344.01364589734084
0.14879624690860482,0.005568393922086513,0,334.7204749377683
0.1464975770066641,0.0330314976921693,0,338.90441699132475
0,0.016632426502807503,0.14107997247431475,336.32154551184084
0,0.02216172187534867,0.13887396495615723,337.1684296192045
0.011391564926703013,0.05,0.12179487179487178,343.5707765444845
0.005695782463351506,0.05,0.11858974358974358,343.4890096225269
0.01139156492670301,0.05,0.11538461538461536,343.5664381303784
0,0.016652855413169868,0.11534098398671525,336.33254119596666
0,0.011097145258850957,0.1174903757997351,335.6128495076527
0,0.011111420308637822,0.11108583175857566,335.60767476903607
0.023104346373060275,0.05,0.08997635915311021,343.65104978717125
0.01708734739005452,0.05,0.08653846153846155,343.5660265242214
0.022728133430646752,0.05,0.0840579630034401,343.62241870287176
0.03438591845424474,0.05000000000000001,0.08501536208306733,343.7488040467444
0.028368919471238988,0.05,0.08157746446841865,343.67293109703655
0.03400970551183122,0.05,0.07909696593339721,343.7175637067158
0.03986555562458848,0,0.10549355941973812,334.9322946715228
0.10909843019804077,0,0.03939970621382436,334.8090173848236
0.1057690600065814,0,0.04527238217294888,334.8606860849646
0.11198296020133147,0,0.04471538922461003,334.849393870797
0.011391564926703002,0.05,0.10256410256410253,343.5445034099282
0.005695782463351501,0.05,0.10576923076923075,343.4714773913825
0.005695782463351501,0.05,0.09935897435897435,343.456102082361
0.12011473753447735,0.05,0.011658272409612314,343.3852365747859
0.11333333333333334,0.05,0.011547005383792538,343.399338889287
0.11666666666666668,0.05,0.005773502691896269,343.310301255965
0.01708734739005451,0,0.1185897435897436,334.74303487289546
0.022783129853406008,0,0.11538461538461539,334.79817977495145
0,0.038833442876169515,0.13248175803992954,340.49906988351404
0,0.033258761347326804,0.12824429296210854,339.2579787477881
0,0.038850636942314574,0.1261404544597426,340.5060925663668
0.011391564926703008,0,0.12179487179487182,334.68289669883575
0.005695782463351504,0,0.12500000000000003,334.6176518491609
0.02912134535606603,0.05000000000000001,0.09341425676775889,343.7288914107752
0.029121345356066024,0.05,0.09982451317801527,343.74850225642086
0.023104346373060268,0.05,0.09638661556336661,343.6730236953141
0.13333333333333333,0.04999999999999999,0,343.1650718270076
0.12666666666666668,0.049999999999999996,0,343.19276905590186
0.13103247671874585,0.0444658306526607,0,341.6678904414879
0.11531233039279085,0,0.038842713265485516,334.7948407375467
0.11864170058425022,0,0.032970037306361,334.73545384851144
0.11242780038950015,0,0.033527030254699844,334.7525149288978
0.017087347390054516,0.05,0.09294871794871795,343.59036349486155
0.01139156492670301,0.05,0.09615384615384615,343.5268320225503
0.011391564926703015,0.05,0.08974358974358976,343.5047465776154
0,0,0.11538461538461539,334.5432567315142
0,0,0.1217948717948718,334.5472923131689
0.005695782463351504,0,0.11858974358974361,334.6156242622557
0,0.005555710154318911,0.11323522357159552,335.0133513437391
0.03476213139665826,0.05000000000000001,0.09093375823273744,343.7761332761836
0.04083794543925657,0.05000000000000001,0.08703041681373193,343.8156229115809
0.041214158381670085,0.05,0.09294881296340203,343.84128733777516
0.07287219392078541,0.05,0.07721564095724558,343.96690535779396
0.07833400815895847,0.05,0.07949140053380814,343.9973169992061
0.0747877843948768,0.05,0.08357807653646476,344.0051210713378
0.0629051003152018,0,0.08756691559566725,335.0230396355738
0.05716606118706423,0,0.08892401292937421,334.99907509501884
0.062462808280961075,0,0.09292571265394507,335.0393833291764
0,0,0.12820512820512822,334.5473098101262
0,0.027568895777805302,0.10460634648529862,338.10613082241434
0,0.033105170761310344,0.10892852963075389,339.2131199311091
0,0.02765428810388606,0.11109357636088246,338.1336759030581
0.13111814641670483,0,0.03201920407449851,334.68771605394267
0.13752786701276315,0.027833388560741263,0,337.9240324715876
0.14422794043797646,0.027650391427834854,0,337.85327396439203
0.1397975035814508,0.03321449482507571,0,338.98211600053486
0.13550183585368064,0.005533202114776835,0,334.787248331862
0.13100367170736132,0.01106640422955367,0,335.3972634481686
0.128835169187014,0.005533202114776835,0,334.81398784783215
0.028800128836411774,0.05000000000000001,0.10600200017875122,343.7599458206604
0.02278312985340601,0.05,0.10897435897435895,343.6996894234833
0.023104346373060265,0.05,0.102796871973623,343.6905835459001
0.09996130995204193,0.05,0.04645802953860144,343.80202153799684
0.10310123317773169,0.05,0.052292434785209306,343.85110763829334
0.0967826966783941,0.05,0.05244063767921746,343.8522833042472
0.08036607603721367,0,0.08558678345559047,335.077814795888
0.07828523278146102,0,0.07914276093121705,335.0451702872362
0.07472625375739687,0,0.08321890232963647,335.052336524356
0.1448163206949429,0,0.009256402192088009,334.3855505574052
0.1490748270141381,0,0.0046282010960440045,334.30602768631405
0.14240816034747145,0,0.0046282010960440045,334.3437651702934
0.13860968821454359,0,0.009646563369564331,334.42205758801526
0.08696432060235393,0.05,0.05807332336612784,343.88506421852816
0.09374986523405876,0.05,0.058979604243262394,343.90097252368895
0.04002585867234403,0,0.0990078632209945,334.9189433473248
0.045763762062274616,0,0.09533945869313411,334.95023213441726
0.040393507313306216,0,0.09225912226052413,334.9021989640512
0.06320119509416487,0.05,0.09310952569669832,343.9923988388976
0.017087347390054516,0.05,0.11858974358974358,343.6432363524898
0.12528362259556103,0,0.021026736982494316,334.59993505105024
0.12240305573414428,0,0.015810227238936908,334.5525798075016
0.11908209472848888,0,0.02178187740087025,334.62483455247445
0,0.05,0.12179487179487179,343.40433023593437
0,0.04442531847115729,0.12396766312730718,341.88681321680656
0,0.04442531847115729,0.11755740671705078,341.88382237151365
0.11841936934702568,0,0.043860153144346284,334.8302280634949
0.09318246226014104,0,0.07031624309642337,335.02768909793167
0.10666666666666665,0,0.02309401076758503,334.65811443945677
0.11288056686141673,0,0.022537017819246184,334.6449038595802
0.10999999999999997,0,0.017320508075688773,334.5938847879124
0.11620152786707214,0,0.01656536765731284,334.5756473948661
0.046610435366869964,0.05,0.09600968231382076,343.89511303287765
0.04728997242426839,0.05,0.08904547154439652,343.87568145577035
0.05268624940946827,0.05,0.09210634089481526,343.925822092011
0.0797633685497725,0,0.06862259700842424,334.9956398903759
0.08184421180552515,0,0.07506661953279764,335.0347387432279
0.08647291540495677,0,0.0694694200524238,335.0145274836266
0,0.022118013120381017,0.10677139321542721,337.15417343592935
0.08024959863304984,0.05,0.08585383611302733,344.0324606511321
0.15333333333333332,0,0,334.2221912194954
0.01708734739005451,0,0.11217948717948718,334.736991184827
0.022783129853406005,0,0.10897435897435898,334.79011106592213
0.05200671235206984,0.05,0.09907055166423949,343.94348706356476
0.05760395372311736,0.05,0.0960900386804689,343.97071904718837
0.045930898309471536,0.05,0.102973893083245,343.90912123854713
0.03481712781941753,0.05,0.10302964138314348,343.8133326459292
0.035138344339071786,0.05000000000000001,0.09685215438240756,343.7995513950336
0.04053462132427166,0.05,0.09991302373282628,343.8570621489982
0.011391564926703006,0,0.10897435897435898,334.6708248068035
0.01708734739005451,0,0.10576923076923078,334.72694297704874
0,0.027708211314034892,0.13032665385781272,338.1522055548544
0,0.022174855346888046,0.12606771117332996,337.1806222378057
0,0.02772540538017995,0.12398535027762578,338.15690996579025
0.06820184740909864,0,0.0915686153202381,335.06005839866293
0.10621390019475008,0,0.03408402320303869,334.76473934073874
0,0.005541435104532046,0.119639767612755,335.01738663241065
0,0.005541435104532046,0.1260500240230114,335.0187013461141
0.0896067512477705,0,0.051774668585897105,334.90561101618147
0.09595569750180437,0,0.051379134118509584,334.90847551958893
0.09307116749851366,0,0.04606345110772391,334.865928484729
0.01708734739005451,0.05,0.09935897435897434,343.61028640794467
0.07428396172315616,0,0.08857769938791428,335.07172070413213
0.034495911299763274,0.05,0.10920712838387941,343.8229348583155
0.04021340480461741,0.05,0.10609051073356221,343.8690455980348
0.13481121608161573,0,0.014664925643084654,334.4960554730856
0.12860458360121643,0,0.015055086820560976,334.5246820258189
0.13152184551178833,0,0.02055132036656307,334.5728129009472
0.1248557784927199,0,0.043004917064082535,334.8058230255943
0.12152640830126052,0,0.04887759302320705,334.8618432551137
0.1097758354939137,0,0.06232847922793681,334.9779645918332
0.11673913490765318,0,0.06035222596768014,334.95381477567565
0.11269636245876265,0,0.05547014557570734,334.9286743167986
0.11913277160445684,0,0.0546149094954436,334.9098508196083
0.1324030557341443,0,0.01003672454704065,334.45376935500946
0,0.02218913039667491,0.11966316713217051,337.1814898319616
0.1028845300032907,0,0.03995669916216321,334.81835736355515
0.005695782463351502,0.05,0.11217948717948717,343.48248082920327
0.011391564926703004,0.05,0.10897435897435895,343.5577180431919
0.13772847799218765,0,0.02016115918908675,334.5420766759708
0.028478912316757518,0.05,0.11217948717948716,343.76721034639047
0.11327425031671637,0.05,0.023084823731900222,343.54715981508787
0.12005565451786039,0.049999999999999996,0.023196090757719997,343.5327260353817
0.11654850063343275,0.049999999999999996,0.028849139388111636,343.60693096241096
0.05113401681124301,0,0.0984197951257441,334.99375097545374
0.05150166545220519,0,0.09167105416527373,334.97596696987455
0,0.022157661280742987,0.1324090147535169,337.1749236457406
0,0.03301977843522959,0.10244129975517005,339.18209916686004
0,0.038679852290153055,0.1067557382983185,340.4481754891244
0.10281253608017424,0,0.06430473248819346,334.99559061699705
0.10573306304502317,0,0.05744639883596401,334.95025345532076
0.11321516730009941,0.04999999999999999,0.034622642080007884,343.6759271442399
0.10974750687573948,0.05,0.04046623436230058,343.7399027580084
0.10313992322568975,0.05,0.04047542139798542,343.7458904625859
0.10660758365004969,0.049999999999999996,0.03463182911569271,343.685118989853
0.09942011375254753,0,0.0456679166403364,334.86582249787034
0.10230464375583824,0,0.050983599651122063,334.90630959694914
0.14209836019603828,0.038748664172415,0,340.1983228478823
0.135398286770825,0.03893166130532141,0,340.27710665558266
0,0.0331905630873911,0.11541575950633773,339.23964986802065
0.017087347390054512,0.05,0.11217948717948717,343.6367066445207
0.07264541050164422,0,0.07677487980526305,335.0166918688078
0.13313325194929948,0.016634798151640182,0,336.1085953659409
0.13763141609561882,0.011101596036863347,0,335.37259227583047
0.139760996337557,0.01666998995894986,0,336.0824408159592
0.13533055948103134,0.022234093356190723,0,336.9507410207903
0,0.05,0.1282051282051282,343.4042035867878
0.12953486120040547,0,0.005018362273520325,334.40557779283847
0.1333333333333333,0,0,334.3291417646946
0.12666666666666665,0,0,334.35377358149015
0.10627984645137953,0.05,0.046309826644593294,343.79793412554517
0,0.016667130462956734,0.1089364399455558,336.3262270074047
0.12433700504069464,0.01106640422955367,0,335.4206611308514
0.005695782463351506,0.05,0.125,343.4909811501638
0,0.005541435104532046,0.13246028043326782,335.01599797511994
0.12356280840228802,0.05,0.017543042127328358,343.45246185529163
0.14101784856201505,0,0.014274764465608334,334.46263365673695
0.05679841254610204,0,0.09567275388984457,335.01896853172684
0.1376991433854125,0.0444658306526607,0,341.6362101819597
0.12798696245471236,0,0.03751206056929052,334.74890071545127
0,0.027691017247889832,0.13666795743799967,338.14347100095574
0.11999999999999995,0,0,334.3729558658238
0.11666666666666661,0,0.005773502691896257,334.4513608961782
0.12286819453373878,0,0.0050183622735203255,334.42714390166594
0.12174873953848506,0,0.03798747718522177,334.77252450421764
0.09303517053695542,0,0.05823746777073904,334.95448991509954
0.08632562368177116,0,0.05739064472673948,334.940178288799
0.13620152786707213,0,0.005018362273520325,334.378562151549
0.028745132413652508,0.05,0.08749586061808877,343.7028668092006
0.10865359000987213,0,0.05058806518373456,334.8991132482624
0.12689614173562136,0.05,0.011769539435432089,343.3647326512554
0.045396113421312424,0,0.10208819965360448,334.96523599034396
0.05760835322130494,0,0.08356521587109639,334.98091629891917
0.03433499782786455,0,0.10889891918587176,334.8943483012972
0.03449530087562009,0,0.10241322298712813,334.8833304979525
0.0897540429709561,0,0.06385344391158143,334.98678752330613
0.028639215364513047,0,0.10569379098074357,334.83944258911043
0.0993841167909893,0,0.05784193330335153,334.95488689823367
0.08866577655474497,0.05,0.07631100540828606,344.00480417674913
0,0.016638580363383,0.1217455280278747,336.33474079137875
0.09653558374925682,0,0.04035223362955072,334.82143384067984
0.14666666666666667,0,0,334.26336929513485
0.14212958024193817,0.005568393922086513,0,334.7584163856017
0.13999999999999999,0,0,334.29906041543705
0,0.044425318471157285,0.13037791953756359,341.8854307985238
0.11576113372283348,0,0.027753527562803592,334.69209354644664
0,0.03327595541347186,0.12190298938192157,339.2616889775946
0,0.038850636942314574,0.11973019804948618,340.5043574902101
0,0.05,0.11538461538461538,343.4000836215054
0.06864413944333936,0,0.08620981826196028,335.04263603463704
0.06908643147758008,0,0.08085102120368245,335.0223198976909
0.0633473923494425,0,0.08220811853738942,335.0038021690509
0.14195830386928882,0.0222692851635004,0,336.92297521918795
0.09646358982614037,0,0.06470026695558098,334.9976611541361
0.028478912316757504,0,0.11217948717948718,334.8481933352427
0,0.011086930803669775,0.13677012645379127,335.6075505661294
0.12487992350047752,0,0.03249462069042976,334.71400045936133
0.08304449611577183,0,0.06300662086758185,334.9701879135305
0.12870281509277384,0.022198901548881045,0,336.9728626708269
0.0461314107032368,0,0.08859071773266375,334.93070760149106
0.02294343290116155,0,0.10248866277561536,334.77945105737086
0,0.01662836590820182,0.13461502227167443,336.3292979868683
0.08392505506127781,0,0.08151064205717105,335.06911035053156
0.08855375866070943,0,0.0759134425767972,335.0513162136994
0,0.03876524461623382,0.11324296817390234,340.478511903336
0,0.04433992614507653,0.11107017684146693,341.85417030733953
0.053365786466866696,0.05,0.08514213012539101,343.9027337490192
0.058283490780515784,0.05,0.08912582791104467,343.9501993820783
0.13011473753447733,0.049999999999999996,0.005884769717716044,343.26845438621
0.12436581005207918,0.04446583065266071,0,341.6933205536445
0.12873162010415834,0.03893166130532141,0,340.30651979837313
0.02278312985340602,0.05,0.11538461538461536,343.70840867244766
0.10954723352808339,0,0.028310520511142436,334.7072293765781
0.11678140420114401,0.05,0.017431775101508583,343.47009625085576
0.11000000000000001,0.05000000000000001,0.017320508075688808,343.4813290373905
0.12196266158990562,0,0.026998387144427656,334.6701923252812
0.017087347390054505,0.05,0.10576923076923074,343.62579526347105
0.04691375948185487,0.05,0.08312707539472641,343.84777072223176
0,0.027739680429966815,0.1175808062364663,338.1567301563643
0.1257363890674776,0,0.010036724547040651,334.477719288331
0.05868584769681237,0.05,0.08386219240356141,343.9304620860866
0.06360355201046146,0.05,0.08784589018921507,343.9746870798335
0.011391564926703006,0,0.11538461538461539,334.67886301267447
0.040461732496843046,0.05,0.08111202066406181,343.78604737479736
0.0764184176848671,0.05,0.07312896495458895,343.9570928378139
0,0.05,0.10256410256410256,343.3781272655485
0.11333333333333329,0,0.011547005383792514,334.5250038702077
0.09353573071235843,0.05,0.07085485070620143,343.97998605853064
0.1330974301562375,0.033397491957982126,0,339.05381387161054
0.11508999915556634,0,0.04973282910347081,334.8830978669874
0,0.05,0.10897435897435898,343.39129137912727
0,0.044339926145076536,0.10465992043121053,341.8424595803406
0.08188023192304014,0.05,0.0754047245311515,343.98578117850934
0.10994091698338304,0.05,0.028858326423796467,343.6191929595142
0.08379582239713153,0.05,0.08176716011037069,344.02293327828374
0.03465560392337563,0,0.09592752678838451,334.86813637497613
0,0.022203405446461773,0.11325862309101105,337.17824283296767
0.02879951841226859,0,0.09920809478199993,334.82651552334664
0.09364277345270433,0.05,0.046606232432609584,343.8005259831861
0.09046416017905651,0.05,0.052588840573225604,343.8478760029388
0.1033333333333333,0,0.02886751345948128,334.717528538164
0.12820088450613293,0,0.026522970528496413,334.6459045556546
0,0.03867985229015306,0.10034548188806208,340.4335462775044
0.005695782463351503,0,0.11217948717948718,334.60959605829197
0.06892361324040713,0.05,0.08656595246738547,343.9948639005847
0.06400590892675805,0.05,0.0825822546817318,343.95387954614984
0.06932597015670372,0.05,0.0813023169599022,343.97298612920906
0.13443910742236023,0,0.026047553912565163,334.6167857697595
0.10333333333333332,0.05,0.028867513459481298,343.6253621373506
0.10006840173339634,0.05,0.05883140134925424,343.90259487136876
0,0.044339926145076536,0.09824966402095413,341.8263769821408
0.09999999999999998,0,0.03464101615137753,334.77212708403425
0,0.033241567281181744,0.1345855965422955,339.25023837501874
0.09703557028906101,0.05,0.06537036791329918,343.9477863594414
0.10666666666666666,0.05,0.023094010767585053,343.55639914441434
0.14425916048387633,0.011136787844173025,0,335.3422769519266
0.005695782463351507,0.05,0.09294871794871795,343.4362681631312
0.126505507561042,0.016599606344330504,0,336.129105764357
0.12344807086781069,0.05,0.005884769717716044,343.29332941349753
0.11953486120040545,0,0.010791864965416582,334.5037766764286
0.09682138672635215,0.05,0.040623624291993565,343.74730665427296
0.07620438952570836,0,0.07269873840684364,335.00779853303607
0.13090012262450568,0.027798196753431585,0,337.9477653732447
0.12000000000000002,0.05,0,343.21421613742456
0,0.05,0.09615384615384615,343.36059128076903
0.09999999999999998,0.05,0.034641016151377546,343.68821801619924
0.0743854274785802,0.05,0.08884171204394803,344.02599454160884
0.1221685025203473,0.005533202114776835,0,334.8352778313403
0.051869314093167376,0,0.08492231320480335,334.9536622872957
0.03776880940963978,0.05,0.06967571847470894,343.7002983403303
0.04186745672824738,0.05,0.066239594372458,343.71430716201445
0.04220700014904642,0.05,0.07222471772889531,343.75380228045316
0.10644707417106275,0.03323358551473454,0,339.09045685857814
0.1020720289781963,0.03881253381290946,0,340.33451633995816
0.09976901276352616,0.033204015923993836,0,339.08685651242445
0.03259430026239444,0,0.06547570127013244,334.7178201310827
0.03320350704973218,0,0.07146854910725778,334.7564237008985
0.03698363278985108,0,0.0682198480306757,334.76959516879566
0,0.05,0.08974358974358974,343.33853613159516
0,0.04438326199800216,0.09202656074966196,341.81772485344527
0,0.044383261998002174,0.08561630433940556,341.7928796843515
0.05725352101724949,0.05,0.039928896234572596,343.6131912427263
0.06077541819745408,0.05,0.03442551289690987,343.57835414721126
0.06400044411725138,0.05,0.04011333302947481,343.6523756134532
0.10666666666666666,0.05,0.011547005383792538,343.4085935717233
0.06090428537822819,0.05,0.06742971419345495,343.8541471413492
0.0573394324710989,0.05,0.06193169709893598,343.79675339288286
0.06408635557110079,0.05,0.06211613389383819,343.8355540365664
0.07679325961824784,0.05,0.0631911837328231,343.8958501372907
0.07043980759467432,0.05,0.06265365881333065,343.86861100495446
0.07362187778754692,0.05,0.0573400785137139,343.8426463039127
0.02251731000593473,0.05,0.07816150073554562,343.5918944221308
0.028158096046526963,0.05,0.07568100220052418,343.64097297189926
0,0.05,0.08333333333333334,343.31200653777313
0,0.044383261998002174,0.07920604792914916,341.7635600706094
0,0.05,0.07692307692307693,343.2810024993028
0.005695782463351506,0.05,0.08012820512820513,343.38314452069494
0.011391564926703006,0,0.08333333333333334,334.59849702642134
0.005695782463351503,0,0.08653846153846154,334.54543674936605
0.011391564926703006,0,0.08974358974358973,334.6226320620089
0.08029309919495042,0.05,0.05770670093992086,343.8669990979403
0.09666666666666668,0.05,0.017320508075688766,343.48743231508115
0.09333333333333332,0.05,0.02309401076758501,343.5563700511052
0.09000000000000001,0.05,0.017320508075688745,343.4812099342317
0.06725773740180171,0.05,0.0679672391129474,343.8897654533742
0.011391564926703008,0,0.10256410256410257,334.6587821386395
0.005695782463351504,0,0.10576923076923078,334.599586871319
0.06057785361604297,0,0.07753589505070607,334.9696538016309
0.057808314882643416,0,0.07286367156402271,334.9323524906197
0.0548388144879054,0,0.07889299238441304,334.9453897320278
0.09666666666666664,0,0.017320508075688773,334.59938690019726
0.09333333333333331,0,0.011547005383792514,334.5332442199197
0.08999999999999998,0,0.017320508075688773,334.59387536763364
0.09000000000000001,0.05,0.005773502691896248,343.32229082243515
0.08666666666666668,0.05,0,343.22950582253424
0.09333333333333335,0.05,0,343.23882228738995
0.03759283957718882,0,0.07421269586780103,334.806265622005
0.041372965317307726,0,0.07096399479121895,334.8182092044719
0.09666666666666665,0,0.02886751345948128,334.71751020260353
0.08333333333333334,0.05,0.005773502691896248,343.30984701107633
0.08666666666666667,0.05,0.011547005383792497,343.3988764576542
0.08000000000000002,0.05,0.011547005383792516,343.3835593959927
0.0771217173642495,0.05,0.05185559572081165,343.8115377205092
0.07363366397123068,0.05,0.04587298758019563,343.7481920575613
0.08030488537863419,0.05,0.04623961000640261,343.7730158110912
0.02823759168806478,0,0.08048708514240925,334.7567205913622
0.03381271383706992,0,0.07746139694438312,334.7914214433759
0.02819903231021775,0,0.07448961088622366,334.72830077845214
0,0,0.08974358974358974,334.48724320238983
0,0,0.09615384615384616,334.5072301818305
0.005695782463351503,0,0.09294871794871794,334.56749775688013
0.011391564926703013,0.05,0.08333333333333334,343.47815252900114
0.01118074150199099,0.05,0.07743687106543884,343.4468136306996
0.04585044734113489,0,0.08243534111799661,334.9047739095565
0.04963057308125379,0,0.07918664004141453,334.915412351348
0.09015472005968551,0.05,0.040623624291993565,343.74128766647635
0.09333333333333334,0.05,0.034641016151377546,343.68515413261076
0.005695782463351503,0,0.08012820512820513,334.5193194578494
0.011353005548855974,0,0.07733585907714774,334.57183150148416
0.10333333333333333,0.05,0.017320508075688787,343.4874720161341
0.0866666666666667,0.05,0.02309401076758501,343.54712370880543
0.06354735401078099,0,0.07150657423031574,334.9536266182026
0.06077781527738144,0,0.06683435074363239,334.9145505630717
0.05377457956396961,0.05,0.056433680004417015,343.7340117436341
0.0605215026639715,0.05,0.056618116799319225,343.77638197095894
0.09548685221581366,0.005527113041596334,0,334.86418447423506
0.09999999999999999,0,0,334.39760476996867
0.10215081948531732,0.0055375592533634015,0,334.8661213519761
0.016876523965342494,0.05,0.08064199927056706,343.5369360878767
0.11982115785934534,0.016603963482917074,0,336.1496179468604
0,0.011111420308637824,0.10467557534831926,335.5967817059832
0,0.005555710154318912,0.10682496716133912,335.00391695932177
0.0319850934750567,0,0.059482853433007105,334.6756107339284
0.036374426002513345,0,0.06222700019355036,334.72931888824775
0.046697947814625884,0,0.061853477841134805,334.8027637016259
0.050361332464078236,0,0.06742164605763538,334.85979598098584
0.05190618922127748,0,0.06155983018413331,334.8340911966163
0.12424269109862628,0.027753417802595957,0,337.96377996174124
0.03437464056127373,0,0.08977215017371737,334.84630412326885
0.04011254395120431,0,0.08610374564585699,334.8783159922302
0.06987587176824467,0,0.07210265631857969,334.9832322702059
0.06631689274418053,0,0.07617879771699909,334.9895497297423
0,0.033063114288155226,0.09621819648387792,339.1745113370093
0,0.02760635606588941,0.09203308954148168,338.0782417662483
0,0.033106450141080865,0.08999509321258577,339.1627033048942
0.0668133757818765,0,0.056669119785261055,334.8780219640462
0.06379559552962896,0,0.06175173526444672,334.8981810833878
0.07012411328709267,0,0.062347817352710666,334.9281457992553
0.10422284846351364,0.027683426399606192,0,337.9885458649817
0.10199862275596452,0.022133267284477842,0,337.0156937375265
0.10867668416350111,0.02216283687521855,0,337.01583552858483
0.01708734739005451,0,0.09294871794871795,334.6947721341596
0.022943432901161548,0,0.08966814995510253,334.7430907776718
0.01708734739005451,0,0.08653846153846154,334.6726330972169
0.02266246953905965,0,0.0835127733404354,334.7171244759758
0.11536103386519778,0.022158479736631986,0,337.0045882593475
0.11313680815764866,0.016608320621503636,0,336.1643838655486
0.11765265533899799,0.011070761368140235,0,335.43899251303526
0.005695782463351506,0.05,0.08653846153846154,343.4119435642372
0.07361118942537524,0.05,0.06850476403243985,343.91956592934747
0.11333333333333334,0.05,0,343.2296006049263
0.09999999999999999,0.05,0.023094010767585032,343.5594759376579
0.09666666666666665,0.05,0.028867513459481277,343.62537274509435
0.08000000000000003,0.05,0.023094010767585032,343.53171711570985
0.08333333333333338,0.05,0.02886751345948128,343.6068717214927
0,0.016661254898115204,0.10258628627303099,336.31299230025036
0,0.011105544743796294,0.09832542167579443,335.5811719253107
0.07343485079230881,0,0.06802651492016029,334.9736495037809
0.07025847273248473,0.05,0.028795679041325403,343.5637933186134
0.07333333333333336,0.05,0.02309401076758505,343.51015363443867
0.07666666666666672,0.05,0.028867513459481298,343.588365040784
0.08348805339301887,0.05,0.040623624291993565,343.7290778809664
0.0866666666666667,0.05,0.034641016151377546,343.6758994513089
0,0.016649503768432147,0.08988597892798136,336.27444139130415
0,0.02210626199069796,0.09407108587037759,337.12019504758126
0,0.016655379333273677,0.09623613260050617,336.29573042821676
0.005695782463351504,0,0.09935897435897437,334.58554454023334
0,0,0.10256410256410256,334.52327217583763
0.1264399986303581,0.0333527130071465,0,339.07111099313573
0,0.011099669178954764,0.09197526800326962,335.5615349797591
0.11000000000000001,0.05,0.005773502691896269,343.322620830934
0.06718361213163607,0.05,0.03449734731506576,343.61157740280686
0.06385027879830271,0.05,0.02872384462316951,343.53336494920813
0.11758525957274689,0.027708638851760333,0,337.9738515192877
0.12204538356689444,0.022154122598045417,0,336.98759472629473
0.10999999999999996,0,0.005773502691896257,334.4623193683372
0.07981263576063151,0,0.04600072968111668,334.843060862168
0.07661038534470802,0,0.040289512202943495,334.78769374485046
0.07322077068941601,0,0.045938008254509444,334.82322304198397
0.07666666666666669,0.05,0.0057735026918962675,343.29151939323566
0.07333333333333336,0.05,0.011547005383792535,343.36208544615556
0.07645263104455635,0,0.06294389944097462,334.9530711259496
0.07973375861055568,0,0.05732792330013225,334.9257493174933
0.0731418935393402,0,0.05726520187352501,334.90588223083995
0.09666666666666666,0.05,0.005773502691896248,343.3286668706135
0.10333333333333333,0.05,0.005773502691896269,343.32884088894826
0.1,0.05,0.011547005383792518,343.41157805192773
0.011391564926703006,0,0.09615384615384615,334.64272497215694
0.11090090987105022,0.0277129959903469,0,337.98732640288966
0.11312513557859934,0.03326315510547525,0,339.08787614333556
0.07040863805143338,0.05,0.0401851674476307,343.6826316429846
0.10666666666666663,0,0.011547005383792514,334.53324722499747
0.0604785469370468,0.05,0.04561671636713753,343.68494268237015
0.06722547003704869,0.05,0.045801153162039754,343.72090325409437
0.05260007347599181,0,0.0731573192210242,334.90453623795287
0.05556957387072983,0,0.06712799840063388,334.88889543841765
0.048908366927111556,0.05,0.05688663981548016,343.7037218907384
0.052473219834240845,0.05,0.06238465690999912,343.7686786155494
0.04760700719738279,0.05,0.06283761672106225,343.73708859973027
0.09097370443162733,0.011054226083192668,0,335.4515508176188
0.09763767170113101,0.011064672294959735,0,335.45762804657454
0.08986891708259015,0,0.040352233629550725,334.81585181815007
0.086404500831847,0,0.04606345110772392,334.85746056700447
0.022306486581222702,0.05,0.07226503846765112,343.5575342154617
0.027818552625727924,0.05,0.06969587884408684,343.60317363861395
0.016665700540630473,0.05,0.07474553700267257,343.50400972560396
0.07681683198561537,0.05,0.04025700186578659,343.70703102528097
0.07359180606581807,0.05,0.034569181733221654,343.6389440111677
0.08000000000000007,0.05,0.034641016151377546,343.66045397229385
0.11104171185953313,0.04442105170182509,0,341.71419409203247
0.11770837852619981,0.04442105170182509,0,341.7010681400971
0.022623910161212613,0,0.0775152990842498,334.6905088470863
0.02258535078336558,0,0.07151782482806421,334.6603473327415
0,0.011099669178954765,0.08556501159301323,335.5382920001415
0,0.005549834589477383,0.08765430066830149,334.9508495970721
0.06119868066726619,0.05,0.07795805375958272,343.91633635368396
0.05839145240777435,0.05,0.07333385283743363,343.8752556163763
0.06371151363772003,0.05,0.07205391511560402,343.8972976821442
0.03810835283043882,0.05,0.07566084183114626,343.73764940916544
0.04230861528716924,0,0.05910933108059155,334.7546561403609
0.04076375852996999,0,0.06497114695409362,334.77986604053035
0.048659027134058244,0.05,0.07423977245955991,343.8157831275744
0.04456037981545065,0.05,0.07767589656181086,343.80288166676684
0.070450495956846,0.05,0.05148897329460468,343.78393706913454
0.028518555050166684,0,0.08664246175707638,334.78435926022325
0,0.03876652399600433,0.08148901893522138,340.38545092768004
0.017048788012207477,0,0.08054098728227593,334.6478216523478
0.017010228634360445,0,0.07454351302609034,334.61946432202353
0.08666666666666664,0,0.02309401076758503,334.64987750968015
0.09333333333333331,0,0.023094010767585025,334.65809296380337
0,0.02764969191881505,0.08580998627018954,338.06284902413233
0.04824280457182513,0,0.05599166196763272,334.77450377662103
0.08000000000000002,0.05,0,343.21412159449807
0.01708734739005451,0,0.09935897435897435,334.71287542743704
0.06651874189721188,0.05,0.07667811603775311,343.93691067809755
0.11548415281865063,0.005537559253363401,0,334.8514284132046
0.07666666666666667,0.05,0.01732050807568878,343.4504400350914
0.0379192827597126,0,0.056365184320048285,334.7033875770592
0,0.005555710154318912,0.1004147107510827,334.9904494307917
0.106452458455952,0.016612677760090202,0,336.17340352042135
0.11096830563730131,0.011075118506726801,0,335.4515776314038
0.08,0,0.034641016151377546,334.74748531364645
0.0832022504159235,0,0.04035223362955073,334.8047519994928
0.08666666666666666,0,0.03464101615137754,334.76121703323656
0.09000000000000001,0.05,0.028867513459481277,343.61921763215014
0.08436365045199654,0.044391482111084374,0,341.69853844090693
0.0910303171186632,0.04439148211108438,0,341.7096504361173
0.06370357285684411,0.05,0.05130453649970248,343.751200296413
0.0672684257639734,0.05,0.05680255359422144,343.81215067916145
0.08333333333333334,0.05,0.017320508075688766,343.4689034287494
0.10430163897063466,0.011075118506726801,0,335.4580542687937
0,0,0.10897435897435898,334.53528102573216
0.09754478705597705,0.027653856808865486,0,337.9835842656775
0.09533465548646086,0.022122821072710776,0,337.0128190116285
0.09333333333333335,0.05,0.011547005383792497,343.40837985233566
0.06710633303484512,0,0.06743043283189634,334.9466197280128
0,0.03872318814307869,0.09412237861676995,340.42542629823134
0.06013221088017662,0,0.056183567047946144,334.84414156974896
0.057114430627929084,0,0.061266182527131806,334.86197435882895
0.12207418857827895,0.03888688235448579,0,340.31904215236204
0.04739183206934021,0,0.0734509668780257,334.873275652508
0.09539396757065971,0.03878296422216875,0,340.3263627067503
0.07642302110533952,0,0.05164922573268263,334.87669059077257
0.03409367719917183,0,0.08361677355905026,334.82073247940207
0.08872730090399306,0.03878296422216875,0,340.31952294436576
0.02879951841226859,0,0.0927978383717435,334.80825853692494
0.09769698378532986,0.044391482111084374,0,341.7146946681472
0.05345104597847673,0,0.055698014310631226,334.8046149763922
0.04978766132902438,0,0.05012984609413065,334.74247241576137
0.04515309105742663,0,0.06771529371463687,334.82725219077616
0.10875009038573288,0.038842103403650165,0,340.33648891176983
0.09978849118644835,0.01660223154832314,0,336.1744879537241
0,0.03876652399600433,0.08789927534547778,340.4130861166939
0.09312452391694469,0.016591785336556072,0,336.1699213802903
0.005657223085504472,0,0.07413073087201955,334.49079985284396
0.055878619437320524,0.05,0.07923799148141232,343.89145115226637
0.083792938771653,0.05,0.05222221814701863,343.8328506984438
0.016454877115918448,0.05,0.06884907473477808,343.4672474374033
0.021966943160423667,0.05,0.0662799151112138,343.5171425681228
0.09999999999999998,0,0.023094010767585025,334.66085789786547
0.07000000000000002,0.05,0.0173205080756888,343.42581975325805
0.03742926598884075,0.05,0.06369059511827162,343.6588584752214
0.10666666666666667,0.05,0,343.23888555547325
0.016971669256513413,0,0.06854603876990475,334.587561106244
0.021976143996027844,0,0.06552497699093887,334.6210520408607
0.08999999999999998,0,0.028867513459481284,334.7120544118744
0.010969918077278967,0.05,0.07154040879754436,343.4116388064699
0.083014886176555,0,0.05171194715928987,334.89386986115085
0,0.005549834589477383,0.08124404425804509,334.9251783335403
0,0.005549834589477383,0.09406455707855789,334.9724645766012
0.044470176187704914,0.05,0.05433764056129378,343.65025926276843
0.05020972665684033,0.05,0.05093566290989805,343.6659221936033
0.02294343290116155,0,0.09607840636535893,334.76328878935414
0.039831580589102404,0,0.07994836903118986,334.8506936282499
0,0.033149785994006496,0.08377198994129362,339.1466750705149
0.04316881645797615,0.05,0.06028861746687589,343.68449970646304
0.027589825522880012,0,0.06849676304909832,334.691154261273
0.10333333333333332,0,0.005773502691896257,334.4678205523496
0.005484959038639483,0.05,0.07423174286031065,343.34955716043646
0,0,0.08333333333333334,334.4631999389467
0,0,0.07692307692307694,334.43510039150084
0.05603807274137014,0.05,0.06788267400451808,343.8282874395781
0.05101240680046247,0.05,0.07969095129247546,343.86135360372117
0.053525239770916305,0.05,0.07378681264849676,343.84727699121817
0.08333333333333331,0,0.028867513459481284,334.70108082501787
0.09333333333333332,0,0.03464101615137753,334.76943095669907
0.06314999113242414,0,0.051100951568760475,334.8225191410113
0.06983115603412404,0,0.05158650430607539,334.85407320504686
0.09309095135598958,0.03317444633325313,0,339.0770751048745
0,0.022149597843623595,0.08784798259908544,337.1054377977288
0.10437504519286644,0.04442105170182509,0,341.721220527013
0.10666666666666665,0,0,334.39484575673356
0.10881748615198397,0.005537559253363401,0,334.8615035266636
0.03367016209103218,0.05,0.07311184257695988,343.6823566874841
0.03333061867023314,0.05,0.06712671922052256,343.64306087197883
0.027479009204928885,0.05,0.06371075548764951,343.56128550905504
0.07006496566129355,0.05,0.07259144003509649,343.93010417800497
0.05117186010451208,0.05,0.06833563381558122,343.7989124993214
0.05695664975684221,0.05,0.05112009970480026,343.7118620045693
0.1033333333333333,0,0.017320508075688773,334.5993900402902
0.0436117063292213,0,0.07669966795460778,334.8634349384602
0.056468826230724266,0,0.05061539883144556,334.78531887791615
0.038730625718569514,0.05,0.05773961821268951,343.62817728496725
0.11541675705239957,0.038842103403650165,0,340.32562147540085
0,0.027563020212963772,0.09825619281277381,338.0894143060999
0,0.02211213755553949,0.10042123954290241,337.1391978241948
0.11978256710447872,0.03330793405631087,0,339.08246508371076
0.09666666666666665,0,0.005773502691896257,334.4678206873648
0.08697610678603769,0.05,0.046606232432609584,343.79155189118137
0.1,0.05,0,343.2420709890652
0.09999999999999998,0,0.011547005383792514,334.5359999186941
0.06692513939915137,0.05,0.023022176349429158,343.4825201512236
0.04630564746765402,0.05,0.06878859362664436,343.76602232057894
0.03299107524943411,0.05,0.06114159586408524,343.59967626019994
0.011314446171008944,0,0.07133838482096216,334.54162009109166
0.11333333333333329,0,0,334.38662945535185
0.08646055664744103,0.016581339124789003,0,336.15970380012
0.026980618735542274,0,0.06250391521197299,334.6504019167555
0.043853472044368486,0,0.053247515207089466,334.72567480433685
0.053731623837044905,0.05,0.04543227957223532,343.6423805915236
0.09088081978647339,0.02764341059709842,0,337.9767503805789
0.08867068821695721,0.022112374860943713,0,337.004293278994
0.05106091821263131,0.04434300626351187,0,341.53706111442267
0.046666666666666676,0.05,0,343.0433977995372
0.04439425154596466,0.04434300626351186,0,341.48825661913753
0.07666666666666666,0,0.02886751345948129,334.68450298127374
0.07335972009315406,0,0.03425114557773433,334.72452082967476
0.07,0.05,0.005773502691896267,343.2668246683721
0.06669305342648738,0,0.022704140193941826,334.58797283385536
0.0600176773815071,0,0.022410058078256842,334.55455755821555
0.06338610685297479,0,0.028087772312194868,334.6272756917393
0.0253142133495135,0.025602770862321975,0,337.23848832132734
0.027100932488252683,0.03167868556477208,0,338.4093689704277
0.021836759208085747,0.030490613213132865,0,338.11735757867325
0.05736342170779886,0.05,0.02856483906935199,343.4957083986665
0.06043828230864751,0.05,0.022863170795611638,343.44762012518527
0.010795531034385705,0.0037487604507432694,0,334.2059097880243
0.014924395402104745,0.007497520901486539,0,334.6070745997928
0.008257728735438079,0.007497520901486539,0,334.532836932056
0,0.005540105643147679,0.068444335490007,334.86068021309717
0,0.011080211286295358,0.06637585046719346,335.44163441791187
0,0.011080211286295358,0.07278610687744988,335.47731159271495
0.07974788045993664,0.033127121955500834,0,339.0423278924557
0.08420928433844692,0.027619748408222275,0,337.96123896836355
0.0864194159079631,0.033150784144376985,0,339.06265839691457
0.06435878167063672,0.04436781992220823,0,341.62169541229576
0.06871756334127345,0.038735639844416456,0,340.25004878732443
0.0710254483373034,0.044367819922208236,0,341.65141553317466
0.005524195309306268,0.03198973584272011,0,338.2230992908269
0,0.03333333333333334,0,338.4245343139164
0,0.027777777777777783,0,337.33268268981067
0.026387865699232824,0,0.04640920384014419,334.53268470366953
0.02197868606171425,0,0.04109326046932329,334.4480894821139
0.021667562434984605,0,0.047993918993212245,334.49995186233696
0.055482264756960706,0.005359278206970003,0,334.7257789777879
0.06215836289373747,0.005505667053939281,0,334.77398623162566
0.05764062765069821,0.010864945260909285,0,335.3208425974543
0,0.011289820255272809,0.04718187232755388,335.33455868730846
0,0.005644910127636404,0.042821705394546175,334.69420713202584
0,0.011857455213254892,0.04016822062439082,335.34487676237524
0.029419258662905345,0,0.024371195350491495,334.3640454185043
0.025334674506568587,0,0.02935559843482075,334.3756364755425
0.03278871896221186,0,0.029834538295028072,334.4461702121679
0,0.024847045068920187,0.030413264586317452,337.16579332281964
0,0.029449170391533656,0.025442891374750302,337.95952420933594
0,0.03105645488098492,0.030325445021562505,338.32758997722664
0.005960210016975106,0,0.02885632208897371,334.16719940709146
0.011920420033950212,0,0.032071618536921774,334.26489168329215
0.011920420033950212,0,0.025661362126665362,334.2038409696581
0.06666666666666665,0,0,334.32907714278787
0.06882502956040415,0.005505667053939281,0,334.80270116911504
0.06666666666666667,0.05,0,343.16492717226856
0.07333333333333335,0.05,0,343.1926265482973
0.07002638675982073,0,0.028477642885838077,334.6586215435298
0.005120342368306838,0.04999999999999999,0.010687291810838781,342.7512719144059
0.010240684736613676,0.04999999999999999,0.014964327211421153,342.8789630521645
0.005120342368306838,0.049999999999999996,0.01709754822109519,342.8344409323996
0.04003608479499824,0,0.010120570350086497,334.2970550308661
0.036711460839978526,0,0.004641149773875221,334.2073442262211
0.03342292167995706,0,0.009282299547750441,334.23554430646686
0.07769211500397008,0.044367819922208236,0,341.67493132422567
0.04429786284725479,0.010718556413940006,0,335.22074086517824
0.04644679427088219,0.01607783462091001,0,335.91661539843477
0.039966178964655485,0.015598227683627,0,335.80351297865656
0.037254529363385164,0.05,0.025565258874562343,343.3111915567779
0.04382195121787526,0.05,0.02637653558149873,343.376307720875
0.04046321246256866,0.05,0.03114305766512998,343.4014625100593
0.043424396054911545,0,0.036918934134867146,334.5929715187054
0.04660602869196796,0,0.04352439011449889,334.6705197212426
0.0500365283421139,0,0.037971576226604645,334.6460620875598
0.01652647870570732,0.05,0.06302954296503085,343.4304065612108
0.059899325880870206,0,0.045062584943551316,334.76056324090337
0.06658049078257008,0,0.04554813768086623,334.7951186532038
0.06332982553101615,0,0.039509771055657075,334.73116045805205
0.01771505728527921,0.03620169390766243,0,339.268038649092
0.022979230565446148,0.03738976625930165,0,339.5943770742219
0.026972482040283262,0,0.05618144700409816,334.6093255352793
0,0.03290868142769673,0.07711809427044644,339.0647908351116
0,0.027639962972485346,0.07942053391240786,338.0328261433028
0,0.027398858406175574,0.07276663824156068,337.95386947926903
0.0733333333333333,0,0.011547005383792525,334.4920039308742
0.07666666666666665,0,0.005773502691896262,334.4348969688944
0.06999999999999998,0,0.005773502691896262,334.41290750335963
0.03674754563497677,0,0.014761720123961715,334.3240499521958
0.03013438251993559,0,0.013923449321625661,334.2601562667126
0.0335038428192421,0,0.019386792266162238,334.3477086749709
0.053315914576706085,0,0.010958841152422554,334.3943117648083
0.046649247910039424,0,0.010958841152422554,334.35304772202204
0.04997387186505914,0,0.01643826172863383,334.43528322343303
0,0.016934730382909213,0.051542039260561584,336.1025927263723
0,0.017502365340891293,0.04452838755739852,336.1281745651533
0,0.02217104241733967,0.04977607028495186,336.88739180872716
0.02604979836359883,0,0.018907852405954915,334.27759206372815
0.005657223085504471,0,0.06131021805150672,334.41888073541116
0.011306309475749933,0,0.05860566020283092,334.46648676220747
0.005649086390245463,0,0.0549877498436319,334.3772971071673
0.05772758487929797,0.04434300626351186,0,341.5792898817993
0.05333333333333333,0.05,0,343.0904984969288
0.03694572105500607,0.05,0.004803220431142359,343.03614247784816
0.0302790543883394,0.05,0.004803220431142359,342.97298324145913
0.033333333333333354,0.05,0,342.92996806833224
0.07533733011352123,0.022067266684410513,0,336.9655193784371
0.07753774889042046,0.027596086219346127,0,337.9398137596493
0.07087592623501095,0.027574640231689075,0,337.91299523090805
0.005649086390245462,0,0.04216723702311907,334.28100452437377
0,0,0.044871794871794886,334.23395780822756
0.005649086390245462,0,0.04857749343337549,334.3311769242402
0,0.022547145604442397,0.019641323896552352,336.6630748800694
0,0.02185453062941587,0.01375193685359945,336.4829571126406
0,0.027149270927055866,0.014670950684985206,337.4044698833272
0.039999999999999994,0,0,334.1755560259751
0.04214893142362739,0.005359278206970003,0,334.640387741025
0.035668316117400685,0.004879671269686994,0,334.54611824574164
0,0.027742152332814185,0.004277641007404566,337.3832974939011
0,0.022150971332295027,0.008555282014809132,336.4682102647363
0,0.02218659677725863,0.004277641007404566,336.42002820088953
0.07333333333333332,0,0.023094010767585042,334.6167712253715
0.07666666666666665,0,0.017320508075688783,334.56635860497914
0.06999999999999998,0,0.017320508075688787,334.5442900459398
0,0.022139868897293892,0.08145853024130377,337.07732413502606
0.06644514822057143,0.03307864610792832,0,338.9837004627611
0.0642447294436722,0.02754982657299271,0,337.87975916179647
0,0.027445711629935025,0.009474295846194886,337.3954367396756
0.05017980957616282,0.05,0.0056144971380787485,343.1541082793182
0.05369295248565897,0.05,0.011228994276157497,343.25781911609124
0.047026285818992306,0.05,0.011228994276157497,343.21108814363674
0.029743854144087162,0,0.03467154180564165,334.46460129219383
0.03719789859973043,0,0.03515048166584898,334.53089385852917
0.02005004006934656,0.02441469851068276,0,336.97672458526364
0.016572585927918805,0.029302540861493642,0,337.827901773393
0.016963532561254407,0,0.06222357056202994,334.5504098191286
0.04666666666666665,0,0,334.22221219506963
0.015177254986331575,0.02328378769173903,0,336.7319089030797
0,0.03549802723440269,0.007880216370512269,338.99327327498736
0,0.03303689263045418,0.005196654838790319,338.4340659575609
0,0.035794467937281846,0.00268356153172195,338.9878093127508
0.04356116387384327,0,0.04836139362511248,334.6875663005915
0.04336070875001795,0,0.015599990926297772,334.38242560443604
0.04011700593428328,0,0.020225063068498295,334.40845122348685
0.032365105768419625,0.0328667579164113,0,338.70393594865624
0.028243403845613087,0.038577838610940864,0,339.92327108582595
0.07999999999999997,0,0.011547005383792521,334.51127398790163
0.011048390618612536,0.025090582796551318,0,336.991638939559
0.005524195309306268,0.02643418028716455,0,337.16088205989405
0.005524195309306268,0.020878624731608994,0,336.2277107086415
0.08199915276893074,0.022088712672067565,0,336.98768716252323
0.07979873399203151,0.01655989313713195,0,336.1421867606888
0,0.0055555555555555575,0,334.2423555073606
0.004128864367719039,0.009304316006298826,0,334.6750714486747
0,0.011111111111111115,0,334.8276497936133
0,0.029515722145368566,0.03566094731387079,338.0767061021515
0.027224775443345447,0.05,0.009606440862284718,343.0106868722598
0.030837163165018167,0.05,0.014409661293427078,343.11305005809123
0.025678451144985615,0.05,0.013883476262867091,343.05238087541557
0,0.005644910127636404,0.04923196180480259,334.74454101120534
0,0.011289820255272809,0.053592128737810295,335.3828066979643
0.005960210016975106,0,0.03526657849923012,334.2259955040425
0,0,0.03846153846153847,334.1815380605244
0.020000000000000018,0.05,0,342.78864997704835
0.024121701922806552,0.04428891930547043,0,341.2848424286233
0.026666666666666686,0.05,0,342.86294426926924
0.03781724754102808,0.010238949476656996,0,335.1170549076474
0.073136911336622,0.016538447149474896,0,336.1189805271057
0.06867550745811171,0.02204582069675346,0,336.937662400199
0.08666666666666664,0,0.011547005383792514,334.5250039264543
0.08999999999999998,0,0.005773502691896257,334.4623252347301
0.08333333333333331,0,0.005773502691896257,334.4513685239099
0.05059268646283706,0.05,0.02747068732542536,343.43948881485636
0.054004682952492264,0.05,0.03333136115298324,343.5263517783319
0,0.022222222222222227,0,336.3698769453854
0.032510368468616116,0.05,0.05596225516743414,343.5568390063152
0.03824991893775152,0.05,0.05256027751603841,343.58363882284436
0.04184928680210452,0.038631925568982296,0,340.0598663902907
0.037455035256139885,0.04428891930547044,0,341.41638345709526
0.023378127506645197,0,0.00464114977387522,334.09205447056183
0.026666666666666665,0,0,334.0657917937885
0.019999999999999997,0,0,334.00278567306935
0.017999600712033298,0,0.004117728649829512,334.03301242365086
0.030788368589473217,0.04428891930547044,0,341.3542481894383
0,0.02726255832435453,0.05972088170602192,337.8480177425302
0,0.02733495638806233,0.05386549150768202,337.8192728829755
0,0.03249887035878499,0.05795491273041219,338.8622401743055
0,0.006212545085618486,0.02298754087087029,334.5666460264811
0,0,0.019230769230769235,333.99951062947133
0,0.005519930110591957,0.01709815382791739,334.43846419398375
0.031336632234801376,0.009759342539373987,0,335.0090514128076
0.017912807964720927,0.05,0.03742939123830036,343.2341739671076
0.012356247336292574,0.05,0.033119744250301036,343.1196892701221
0.01853437100443886,0.05,0.030448847144682323,343.1695135757463
0,0.0383567129270926,0.05591558098493073,340.1345337296518
0,0.044214555495400196,0.05387624923944926,341.55888804596833
0,0.0441421574316924,0.059731639437789155,341.58389845224036
0.031692785304531484,0,0.05459673185103012,334.6402615968721
0,0.01863763525685546,0.030501084151072402,336.16697576606344
0,0.012425090171236972,0.033154568921227756,335.3510740118913
0,0.012425090171236972,0.026744312510971344,335.2891344053452
0.0469608885920831,0.05,0.04433812782830869,343.58473155059465
0.04398946940688692,0.05,0.04915829986464267,343.6040195924072
0,0.03829600748313057,0.01680356608783705,339.7363413720664
0,0.03520158653152353,0.013076871209302588,338.99563113510106
0,0.04105358278995824,0.014290472780768679,340.36019132197447
0.006666666666666665,0,0,333.8597673815794
0.0041288643677190396,0.0037487604507432694,0,334.12902437430756
0.05664924791003941,0,0.016732343844318813,334.4771904798766
0.053342301336526815,0,0.022115975962571855,334.51557063363435
0.02721076027279971,0.05,0.04055199823098206,343.3703991710281
0.026589197233081778,0.05,0.047532542324600094,343.4272224578583
0.02225100259890135,0.05,0.04248096678145022,343.3338051334684
0.021965214207262072,0,0.02389225549028417,334.2902821742484
0,0.016559790331775872,0.0128329230222137,335.679272626422
0,0.01659541577673947,0.008555282014809132,335.6335233028188
0.08430703776496068,0.01105422608319267,0,335.44112937281085
0.07764521510955116,0.011032780095535617,0,335.4225593927977
0,0.03842911099080039,0.04364993437633442,340.05059737254635
0,0.0442145554954002,0.04746599282919285,341.5064839210541
0,0.038429110990800396,0.05006019078659084,340.10557733348634
0,0.045755288231016544,0.029309977716371748,341.7344263505741
0,0.04575528823101655,0.035720234126628156,341.80111252677256
0,0.0415105764620331,0.03297892979171786,340.68654268628126
0,0.03852541942969456,0.07483512326437422,340.2956208329332
0,0.011089940232625061,0.07917555923523154,335.5098881035079
0,0.005540105643147679,0.0748545919002634,334.8945749848491
0.015907313729202937,0.04680832072501051,0,341.85468002804356
0.013333333333333345,0.05,0,342.7079186701355
0.009240647062536264,0.04680832072501051,0,341.76918807174206
0.021577520424792513,0.05,0.019229871546618836,343.0749122372625
0.020519739124953064,0.049999999999999996,0.013357291232307103,342.98733105335214
0,0.05,0.00641025641025641,342.6153359792033
0,0.04690557904839296,0.00909381794197836,341.7945251316671
0,0.04690557904839296,0.00268356153172195,341.7027875236117
0,0.034184399221816944,0.04090863004142413,339.0777306625211
0,0.03996984372641675,0.03831443208402614,340.3652654410423
0,0.05,0.01282051282051282,342.70343538911385
0,0.04690557904839296,0.01550407435223477,341.8790621733044
0.018857528642639614,0.043100846953831214,0,340.9216213836437
0.014764842371842533,0.03990916767884173,0,340.08759512996676
0.022038544750212538,0.05,0.060460383341466584,343.47847003975966
0.01659808029549619,0.05,0.05721001119528365,343.38970448424817
0.02211014634000141,0.05,0.05464085157171937,343.4359363106262
0.0570262858189923,0.05,0.01700249696805376,343.35549368857824
0.06351314290949615,0.05,0.01716150252187128,343.3936762517227
0.06017980957616282,0.05,0.011387999829975015,343.29902461016485
0.02584398482381546,0.05,0.030680250651498205,343.25533122131975
0.03315359864319206,0.05,0.03091165415831409,343.33264753275745
0.030182179457995884,0.05,0.03573182619464807,343.35371393743844
0.05665795728835303,0,0.005479420576211277,334.3488504678436
0.04999129062168637,0,0.005479420576211277,334.3104320954765
0.01747658970459941,0.05,0.024576266830370584,343.0905967531941
0.011298466036453125,0.05,0.02083690752573289,342.96690120920135
0.016418808404759965,0.05,0.018703686516058853,343.006725758579
0,0.017945020281828927,0.024611697108119498,336.00582913102096
0,0.0172524053068024,0.0187223100651666,335.84326141780707
0.07999999999999999,0,0,334.3729691600004
0.07549169622707082,0.005505667053939281,0,334.82592823884244
0.07333333333333332,0,0,334.3537670852751
0.010626477395675071,0,0.020153537918290398,334.13400751223827
0.016586687412650177,0,0.02336883436623846,334.23098760876024
0.016955395865995395,0,0.055901102354155116,334.50926112985
0.021968007300768835,0,0.059202508783064045,334.5819382065649
0.021959870605509822,0,0.052880040575189226,334.5388269701059
0,0.02188903538465442,0.06841518221267492,336.96900876549984
0,0.016725121413931763,0.06432576098994475,336.1606377641139
0,0.021993839869143147,0.06202332134798333,336.94650213500046
0.0633333333333333,0,0.005773502691896262,334.3854301700629
0.05999999999999998,0,0,334.29889933253884
0,0.05,0.0641025641025641,343.20513443759586
0,0.05,0.05769230769230769,343.1602590316998
0.04673016904932446,0,0.021063333870834353,334.4636757387597
0.041752898103394664,0.021674142386077105,0,336.71919805802366
0,0.05,0.05128205128205128,343.1104307428114
0.005556560628428353,0.05,0.04918144185979419,343.17665635771675
0.005556560628428353,0.05,0.0555916982700506,343.2281647274429
0.02162943955918342,0.05,0.049461510875068254,343.3884291247925
0.01729124492500299,0.05,0.04440993533191839,343.2927165106973
0.04685489570505748,0,0.0313661202469729,334.5661670375577
0.05346702799225984,0,0.032418762338710404,334.6169573080384
0.0393043220582444,0.03292084487445273,0,338.7762189367255
0.034910070512279755,0.03857783861094087,0,339.9877883152351
0.022334982784067356,0.004879671269686994,0,334.42767509289064
0.02900164945073402,0.004879671269686994,0,334.4896046708581
0.017569506424195674,0,0.03577731709850238,334.358317261661
0.017258382797466033,0,0.04267797562239134,334.4136134083727
0.03740458501950826,0.05,0.015220938000363466,343.1857079316169
0.034045846264201665,0.05,0.019987460083994713,343.21505407278863
0.05999129062168636,0,0.01125292326810754,334.43355524413977
0,0.05,0.019230769230769232,342.7843342326064
0.006178123668146286,0.05,0.022970128535406927,342.9214920797953
0,0.05,0.02564102564102564,342.8606804612403
0.037059001935907145,0.0272704501512442,0,337.6483049080975
0.03057838662968044,0.02679084321396119,0,337.5028076438651
0.05096452951392145,0.010718556413940006,0,335.2650176664199
0.05312289240765895,0.016224223467879287,0,335.9800580066658
0.023612387721672734,0.05,0.004803220431142359,342.902553511912
0.018453675701640183,0.05,0.004277035400582372,342.83520689451825
0.01666968188528506,0.05,0.05139047942553643,343.34514120651517
0,0.006212545085618486,0.0293977972811267,334.6300208999712
0,0.034051295714147126,0.020472518163183157,338.83740435006143
0,0.03244401122469586,0.015589964516370958,338.4438109384816
0.05999999999999999,0.05,0,343.131023466412
0,0.02784188590208239,0.020560337727938104,337.60071662679957
0.02675625501329039,0,0.00928229954775044,334.1778446684429
0.011314446171008942,0,0.06492812841070573,334.50585421988706
0.005657223085504471,0,0.06772047446176313,334.45686073289136
0,0.03565858020359838,0.025355071809995355,339.2402559469957
0.005484959038639482,0.05,0.06782148645005423,343.311923804702
0.010969918077278965,0.05,0.06513015238728795,343.3719923341737
0,0.05,0.07051282051282051,343.2453822601301
0,0.044142157431692405,0.06614189584804557,341.62715507606043
0.02706990401389977,0.05,0.052711883021251196,343.4756091086619
0.027550610794717757,0.05,0.0578912237179023,343.520781328521
0.03749179327737248,0.05,0.035963229701463956,343.4258632463684
0.02994491554400856,0.05,0.02533385536774646,343.23861607001174
0.04869211439321944,0.021728229344118537,0,336.7777906142523
0.0553682125299962,0.021874618191087814,0,336.8434916897753
0,0,0.07051282051282054,334.40298802280023
0.006178123668146286,0.05,0.029380384945663335,342.99456723208567
0.006178123668146286,0.05,0.03579064135591975,343.0618764951261
0.01333333333333333,0,0,333.9339511986416
0.01746219770105237,0.0037487604507432694,0,334.27744585910654
0.011298172780490926,0,0.052283191994956096,334.4231219023646
0.06666666666666664,0,0.011547005383792525,334.46722707452983
0,0,0.025641025641025647,334.06432076990535
0.005960210016975106,0,0.0224460656787173,334.1042689800574
0,0,0.06410256410256412,334.36683477657203
0.04371205052732588,0.05,0.037740592746719336,343.4965783227467
0.0407406313421297,0.05,0.04256076478305332,343.51842271180755
0.0633246239550197,0,0.017026425960003803,334.5135260873788
0.019797180485119727,0.008628431720430263,0,334.77638716374287
0.017259378186172104,0.012377192171173532,0,335.180067789244
0.030044794173311858,0,0.00464114977387522,334.15240734993347
0.033333333333333326,0,0,334.12338191142373
0.011787009034973511,0.049999999999999996,0.004277035400582371,342.7524579544954
0.006666666666666672,0.05,0,342.6183806787443
0.022289809688443893,0,0.03419260194543433,334.39143258521483
0.04351314290949616,0.05,0.005614497138078748,343.1039045804409
0.040458863964502205,0.05,0.010417717569221108,343.147462027192
0.01173468429657464,0.05,0.04010028834391907,343.18120539318886
0.05684647624282948,0.05,0.0056144971380787485,343.1977362502871
0,0.005519930110591957,0.004277641007404566,334.2916646680196
0,0,0,333.7802342218825
0.09333333333333332,0,0,334.3948541581647
0,0.02213013995096419,0.0750690778835221,337.0450378581641
0,0.05,0.03205128205128205,342.9312608006243
0,0.016631041221703072,0.004277641007404566,335.5858047875584
0,0.01666666666666667,0,335.53611708064057
0,0.05,0,342.5200360028746
0.005120342368306838,0.049999999999999996,0.004277035400582371,342.6609023299941
0.06333333333333332,0.05,0.005773502691896267,343.2359256136806
0.03348556365842878,0.01511862074634399,0,335.6860930215692
0.028791667490941253,0.020714928511511084,0,336.456280836704
0.027004948352202074,0.01463901380906098,0,335.56435552717306
0.04399821822573191,0.027324537109285632,0,337.71374268024636
0,0.05,0.038461538461538464,342.99607525075834
0.005556560628428353,0.05,0.042771185449537785,343.1202483498983
0,0.05,0.04487179487179487,343.0557028158309
0.03452037409217631,0.05,0.04078340173779794,343.4458828115862
0.088820185549147,0.005527113041596334,0,334.8575984459291
0,0.011185015770784085,0.05998398960250188,335.41433724723345
0,0.005644910127636405,0.055642218215059006,334.7908226734457
0,0.016630045875772742,0.07710707421241801,336.2178598879931
0,0.006212545085618487,0.03580805369138312,334.68926144337826
0.06666666666666668,0.05,0.011547005383792535,343.3341910426292
0.040000000000000015,0.05,0,342.9897213742374
0.04881559809029405,0.005359278206970004,0,334.6858542261931
0.01690735140328035,0.05,0.008554070801164744,342.8782904328026
0.0220660634233129,0.05,0.009080255831724731,342.946678972225
0.023527494210774318,0.019526856159871868,0,336.222209169857
0.04037953123678685,0,0.04175593764548073,334.6120278335696
0.037334666418662156,0,0.04659294115609431,334.627513349473
0.019377328930711795,0,0.012876607073534243,334.1481326729535
0.021377728218678494,0,0.008758878423704732,334.1212212792894
0.0159992014240666,0,0.008235457299659023,334.0609837591691
0,0.0415105764620331,0.026568673381461447,340.6179847840183
0,0.038284314863384794,0.06818122759352703,340.2012364754952
0,0.03242647229507719,0.06381030292875209,338.88735957623163
0,0.038284314863384794,0.06177097118327062,340.159598633751
0.055455169758595955,0.03868601252702373,0,340.16927065677754
0.010240684736613676,0.04999999999999999,0.008554070801164743,342.7935238596695
0.015361027104920516,0.049999999999999996,0.012831106201747114,342.91790059190123
0.011609296407220568,0,0.03897227706081073,334.32244152515165
0.013998802136099898,0,0.012353185949488532,334.086699679624
0.06997010543786208,0,0.03989964162930028,334.7621593084745
0,0.005540105643147679,0.06203407907975059,334.8227445638177
0,0.02323976057946893,0.025530710939505253,336.84177156932685
0.012356247336292573,0.05,0.02670948784004462,343.0498851941752
0.031548954906980134,0.05,0.04560357377413192,343.46152120571276
0.011814627458405854,0.04361664145002102,0,340.9653029745561
0.005147960791739182,0.04361664145002102,0,340.8750503688657
0.03687330311854861,0,0.024850135210698815,334.4309325221165
0,0,0.0512820512820513,334.2823253389916
0.02475585572532369,0,0.01340002819757995,334.20595153531633
0.020671271568986935,0,0.018384431281909207,334.22084241528603
0.043486466233589795,0,0.025688406013034872,334.4885239336652
0.040242763417855126,0,0.0303134781552354,334.5098278081496
0.05053942872848845,0.05,0.016843491414236245,343.3112720638246
0.05395142521814365,0.05,0.022704165241794118,343.4066810375377
0.04718068997318185,0.05,0.021610013497867488,343.34624423879677
0.00809817570517586,0.03435361212328617,0,338.74817168090135
0.002573980395869591,0.035697209613899404,0,338.9649447806415
0.0820557654559666,0.03875930203329261,0,340.30051103204516
0.07538423000794013,0.03873563984441646,0,340.27558532322564
0,0.0379591618383512,0.010563777902234218,339.57970267820934
0,0.03825560254123036,0.0053671230634439,339.57830639738086
0.01067215610104545,0.036717488403852236,0,339.298161771807
0.048788503091929294,0.03868601252702373,0,340.1253380915073
0.07999999999999999,0,0.023094010767585035,334.63609442676324
0.011048390618612536,0.030646138352106875,0,338.02422177731916
0.0046662673786999655,0,0.004117728649829511,333.88663006843467
0.05333333333333331,0,0,334.2633266305909
0.05664866062931626,0,0.03902421831834216,334.6936036974869
0.024669965568134715,0.009759342539373987,0,334.94819837759184
0.050937434515556684,0.027378624067327065,0,337.77257407855615
0.057613532652333446,0.02752501291429634,0,337.8405336213712
0,0,0.05769230769230771,334.32664065281637
0.08333333333333331,0,0.017320508075688777,334.58288704554377
0.022635301724631962,0.05,0.025102451860930575,343.15753924910973
0.026736232444825064,0.05,0.019756056577178827,343.1387180765581
0.005147960791739182,0.03806108589446547,0,339.530272948198
0.002573980395869591,0.04125276516945496,0,340.24924507734204
0,0.01662031692944304,0.07071762185463634,336.18331021509863
0.04332462395501971,0,0.005479420576211276,334.2664719895361
0.0046662673786999655,0,0.016938241470342334,334.0318410547308
0.009332534757399931,0,0.014645713709915433,334.0609040714484
0.032029661687798125,0.05,0.05078291447078303,343.5107873214862
0.011113121256856706,0.05,0.04708083243753711,343.23660366848407
0.03762697458918737,0,0.0514790627380713,334.66665875665836
0,0.01807000029887338,0.03751473585423547,336.1496355783837
0.009332534757399931,0,0.008235457299659021,333.9887852210151
0.03140047713400627,0,0.04971061026905313,334.60249587303133
0.026680173869758045,0,0.051295325422121174,334.57221341286663
0,0.01682992589842049,0.05793390012525318,336.1337319345384
0.04624353834806916,0.032974931832494156,0,338.8418955509554
0,0.03257126842249279,0.0520995225320723,338.8332292803129
0.011041519667067836,0.05,0.059310620617540735,343.3328228269961
0.005484959038639482,0.05,0.061411230039797815,343.269662865606
0.03527228279716796,0.021194535448794096,0,336.58989821601836
0,0.016639774822102445,0.08349652657019968,336.2482369467283
0.07098339245414165,0.011011334107878561,0,335.3983002186325
0.015292744774375039,0,0.017861010157863497,334.1604786358772
0.06431672578747497,0.011011334107878561,0,335.3710481539029
0.06647508868121248,0.016517001161817844,0,336.0900850993707
0.059798990544435715,0.016370612314848564,0,336.0378812403111
0,0.03888888888888889,0,339.6483574866497
0,0.044444444444444446,0,341.01352471630236
0,0.0413500234928374,0.0026835615317219496,340.2746263897215
0,0,0.012820512820512825,333.930436271004
0,0.005519930110591957,0.010687897417660979,334.36707331969956
0.017880630050925318,0,0.028876658574613426,334.2982265982733
0.016947259170736386,0,0.04957863414628029,334.46411503840824
0.06671944018630813,0,0.03386127500409112,334.69609193165644
0,0.011732475196210443,0.020854925468018443,335.1444701715753
0,0.011039860221183913,0.014965538425065544,334.998384859634
0,0,0.006410256410256413,333.85734413514115
0.03776921215693353,0.05,0.0473809368193873,343.53588592977707
0.01133293404536663,0,0.004117728649829511,333.96249591736006
0.011298172780490926,0,0.04587293558469969,334.3751968503351
0,0.045755288231016544,0.02289972130611534,341.6619742851256
0,0.03990329197258184,0.021686119734649248,340.17253398536525
0.050098598520792154,0,0.026741048104772378,334.5426409958066
0.011113121256856706,0.05,0.053491088847793515,343.2897921190481
0,0.044214555495400196,0.041055736418936443,341.4491801580478
0.02213216326918709,0.013508102990117257,0,335.37096233325894
0,0.03572513195743329,0.03557312774911584,339.3617436075312
0,0.03726586469304965,0.030237625456807554,339.65236572928444
0,0,0.03205128205128206,334.12499658025644
0.07307634501191018,0.03310345976662469,0,339.016083591498
0.03415303378160574,0,0.039987485176462556,334.54838910994795
0.012386593103157118,0.011246281352229806,0,334.99167189512804
0,0.02740735445177013,0.048010101309342135,337.78663653135436
0.05321816097917032,0,0.044577032206236405,334.72036162954345
0,0.040716737145178865,0.00805068459516585,340.19602556780643
0.056710730807994505,0,0.02779369019650988,334.5912090990205
0,0.03274045192757502,0.010393309677580637,338.44049149908267
0.04723394770753046,0.05,0.03223720940905661,343.4673878992812
0.004128864367719039,0.014859871561854383,0,335.3442915238164
0.009653059677025306,0.019071829626796707,0,336.00193291198985
0,0.0271577538398658,0.0661127425707135,337.87035855254413
0.060079160279462196,0,0.03347140443044791,334.66219861959183
0,0.02273867737532175,0.042762418581788794,336.92308016435015
0.05048278577228769,0.05,0.038834744490645966,343.5583655378221
0.007721941187608772,0.040424962175031526,0,340.12051881658584
0.022872565638619283,0.05,0.035500422687832184,343.27306329437266
0.026698989325962468,0,0.039508545316255236,334.4794615732591
0.0046662673786999655,0,0.010527985060085922,333.96124445028056
0.05318275463789393,0.03302901879053559,0,338.90096579134655
0.002573980395869591,0.04680832072501051,0,341.67488943096197
0,0.043811158096785915,0.01177737947370031,341.01629261837115
0,0.043811158096785915,0.0053671230634439,340.9281173785889
0.018654709127759333,0.018395945340928144,0,336.00310473180804
0.05981395142923268,0.03305383244923196,0,338.9453278627106
0.062086366549934706,0.038710826185720096,0,340.2126544577078
0,0.04414215743169239,0.07255215225830197,341.6657841165188
0,0.023306312333303835,0.035748766878625736,336.9546476944224
0.06204431066677296,0.02202100703805709,0,336.9035733907126
0,0.03264366648620059,0.04624413233373241,338.80032689425394
0.043972006873998354,0.05,0.016032214707299854,343.2517819335279
0,0.02209864435363187,0.05563146048329175,336.91976212591044
0.04061326811869176,0.05,0.0207987367909311,343.2839410915999
0.013622371014482127,0.03301001463267294,0,338.5339560907427
0.031108168963481043,0,0.04482448868707614,334.5623135624061
0.03389144211001212,0.05,0.00960644086228472,343.0772520391328
0,0.044148003741565287,0.01801716765930314,341.1831824701081
0,0.03266757686138696,0.07046419859959926,338.9783523370172
0,0.011039860221183913,0.008555282014809132,334.92467746953275
0.08215351888248033,0.005527113041596335,0,334.8455511594377
0.008257728735438077,0.013053076457042095,0,335.1628097953123
0.013781924044744345,0.01726503452198442,0,335.786498943658
0,0.02797498940975221,0.04099644960617907,337.8324314038193
0.08666666666666666,0,0,334.38664228817527
0,0.011075485666147515,0.004277641007404566,334.87714822740173
