% Model,3d_full_flux.mph
% Version,COMSOL 6.2.0.339
% Date,"Apr 17 2026, 16:25"
% Dimension,3
% Nodes,4286
% Expressions,1
% Description,Volume
% X,Y,Z,Temperature
0.17656132305921285,0.05,0.24539001097615984,335.8048122942489
0.17333333333333337,0.05,0.25,335.77547020165275
0.16989465639254617,0.05,0.24539001097615984,335.86258566899704
0.09785108682395038,0.027726898495404904,0.25,330.91304070408813
0.1000925894728541,0.03328181003790619,0.25,331.9865441980341
0.10449794177632822,0.027733304452145127,0.25,330.913405339474
0.2,0.03372003901035904,0.1861366274361847,332.04672264799
0.2,0.03919779934264397,0.19030176612715233,333.2306559081741
0.19999999999999996,0.039044479335430135,0.18397741492575698,333.229279401749
0.19577290344402273,0.04647521159494428,0.25,334.571793942705
0.2,0.05,0.25,335.4906392924068
0.2,0.044444444444444446,0.25,333.98919417499343
0.20000000000000004,0.03970541749367719,0.20937476088977364,333.22277452157294
0.20000000000000007,0.03438097716860609,0.20512371698994492,332.06795705351885
0.20000000000000007,0.034735275312425484,0.2114621041409145,332.09605675974063
0.1,0.05,0.25,336.0840809865715
0.09333333333333335,0.05,0.25,336.08155897003644
0.09666666666666666,0.05,0.24422649730810375,336.15625681096975
0.1625600087032334,0,0.21370454342262063,327.72316838787356
0.16684695288401208,0,0.21878578569668544,327.6584754630939
0.1698248161400387,0,0.21406754981159695,327.6724479741731
0.19438707888783163,0.05,0.1822849676352139,336.1426507392674
0.18877415777566323,0.05,0.1786724993729919,336.2257103555132
0.19438707888783163,0.05,0.17587471122495751,336.17318776855774
0.2,0,0.17948717948717946,327.61066436399943
0.2,0,0.18589743589743588,327.5817663955079
0.2,0.005771578769674226,0.18386806866697095,328.002934835209
0.18868709546784304,0.05,0.19756523420086725,336.1203089127278
0.18303064320176457,0.05000000000000001,0.20019400514745475,336.1631346834193
0.18307417435567466,0.05000000000000001,0.19395276593864527,336.2032910835349
0.16981582660076117,0.006452880617861938,0.25,327.83161926210215
0.17333333333333334,0,0.25,327.3410416381169
0.16666666666666669,0,0.25,327.3871915906126
0.15015755669225445,0.05,0.2334557015909966,336.1367899187183
0.14343837112816962,0.05,0.2331969650354348,336.1755976606522
0.14694763162361918,0.05,0.22819754152879215,336.2084705708254
0.19577290344402276,0.04091965603938871,0.25,333.164294917091
0.2,0.03888888888888889,0.25,332.63762147410165
0.15333333333333338,0.05,0.25,335.92293247803167
0.15005251889741816,0.05,0.24448523386366555,336.01169290175227
0.15671918556408485,0.05,0.24448523386366555,335.9707556340034
0.2,0.005771578769674226,0.19027832507722736,327.97133084156394
0.2,0.0117461274236881,0.19464571272414175,328.52507876528523
0.2,0.011543157539348451,0.18824895784676243,328.53719569061354
0.17439879130832187,0,0.2361551209948211,327.4635899562821
0.17286300173654562,0,0.24041232833601056,327.4364482235587
0.17796729044004905,0,0.24094895682681583,327.39322687408276
0.12894486494857954,0.03893184331585173,0.25,333.17687368100263
0.12447243247428977,0.044465921657925865,0.25,334.54764111195897
0.13113909914095645,0.04446592165792587,0.25,334.52682995603845
0.17378338179202923,0.05,0.23113407692858218,335.9892587254768
0.16635177127618772,0.05,0.23064234072270126,336.05581202297054
0.1704511838905785,0.05,0.225606384722804,336.0725920542694
0.2,0.011543157539348451,0.18183870143650602,328.56823168003837
0.18906352138794558,0.0055719509085705166,0.25,327.603838494299
0.18479370944255785,0.011143901817141033,0.25,328.1647795003946
0.1914603761092245,0.011143901817141033,0.25,328.1048310362572
0.11112876645920328,0.04443154065046221,0.25,334.56523478124893
0.11779543312586994,0.04443154065046221,0.25,334.55450969190866
0.11559086625173987,0.03886308130092442,0.25,333.1938087763
0.20000000000000004,0.02364562179344271,0.20954006726291835,330.0404197775574
0.20000000000000004,0.023291323649623313,0.20320168011194878,330.02712399248895
0.2,0.017923645962041622,0.20540985524843547,329.2175831284084
0.2,0.011949097308027748,0.20745272401177747,328.46838752960434
0.2,0.011949097308027748,0.20104246760152106,328.5096299758106
0.18833761674085844,0.049999999999999996,0.21093154387156796,336.02798068507894
0.19399406900693691,0.049999999999999996,0.2147130293352369,335.9324116005774
0.18798813801387385,0.04999999999999999,0.21788759713201225,335.97444709912514
0.2,0.017720676077701975,0.19901310037105613,329.23078359801553
0.2,0.023088353765283662,0.19680492523456944,330.035030415905
0.2,0.017517706193362327,0.19261634549367682,329.24065220347666
0.1222678656001597,0.03889746230838808,0.25,333.18776409746243
0.16666666666666669,0.05,0.25,335.83038624614267
0.16322798972587949,0.05,0.2453900109761598,335.9144657621011
0.19999999999999998,0.02273206387373019,0.18408381915579478,330.04831748376625
0.2,0.01718909680365388,0.1797620180445905,329.2609840218381
0.19999999999999998,0.017314736309022676,0.18621959061629748,329.2471889447915
0.1503447691146056,0.05000000000000001,0.2122571894887252,336.33285022957136
0.14738869408490407,0.05,0.2055626676352261,336.40158975209465
0.15377522541388328,0.05,0.20619791260414663,336.3593660075718
0.06238288394882709,0.02218509910138524,0.25,329.90626234894034
0.05790990626386332,0.02777325317749974,0.25,330.8261608809024
0.06459318378107928,0.027730418415656065,0.25,330.8465132015848
0.16241957432729415,0.0402080935700942,0.25,333.3041216811607
0.15798329877630077,0.04467890330035319,0.25,334.44585882026297
0.16443627555099338,0.045529190269741004,0.25,334.6220860431383
0.2,0.027812817671170345,0.24586599720222807,330.4266943139945
0.2,0.03333333333333333,0.25,331.4359211897316
0.2,0.034124979123350746,0.24522166635949705,331.65237499804726
0.1897382458102191,0,0.24148558531762104,327.2899976873869
0.18307157914355246,0,0.24148558531762107,327.3473781688102
0.1882024562384429,0,0.24574279265881055,327.2634900793043
0.17776960888432675,0.04552919026974101,0.25,334.51080561317207
0.18000000000000002,0.05,0.25,335.71466087551886
0.19486912290510955,0,0.2393325362485541,327.26255621917284
0.18973824581021914,0,0.23507532890736466,327.3475215608761
0.2,0.05,0.1794871794871795,336.0859796346637
0.13596572080798194,0.02230999802459925,0.25,329.9320682929081
0.1407108552928532,0.016810353563536835,0.25,329.12306020757484
0.13376900970822336,0.016721875536483313,0.25,329.13817002361645
0.1819344121996306,0.05,0.24588594656694984,335.74740961623274
0.1886010788662973,0.05,0.24588594656694984,335.6778030683987
0.18666666666666668,0.05,0.25,335.647151015926
0.2,0.02860446346118776,0.24108766356172512,330.62013439974936
0.10666666666666667,0.05,0.25,336.08160063582676
0.10333333333333333,0.05,0.24422649730810372,336.15652871203014
0.1888934148492192,0,0.20291338323862482,327.59455720505053
0.19444670742460962,0,0.2008156659782868,327.55610257981766
0.18889341484921923,0,0.1965031268283684,327.6322362721447
0.2,0.04452223966771507,0.17532204079621183,334.61657422773874
0.19999999999999998,0.03899460469445523,0.17111575099836795,333.2763964336886
0.2,0.03904447933543014,0.1775671585155006,333.2604703626127
0.16619633506987896,0,0.24041232833601056,327.4824714707454
0.16976483420160615,0,0.24520616416800528,327.41327120673157
0.1753618412561346,0.018477712144294393,0.25,329.137639003772
0.16944747980228353,0.019358641853585816,0.25,329.306154502418
0.17408021231833157,0.022702098022697917,0.25,329.77033042142784
0.14677170446150295,0.05,0.23897046772733105,336.0949003370345
0.15343837112816963,0.05,0.23897046772733108,336.05654927058
0.20000000000000004,0.03402667902478669,0.19878532983897534,332.0364405309446
0.2,0.03935111934985779,0.20303637373880407,333.18572271895636
0.20000000000000004,0.0393511193498578,0.19662611732854768,333.2284519424336
0.18268116447477997,0.05,0.20715005840789902,336.11705099219387
0.18868709546784304,0.05,0.20397549061112366,336.07640482859506
0.16556873426138863,0.029994307521289475,0.25,331.099825937637
0.16040287310359488,0.0348869968704474,0.25,332.1208963042721
0.1668558498782875,0.03573728383983521,0.25,332.2568711292625
0.19999999999999998,0.01896477386853147,0.22344892682258616,329.226859572405
0.19999999999999996,0.01264318257902098,0.21947877172787794,328.4590057204314
0.19999999999999996,0.01264318257902098,0.22588902813813433,328.40794903570634
0.12454358697469088,0.027775261478198008,0.25,330.8897456699506
0.12674029807444945,0.03336338396631394,0.25,331.9643105501305
0.1312205863231107,0.027809642485661663,0.25,330.87586228639344
0.1901787471714215,0.026479398806655667,0.25,330.2503265208353
0.18590893522603374,0.020940238604115074,0.25,329.39998714133503
0.1846273062882307,0.025164624482518598,0.25,330.07945692499794
0.14005251889741815,0.05,0.23871173117176928,336.13116313506174
0.13333333333333336,0.05,0.23845299461620745,336.1621501851767
0.13671918556408483,0.05,0.232938228479873,336.209129654674
0.20000000000000004,0.04047218046892372,0.2340330763087377,333.18561868274213
0.2,0.04523609023446186,0.23881140994924066,334.3252342100426
0.20000000000000004,0.045236090234461866,0.23240115353898425,334.39306569046175
0.17999457377218264,0.021821168313406497,0.25,329.58517853716893
0.17871294483437963,0.026045554191810018,0.25,330.2812451948698
0.14022844605953438,0.05,0.22793880497323035,336.2446282318003
0.13701852099089915,0.05,0.2226806449110259,336.3092249573321
0.14373770655498397,0.05,0.2229393814665877,336.2757173773162
0.1781706571384524,0.05000000000000001,0.19062132489791728,336.2716864204991
0.1782141882923625,0.05,0.1843800856891078,336.3061039052666
0.18311770550958473,0.05,0.1877115267298358,336.2397036405647
0.18460736871532868,0,0.23722837797643162,327.3731826960574
0.17008440526988264,0,0.22451769009545436,327.5921967919813
0.16281959783307734,0,0.224154683706478,327.6432718184713
0.1660570502189479,0,0.22988658810524693,327.5758643472245
0.2,0,0.22435897435897437,327.3394118716758
0.1937921892525409,0,0.22701675333769988,327.3781830640419
0.2,0,0.23076923076923075,327.28739675895343
0.18,0,0.25,327.290551651474
0.1764315008682728,0,0.24520616416800528,327.3650145898169
0.20000000000000004,0.040265948053210154,0.22807824037986868,333.19529332931614
0.08453700732554414,0.011075105617910135,0.24999999999999994,328.5120841320065
0.08226850366277207,0.005537552808955067,0.24999999999999997,327.9833754534325
0.07788712420736903,0.01106986781737865,0.25,328.498867854833
0.19022146256083194,0.034049326159696094,0.25,331.6894055769865
0.19577290344402273,0.035364100483833164,0.25,331.90666830799864
0.19444855911680922,0.03201855900919626,0.25,331.2333791937325
0.13815995500035885,0.011177409700006717,0.25,328.46145717297304
0.18939546618185768,0,0.18497127593894058,327.687276022551
0.18409319927278653,0,0.18130306775456473,327.7503802741267
0.1838421736064673,0,0.18706899319927864,327.7256568223411
0.19999999999999998,0.04452223966771507,0.18814255361672463,334.55276339065335
0.2,0.044522239667715076,0.18173229720646825,334.5865662678175
0.2,0.012296139943524364,0.21346574786982772,328.46508146066714
0.19999999999999998,0.018617731233034854,0.2174359029645359,329.2265370957047
0.2,0.01827068859753824,0.21142287910648572,329.22344494770573
0.15185083117842918,0.028324083797569843,0.25,330.8766009159092
0.14710569669355794,0.03382372825863225,0.25,331.9769157154524
0.15394989632890227,0.034036709901059586,0.25,331.9829753980785
0.2,0.023992664428939325,0.21555309112096854,330.051910072566
0.17553921776865344,0.04105838053948202,0.25,333.40288527901566
0.16887255110198676,0.04105838053948201,0.25,333.459249664492
0.17110294221766006,0.045529190269741004,0.25,334.5693924689772
0.11666666666666667,0.05,0.23267949192431123,336.2724671571834
0.12000000000000001,0.05,0.23845299461620745,336.2023124154531
0.11333333333333334,0.05,0.2384529946162075,336.214854472378
0.1943435477339215,0.05,0.19493646325427977,336.0715790065805
0.18873062662175313,0.05000000000000001,0.1913239949920578,336.15875700586247
0.10890329407980237,0.022184798866384067,0.25,329.9766695975122
0.11562508497736734,0.022185968928233074,0.25,329.96815443490163
0.11338358232846363,0.016631057385731784,0.25,329.17594708482653
0.14290756639261176,0.02239847605165277,0.25,329.9169771209163
0.14765270087748303,0.016898831590590357,0.25,329.1029453950219
0.2,0.005974548654013874,0.20308533636486312,327.91528964291314
0.2,0.005974548654013874,0.1966750799546067,327.953633732222
0.16929450260481843,0,0.23561849250401584,327.5048525526999
0.2,0.040059715637496586,0.2221234044509996,333.2013358214961
0.20000000000000007,0.03529580587195845,0.2237553272207531,332.113539018038
0.1433858522307515,0.05,0.24448523386366555,336.04730140486066
0.2,0.005771578769674226,0.17745781225671453,328.03126479948037
0.20000000000000004,0.0446755596749289,0.2008771612283764,334.51370492914623
0.2,0.05,0.19871794871794873,335.97651053919134
0.20000000000000004,0.0446755596749289,0.19446690481812,334.5552867537779
0.12333333333333335,0.05,0.24422649730810372,336.126181941475
0.11666666666666668,0.05,0.24422649730810375,336.1412653973278
0.2,0.02229230200900736,0.24173199440445614,329.54987312697443
0.2,0.02225726211561479,0.24586599720222807,329.50218879538454
0.1683200915500978,0.05,0.19019968202527077,336.3609819303743
0.17322360876732004,0.05,0.19353112306599873,336.2994741749642
0.16854590155227267,0.05,0.19504179713196446,336.3297282735055
0.2,0,0.23717948717948717,327.232180573772
0.19486912290510955,0,0.23292227983829772,327.3189262485081
0.16317516501584378,0.05,0.23526525581598517,336.0315963695902
0.15984296711439305,0.05,0.229737563610207,336.11318510003844
0.16271225449696736,0.05,0.19814303337375674,336.35505647602906
0.156878607441662,0.05,0.201244269615549,336.37507630943475
0.15665279743948712,0.05,0.1964021545088553,336.4090346135038
0.19333333333333333,0.05,0.25,335.5724771548887
0.18910623677735608,0.04647521159494428,0.25,334.64800538921975
0.1914603761092245,0.022255012928252143,0.25,329.5462534176836
0.18719056416383678,0.01671585272571155,0.25,328.8004894717551
0.14929993088593485,0.03935780660070639,0.25,333.1870087255094
0.1513166321096341,0.0446789033003532,0.25,334.48760110922603
0.15596659755260153,0.039357806600706396,0.25,333.14704761662625
0.12902387522335212,0.02222151999754573,0.25,329.9421544683889
0.1773492127066879,0,0.22488069648443065,327.5358318020563
0.17332185765575317,0,0.23024959449422325,327.52231379759087
0.17411176032081738,0,0.21914879208566176,327.6045859963126
0.18914444051553844,0,0.1907372013836545,327.6610730879152
0.18359114794014805,0,0.19283491864399255,327.6982994894205
0.18243957011068943,0.04647521159494428,0.25,334.71705283429003
0.18487914022137883,0.04295042318988855,0.25,333.78004679756964
0.18020917899501612,0.042004401864685285,0.25,333.5909378671829
0.17505705831805624,0.05,0.23666596851926947,335.91915932910655
0.18043014745847402,0.05,0.2371619041100595,335.86323047905114
0.17849573525884344,0.05,0.24127595754310968,335.8356475638311
0.0912323266764229,0.027721155529732377,0.24999999999999997,330.9081248441748
0.09344573452047625,0.033275404081165964,0.25,331.9827468455149
0.12666666666666668,0.05,0.23845299461620745,336.18474371172624
0.18137656775762268,0,0.2195117984746381,327.5454065660961
0.18866131215765045,0,0.22916980240676682,327.4072884010061
0.18353043506276,0,0.23132285147583376,327.4334595607835
0.16553787195926,0,0.20898630753753217,327.7365252711787
0.09000000000000001,0.05,0.24422649730810375,336.15126514500366
0.09333333333333332,0.05,0.2384529946162075,336.22229430750684
0.19999999999999998,0.01750278218740674,0.23288163667865153,328.94528334076784
0.2,0.023083947799024777,0.23695366076395322,329.72029949016843
0.2,0.023814943639587142,0.23223730583592053,329.8817077939761
0.17648249326742782,0.006452880617861938,0.25,327.7825216752902
0.11782965185149741,0.011087761611104193,0.25,328.5097523695745
0.1201053732260286,0.01663222744758079,0.25,329.1644261088656
0.1943435477339215,0.05,0.2077569760747926,335.98317619638397
0.2,0.05,0.21153846153846154,335.8834487867864
0.07561862054459695,0.0055323150084235825,0.25,327.9689355763095
0.14245573125059052,0.03914482495827906,0.25,333.1724537861856
0.181324404778492,0.03513407198499265,0.25,332.0052718441873
0.18467002167764118,0.032734551835559025,0.25,331.4756773863107
0.1800000604512785,0.03178853051035575,0.25,331.3303409799768
0.18386882439926122,0.05,0.24177189313389968,335.77690600258444
0.2,0.011181190897896253,0.23532173799419975,328.1663796065577
0.2,0.005590595448948126,0.23945574079197168,327.60299825638447
0.2,0.011181190897896253,0.2417319944044562,328.10687367120454
0.19526774553296394,0.05,0.24588594656694984,335.60103251912017
0.19526774553296394,0.05,0.2394756901566934,335.67634195854913
0.2,0.05,0.24358974358974358,335.5697421521533
0.2,0.05,0.22435897435897434,335.7728212983214
0.19399406900693691,0.049999999999999996,0.2275335421557497,335.81700294160163
0.19399406900693694,0.05,0.2211232857454933,335.8770156841622
0.2,0,0.25,327.1118744815435
0.19573018805461226,0.0055719509085705166,0.25,327.5419593728533
0.2,0.005555555555555555,0.25,327.49857729205155
0.11999999999999998,0,0.25,327.58696473243754
0.11555393047696622,0.005543295774627593,0.25,327.9875322749015
0.12227572137453119,0.005544465836476599,0.25,327.97494779138924
0.14255090029249434,0.005632943863530119,0.25,327.9164168736145
0.14666666666666667,0,0.25,327.49921892957394
0.13999999999999999,0,0.25,327.52779684476883
0.1356090547078645,0.005544465836476598,0.25,327.9362836262767
0.2,0.033873359017572865,0.19246097863758,332.0433718255501
0.2,0.028456031452865353,0.19459675009808272,330.96935550389236
0.09781524484015874,0.04442513469372199,0.25,334.5703247937077
0.1044620997925366,0.04443154065046221,0.25,334.5709800891533
0.10227734463269533,0.0388566753441842,0.25,333.2054397373379
0.13121810941572903,0.011088931672953196,0.25,328.47644295906935
0.1702223680169065,0.05,0.21512504952842812,336.1685571506301
0.16711898598912778,0.05,0.22007869251702578,336.1509125819979
0.162790757501065,0.05,0.2146333133225472,336.23102430179614
0.16000000000000003,0.05,0.25,335.87940900898866
0.20000000000000004,0.03570827070338558,0.2356649990784912,332.0882412917121
0.20000000000000004,0.03550203828767201,0.22971016314962212,332.102706232072
0.2,0.030127105091767543,0.23159297499318948,330.9975516067008
0.19526774553296394,0.05,0.233065433746437,335.745862879053
0.2,0.05,0.23717948717948717,335.64305649297467
0.15631838347355684,0,0.22334321252971825,327.688315143761
0.1595558358594274,0,0.22907511692848717,327.62323572553197
0.1784261463592566,0,0.23078622298502852,327.4792003570854
0.0934242711358437,0.01661840139253773,0.24999999999999994,329.1814765041798
0.08680551098831622,0.016612658426865202,0.24999999999999997,329.17398255371523
0.08901891883236956,0.02216690697829879,0.24999999999999994,329.97187008024156
0.1530546214999069,0,0.2282636457517274,327.66652537924995
0.15629207388577743,0,0.23399555015049628,327.6001696907608
0.17296498653485567,0.012905761235723876,0.25,328.4543892922715
0.17887934798870678,0.012024831526432456,0.25,328.30960415212047
0.1957301880546123,0.011127506464126071,0.25,328.06209968819456
0.2,0.01111111111111111,0.25,328.01745077219545
0.2,0.005974548654013875,0.20949559277511953,327.8736892892579
0.1943870788878316,0.05,0.18869522404547032,336.1083187927343
0.18877415777566323,0.05,0.18508275578324834,336.19346125591136
0.1378057658076231,0.044465921657925865,0.25,334.50096443752733
0.14464996544296743,0.04467890330035319,0.25,334.52401463354875
0.2,0.02792400265111908,0.1625876600893198,331.01744729213675
0.19999999999999998,0.03346696972119538,0.16690946120052408,332.07936741414784
0.19999999999999998,0.03341709508022047,0.16045805368339144,332.0903584181669
0.12682716412359357,0.016633397509429795,0.25,329.1482748431468
0.12234687587493231,0.022187138990082074,0.25,329.9550089825333
0.08679274339049997,0.03326123704347171,0.25,331.9723995512185
0.10892419958507318,0.03886308130092442,0.25,333.20281904136397
0.1133862993776098,0.03329462195138663,0.25,331.9795978432035
0.10673944442523194,0.03328821599464641,0.25,331.985494530597
0.1782569250604138,0,0.18985627018137904,327.7574251316031
0.1726716765143603,0,0.19264354716347942,327.7853560481297
0.17800589939409456,0,0.19562219562609295,327.7286058977951
0.19486912290510955,0,0.24574279265881052,327.2028949492156
0.19333333333333333,0,0.25,327.1756842602974
0.177089623576844,0,0.2144305562005733,327.61643759703765
0.1777441417489127,0,0.20746023807192943,327.65891814900766
0.17280267939606533,0,0.20934931392650852,327.6836839471241
0.10004303128337118,0.016624144358210254,0.24999999999999997,329.18442824328463
0.09563767897989704,0.022172649943971313,0.24999999999999994,329.9780749854305
0.1707345954191824,0.02510161817213155,0.25,330.18559133287727
0.17536732793523047,0.028445074341243652,0.25,330.734596729211
0.15319390635083796,0,0.238789385982491,327.57446429956747
0.14979085952625695,0,0.23318407897373655,327.64170567290694
0.1465272396841713,0,0.23878938598249103,327.60742894809357
0.11114479672870609,0.02773971040888535,0.25,330.9089229549036
0.20000000000000004,0.03508957345624488,0.21780049129188406,332.1207396496098
0.2,0.02971464026034041,0.21968330313545142,331.0252573886775
0.12000000000000002,0.05,0.25,336.0617005900297
0.11333333333333334,0.05,0.25,336.07414050364616
0.17332575004468523,0.05,0.2101714065398305,336.1822607491588
0.17367522877166983,0.05000000000000001,0.2032153532793862,336.23112852421815
0.1780034572597326,0.05,0.20866073247386474,336.1512973513484
0.2,0,0.21153846153846154,327.4334884073689
0.1944467074246096,0,0.20722592238854318,327.51628391571836
0.19379218925254088,0,0.21419624051718705,327.4753289220592
0.17306443704124716,0,0.19751127148067202,327.7554645735336
0.1681229746883998,0,0.1994003473352511,327.77952845681654
0.17345719756813405,0,0.20237899579786464,327.7236612951475
0.14993028650875231,0,0.24439469299124553,327.5386880568537
0.14326361984208566,0,0.24439469299124553,327.56945933871407
0.1845295600728648,0.05,0.23212594811016224,335.87604946717954
0.1858032365988918,0.05,0.23765783970084953,335.80315003457423
0.17850795072673303,0,0.1840903447366651,327.7836104842764
0.2,0.027777777777777773,0.25,330.3755147017065
0.19573018805461226,0.027794173130792736,0.25,330.42473065700904
0.18666666666666668,0,0.25,327.2352433169409
0.18153578957177624,0,0.24574279265881055,327.3198344872825
0.159115757486696,0.029144020551901663,0.25,330.98386600431644
0.17788279440642002,0.05,0.22609812092868492,336.0021316247065
0.1745505965049693,0.05,0.22057042872290672,336.08392284406165
0.18198220702081078,0.049999999999999996,0.2210621649287876,336.0095552824295
0.07571604458421816,0.02214750214007305,0.24999999999999994,329.9442493919736
0.0801556278701411,0.016607420626333715,0.24999999999999994,329.16198987649125
0.07350574475196599,0.016602182825802232,0.24999999999999997,329.1453465704942
0.19999999999999998,0.0335168443621703,0.1733608687176567,332.06474560751366
0.19999999999999998,0.03356671900314521,0.17981227623478935,332.04649299826445
0.2,0.029367597624843794,0.21367027927740118,331.00813861795797
0.2,0.04502985781874829,0.2264463176101152,334.39795004324986
0.0866666666666667,0.05,0.25,336.07400312043126
0.0911485781734921,0.04442513469372199,0.25,334.56628797235527
0.08448191150682546,0.04442513469372199,0.25,334.55721731793255
0.2,0.029920872676053978,0.22563813906432045,331.0132205748862
0.18758437850508178,0,0.22326427590616899,327.4641863330895
0.18245350141019134,0,0.22541732497523592,327.49086751746313
0.13000000000000003,0.05,0.24422649730810375,336.1061277815233
0.16968396917763845,0.05,0.2361700329284795,335.9709365847406
0.2,0.022885383880944014,0.1904081703571901,330.03960497517465
0.19999999999999998,0.028302711445651524,0.1882723988966874,330.9771774054909
0.08236592770239329,0.022152739940604536,0.24999999999999994,329.95980054132815
0.08457933554644662,0.027706988492038124,0.24999999999999997,330.89691642756986
0.12006329872602964,0.03332900295885029,0.25,331.97437706547817
0.1630981675349395,0,0.24520616416800528,327.45718778949913
0.16,0,0.25,327.4290015089611
0.09563048968031751,0.03885026938744398,0.25,333.2032134133555
0.08896382301365086,0.03885026938744398,0.25,333.1976617871856
0.19154580688804546,0.04295042318988855,0.25,333.70946176702205
0.18233168574779537,0.049999999999999996,0.2141061116683433,336.0658578585306
0.07127646129829522,0.027687583653812388,0.25,330.8617987642711
0.06906616146604305,0.022142264339541567,0.25,329.9240476138459
0.20000000000000004,0.0450298578187483,0.2200360611998588,334.4566063781456
0.20000000000000004,0.04005971563749659,0.2157131480407432,333.256409507837
0.17797878787934282,0.03753359213442629,0.25,332.5607578282661
0.1766544435521293,0.03418805065978939,0.25,331.8476746634121
0.2,0,0.1923076923076923,327.5495943976426
0.13666666666666671,0.05,0.24422649730810375,336.08101925898114
0.2,0,0.24358974358974356,327.1736731479687
0.2,0.005590595448948126,0.24586599720222807,327.54234595549525
0.17950308001182527,0,0.23669174948562638,327.419700004068
0.09999999999999998,0.05,0.23845299461620745,336.22501553447
0.163019573374737,0.05,0.22511464851692306,336.13567466013654
0.1596873754732863,0.05000000000000001,0.21958695631114486,336.2105244962382
0.06685586163379087,0.016596945025270746,0.25,329.1240526357241
0.15651076921294232,0.05,0.22420987140442877,336.1897610294226
0.1533008441443071,0.05000000000000001,0.21895171134222433,336.2583184658169
0.07565784075369829,0.038821935312055474,0.25,333.16513653601226
0.08231083188367457,0.038836102349749727,0.25,333.18379897420334
0.08013975226052368,0.033247070005777465,0.25,331.95725263171335
0.07792634441647034,0.027692821454343874,0.24999999999999997,330.8809083857562
0.11,0.05,0.2442264973081037,336.1513869453969
0.09666666666666665,0.05,0.23267949192431123,336.28736402904883
0.19999999999999998,0.01706345729828508,0.17330444547288348,329.27143466387616
0.19999999999999996,0.011417518033979654,0.175381128864799,328.5824043289612
0.18239685472127892,0.0055719509085705166,0.25,327.66146689363427
0.17915647093244702,0.05,0.2316300125193722,335.934729893539
0.2,0.044675559674928894,0.2072874176386328,334.46805880423693
0.2,0.05,0.20512820512820512,335.93201181312764
0.13333333333333336,0.05,0.25,336.02161664073157
0.156596953175419,0,0.2443946929912455,327.5035629115855
0.20000000000000007,0.029396109251205182,0.23630932992122222,330.81456071118197
0.20000000000000007,0.034916624913368166,0.24044333271899415,331.8698150320407
0.19999999999999996,0.018233778027969105,0.22816528175061884,329.08575065534575
0.1631491599340945,0.006452880617861938,0.25,327.8763768147669
0.17330882665298014,0.03658757080922302,0.25,332.3908998730498
0.2,0,0.20512820512820512,327.4754466684732
0.18127620270998568,0.01759678243500297,0.25,328.969083993551
0.2,0.05,0.23076923076923075,335.7105823148709
0.19999999999999998,0.00632159128951049,0.21550861663316973,327.8612153320859
0.19434354773392154,0.05000000000000001,0.2013467196645362,336.0294097516211
0.15969512071035846,0,0.23960085715925078,327.53050874745117
0.16279328824529793,0,0.23480702132725606,327.5545519840251
0.17326713992123016,0.05,0.1872898838571893,336.3356404305551
0.15012423788396315,0.05,0.22357462643550824,336.23530188116666
0.2,0.04523609023446186,0.24522166635949705,334.25161421069845
0.14510180058498867,0.011265887727060237,0.25,328.4414663903656
0.17812712598454233,0.05000000000000001,0.19686256410672676,336.2335250926459
0.15333333333333332,0,0.25,327.46628715097137
0.2,0,0.19871794871794873,327.5141486652311
0.18926181453990087,0.05,0.22982974513295595,335.8487385331978
0.07782892037684917,0.044410967656027735,0.25,334.5398389862644
0.19469773309092886,0,0.18863948412331644,327.62034739705626
0.14000000000000004,0.05,0.25,335.99399312219674
0.13816243190774052,0.02789812051271518,0.25,330.8657947549625
0.19154580688804546,0.03739486763433299,0.25,332.3959088332074
0.0912036739922108,0.011075105617910135,0.24999999999999994,328.52034037018836
0.19999999999999996,0.038944730053480314,0.16466434348123532,333.2886917021495
0.15673130044358477,0.05,0.21289243445764575,336.28784137252063
0.11786658762627106,0.027740880470734357,0.25,330.89878331588557
0.19999999999999998,0.024545939480149506,0.22752095090788782,330.0437577002652
0.19999999999999998,0.024339707064435938,0.2215661149790188,330.0606306962759
0.1598346824713635,0.05000000000000001,0.20793879146904812,336.305946426231
0.1957301880546123,0.02223861757523718,0.25,329.50060513237054
0.19573018805461226,0.016683062019681626,0.25,328.7144106731716
0.19146037610922453,0.01669945737269659,0.25,328.7584088564316
0.18889711823361846,0.03070378468505919,0.25,331.03437173807
0.1859943660048547,0.03608009331019592,0.25,332.163925367182
0.19999999999999998,0.02797387729209399,0.16903906760645243,331.00446672204555
0.19999999999999996,0.0280237519330689,0.17549047512358507,330.98785534933916
0.2,0.05,0.17307692307692307,336.11480459364253
0.19999999999999996,0.02260642436836139,0.17762624658408777,330.0584332794972
0.19999999999999996,0.0281493914384377,0.18194804769529205,330.9814188349239
0.16589413952884374,0.05,0.20967967033394955,336.2475831372505
0.1595821454472068,0,0.21842277930770912,327.7070749664403
0.1783529359867172,0.05000000000000001,0.20170467921342045,336.19877308449077
0.19999999999999998,0.022480784862992594,0.17116867401238078,330.0652046402195
0.2,0.01693781779291629,0.1668468729011765,329.27854087090554
0.2,0.0450298578187483,0.21362580478960239,334.51064588689593
0.19444670742460962,0,0.19440540956803037,327.59266497957054
0.177653978532748,0.04999999999999999,0.21561678573430904,336.0987121757682
0.19053549106592788,0.05,0.24177189313389968,335.7052027665093
0.16851573521528665,0,0.2042680716524437,327.7471456163557
0.2,0.05,0.21794871794871795,335.83044345562655
0.18798813801387385,0.04999999999999999,0.22429785354226867,335.9166605974545
0.1832558835468378,0.049999999999999996,0.22659405651947492,335.94485121646466
0.1405277814863487,0.05,0.21768122140438323,336.33853033819065
0.1826487491057055,0.03847961345962955,0.25,332.7316721257021
0.1937921892525409,0,0.22060649692744347,327.4284149413425
0.18758437850508178,0,0.21685401949591257,327.51263497496836
0.13341729742286929,0.0333977649737776,0.25,331.9493982971607
0.14500663154308485,0.02811110215514251,0.25,330.873764177609
0.17312264611842565,0.05,0.24078002195231965,335.8902375306561
0.1687717115544476,0.05,0.1998839122386582,336.2961346309146
0.17344941876949493,0.05000000000000001,0.19837323817269248,336.2664713424523
0.06680348361333147,0.03327573772992689,0.25,331.92452022653254
0.149217566959161,0.005632943863530119,0.25,327.8856519810798
0.2,0.02243091022201768,0.16471726649524815,330.080174776383
0.17839865992098142,0,0.20048991994328555,327.697382181484
0.19053549106592788,0.05,0.23536163672364327,335.7767187856207
0.2,0.016701706560059235,0.2458659972022281,328.71561434221417
0.2,0.01114615100450368,0.24586599720222807,328.06289481403684
0.17202171103608127,0.030844594490677286,0.25,331.2138397897545
0.2,0,0.21794871794871795,327.38810908781426
0.08000000000000006,0.05,0.25,336.0614134377557
0.07123724108919391,0.011064630016847165,0.25,328.4810009488865
0.15994717528996433,0.05,0.23987524483982536,336.0034497823944
0.1566663608540491,0.05,0.23436047870349092,336.0868808142494
0.12455144274906238,0.011088931672953198,0.25,328.49538449495907
0.1356115316152462,0.03893184331585173,0.25,333.15276616251526
0.09782243413973829,0.011080848583582662,0.25,328.5246898309186
0.16899752155662245,0.05,0.2047260273453519,336.2602010026016
0.10225643912742452,0.02217839290964384,0.25,329.97973767925976
0.1873187103320682,0.039425634784832825,0.25,332.9036427653578
0.1266666666666667,0.05,0.25,336.0441857966759
0.20000000000000004,0.028659001337205,0.20099350497546203,330.9667431266677
0.19999999999999998,0.00632159128951049,0.22832912945368256,327.7614614312224
0.19469773309092886,0,0.17581897130280363,327.6777816914059
0.19469773309092886,0,0.18222922771306005,327.6507015589179
0.15081915038418175,0.05,0.19950339075064755,336.42509840139195
0.20000000000000004,0.0396805346789063,0.24522166635949708,332.87705839611203
0.2,0.040472180468923716,0.2404433327189941,333.1174815438001
0.13,0.05,0.2326794919243112,336.2373859007835
0.20000000000000004,0.0290132994810244,0.2073318921264316,330.98914928048913
0.0734867611305474,0.03323290296808321,0.25,331.9373060869994
0.2,0.0055905954489481255,0.23304548438171524,327.6603593166517
0.1882388966771505,0,0.20988370136726872,327.55560434975627
0.16248644449479244,0.05,0.19330091826706303,336.38766245649794
0.16293806449914222,0.05,0.20298514848045046,336.32011050983795
0.2,0.02222222222222222,0.25,329.45303927912096
0.16733745363462604,0,0.1896648987008659,327.8385587263692
0.1677302141615129,0,0.1945326230180585,327.80999949348774
0.15333416295259839,0.05,0.2288327864977127,336.1651828369159
0.2,0.05,0.1923076923076923,336.01694496497754
0.10666179143089867,0.01662988732388278,0.25,329.1828377710298
0.1033333333333333,0.05,0.2326794919243112,336.28745547538125
0.18316123666349482,0.05,0.18147028752102634,336.2723723545087
0.1402614970582136,0.033610746616204924,0.25,331.96572334847974
0.1469143128153279,0.05000000000000001,0.2183164663733038,336.300987079801
0.1439582377856264,0.05,0.21162194451980468,336.3727337310276
0.19999999999999998,0.00632159128951049,0.2219188730434261,327.81299732994614
0.2,0.05,0.1858974358974359,336.053359758442
0.17292270218067954,0,0.18687762171876549,327.8130033016905
0.1466666666666667,0.05,0.25,335.9611271824343
0.16645597945175897,0.05,0.24078002195231962,335.9449749540184
0.16629831986818902,0.012905761235723876,0.25,328.50209447925255
0.1893954661818577,0,0.1785610195286842,327.7158123484091
0.15176846725165533,0.011265887727060237,0.25,328.4085145204909
0.16428161864448976,0.02425133120274374,0.25,330.09159237242955
0.1826856041017601,0,0.20557116221735033,327.6313575584358
0.07999999999999999,0,0.25,327.5878565179932
0.10666666666666666,0.05,0.23845299461620745,336.2226576548997
0.2,0.016666666666666663,0.25,328.66849492197514
0.1820310859296914,0,0.21254148034599424,327.5903903220128
0.15588423362582765,0.005632943863530119,0.25,327.85053322513727
0.2,0.016771786346844376,0.23759799160668427,328.8054576286714
0.1590333935599222,0.012085824481392057,0.25,328.45676669794705
0.11110786095393244,0.011086591549255186,0.25,328.51948995443234
0.08666666666666668,0.05,0.2384529946162075,336.21483299210973
0.0601202060961155,0.03331857249177056,0.25,331.90666760806954
0.12333333333333334,0.05,0.2326794919243112,336.25743985238444
0.15701669233622292,0.02343139444841192,0.25,330.00555384173526
0.16218255349401667,0.018538705099253996,0.25,329.24134252943674
0.15491762718574986,0.017718768344922177,0.25,329.1736061603047
0.1335092604954496,0.05,0.22768006841766855,336.27551014486306
0.1497517660279561,0.0226114576940801,0.25,329.9165909148903
0.18334567735042767,0.02938901036092212,0.25,330.8388988227439
0.2,0.011291878528610858,0.16892355629309203,328.59323254287534
0.2,0.005645939264305429,0.17100023968500755,328.0458150202793
0.08333333333333337,0.05,0.24422649730810375,336.1412396459674
0.19999999999999998,0.04447236502674015,0.1688706332790792,334.6301737606413
0.2,0,0.17307692307692307,327.63628830311745
0.10444119428726578,0.011086591549255188,0.25,328.52449708028905
0.19999999999999998,0.011912186738458615,0.230605383066167,328.28684351989136
0.08999999999999998,0.05,0.23267949192431125,336.28219347618284
0.18334012227382881,0,0.19860084408870646,327.66830827536523
0.10999999999999999,0.05,0.2326794919243112,336.28246781518027
0.09999999999999999,0,0.25,327.6073607479415
0.09560183699610539,0.005537552808955067,0.24999999999999997,327.9981331015971
0.10222059714363288,0.005543295774627594,0.25,327.999338072593
0.2,0.016736746453451808,0.24173199440445617,328.76126857777956
0.053436928578899555,0.033361407253614236,0.25,331.8837482316105
0.10666666666666663,0.049999999999999996,0.22690598923241495,336.34419849894374
0.10999999999999997,0.049999999999999996,0.22113248654051867,336.39575357619736
0.11333333333333331,0.05,0.22690598923241492,336.33667061533487
0.050160095864764935,0,0.24420294572750884,327.5408824064749
0.04698685839619656,0,0.23840589145501767,327.5789083814161
0.043493429198098274,0,0.24420294572750884,327.5057685630832
0.1780575154011003,0,0.17130883631222416,327.8400302915581
0.17771993212993958,0,0.16475660213047919,327.8648221380496
0.17235941480057482,0,0.16786683905162858,327.8954073083923
0.027416974020085777,0.024820057114777333,0.25,330.1249928918648
0.021758559067253984,0.02349469310667484,0.25,329.8622926259708
0.0232523344489236,0.029560843604865186,0.25,330.9300880163789
0.2,0.044472365026740165,0.16246037686882278,334.6527365184437
0.2,0.05,0.16025641025641027,336.1612321120863
0.2,0.044472365026740165,0.1560501204585664,334.6716810923255
0.1619964628391811,0,0.19760467010076035,327.8300199796671
0.16238922336606795,0,0.20247239441795295,327.7985632901776
0.11666666666666664,0,0.24422649730810372,327.64985785987807
0.11333333333333331,0,0.25,327.59798220411386
0.11666666666666664,0,0.2211324865405187,327.8499243043062
0.11999999999999997,0,0.22690598923241495,327.79789733618196
0.12333333333333331,0,0.2211324865405187,327.8366068311642
0.15358909753708538,0.05000000000000001,0.18818219567982974,336.47867611333464
0.1580377710159389,0.05,0.19074155697344639,336.4347258079245
0.15220412396063357,0.05000000000000001,0.19384279321523865,336.4535644099689
0.2,0.04443216631252923,0.14963344232611003,334.6767251630332
0.2,0.03886433262505845,0.14542073080606624,333.31956326287167
0.2,0.03890453133926938,0.15183740893852257,333.31599055124406
0.1481250340131897,0.05,0.1885673569207943,336.5088566371653
0.05685169635469352,0,0.23255703124669,327.67774348877555
0.05365352506286322,0,0.23840589145501767,327.61177379945497
0.06002493382326189,0,0.23835408551918114,327.63937440745366
0.1430402710669918,0,0.21015720378042105,327.8512430958163
0.13616723533651937,0,0.2103031275929454,327.87746238529365
0.1394923067666724,0,0.21579528569614587,327.82640336289745
0.19999999999999998,0.01677007696452329,0.14760379815697994,329.307164594762
0.19999999999999996,0.011180051309682193,0.14968458338670457,328.634064471791
0.19999999999999998,0.016825990573987624,0.15401815640504546,329.3009355284489
0.13017592716211623,0.05,0.22190656572577228,336.34270952502
0.1336851876575658,0.05,0.2169071422191296,336.37442561654206
0.015239198858463292,0.03956001991293895,0.25,332.961245017411
0.018395946330727875,0.03549031973117513,0.25,332.0776922388571
0.014437172023827223,0.03230517977852652,0.25,331.3807258417643
0.09999999999999998,0,0.23845299461620745,327.71787243009635
0.1033333333333333,0,0.2326794919243112,327.7685326727673
0.09666666666666665,0,0.23267949192431123,327.768549533785
0.18872029963953624,0,0.16545655116519423,327.7700582852149
0.18872029963953624,0,0.1590462947549378,327.78871448140984
0.18308044945930435,0,0.1616463652093298,327.8305163768982
0.18341803273046509,0,0.16819859939107476,327.8071792889581
0.055624619052599716,0.03890760483574283,0.25,333.1081089440554
0.06230789656981567,0.03886477007389915,0.25,333.12877879596385
0.12666666666666665,0,0.22690598923241495,327.78240369761556
0.12983076892222412,0,0.22127792048969316,327.81836144484964
0.1333333333333333,0,0.23845299461620745,327.6626768000637
0.12999999999999998,0,0.23267949192431123,327.72440124879
0.12666666666666665,0,0.23845299461620748,327.68246435174615
0.06759959277014435,0.05,0.23997855071783275,336.1476475849609
0.07426625943681103,0.05000000000000001,0.23997855071783278,336.16939113576177
0.07046646305173887,0.05,0.2449892753589164,336.09808616428944
0.017530608231417902,0.05,0.24545320055089792,335.74681592541
0.020899428563683903,0.05,0.23955370031122347,335.8496244687169
0.02336882033226602,0.05,0.24410049976032555,335.81888883997254
0.13316410225555744,0,0.2270514231815894,327.7619436622523
0.2,0,0.16666666666666666,327.65872422035335
0.19436014981976812,0,0.16926673712105866,327.7053155939547
0.03152305478486241,0.044070523873690065,0.25,334.212679765138
0.026666666666666686,0.05,0.25,335.77434945913996
0.033333333333333354,0.05,0.25,335.8297056942265
0.13971519963683876,0,0.2046650456772206,327.9010307076438
0.13639012820668575,0,0.19917288757402016,327.94734467206473
0.13284216390636633,0,0.20481096948974495,327.9250477602833
0.12,0.05,0.22690598923241495,336.3241406320121
0.11666666666666667,0.05,0.22113248654051867,336.38572806004163
0.19999999999999996,0.022234214767616063,0.13908478931726462,330.10607616325206
0.19999999999999998,0.016680737921999242,0.13482963305818763,329.31188164578396
0.19999999999999996,0.016725407443261266,0.14121671560758378,329.3111501416724
0.16711174952568203,0,0.17720635021547396,327.89742208978413
0.17269699807173552,0,0.17441907323337358,327.86916070334934
0.16699889747121005,0,0.170977075972778,327.9222718879264
0.15147552462053035,0,0.19324559227711788,327.9144264182393
0.14752277528070318,0,0.18795326158830064,327.961690909893
0.14618345032780344,0,0.1935887092601542,327.93851639176444
0.07139938915521651,0.05000000000000001,0.23496782607674915,336.2165490500735
0.07759959277014433,0.05000000000000001,0.23420504802593653,336.2429541501425
0.1329948711777816,0,0.21564985174697138,327.85077748332395
0.13632820451111494,0,0.22142335443886763,327.7959443669547
0.14266097048929396,0.04999999999999999,0.18895251816175884,336.5354181500104
0.13979175925004278,0.04999999999999999,0.19438124178026764,336.5163536859715
0.1357126693025989,0.04999999999999999,0.1891058054858233,336.5659116021404
0.1033333333333333,0,0.2211324865405187,327.8633817315802
0.10666666666666663,0,0.22690598923241495,327.8156568417633
0.10999999999999997,0,0.2211324865405187,327.8588524077186
0.14319390635083795,0,0.23301588329059475,327.6735013925831
0.14635800860639542,0,0.22738781454787296,327.7070361583863
0.13976105543097644,0,0.2272196188647312,327.7366051741769
0.17839509867226103,0,0.17786107049396915,327.8118634987496
0.05125614988905733,0.027713613260771548,0.25,330.7828371229158
0.0557291275740211,0.02212545918465705,0.25,329.86807849138665
0.049075371199215116,0.022065819267928857,0.25,329.8253344203065
0.044966895147619874,0.02733033471659019,0.25,330.6789286884594
0.1943512323705262,0.05000000000000001,0.16320640360348387,336.22287471434987
0.18870246474105237,0.05,0.16615639695055748,336.2785501583039
0.1887024647410524,0.05000000000000001,0.1597461405403011,336.2997434121865
0.1301673427701484,0.05,0.21100115265861547,336.43640004285965
0.1233247489413655,0.05,0.21022707347336186,336.4634723068169
0.126649497882731,0.05,0.20509516309810136,336.4932609306226
0.03637944290305813,0.03814104774738012,0.25,332.81412011803263
0.04266869764449559,0.038524326291561474,0.25,332.9450384654703
0.04085841909602465,0.03259485016525153,0.25,331.6538413668693
0.16283017521072196,0,0.1808722238690182,327.90995650181077
0.16294302726519397,0,0.18710149811171414,327.88030377260793
0.16722460158015404,0,0.1834356244581699,327.86951770259844
0.1133333333333333,0,0.23845299461620745,327.70890751202757
0.10999999999999999,0,0.24422649730810375,327.65874815861906
0.048400618947185045,0.05,0.24074167490285392,336.04710388968186
0.05260092842077757,0.05,0.23611251235428093,336.12319170497534
0.05506728561385173,0.05,0.24074167490285395,336.0839698425515
0.05886708199892389,0.05000000000000001,0.23573095026177035,336.15919906257204
0.15013619966763062,0,0.1988810399489715,327.88940508674744
0.14326316393715818,0,0.1990269637614958,327.9207598716918
0.1465882353673112,0,0.20451912186469626,327.87224367043297
0.024268248895949904,0.05,0.23365420007154902,335.94585524643327
0.018430036795101787,0.05,0.23500690086212145,335.876067999283
0.19999999999999998,0.0055900256548410965,0.1517653686164292,328.09630403625164
0.2,0.011235964919146527,0.15609894163477012,328.6257613651974
0.1837556160016258,0,0.17475083357281973,327.7804672547011
0.16331728120539135,0.05,0.1816667499289109,336.4465915396442
0.16776595468424488,0.05,0.18422611122252752,336.398722101035
0.16387141807124428,0.05,0.1876403207316541,336.4105788367622
0.09999999999999998,0.04999999999999999,0.22690598923241495,336.3466568988222
0.10888726381029956,0.005543295774627593,0.25,327.99554457366816
0.10666666666666666,0,0.25,327.6047808759485
0.19999999999999996,0.022278884288878087,0.14547187186666077,330.10396565800283
0.19999999999999996,0.02231908300308902,0.1518885499991171,330.0977894151527
0.04666666666666669,0.05,0.25,335.9227954653984
0.0511456428596332,0.04445380241787142,0.25,334.4437262801173
0.04447897619296652,0.04445380241787141,0.25,334.4039238469329
0.1370099365989313,0.05,0.2117752318438691,336.40380243758756
0.1334920917115139,0.05,0.20586924228335496,336.46396099842985
0.10666666666666663,0,0.23845299461620745,327.7156706378332
0.12333333333333334,0.05,0.22113248654051867,336.37066875139305
0.12,0.05,0.2153589838486224,336.4296401493006
0.1133333333333333,0.049999999999999996,0.2153589838486224,336.4421632980032
0.1440459440657458,0.05,0.18329192062634997,336.55948771195426
0.13858188054185008,0.049999999999999996,0.18367708186731452,336.5835862957087
0.14044039289820898,0.05,0.20571595495929051,336.4356422133764
0.030035486998932683,0.05,0.24410049976032555,335.8772701549878
0.03670215366559935,0.05,0.24410049976032555,335.9297789691128
0.048957952385933035,0.03890760483574282,0.25,333.0721101146621
0.04459639500624859,0.010945350183390776,0.25,328.3545717577346
0.04896486416979095,0.005472675091695388,0.25,327.8634238791753
0.04229819750312429,0.005472675091695388,0.25,327.82708459461975
0.12997424682409653,0.05,0.19996325272284088,336.5190060207174
0.1369225480107916,0.05,0.1998099653987764,336.49343715717055
0.07639634258366057,0,0.23252877689144844,327.74273322358925
0.07306300925032724,0,0.2383022795833447,327.68328342785327
0.07986483795849694,0,0.23837763709977608,327.69851759017666
0.2,0.038944730053480314,0.15825408707097893,333.30879436657193
0.09666666666666662,0.04999999999999999,0.2211324865405187,336.4006675792618
0.0933333333333333,0.049999999999999996,0.22690598923241498,336.34403619216727
0.09033195060210442,0.049999999999999996,0.22192570468155143,336.38877810988197
0.08318189864435413,0,0.22189876785315765,327.84376353939604
0.07977284796653122,0,0.2165084058175809,327.8782101504798
0.07638006993618443,0,0.22182341033672626,327.8306251322391
0.08651523197768747,0,0.2161252651612614,327.8923990442522
0.12666666666666668,0.05,0.22690598923241495,336.30658400188736
0.06319817129183027,0,0.24415113979167233,327.5972418069596
0.06639634258366056,0,0.23830227958334466,327.6630669599515
0.04689459250937289,0.016418025275086165,0.25,329.0112401237829
0.05126306167291525,0.010945350183390776,0.25,328.38988805810123
0.1585486008957619,0,0.18453809752256242,327.91956688407015
0.12666666666666665,0,0.25,327.5715878898905
0.13,0,0.24422649730810375,327.6190699825139
0.12333333333333332,0,0.24422649730810375,327.6366521796286
0.18905788291069697,0,0.1720087853469392,327.74462278997055
0.15942274459239075,0.05000000000000002,0.18508095943803748,336.4570626971338
0.06379979638507219,0.05,0.24498927535891638,336.07343210320846
0.06000000000000003,0.05,0.25,335.9939026048158
0.05753364280692588,0.05,0.24537083745142696,336.0408734758317
0.09333333333333331,0,0.23845299461620745,327.71567209949586
0.08999999999999998,0,0.23267949192431123,327.764164271939
0.08666666666666664,0,0.23845299461620748,327.7091467001908
0.06666666666666665,0,0.25,327.5518969136793
0.06986483795849693,0,0.24415113979167236,327.61948116676274
0.09999999999999998,0,0.22690598923241495,327.817861041884
0.1233333333333333,0,0.2326794919243112,327.74207105278094
0.19436014981976812,0,0.16285648071080222,327.7258616506701
0.2,0.03329649893758768,0.14120801928602245,332.1075328949427
0.2,0.02774302209197086,0.13695286302694545,331.03765722165093
0.19999999999999998,0.027787691613232884,0.1433399455763416,331.0374217580631
0.08999999999999998,0,0.24422649730810375,327.6589130098098
0.08333333333333331,0,0.24422649730810375,327.65037744887553
0.14973688396050328,0,0.21103303498427547,327.8139866135302
0.03867764040618242,0.026947056172408838,0.25,330.57117355575724
0.17280985012620753,0,0.18064834747606953,327.8426092970417
0.020000000000000018,0.05,0.25,335.7131207231633
0.019197973165363945,0.042745159865587565,0.25,333.77010966237225
0.016041225693099365,0.046814860047351387,0.25,334.79235783033363
0.12966979974762854,0,0.21015769364377093,327.8997048710123
0.07653150462516362,0,0.24415113979167236,327.6375322268674
0.04510277261278438,0.05,0.23484217466317947,336.09319442585775
0.017593919496091806,0.028235479596762692,0.25,330.6358684526179
0.016987902334762724,0.02289800877366002,0.25,329.7264311061005
0.18873831125835777,0.05,0.1724144481617747,336.2538782111972
0.19435123237052618,0.05,0.16961666001374026,336.1997666618175
0.1399302865087523,0,0.23862119029934925,327.6371681379361
0.2,0.05,0.15384615384615385,336.1790185954273
0.1943512323705262,0.05000000000000001,0.1567961471932275,336.24236458296167
0.10333333333333328,0.04999999999999999,0.2211324865405187,336.40073843970583
0.15328484826082267,0,0.2053949530685507,327.8330250439275
0.056826762531431596,0,0.24420294572750884,327.5715859903009
0.2,0,0.16025641025641024,327.67792254869545
0.2,0.00564593926430543,0.16458998327475116,328.0674897492752
0.2,0.00564593926430543,0.15817972686449472,328.08592688937716
0.029712776236391465,0.038141047747380113,0.25,332.7633421189111
0.02485638811819574,0.04407052387369006,0.25,334.1566763975889
0.09999999999999995,0.049999999999999996,0.21535898384862245,336.4520876374667
0.10666666666666662,0.04999999999999999,0.21535898384862243,336.4496457940586
0.05333333333333331,0,0.25,327.4990929123614
0.04666666666666665,0,0.25,327.4661409031826
0.06899117408703162,0.038821935312055474,0.25,333.1443818898764
0.06449558704351582,0.044410967656027735,0.25,334.4965807291485
0.0711622537101825,0.04441096765602774,0.25,334.5207403378971
0.16276314433953842,0.05,0.1756931791261677,336.47924012863285
0.16721181781839195,0.05,0.17825254041978433,336.4330981578023
0.03008783820957834,0.014013120126499135,0.25,328.6055788225481
0.026725225473052224,0.009342080084332755,0.25,328.07376317871643
0.025317181477087083,0.013416435793484314,0.25,328.49995242731586
0.14387084919748666,0.05,0.19965667807471196,336.4621346173953
0.10666666666666665,0,0.21535898384862245,327.9049279015873
0.11333333333333331,0,0.21535898384862245,327.89816866528713
0.012082451386198713,0.04362972009470278,0.25,333.9196044707517
0.011280424551562642,0.03637487996029034,0.25,332.20038990569753
0.13666666666666666,0,0.24422649730810375,327.5971419987233
0.06020210525898488,0.016537305108542552,0.25,329.09100867860354
0.03456916435458719,0.032211571621070176,0.25,331.5331178871301
0.11999999999999997,0,0.23845299461620745,327.6979020938663
0.1328434580633477,0.049999999999999996,0.19453452910433205,336.54438484381
0.17766005142650956,0.05,0.1784065148863646,336.34123935449475
0.038189721451529074,0.044070523873690065,0.25,334.2628106317969
0.057916818047721245,0.011004990100118971,0.25,328.42707253526936
0.053548348884178885,0.01647766519181436,0.25,329.05340450795643
0.02405436128355967,0.03681568373927763,0.25,332.4180853883459
0.08733056787087555,0.049999999999999996,0.21694542013068785,336.4295384634659
0.08399723453754224,0.05,0.2227189228225841,336.3722509858412
0.040000000000000015,0.05,0.25,335.87918942842293
0.06895195387793028,0.005532315008423582,0.25,327.9503406751679
0.17212301967221885,0.05,0.16908469104048565,336.4314840097113
0.1775883583918987,0.05,0.16589041246393016,336.39383233718644
0.1776242049092041,0.05,0.17214846367514738,336.36928380012927
0.12894238804119784,0.005544465836476598,0.25,327.9577886021709
0.05563153083645761,0.005472675091695388,0.25,327.8953529041652
0.12317236415873775,0,0.21001225969459647,327.9177756651506
0.12634472831747554,0,0.2046655355405705,327.94515861129395
0.08659094932217706,0,0.22728912988873443,327.8057482465492
0.09333333333333331,0,0.22690598923241495,327.815663119141
0.08992428265551039,0,0.22151562719683818,327.8558154225782
0.021954568740560967,0.008745395751317938,0.25,327.9791221881237
0.062285287211263606,0.0055323150084235825,0.25,327.9275574743278
0.06457057442252724,0.011064630016847165,0.25,328.45969679891095
0.0508669761402592,0.05,0.24537083745142696,336.00600579242035
0.09366528393543774,0.04999999999999999,0.21615220198965515,336.4431318777967
0.07298729190583765,0,0.22713841485587166,327.77959178906275
0.07978912061400736,0,0.22721377237230303,327.79497254396057
0.06322310511509219,0,0.2325052253108535,327.7033808326134
0.047147673837462094,0.03297812870943288,0.25,331.77071814836285
0.14618891966018388,0,0.2166711169000003,327.7911090248306
0.15288553255369536,0,0.21754694810385472,327.7513328926782
0.03307538897291758,0.02614542112287983,0.25,330.392556738835
0.03158161359124796,0.020079270624689484,0.25,329.4167103839744
0.11999999999999998,0,0.21535898384862245,327.88701064943604
0.1429251576865339,0,0.2215915501220094,327.7686020550498
0.1496217705800454,0,0.22246738132586383,327.73069949644827
0.009374559026432692,0.046814860047351387,0.25,334.72237121678984
0.08666666666666666,0,0.25,327.5984022405566
0.1268425938287829,0.05,0.21613306303387603,336.40479555357865
0.1495100075896415,0.05,0.1829067593853854,336.5317701172143
0.0376046168047912,0.05,0.23357183697207806,336.05569444980586
0.040902463139191866,0.05,0.2394713372117525,336.0141098359307
0.03340430733119868,0.05,0.2382009995206511,335.973613085245
0.19999999999999998,0.027827890327443816,0.14975662370879794,331.0332829603643
0.19999999999999998,0.027868089041654744,0.15617330184125428,331.0255206896211
0.10999999999999997,0,0.23267949192431123,327.764113688886
0.1133333333333333,0,0.22690598923241495,327.8089586507895
0.18308954362888397,0.05,0.1689541850985919,336.3283900821482
0.05781230952629988,0.04445380241787142,0.25,334.47816040179043
0.14223070098797624,0,0.18829637857133696,327.98381480193507
0.13931041459733098,0,0.19373463307267855,327.9672184823232
0.0211525419059249,0.018157222283572166,0.25,329.06478545839633
0.016381885173433645,0.01756053795055735,0.25,328.9433548825096
0.13333333333333333,0,0.25,327.55186526066757
0.1831253901461894,0.05,0.17521223630980912,336.30212917261713
0.07333333333333332,0,0.25,327.5719708656855
0.02336261273652611,0.004671040042166378,0.25,327.6352821116857
0.019999999999999993,0,0.25,327.2901356214558
0.018591956004034852,0.0040743557091515595,0.25,327.5516265257324
0.07713312971840555,0.05000000000000001,0.2449892753589164,336.1176792649892
0.07333333333333339,0.05,0.25,336.043970787157
0.03999999999999999,0,0.25,327.4287786344382
0.017183912008069707,0.008148711418303119,0.25,327.8837945791955
0.2,0.016881904183451958,0.16043251465311098,329.2913942871635
0.2,0.01129187852861086,0.16251329988283564,328.6141460836311
0.04420030947359253,0.05,0.24537083745142696,335.9657697974978
0.15886860772653782,0.05000000000000002,0.17910738863529427,336.4913479322371
0.09666666666666665,0,0.24422649730810372,327.6634042581634
0.15626271151684928,0,0.2006767171834622,327.8459831136415
0.15941136011004134,0,0.20719063030304144,327.7867740827321
0.2,0.033376896366009545,0.1540413755509351,332.0997067168033
0.028910749401755396,0.030886207612967682,0.25,331.2291711612163
0.053333333333333365,0.05,0.25,335.9610331908627
0.2,0.02218954524635404,0.13269770676786846,330.1049326257023
0.09333333333333332,0,0.25,327.6049036505393
0.08893517032943873,0.005537552808955067,0.25,327.99277643380515
0.08046646305173885,0.05,0.23921577266702015,336.19437387628545
0.06133343919199804,0.05,0.24036011281034336,336.11825283503833
0.010863941564751229,0.05,0.24545320055089792,335.6772923076433
0.008394549796169113,0.05,0.24090640110179584,335.7034838982403
0.015061216462835786,0.05,0.24090640110179584,335.7762190294784
0.1033333333333333,0,0.24422649730810372,327.6634196575184
0.1488621002336029,0,0.18231781391644705,327.982158421199
0.15281484957343008,0,0.18761014460526432,327.93674074290874
0.15415417452632982,0,0.1819746969334107,327.9563480607557
0.15586995098996242,0,0.1958089928662696,327.87651365215953
0.15720927594286216,0,0.190173545194416,327.8993937715261
0.09666666666666665,0,0.2211324865405187,327.8633711479402
0,0.05,0.25,335.4904789419973
0.004197274898084556,0.05,0.24545320055089792,335.5998668671166
0.006666666666666672,0.05,0.25,335.5725946918128
0.01259182469425367,0.05,0.23635960165269382,335.8013300353686
0.13659695317541895,0,0.23284768760745297,327.70106658454415
0.18305369711157857,0.05000000000000001,0.1626961338873747,336.3511550831018
0.13827795164814907,0,0.18300404788251973,328.0253003172593
0.14357002594087598,0,0.18266093089948338,328.0051425067002
0.1353576652575038,0,0.1884423023838613,328.0098641981083
0.042786116457777655,0.0216825407237475,0.25,329.7305476346414
0.02592319863841616,0.018753906616586984,0.25,329.1855294159476
0.05999999999999998,0,0.25,327.52763466197456
0.2,0.033336697651798614,0.14762469741847878,332.1054315423952
0.17271300305537723,0.05,0.18131631305444607,336.3720782404995
0.17215886618952428,0.05,0.17534274225170288,336.4051519365506
0.15643349685401475,0,0.21190886618812993,327.77224833715843
0.2,0,0.15384615384615385,327.6938832881436
0.14674006043673787,0.049999999999999996,0.19422795445620317,336.4825888519048
0.19436014981976812,0,0.15644622430054583,327.74317011849166
0.16160370231229423,0,0.19273694578356773,327.85956486536674
0.11666666666666663,0,0.2326794919243112,327.7553085328129
0.020546524744595823,0.012819751460469495,0.25,328.39363941374825
0.06666666666666671,0.05,0.25,336.02146717617705
0.19999999999999998,0.02237499661255335,0.15830290824718263,330.0906381832541
0.06959451387549086,0,0.232453419375017,327.72511012095043
0.08079841365384328,0.05,0.22846198542426033,336.31029257047805
0.07779703092261442,0.05000000000000001,0.22348170087339678,336.3517679513129
0.013333333333333345,0.05,0.25,335.6468086188681
0.08379979638507215,0.05,0.23344226997512388,336.2648356255124
0.0869986172687711,0.05,0.22769920737344768,336.32921301307744
0.02673764066453202,0.05,0.2382009995206511,335.9180791911913
0.2,0.05,0.16666666666666666,336.1398274448247
0.08319817129183027,0,0.2326041344078798,327.75575127391875
0.1549740711135372,0.05000000000000001,0.18252159814442082,336.500433511489
0.03010646099679802,0.05,0.23230149928097665,336.0106917768198
0.12951709247621332,0,0.1993188113865445,327.9691594878663
0.0027078923597660203,0.046814860047351387,0.25,334.6444827804859
0.005415784719532041,0.043629720094702784,0.25,333.8459433479594
0.1264974355888908,0,0.21550441779779692,327.8709799121702
0.0651332355770702,0.05000000000000001,0.23534938816925977,336.1903181776048
0.1584357488412899,0,0.17830882327986647,327.9479133662465
0.13243737886685858,0,0.1938805568852029,327.9911505883106
0.16665768095253902,0.05,0.17227896961704114,336.46411010067646
0.07459821003891547,0.05000000000000001,0.22922476347507298,336.2868485031794
0.16271732315624995,0,0.17464294962632224,327.9365546419701
0.09325761598884372,0,0.21574212450494193,327.90209178020456
0.015775868012104566,0.012223067127454676,0.25,328.2866397818452
0.08099585180631336,0.05,0.21773863827172057,336.41130739447414
0.05048028759429485,0,0.2326088371825265,327.64819808943685
0.00812367707929806,0.04044458014205417,0.25,333.0948606444177
0.2,0.016636068400737218,0.1284425505087915,329.30935910709655
0.09999999999999998,0,0.21535898384862245,327.9072883583367
0.0027078923597660203,0.04125930449179584,0.25,333.2284331906221
0.008572532191796621,0.0340044643573834,0.25,331.66729594194476
0.011729279664061204,0.029934764175619577,0.25,330.8944604012757
0.005864639832030602,0.03163404875447646,0.25,331.1610897120336
0.06385588764258772,0,0.22296783549422927,327.7843487483652
0.07011797878938608,0,0.22239562291547776,327.80944829070046
0.0672486656729345,0,0.2176528309750839,327.8366081879764
0.2,0.02770329131511238,0.12416808264417088,331.03633542277873
0.2,0.0332567681607292,0.12842323890324786,332.1096944531252
0.20000000000000004,0.03323690277229996,0.12203084871186058,332.1055691397683
0.1717363740454285,0,0.16197563206349325,327.91841845750054
0.1657528159609174,0,0.15919466199650728,327.96778284735626
0.16637585671606372,0,0.16508586898464264,327.9464075205397
0.03671690593941335,0.05,0.21352217384893457,336.2368617235106
0.0360013995435753,0.05,0.22070673132810711,336.169564406197
0.031537473788474116,0.05,0.21793238432263157,336.15930734608355
0.03899414357298374,0.010143715133861766,0.25,328.23794192164485
0.03669594606985944,0.0046710400421663785,0.25,327.7288317169953
0.033391892139718896,0.009342080084332757,0.25,328.1210984463653
0.037183865024512805,0.020880905674218492,0.25,329.57373582890284
0.03569008964284319,0.014814755176028146,0.25,328.74101289548287
0.06035379199864062,0,0.22776243337045962,327.73255553917477
0.08278170366485295,0,0.21030118577178436,327.92781419108655
0.0895240876760092,0,0.20991804511546489,327.93979850009833
0.17713748008037258,0.05,0.15979581503373133,336.4182310896481
0.04382252953983253,0,0.23235672320196077,327.61515925993126
0.040329100341734245,0,0.23815377747445193,327.5437905661009
0.1029138933948021,0,0.20940680517401664,327.9484559346556
0.10582778678960422,0,0.20345462649941082,327.9859029026969
0.09918036508196758,0,0.2035827257845396,327.98674809218943
0.12259195504561099,0,0.19871335686596467,327.990824437382
0.12603622494081873,0,0.19354127796384396,328.01178291055925
0.11911108751021643,0,0.19293582344326413,328.0307581573974
0.14416398843975228,0,0.17064590240757146,328.0516904913457
0.1471070068355539,0,0.16446682967009735,328.0589961038343
0.1411737868800116,0,0.16605713350768447,328.08029045783337
0.02483309579399512,0.05,0.22861309873507873,336.0024639772921
0.030821967392636068,0.05,0.22511694180180414,336.0879509314519
0.15415517085719393,0.05000000000000002,0.16748329101223064,336.57237258120267
0.1502606342441933,0.05000000000000002,0.1708975005213572,336.5828355717296
0.14790391580952136,0.05000000000000001,0.16508545170982536,336.6183746254829
0.08579055936317469,0,0.20409396572598784,327.97337742295764
0,0.033288858411723216,0.2448323755310262,331.4847907697017
0,0.038844413967278765,0.2448323755310262,332.6875611067296
0,0.03888888888888889,0.25,332.63781076712644
0.10899304758893519,0.05,0.19796435789359657,336.579034623076
0.11598678066732229,0.05,0.19863065617001133,336.56466237325685
0.11266203172595678,0.05,0.20376256654527183,336.5342494997961
0.2,0.011092854153865492,0.11768084642130724,328.64680560331925
0.2,0.005545356133579073,0.11973726042600742,328.1197778525458
0.2,0.011090712267158145,0.12408990546739945,328.6486917312412
0.2,0.005545356133579074,0.12614751683626385,328.1207637014639
0.18295966744382317,0.049999999999999996,0.15038589078297104,336.3858311066118
0.18860843507329697,0.04999999999999999,0.1474358974358974,336.3312985604805
0.18865544990717467,0.05,0.15359101898809924,336.3171468719646
0.11249445345627089,0,0.20345462649941082,327.9797061123287
0.10958056006146877,0,0.20940680517401664,327.9441773110968
0.11239655053568856,0.05,0.19284280317605432,336.6076904161011
0.1196557648043439,0.05,0.2044288648216866,336.5165738573595
0.11633101586297838,0.05,0.2095607751969471,336.4844513418709
0.2,0.011090712267158147,0.1305001618776559,328.64747625665154
0.17111333329028217,0,0.15608442507535789,327.9386693008121
0.2,0.03886433262505846,0.13901047439580985,333.3290244262036
0.20000000000000004,0.03327663354915844,0.13481562909463518,332.1103490381833
0.15974522650417833,0,0.16291578688374908,327.9953790242986
0.00541578471953204,0.03807416453914723,0.25,332.5149381574006
0.11939028361407568,0.05,0.19350910145246908,336.5909211103952
0.16036826725932465,0,0.16880699387188444,327.9726397566812
0.11566681761500866,0,0.19810790234538483,328.0076476955801
0.1121859500796141,0,0.1923303689226843,328.04489171291783
0.1096643491963117,0.049999999999999996,0.20956077519694713,336.4942206801294
0.2,0.027705433201819726,0.11775902359807866,331.0346814421321
0.011925289337368188,0.004074355709151559,0.25,327.4949861859715
0.01333333333333333,0,0.25,327.2349793570163
0.13187679772210925,0,0.1826647689611608,328.04941190599544
0.12888659616236858,0,0.1780760000612738,328.07874171875017
0.12547564379606946,0,0.18232549003980186,328.06940939518324
0.15261735267886525,0.05000000000000002,0.17670954933288902,336.543521867065
0.011729279664061204,0.024379208620064017,0.25,329.91525877418604
0.005864639832030602,0.020522937643365345,0.25,329.25937420354404
0.005864639832030602,0.026078493198920902,0.25,330.1413087589337
0.0523219640664005,0,0.22321822678698594,327.73429552963734
0.0558240597103476,0,0.2184236289107556,327.78703247978166
0.050661544894559055,0,0.21862221426767578,327.76145905542006
0.04050169119614963,0,0.22316469816334036,327.6714423461902
0.03550435231352876,0,0.2275085967020848,327.60568353209345
0.042162110367991085,0,0.22776071068265058,327.64430416198303
0.2,0.01664249406085926,0.10921537337051485,329.30038199766676
0.2,0.022173963631339492,0.11348719848429675,330.09961906143167
0.2,0.022184046121244295,0.1070849469932104,330.09345885016006
0.03016900447696929,0,0.24395083174694307,327.4245361216272
0.023502337810302625,0,0.24395083174694307,327.3761617195109
0.026666666666666658,0,0.25,327.3406887209019
0.16530504601796062,0.049999999999999996,0.15399517732644463,336.53591716214856
0.1712212630491666,0.049999999999999996,0.15689549618008797,336.47981844933037
0.16575592432948674,0.04999999999999999,0.16008977475664346,336.51532171451316
0.0715813975355156,0.05,0.2127108555369608,336.4284328361071
0.06831887730061893,0.05,0.2075146258958895,336.4583059176555
0.07447081133652003,0.05,0.20734617898957794,336.47961987683675
0.1595046692818142,0.05,0.1576919354542382,336.5688632625034
0.011123262502732123,0.019041737796961347,0.25,329.0983177282871
0,0.044444444444444446,0.25,333.98938495282846
0.2,0.04443216631252923,0.13681292950559726,334.69680145823884
0.20000000000000004,0.03884446723662922,0.13261808420442256,333.3302456372478
0.01086652727529418,0,0.24528252466774425,327.25956561288655
0.006666666666666665,0,0.25,327.175492234806
0.2,0.0221696798579248,0.1263053165764812,330.10426541188815
0.2,0.016638210287444565,0.12203349146269926,329.30968989171544
0.09047464468617314,0.05,0.21084591893087612,336.48419270978184
0.0027078923597660203,0.03570374893624029,0.25,331.9619034042251
0.004197274898084556,0.05,0.23263268773038512,335.74422126212215
0.004197274898084556,0.05,0.23904294414064153,335.6749359957384
0,0.05,0.23717948717948717,335.64289641763
0,0.02773330285616766,0.24483237553102621,330.42380916011854
0,0.03324438349011309,0.2396647510620524,331.53107668341823
0.030029279403192773,0.0046710400421663785,0.25,327.6842262952331
0,0.04439996952283433,0.23842211912076977,334.11285227304273
0,0.03879993904566865,0.23325449465179598,332.8014643579401
0,0.04439996952283433,0.23201186271051338,334.180069436623
0.004199860608627514,0,0.24528252466774422,327.19836992123413
0,0,0.25,327.11167425482495
0.2,0.02772315670354162,0.13056047283555816,331.0387316863642
0.1020942584767697,0,0.19763054710993377,328.0224889248111
0.04564475744961573,0.05,0.2190708678598856,336.25094116130333
0.047963481106669675,0.05,0.22475141602468404,336.2129614287865
0.04046532529867649,0.05,0.2234810783335826,336.17644747704406
0.09626647168716546,0,0.2095349044591454,327.9472866512901
0.17709689137479326,0,0.15886539514234382,327.8867088036528
0.033333333333333326,0,0.25,327.3869030585626
0,0.0055555555555555575,0.25,327.4987635999259
0,0.009898111565874293,0.2451228726840512,327.94193271234843
0,0.011111111111111115,0.25,328.0176104285482
0.17167214136069273,0.05,0.16299009361028682,336.45732134928176
0.1059953650592901,0.049999999999999996,0.20376256654527186,336.5412650276103
0.09980704328038041,0.049999999999999996,0.20425449213816813,336.53973548700304
0.10280472581002548,0.05,0.19845628348649283,336.5799105350043
0.2,0.02772559818162933,0.10495452061590596,331.0238366709141
0.2,0.027715515691724528,0.11135677210699232,331.030959904845
0.2,0.03325706775210956,0.10922634572968788,332.09960171651915
0.055913968846721715,0.05,0.2301563345664057,336.20355486224275
0.05922700927266587,0.05,0.22420015677853047,336.2783904120656
0.062180122424868034,0.05,0.22977477247389513,336.23680553130583
0.07634381049980143,0,0.21107105448688593,327.9094295966925
0.13870707822729644,0.049999999999999996,0.1728788962037335,336.63428335318275
0.14168922563107383,0.049999999999999996,0.1774798718148181,336.5999193090704
0.1355997331380727,0.04999999999999999,0.17907610625622988,336.61949490954515
0,0.027688827934557535,0.23966475106205237,330.469473743362
0,0.03319990856850297,0.2344971265930786,331.5746141260407
0.06844627600301435,0.05000000000000002,0.22939321038138455,336.2651679578048
0.1322975485286677,0,0.17382651008274574,328.08543074656524
0.13823076848421,0,0.17223620624515862,328.0704376404206
0.1352405669244693,0,0.16764743734527163,328.09783076890204
0.03683567114363595,0,0.24395083174694307,327.4685717619583
0.12895651133146402,0,0.18810302346250235,328.03223615360065
0.10299768252964502,0.04999999999999999,0.20956077519694716,336.4989493657406
0.2,0.01113538178842017,0.13688724442705202,328.64789010806146
0.04278404895573044,0.05,0.22916162649838107,336.13712266124713
0.050282204763723616,0.05,0.23043196418948247,336.1703782766771
0.2,0.03882460184819997,0.12622569401303527,333.3279961199933
0.047159449250611954,0,0.22341681214390613,327.70687466928666
0.10874168018440636,0,0.197502447824805,328.01962926246057
0.09042808225220611,0.05,0.19944013467228539,336.5685405382814
0.09361872150147071,0.049999999999999996,0.2047464177310644,336.5338320062026
0.08728400543690852,0.05,0.20553963587209712,336.52114444024073
0.01372151849034411,0.05,0.22627739897975319,335.9165855215644
0.018994883693147006,0.05,0.2299657995256511,335.9339483310787
0.01315667159229889,0.05,0.23131850031622353,335.86048196810106
0.1258963946026279,0,0.1734872311613868,328.10548558205306
0.188608435073297,0,0.14102564102564102,327.82527608155794
0.1829126526099455,0,0.14423076923076925,327.87055771475417
0.188608435073297,0,0.14743589743589744,327.81568050866275
0.19430421753664848,0.049999999999999996,0.15064102564102563,336.2582076051317
0.027004675620605257,0,0.23790166349388614,327.4580919924105
0.021035531752263477,0,0.23923335641468732,327.40094748369313
0,0.008685112020637473,0.24024574536810234,327.8701222314219
0,0.01424066757619303,0.24024574536810236,328.4650838784109
0.1943042175366485,0,0.14423076923076925,327.7679640355289
0.1943042175366485,0,0.15064102564102566,327.75678903312587
0.010517245341403043,0.013704266973858674,0.25,328.40773780531447
0.18302451717618473,0,0.1558411665498096,327.84642749780977
0.1829685848930651,0,0.15003596789028942,327.8597746104285
0.17704095909167364,0,0.15306019648282365,327.90129177441486
0.1263840166924628,0.05,0.19417539972888384,336.56851452038893
0.12298051374570941,0.05,0.1992969544464261,336.5446528391373
0.07120829110162337,0.05,0.2021499493485066,336.5076084179946
0.07761488815181761,0.05,0.20124667778976618,336.53271203362544
0.09253294337433093,0,0.20371082506966837,327.98315714720894
0.19999999999999996,0.011180051309682193,0.14327432697644815,328.64504991667263
0.2,0.0055900256548410965,0.1453551122061728,328.1081739746478
0,0.027777777777777787,0.25,330.3753961057812
0,0.03333333333333334,0.25,331.4357563848913
0.06254004969861003,0.05,0.21824397899065529,336.34769835444376
0.056908285615611925,0.05,0.21851960861373204,336.3192371944042
0.08087740838671428,0.05,0.2064429074308375,336.50277861297303
0.07773333157141671,0.05,0.21254240863064927,336.4475195356633
0.025548602189833167,0.05,0.22142854125590622,336.0770788615324
0.07484391777041224,0.05,0.21790708517803212,336.39444795454307
0.0716450968867133,0.05,0.22365014777970832,336.33249795866016
0.06869198373451113,0.05,0.2180755320843437,336.37324494119963
0.0966164040311158,0.05,0.1989482090793891,336.5764125067393
0.005258622670701521,0.015185466820262674,0.25,328.5349294582633
0.07351075681973286,0,0.2170806183963324,327.85937051962645
0.13528775008840838,0,0.17841527898263274,328.0566585066382
0.16620680264101287,0.049999999999999996,0.1661843721868423,336.4913860273557
0.16040642590486648,0.05,0.16988113031463586,336.5209510729338
0.041180831694514544,0.05,0.21629652085441012,336.2455884370403
0.012599581825882545,0,0.2358475740032327,327.36165345673686
0.008399721217255029,0,0.24056504933548845,327.28169632187144
0.015066387883921693,0,0.24056504933548847,327.34026972519507
0.2,0.03326715024201437,0.10282409423860153,332.09151545992887
0.17105740100716255,0,0.1502792264158377,327.95192412142455
0.1651297752057711,0,0.15330345500837195,327.98639786837606
0.005258622670701521,0.009629911264707115,0.25,327.91859348159096
0.010517245341403043,0.008148711418303117,0.25,327.82567016411326
0.02453786956256611,0,0.2331841881616304,327.4813686954628
0.018568725694224325,0,0.23451588108243157,327.4232777009902
0.2,0.044432166312529234,0.14322318591585365,334.68852289587807
0.07008171935300309,0,0.21164326706563744,327.88867876411274
0,0.04439996952283432,0.2448323755310262,334.0398512472244
0.11624722672813544,0,0.20940680517401664,327.93549990798726
0.019559730591192225,0.05,0.22492469818918082,335.98878028360514
0,0.05,0.24358974358974358,335.56957961093264
0.12255535740542417,0,0.18776374454114342,328.0504940095447
0.07291477303307167,0,0.20563370315619098,327.93701369150335
0.0694857355663419,0,0.20019635182549606,327.9609624349123
0.06665268188627331,0,0.20620591573494249,327.91435165719713
0.18866436735641662,0,0.15324109609541764,327.8034794991828
0.13212243917096517,0.04999999999999999,0.18331795249186628,336.61171903807383
0.1518051186294045,0,0.1761387411789729,327.9936978402645
0.030507013430907892,0,0.23185249524082924,327.5359264401546
0.03367134228727192,0,0.23790166349388614,327.50428769719707
0.15995554759334035,0.05,0.16378653288443706,336.5465772874796
0.12279378656082907,0.05,0.18838754673492686,336.613285605325
0.005258622670701521,0.004074355709151559,0.25,327.43401498843986
0.2,0,0.12820512820512822,327.72580227885607
0.2,0,0.13461538461538464,327.72261037726963
0.2,0.005545356133579074,0.13255777324652027,328.1185600133758
0.051276521532613833,0.05,0.21879523823680885,336.2869847966908
0.12925322793171398,0.04999999999999999,0.18874667611037507,336.59204281161243
0.15651188929186588,0.05,0.17329533982376244,336.5337475821756
0,0.05,0.23076923076923075,335.7104293620894
0.004762121796129776,0.05,0.2275915863939148,335.8015319647604
0.008959396694214333,0.05,0.22945504335506917,335.8327528042339
0.017533193941960845,0,0.24528252466774425,327.3164304467681
0.04129234107610804,0.015616390225557154,0.25,328.8762333292277
0.12930734696892704,0,0.16923774118285878,328.1116170370405
0.17698502680855402,0,0.14725499782330348,327.913310736884
0.08413992862161095,0.05,0.21163913707190884,336.46873339230507
0.2,0.044412300924099986,0.11760002649369712,334.69544207354255
0.2,0.05,0.11538461538461539,336.2107866031647
0.2,0.044422383414004785,0.11119777500261077,334.6922189111361
0.2,0.00554749802028642,0.1133282013799152,328.115674812083
0.12914029176718778,0.05,0.17871697688078167,336.645220415641
0.03225298018431216,0.05,0.21074782684345905,336.22476102071454
0,0.01666666666666667,0.25,328.66821474069184
0.18300668227770087,0.05,0.15654101233517287,336.37011898048786
0.2,0.03882460184819997,0.11981543760277885,333.32703625241044
0.2,0.038834684338104775,0.1134131861116925,333.3247832395558
0.1943042175366485,0,0.13782051282051283,327.7759603023964
0.2,0,0.14102564102564105,327.71621341642975
0.11941959088687322,0,0.20406008101999065,327.9648532074701
0.2,0.05,0.14102564102564105,336.20376802965876
0.2,0.05,0.13461538461538464,336.2108639910484
0.18291265260994546,0.049999999999999996,0.14423076923076922,336.3982914614735
0.020275236987030272,0.05,0.2177401407100083,336.06075089745326
0.02626410858567122,0.05,0.2142439837767337,336.14579100577185
0.2,0.022171821744632145,0.11989625753038897,330.10360381387426
0.12963543833051794,0.05,0.16987415503406067,336.6823049179699
0.13261758573429533,0.049999999999999996,0.17447513064514528,336.65240111696556
0.1261581443634104,0.05,0.17411600126969706,336.67571938679214
0.13572493082351908,0.05,0.1682779205926489,336.6656449908792
0.05748447888218905,0,0.22301964143006575,327.7590336413744
0.05398238323824195,0,0.22781423930629613,327.70512528601006
0,0.03879993904566864,0.23966475106205237,332.73456297523893
0.2,0,0.14743589743589747,327.7066377200544
0.11907448987002962,0,0.1819862111184429,328.0852927848227
0.0759236287313934,0,0.19942648311039446,327.9831532080218
0.07935266619812317,0,0.2048638344410894,327.9573013752551
0.15370429254566778,0.05000000000000001,0.16138869358203178,336.5963490836149
0.1447965707202976,0.05,0.17128266176232176,336.61151541899517
0.12248544223632876,0,0.17773672113991487,328.09671083131377
0.03528589314773725,0.05,0.22789128880727966,336.0963643488827
0.17709046524649488,0.05,0.15364069348152953,336.4356410664809
0.009524243592259552,0.05,0.22441394201859885,335.8879357426501
0.14715328915496956,0.05000000000000001,0.17709471057385356,336.5735300935604
0.2,0.05,0.14743589743589744,336.193152897785
0.15311459629229296,0,0.16074570478285555,328.0395573979386
0.15373763704743926,0,0.16663691177099088,328.01821449531724
0.008394549796169113,0.05,0.23449614469153945,335.7745214865485
0,0.015453667121429851,0.2451228726840512,328.5647156919147
0.0454990300787705,0,0.21882079962459594,327.73320288244486
0.08879941506149643,0,0.19788674568019132,328.01489984609316
0.09544683676913307,0,0.19775864639506255,328.02091245268866
0.04881986842245341,0,0.22801282466321632,327.67853973828403
0,0.004342556010318736,0.24512287268405117,327.4509072163034
0,0.022222222222222227,0.25,329.4528822243813
0.06098657452613615,0,0.21822504355383543,327.8099231555298
0.01428636538838933,0.05,0.2212362976432829,335.96964069575876
0.1494560627324792,0,0.17030278542453514,328.0279138546241
0.14651304433667758,0,0.17648185816200926,328.018491338847
0.053595245189667774,0.05,0.22447578640160729,336.24757153926305
0.1711742482152889,0.04999999999999999,0.15074037462788614,336.49567450560994
0.08236152189644491,0,0.1986566143952929,328.0011323450821
0.11920355642919533,0.05,0.18259969374096985,336.6533192755256
0.12566299780008025,0.049999999999999996,0.18295882311641806,336.6349633646795
0.14122097004395068,0,0.17682497514504558,328.04045856248734
0,0.020964747755375282,0.23995524821507738,329.3662540734665
0,0.022177747300612102,0.24483237553102621,329.50067394824566
0.12268085039630289,0.05,0.17835784750533346,336.6660575059774
0.19999999999999998,0.0055900256548410965,0.1389448557959164,328.1168651775085
0.188608435073297,0.049999999999999996,0.14102564102564102,336.34192202178315
0.1943042175366485,0.05,0.14423076923076925,336.270586486962
0.1943042175366485,0.05,0.13782051282051283,336.27944619830805
0,0.01975174821013846,0.23507812089912855,329.2357014339606
0.06549316285081219,0.05,0.2238185946860199,336.3088843925949
0.15608669294436456,0,0.17247286752542867,327.9846308133565
0.17704345041261718,0.04999999999999999,0.14748557192932768,336.4497992720516
0.11563021997482185,0,0.1871582900205636,328.06677955370526
0.11580005348244195,0.05,0.18772124845851207,336.63245196691764
0.2,0.016640352174151912,0.11562443241660705,329.30669752190556
0.08402148520201186,0.05,0.20034340623102576,336.55302274038763
0.09680936075073532,0.04999999999999999,0.21005270078984342,336.4950143725977
0.15912218574903203,0,0.15702457989561375,328.0153579861192
0.2,0.033246985262204765,0.11562859722077423,332.1042862764657
0.06542946349961448,0.05,0.21287930244327238,336.4050025631385
0.2,0.044412300924099986,0.13042053931420994,334.69642773708665
0.06381962820620474,0,0.21221547964438894,327.86400523073627
0.037164771485370215,0,0.232104609221395,327.57773537683715
0.14181442331652022,0.05,0.16668168615123713,336.6443348933835
0.2,0.03884476682800958,0.10701093462060615,333.31912853005747
0.06672520075903929,0,0.22771062743462314,327.7560777368387
0,0.026475828389320714,0.23478762374610357,330.30413304258076
0.2,0.01109499604057284,0.11127178737521502,328.6415963209685
0.2,0,0.11538461538461539,327.72261747101044
0.2,0,0.1217948717948718,327.72580464343633
0,0.01302766803095621,0.23536861805215353,328.36931930018034
0.17721687014659399,0,0.1282051282051282,327.93031011969856
0.17152108768324248,0,0.13141025641025642,327.97211389687976
0.17721687014659399,0,0.1346153846153846,327.9271639690018
0.1533008457707366,0,0.15385601881055525,328.0560550959139
0.14729325631399753,0,0.15757714369779705,328.07763249675116
0.027266831330605742,0.05,0.2013734727251811,336.25243085407726
0.032542503899573846,0.05,0.20444077994822088,336.27482416170795
0.026977307615344056,0.05,0.20768051962041928,336.204168423897
0.16559346188185103,0,0.14084474141304706,328.00503534832995
0.15954027856551561,0,0.14390553712565102,328.0391427778496
0.16536161854381107,0,0.1470740982107095,327.9972284210397
0.07355205252131315,0.05,0.19646359865130927,336.55365112074696
0.06866964443296508,0.05,0.19743512255068352,336.53117126842
0.2,0.03886837033413453,0.08773918897770863,333.2789865280049
0.2,0.044434185167067264,0.09194651756577739,334.65630493076173
0.2,0.04443418516706727,0.08553626115552099,334.6362054173627
0.1829126526099455,0,0.13141025641025642,327.88288084543467
0.1357542116468838,0,0.15639642161885398,328.12892085058587
0.13007781405254878,0,0.1523612175932323,328.1570940125037
0.12982099169134154,0,0.15798672545644113,328.14444755720024
0.024958151709243905,0,0.22789229776795844,327.52912460845175
0.030896562639615634,0,0.22460324487107408,327.5983183014187
0.021991158761637642,0.05,0.19830616550214133,336.2251794106748
0.021701635046375956,0.05,0.2046132123973795,336.17871769130767
0.2,0.005547498020286421,0.1069179449696588,328.1081899386096
0.2,0.005547498020286421,0.10050768855940238,328.09748936898677
0.2,0,0.10256410256410256,327.7066325249677
0.01940928998757992,0,0.22393210029508764,327.51786357604175
0.01898900784090212,0,0.2292239906887596,327.4717283383423
0.188608435073297,0,0.11538461538461539,327.83137892724125
0.188608435073297,0,0.10897435897435898,327.82501265510695
0.1829126526099455,0,0.11217948717948718,327.87804085963234
0.12995881384955973,0.05,0.16432402076512234,336.70188776442933
0.13604830634256088,0.05000000000000001,0.16272778632371057,336.68416946198755
0.188608435073297,0.05,0.08974358974358976,336.29921548206545
0.1829126526099455,0.05,0.09294871794871795,336.36971388738016
0.18291265260994552,0.05000000000000001,0.08653846153846156,336.35010554398156
0.2,0.05,0.08333333333333334,336.1398243396921
0.2,0.04443418516706727,0.0791260047452646,334.6124739159309
0.10846516419716569,0,0.18612678880086353,328.08050806772036
0.15348709524918022,0,0.14696633283825494,328.0688053407512
0.15930843522747568,0,0.15013489392331344,328.029716989153
0,0.008685112020637473,0.23383548895784595,327.92827788405276
0,0.004342556010318736,0.23871261627379475,327.51089422212084
0,0.004342556010318736,0.23230235986353837,327.56763075172046
0.188608435073297,0,0.1282051282051282,327.83453977337876
0.1829126526099455,0,0.125,327.88440731870304
0,0.04454547129639714,0.2193393142581054,334.33703292163256
0,0.03909094259279427,0.21431965415723647,333.04049652170295
0,0.04454547129639714,0.21292905784784902,334.39059828699476
0.12364361233167714,0,0.16716727193747502,328.13384021588644
0.12023265996537802,0,0.17141676191600308,328.126453353658
0.11823670005563452,0,0.15947129482888245,328.1686061684976
0.11231614305717741,0,0.16302633344670753,328.1675192213398
0.11797987769442728,0,0.1650968026920913,328.15247427731964
0.13637168186160264,0.05,0.15717765205477222,336.69989380495616
0.142137798835562,0.05,0.16113155188229877,336.66180098914094
0.020988436016703114,0.05,0.2111766765536939,336.12198532081334
0.014999564418062172,0.05,0.21467283348696853,336.0337321243536
0.177216870146594,0.05,0.13461538461538464,336.46602952410643
0.17721687014659404,0.05000000000000001,0.12820512820512822,336.4695945185044
0.1829126526099455,0.05,0.1314102564102564,336.41241793191426
0.09757932253706111,0,0.1788917074593427,328.11687074738165
0.09108919650885107,0,0.1809590039525471,328.1041749804714
0.09465268671187288,0,0.18522338686629225,328.0869877198257
0.013860428265915936,0,0.21997190282221687,327.50214334292474
0.019798839196287665,0,0.2166828499253325,327.575854609974
0,0.0336364138891914,0.21571025046662393,331.8329623694745
0,0.03349091211562859,0.22197254250877546,331.75062661489693
0,0.0276422569473553,0.21716315406720677,330.6645902551918
0.01571276344773501,0.05,0.20810936933065413,336.0933215000829
0.010237442621932394,0.05,0.21144022145202807,336.00804214635764
0.15970777167232236,0.04999999999999999,0.1508460588885132,336.58493190847116
0,0.03334541034206578,0.22823483455092702,331.6645105337524
0,0.027351253400229678,0.2296877381515099,330.50521486745697
0.2,0.005555146845306129,0.08124706883631977,328.04629235370885
0.2,0,0.08333333333333334,327.6586747352799
0.2,0.005555146845306129,0.08765732524657618,328.06677018446044
0.2,0.044371788298881075,0.07274765741320223,334.5689329615377
0.2,0.04437178829888107,0.06633740100294581,334.53785402745797
0.2,0.03874357659776215,0.0685722379033275,333.1723692875579
0.1829126526099455,0.05,0.13782051282051283,336.4071040529416
0.18291265260994552,0.05000000000000001,0.125,336.41423309839143
0.20000000000000004,0.04441230092409999,0.12401028290395354,334.69767357185725
0.07995864957150739,0.05,0.19556032709256888,336.57651546517064
0.08230241099119717,0.05,0.18987397639537154,336.61650425415775
0.08636524662170164,0.05,0.19465705553382845,336.59458690072586
0.05481523018260212,0,0.19700049799833133,327.92397149498964
0.05697327298236645,0,0.20110755745418415,327.90931515365514
0.06107146147458984,0,0.19654489518398727,327.9530090339588
0.10502089430195793,0,0.19129886770298424,328.0565629331136
0.0888020922794523,0.05,0.18788359524681558,336.6386769498484
0.2,0.05,0.12820512820512822,336.21431552817245
0.188608435073297,0.05,0.13461538461538464,336.34897437780296
0.07879803169342309,0,0.19439223148154774,328.0185575980042
0.036283450730944244,0,0.21301009596257447,327.7208201423562
0.031286111848323375,0,0.2173539945013189,327.656448612976
0.035893901522236496,0,0.22025934633232963,327.6653826120783
0.005475320825802617,0.05,0.2082076094170876,335.97755070715993
0.010950641651605234,0.05,0.20487675729571367,336.0659310930255
0.09773861922545807,0.05,0.17911975381124673,336.69155426354797
0.1014900953466171,0.05,0.18540128850536333,336.65945552209985
0.09530177356770742,0.05,0.1858932140982596,336.6556623296741
0.2,0.05,0.10256410256410257,336.19309460047026
0.1943042175366485,0.05,0.10576923076923075,336.27045254308723
0.1943042175366485,0.05,0.09935897435897437,336.2581498508515
0.1597721219035556,0,0.13767618032798856,328.0455449411727
0.1537189385872202,0,0.1407369760405925,328.07682636548066
0.04089124040485737,0,0.21591544779358518,327.72844864489565
0.09905324968886645,0.05,0.19217474879237623,336.6204903350271
0.10864507441452952,0.05,0.18656126848193771,336.6489418817475
0.10489359829337049,0.05,0.18027973378782108,336.6847855420181
0.1120485773612829,0.05,0.18143971376439547,336.6720405460107
0.2,0.05,0.12179487179487182,336.2142897322113
0.19430421753664853,0.05000000000000001,0.125,336.2864237507052
0.19430421753664853,0.05000000000000001,0.11858974358974361,336.28463184944536
0.17128924434520254,0,0.14404986961817529,327.96114790777636
0.10976203922974928,0.05,0.17496761331974084,336.70566877926444
0.2,0.011094996040572841,0.10486153096495862,328.63301119896835
0,0.05,0.21153846153846154,335.88326766534993
0.004762121796129777,0.05,0.214771073573402,335.91686013668783
0,0.05,0.21794871794871795,335.830217888956
0.188608435073297,0,0.1346153846153846,327.83145295815893
0.1943042175366485,0,0.13141025641025642,327.7806074595676
0.004199860608627514,0,0.2388722682574878,327.2578602996621
0.004199860608627514,0,0.23246201184723142,327.3141002018722
0,0,0.23717948717948717,327.2320604966151
0.1598811914062992,0.04999999999999999,0.14438612798482656,336.59642059532337
0.16565188548591422,0.049999999999999996,0.1410753155190713,336.55850140322275
0.16547846575193742,0.04999999999999999,0.14753524642275795,336.5490351741462
0.10130010841950952,0,0.18509528758116348,328.08897676142067
0.009524243592259554,0.05,0.21800368560834246,335.9456511468241
0.004762121796129776,0.05,0.22118132998365841,335.86147754640393
0.1943042175366485,0,0.09935897435897437,327.75660318731195
0.1943042175366485,0,0.10576923076923078,327.76784602663787
0.1715210876832425,0.049999999999999996,0.13782051282051283,336.514307279848
0.1713476679492657,0.04999999999999999,0.1442804437241995,336.5068167841895
0.188608435073297,0,0.08333333333333334,327.76727300977046
0.1829126526099455,0,0.08653846153846154,327.8266458532766
0.188608435073297,0,0.08974358974358974,327.7865171932804
0.1943042175366485,0.05,0.13141025641025644,336.28473831887965
0.18860843507329703,0.05000000000000002,0.12820512820512822,336.3525280213274
0.17152108768324248,0,0.13782051282051283,327.9673480687547
0.165825305219891,0,0.13461538461538464,328.00981865024664
0.07523454149040129,0,0.19012784856780257,328.0332149804508
0.08167243465545279,0,0.189357979852701,328.0510852641458
0.07810894445243098,0,0.18509359693895586,328.06502616745905
0,0.05,0.22435897435897434,335.77260512120245
0,0.04454547129639713,0.2257495706683618,334.2789045649107
0.05855024020176863,0.05,0.21276026417394875,336.37602473836495
0.1943042175366485,0,0.08653846153846155,327.7246312441181
0.1943042175366485,0,0.09294871794871795,327.74224074476234
0.04723836728263991,0,0.21306825317257336,327.7843023268362
0.04263057760872678,0,0.21016290134156262,327.7789683577919
0.2,0.022191694946264003,0.1006448400906406,330.0833720080542
0.2,0.027733247006649038,0.09851441371333616,331.01255789766185
0.05414021930229787,0,0.2071171213636306,327.85874297973874
0.05071704169037873,0,0.20156316026852822,327.87754863962397
0.06322950427435417,0,0.2006519546398401,327.9371197520845
0.16582530521989103,0.05,0.13461538461538464,336.5643158493785
0.08473925664894782,0.05,0.18310051610835865,336.65856713609895
0.09123893793720295,0.05,0.1811101349598027,336.6776543577559
0.025347700917951646,0,0.22064304739820328,327.58931605604994
0.2,0.0444223834140048,0.10478751859235436,334.6827887428688
0.2,0.03884476682800958,0.10060067821034974,333.3073639040684
0.2,0,0.07692307692307694,327.63631564373105
0.2,0.005554183934070786,0.07489619351663704,328.02263100433817
0.06732769276657756,0,0.1960892923696432,327.9780846573262
0.17721687014659399,0,0.14102564102564102,327.92092775692385
0.13594046112532743,0,0.14950673564655367,328.1434251060517
0,0.013903093041865171,0.23026873245755983,328.5160871749861
0,0.009560537031546435,0.22873560336325224,328.05746841166734
0.038358860525570054,0.05,0.20776282940915128,336.2944842234022
0.044464740866827945,0.05,0.2047778319748435,336.3586878473513
0.04282278628067124,0.05,0.2105371764146268,336.304041138633
0,0.02749675517379249,0.22342544610935833,330.58679272460785
0,0.0216481000055192,0.2186160576677896,329.65819747126227
0.2,0.011109330779376914,0.07922018542987987,328.56696957738427
0.2,0.011108367868141572,0.07286931011019715,328.5419428149278
0.07236013852837159,0,0.1951621001966493,327.99852706960195
0.2,0.05,0.09615384615384616,336.178997726718
0.2,0.04442238341400479,0.09837726218209794,334.6698579929982
0.188608435073297,0.05,0.09615384615384615,336.31700480770166
0.188608435073297,0.05,0.10256410256410255,336.33123312750223
0.1829126526099455,0.05,0.09935897435897435,336.3857612249431
0.048977704486509316,0,0.20731570672055077,327.83241757922923
0.052400882098428456,0,0.2128696678156532,327.8115931135785
0.1295641693301343,0,0.16361223331964997,328.1292885653792
0.13549738928567656,0,0.16202192948206282,328.11463207800284
0.2,0.03885656858107205,0.09416993359402918,333.29500266672466
0.06516964996681324,0,0.19198223291379038,327.99335286546176
0.05756339691421702,0,0.21267108245873304,327.8362011517073
0.013440146119238138,0,0.2252637932158888,327.4576287805147
0.11691701829766171,0.05,0.17612759329631522,336.6895217640368
0.17152108768324253,0.05000000000000001,0.13141025641025644,336.51962210216664
0.032832027614835536,0.05,0.1981337330529827,336.32086080219864
0.2,0.005555146845306129,0.09406758165683259,328.08405587832686
0.2,0,0.08974358974358976,327.67784168994353
0.2,0,0.09615384615384616,327.69381650772215
0.03864838424083174,0.05,0.2014557825139131,336.3424806090961
0.08459907048064103,0,0.18302630044575147,328.0868934538305
0.2,0.027693490733352456,0.07292370182894997,330.92109603848314
0.2,0.02214682283368931,0.06869389060032242,329.9697288186125
0.2,0.022209219701875504,0.07507223793238478,330.00764037854765
0.03802278793481365,0,0.20725754951055186,327.7707601237573
0.03167566105703112,0,0.2101047441315637,327.71031737482645
0.188608435073297,0,0.10256410256410257,327.8153429937008
0,0.03894544081923146,0.22699220260964442,332.89583012593977
0.188608435073297,0,0.09615384615384616,327.80254691429803
0.10740386955047199,0,0.16831479145091927,328.1552944204571
0.1096566518214227,0,0.17463475067483106,328.1300473058985
0.11456892532812814,0,0.16934629267061932,328.1438320078502
0.057449844505931685,0.05,0.20191187280985934,336.45306966061173
0.05057062120808585,0.05,0.20179283454053576,336.4173718925617
0.0549111978372734,0.05,0.19719704601203628,336.4723063188822
0.19430421753664853,0.05000000000000001,0.08653846153846155,336.22257252142794
0.19430421753664853,0.05000000000000001,0.08012820512820515,336.19933351184557
0.2,0.022199343771283714,0.0942047331880708,330.06994944791455
0.2,0.027745048759711517,0.09208366909701562,330.9988373302158
0.06039645059428559,0,0.20666151854928655,327.88852827626874
0.2,0.03880597346594834,0.07495058523538987,333.2162686824273
0.2,0.03886837033413453,0.08132893256745224,333.25655820070335
0.02573725012665939,0,0.2133937970284481,327.64524595394124
0.12419498175091857,0.05,0.1620937665561041,336.7273339235685
0.11810777413323563,0.05,0.1654136466160242,336.7307280713368
0.11843114965227741,0.05,0.15986351234708585,336.7484984799651
0.1943042175366485,0,0.11217948717948718,327.77587316981425
0.1943042175366485,0,0.1185897435897436,327.7806007813391
0.1943042175366485,0.05,0.09294871794871795,336.2421795429776
0.027556355045867433,0.05,0.19506642582994294,336.2966667837548
0.188608435073297,0.05,0.11538461538461539,336.34884175708635
0.18291265260994552,0.05000000000000001,0.11858974358974358,336.4123991125814
0.18291265260994552,0.05000000000000001,0.11217948717948717,336.4070705986743
0.12390043469288439,0,0.1615417640742662,328.15074192564475
0,0.014778518052774133,0.22516884686296612,328.66424208082134
0,0.010435962042455397,0.22363571776865854,328.18804597031135
0.054560430704927235,0.05,0.20727654935724224,336.3992492510709
0.061439654002773084,0.05,0.20739558762656587,336.4315870474827
0.01642596247740785,0.05,0.20154590517433973,336.1484088229467
0.08523592485847462,0,0.19362236276644618,328.03437649035715
0.10524157146777613,0.05,0.19168282319947993,336.6219489752758
0.2,0.016650142885878967,0.10277526646794503,329.2914870867073
0.1306055648876433,0.05,0.15322375222724566,336.7326530729287
0.13657478425211084,0.05,0.15033177548904725,336.71631168593564
0.15411049732668414,0.049999999999999996,0.14769694045058182,336.6291689333917
0.15428391706066094,0.05,0.14123700954689516,336.6390282950987
0.008399721217255029,0,0.23415479292523206,327.3388587197233
0.14831012059053772,0.05,0.1513936985783754,336.656050913403
0.14254400361657837,0.05,0.14743979875084884,336.69497007392954
0.1485132229810459,0.05,0.14454782201265043,336.6686282369105
0.2,0,0.10897435897435898,327.71623284606386
0.14234090122607018,0.05,0.1542856753165738,336.68047247168613
0,0,0.24358974358974358,327.1734926138289
0.2,0.011102644865592549,0.0984214240623888,328.62184699815873
0.2,0.0333025555012018,0.08353186038963989,332.04704251844754
0.2,0.027755887601538652,0.07930204916101233,330.9585708595302
0.2,0.027756850512773996,0.08565292448069507,330.98146186139365
0.09286492790995676,0.05,0.19266667438527246,336.6146577545852
0.11234394203459447,0.05,0.16318339240700597,336.74851724390646
0.1943042175366485,0,0.08012820512820513,327.70382960658867
0.188608435073297,0.05,0.10897435897435898,336.3417416382215
0.2,0.01665779171089868,0.09633515956537522,329.27925645771404
0.07020209572860725,0,0.1910550407407965,328.01458374647575
0.2,0.02221018261311085,0.08142311325206751,330.0322819672506
0.2,0.0166635147134477,0.07719330202343996,329.220643251042
0.2,0.016664477624683045,0.0835441773431227,329.2437895961044
0.15390739493617595,0.05,0.1545428170163068,336.6148459486542
0.12387160623187679,0.05,0.16764390082504244,336.70865729602457
0.009240285510610624,0,0.22357101213788816,327.4336700099099
0.06613099776430678,0.05,0.19272029575286043,336.55174040406797
0.059251774466460946,0.05,0.19260125748353682,336.52295429634114
0.0635923510956485,0.05,0.18800546895503734,336.5693158249386
0.14747950579244115,0,0.15068745772549674,328.09252143653
0.008820003363932826,0,0.2288629025315601,327.3874220646429
0.004620142755305312,0,0.22717012145355947,327.36208152999615
0.06847475918399656,0.05,0.18703394505566312,336.5938326114597
0.2,0.011110293690612259,0.091981317159819,328.60734707931516
0.12451835726996036,0.05,0.15654363228716575,336.7432104229725
0.13028218936860153,0.05,0.158773886496184,336.71867048274885
0.188608435073297,0,0.1217948717948718,327.83453073056995
0.1829126526099455,0,0.1185897435897436,327.8828313235705
0.2,0.03327895199507684,0.096393349622281,332.0803460474777
0.2,0.03329075374813932,0.08996260500596044,332.06552173365054
0.07335716727234465,0.05,0.18606242115628888,336.6154915360058
0.07101340585265487,0.05,0.1917487718534862,336.575238723492
0.2,0.022211145524346193,0.08777398857175026,330.05367772547356
0.1168217075990789,0,0.1756662518945311,328.1164231956778
0.05891341867482552,0,0.19243783572813444,327.96704430155467
0.14810701820002953,0.05,0.15823957514410036,336.6392997095939
0.11463048016612809,0.05,0.1696554928516606,336.7212544201638
0.10747550109821566,0.05,0.1684955128750862,336.73482718013395
0.09837347259432129,0,0.191426966988113,328.0569982434914
0.04892866662192914,0.05,0.20755217898031902,336.36570097501675
0.07589581394100293,0.05,0.19077724795411194,336.595879180941
0.05291847611877053,0.05,0.21303589379702556,336.3450200203181
0.047286712035772435,0.05,0.21331152342010234,336.31022406459726
0.2,0.05,0.07692307692307694,336.11478966413
0.11190943409237344,0,0.18095470989874285,328.10107859265713
0.07307649869063695,0,0.18602078911194975,328.04820611178445
0.044754264582089635,0.05,0.19847078507960533,336.40461747774566
0,0.020627173221047426,0.22997823530453487,329.40962628380163
0.10474437831471728,0,0.17992320867904277,328.1116045801768
0.14161685871966248,0,0.15354193967217536,328.1127918718874
0.1829126526099455,0.05,0.10576923076923075,336.39824755667036
0.1829126526099455,0,0.13782051282051283,327.878264310785
0.2,0.01666544053591839,0.08989505266280542,329.26369011068704
0.18860843507329703,0.05000000000000001,0.1217948717948718,336.35244734785425
0,0.021502598231956386,0.22487834970994114,329.58493816467205
0,0,0.23076923076923075,327.2873779031834
0.2,0.05,0.10897435897435898,336.20369089261914
0.2,0.03317776176482941,0.07077516572551515,331.96935647753617
0.2,0.033240158633015604,0.07715351305757752,332.01000443628845
0.044369914812596195,0,0.20441035488954004,327.8265038786899
0.06432906780377753,0.05,0.20203091107918297,336.48314850242264
0.14143060924121886,0,0.16043162564447566,328.09622154769613
0.06179042113511924,0.05,0.1973160842813599,336.5045482567706
0.01301986397256034,0,0.23055568360956075,327.410798818452
0.08816256068366285,0,0.18729068335949667,328.07132937185105
0.07823957536069272,0.05,0.18509089725691463,336.6342925985769
0.2,0.05,0.08974358974358974,336.1612270272214
0.1829126526099455,0,0.10576923076923078,327.87003592688865
0.1943042175366485,0,0.125,327.78219888895643
0.12415725705409164,0,0.15591625621105737,328.16513109888547
0.2,0.03874357659776215,0.0621619814930711,333.1390676493864
0.2,0.03311536489664322,0.06439681839345279,331.9250986421907
0.18860843507329703,0.05000000000000001,0.08333333333333336,336.27777213846275
0.2,0.044371788298881075,0.0599271445926894,334.50298843638876
0.2,0.05,0.06410256410256412,336.0532905471646
0,0.03909094259279426,0.22072991056749286,332.98641556737243
0.2,0.027631093865166267,0.06654535449688762,330.8800113408427
0.2,0.011110293690612259,0.0855710607495626,328.58875050936086
0.033121551330097226,0.05,0.19182668615774456,336.3628709421865
0.038937907956093434,0.05,0.19514873561867493,336.3864504942873
0.1943042175366485,0.05,0.11217948717948718,336.2792546537196
0.12039431226476925,0.05,0.17188574706067883,336.70062770484924
0,0.015653943063683097,0.22006896126837242,328.813784017686
0.2,0.05,0.07051282051282053,336.08593343414196
0.1829126526099455,0,0.09294871794871795,327.84434285276194
0.1829126526099455,0,0.09935897435897437,327.85880621063274
0.17721687014659399,0.049999999999999996,0.14102564102564102,336.4589658172131
0,0.005217981021227698,0.22720247426894466,327.6792439321439
0.10260706016183686,0.05,0.17380763334316646,336.71583952001447
0.16005461114027597,0.05,0.1379261970811399,336.60425749925474
0.06804405292884294,0,0.18694798128494367,328.02878640907113
0.09172605088668466,0,0.19155506627324181,328.0529974193962
0.1476657552708848,0,0.14379777175319644,328.1036629231708
0.1418031081981061,0,0.14665225369987506,328.1256147429408
0.0630116071670489,0,0.18787517345793753,328.006767059319
0.10249159604376656,0,0.173603249455131,328.1384115958043
0.2,0.016662551802212357,0.07084242670375723,329.1942510754997
0.2,0.05,0.05769230769230771,336.0168610031978
0,0.05,0.1987179487179487,335.9758595950306
0,0.05,0.1923076923076923,336.01587701213157
0.005475320825802618,0.05,0.19538709659657477,336.0661026861078
0.028229529424978854,0.05,0.1823650221497186,336.37505314050713
0.02782837321422416,0.05,0.18869145990243347,336.33737312820807
0.022535195098351092,0.05,0.18555623364712243,336.3070321243089
0.2,0.03466550781010187,0.04060840144243962,332.09752009389393
0.2,0.038747330654621034,0.04344443915038403,333.0203223353253
0.2,0.04029184248279136,0.03811695109801684,333.3424313003627
0.18282701345071714,0,0.08023851813479553,327.806891168346
0.18852279591406865,0,0.07703338992966732,327.7460027435938
0.177216870146594,0,0.1217948717948718,327.9302637229914
0.2,0.05,0.051282051282051294,335.9764774991061
0.1947627570153012,0.05000000000000001,0.048416402366831736,336.02293546457884
0.2,0.05,0.044871794871794886,335.9319145273506
0.16012952275653952,0.05,0.125,336.6109970339567
0.16012952275653952,0.05,0.1185897435897436,336.60924341214235
0.16582530521989103,0.05,0.1217948717948718,336.5679440280458
0.07911560225457351,0.05,0.17911460126472398,336.666990760309
0,0.033782811097852375,0.20968751999520724,331.9098586844018
0,0.039237339801455245,0.20829692368581978,333.12124283172034
0.2,0.0362100196382722,0.03528091339007244,332.3883979229081
0.2,0.031396569125891984,0.030241051710534587,331.34832803427497
0.2,0.029852057297721658,0.03556853976290178,331.09340877047066
0.054893029955468214,0.05000000000000002,0.17914748720410384,336.57482006481473
0.05437827092065181,0.05000000000000002,0.18411217353465156,336.5470123750622
0.04977123083315346,0.05000000000000001,0.18216552582445866,336.5314810306716
0.2,0.0331191189535021,0.05208953246102214,331.8547741436844
0.2,0.038747330654621034,0.04985469556064044,333.0651322900339
0.2,0.03312099598193155,0.045935889494806814,331.8144562910807
0.2,0.04437366532731052,0.04095298880596125,334.3765609342755
0.2,0.05,0.03846153846153847,335.8831720879313
0.2,0.04591817715548084,0.03562550075359406,334.737715061537
0.2,0.016839829326822302,0.05818552245328966,329.1548647516415
0.2,0.011285645392751517,0.05380214944947315,328.46625892557404
0.2,0.011197006630446545,0.06013060157470694,328.4915385634981
0.06921028222556017,0,0.1768682279331848,328.07806570530954
0.06476095111212476,0,0.17275554343029925,328.07951578581975
0.06417783646376614,0,0.1777954201061787,328.05733789039954
0.2,0.0211892272588518,0.020934365862633975,329.5014323922428
0.2,0.024346072053271623,0.016837319794807605,329.9597880717524
0.2,0.020540965278492876,0.015149473336901049,329.35260790151204
0,0,0.22435897435897434,327.33937661372624
0,0.005217981021227698,0.22079221785868824,327.7299357310553
0.18892531065263585,0.05,0.06453064245491803,336.18962225106355
0.1833879659789538,0.05,0.0679498098362232,336.26697650922466
0.18368806766793705,0.05,0.06166499353969848,336.2302400541251
0.16012952275653952,0.05,0.13141025641025644,336.6091823017252
0.16582530521989103,0.05,0.12820512820512822,336.56791411573516
0.17721687014659399,0.05,0.10256410256410256,336.4482448087561
0.2,0,0.05769230769230771,327.54954701296106
0.2,0.005554183934070785,0.062075680696124215,327.9652540280429
0.2,0.005642822696375759,0.05574722857089043,327.93938214292353
0.034325019962361314,0.05,0.17284737289959984,336.46950596142455
0.033923863751606616,0.05,0.17917381065231475,336.4377547780163
0.028630685635733552,0.05,0.17603858439700368,336.4089393298018
0.08561528354282863,0.05,0.17712422011616802,336.6895106753319
0.19446265532631793,0.05,0.06111147507361287,336.10625041572115
0.19476275701530119,0.05,0.054826658777088144,336.06508838023643
0.058985311008150146,0.05,0.18605882124484444,336.55962397315125
0.0546447343789626,0.05,0.19065460977334392,336.5117458564389
0.04395883332415594,0,0.1914451851450381,327.8994103080594
0.044743429347571306,0,0.19817358171351085,327.8664015175911
0.049932445666963365,0,0.19483476370005548,327.9129108179389
0.14866304621357296,0.05,0.13151594067088346,336.6825828681335
0.15443374029318802,0.05,0.1282051282051282,336.6490793141996
0.15435882867692446,0.05,0.13472106887601168,336.6459049036303
0.10666754487813773,0.05,0.16239044821850154,336.75731389931406
0.10867131882615767,0.05,0.15879344324950548,336.7668533054067
0.17721687014659399,0.05,0.09615384615384616,336.4339658325057
0.1362946762392121,0,0.14330675800789977,328.15260992768805
0.14858813459730943,0.05,0.13803188134176694,336.67745665150306
0.17711618239823854,0,0.08350587109194446,327.8640498189515
0.17703054323901019,0,0.07720592768827846,327.84269672697604
0.2,0.027719732627471235,0.06021690237165381,330.8628762451897
0.2,0.03311724192507266,0.05824317542723746,331.8916549273876
0.048363253620132635,0,0.18137797056311,327.97271621664544
0.049147849643548,0,0.18810636713158274,327.9446333436127
0.05324603813577139,0,0.18354370486138583,327.98680189722717
0.18952551403060236,0.05000000000000002,0.05196100986186859,336.1078949204331
0.1839881693569203,0.05000000000000002,0.055380177243173755,336.18967475897944
0.18428827104590353,0.05000000000000001,0.04909536094664903,336.1452806237876
0.2,0.017512526874348483,0.04484348170410167,329.1634988084162
0.2,0.0223259773867287,0.04988334338363952,329.89435337513873
0.2,0.022910036171949904,0.04286975475968532,329.9396093560601
0.17142039993488706,0,0.08671099929707266,327.9168823451975
0.17721687014659399,0,0.08974358974358973,327.8820668386579
0.18876687286296645,0.05000000000000001,0.0771371160992539,336.2517627464607
0.18307109039961494,0.05000000000000001,0.08034224430438211,336.32588719092405
0.1832295281892844,0.05000000000000001,0.07414602707030266,336.29817751267177
0.2,0.02830754546955133,0.040896027815268965,330.84630353286735
0.1715210876832425,0,0.125,327.9736588182767
0.2,0,0.07051282051282054,327.61061151280853
0.19421857837742015,0,0.07382826172453913,327.6810437591659
0.1311404593942027,0,0.13376128467727064,328.1803727767288
0.1366488913530967,0,0.1371067803692459,328.1587609990984
0.13700629220608063,0,0.13084085645151378,328.1618304115095
0.12042775606436694,0,0.1463752654814029,328.19321569770625
0.12525278505845786,0,0.1493682415373176,328.176691454143
0.1256070001723425,0,0.14316826389866372,328.1862047942642
0.03947375691929203,0.05,0.17595342387455276,336.49443025584765
0.03907260070853733,0.05,0.18227986162726767,336.46106764052587
0.17721687014659399,0,0.11538461538461538,327.9270767481421
0.17152108768324248,0,0.11217948717948718,327.9672110195525
0.17152108768324248,0,0.11858974358974358,327.97200897411847
0.0804438152286954,0,0.17292027472020144,328.1221384808016
0.07927637984056318,0,0.17900693582957866,328.09513849272025
0.08576650586877324,0,0.17693963933637427,328.11523439210254
0.09211496483108374,0.05,0.17513383896761203,336.70684327449
0.177216870146594,0.05,0.12179487179487179,336.4696254594183
0.177216870146594,0.05,0.11538461538461536,336.46602937205313
0.11933222806000074,0,0.15292328015514267,328.18267064452675
0.11925371698824502,0.05,0.15352838515734443,336.7643897215356
0.12534092460592797,0.05,0.15020850509742434,336.75664417841114
0.17721687014659399,0,0.10897435897435898,327.9206753044873
0,0.010435962042455397,0.21722546135840215,328.2374308575913
0,0.005217981021227698,0.21438196144843186,327.7774012538584
0.0646218691652813,0.05,0.1780760962939419,336.6251881011928
0.06898951821881297,0.05,0.18206925872511537,336.6222031582072
0.0641071101304649,0.05,0.1830407826244896,336.5984250181844
0.08568335421663148,0.05,0.16504285946739272,336.73908645176954
0.09130700861100581,0.05,0.1690287743110274,336.7316312326283
0.0864913104367094,0.05,0.17114792412397736,336.7170529058471
0,0.044691868505058116,0.1940858145559195,334.5620721349039
0,0.044691868505058116,0.20049607096617592,334.5207262127495
0,0.011074501839288122,0.20591747501324292,328.3838255305955
0,0.016292482860515822,0.20876097492321322,328.97882172937636
0,0.01075523194087176,0.21157146818582254,328.3117526111807
0,0.03392920830651336,0.2036647895237906,331.9834514528036
0,0.02810792405443264,0.2054864304232105,330.83564308278653
0.016969998814121305,0.05,0.18879597331932085,336.23457014057016
0.01122265981996196,0.05,0.1920915349579478,336.153487405798
0.011494677988318687,0.05,0.18571656903043837,336.1928262759545
0.2,0.011157239002476088,0.015384674329586073,328.170106683069
0.2,0.017384120484073052,0.019246519404727415,328.9484601628448
0.2,0.016735858503714132,0.013461626878994493,328.81044018386905
0.07387192630716105,0.05,0.18109773482574112,336.643123436255
0.07474795320104183,0.05,0.17512143883355047,336.6740322142271
0.1662895751512548,0.05,0.07799973499896713,336.4682299835982
0.17183060097081837,0.05,0.0808459771787986,336.43378740770163
0.16613481850746686,0.049999999999999996,0.0840511053839268,336.49283344389835
0.11398907670652966,0.05,0.15051313802752309,336.78156602452174
0.11316650937056207,0.05,0.15684826521726453,336.76686597160887
0.10949388616212527,0.05,0.15245831605976404,336.7830684219999
0.2,0.011869704177972722,0.040378304415262536,328.4449907588293
0.2,0.006226881481596965,0.0359131271264234,327.8633184537234
0.2,0.005642822696375758,0.0429267157503776,327.8621834963778
0.13732725979642374,0.05,0.13134415788562975,336.73937279290215
0.14295769719686657,0.05,0.13468801961369836,336.7107936569827
0.1372523481801602,0.05,0.13786009855651324,336.7342399354074
0.18843715675484027,0,0.0643231901157449,327.6926683508676
0.1826557351322604,0,0.0676386313274635,327.7580011108891
0.1884371567548403,0,0.07073344652600132,327.72160558155196
0.004620142755305312,0,0.22075986504330308,327.41233696310195
0.03876981700476389,0,0.1947840031584935,327.85066740967693
0.03798522098134852,0,0.18805560659002077,327.8813228122985
0.032796204661956464,0,0.19139442460347614,327.83034631588134
0.2,0.01110836786814157,0.06645905369994072,328.51348871555587
0.043174237300740576,0,0.18471678857656537,327.92877944588645
0.2,0.011805500982835008,0.021169566855318997,328.29042048349146
0.2,0.01245376296319393,0.026954459381051923,328.4098620553952
0.2,0.01803238246443197,0.02503141193046034,329.08560791330206
0.005475320825802618,0.05,0.2017973530068312,336.0239195458803
0.1487379578298365,0,0.125,328.1122920705729
0.15443374029318802,0,0.1282051282051282,328.0822320718107
0.15443374029318802,0,0.12179487179487179,328.0821903942037
0.2,0.018680644444790895,0.030816304456193266,329.2218834352406
0.1428721250179586,0,0.1279204282257569,328.1391368427908
0.1483805569768526,0,0.13126592391773215,328.1125229029324
0.032049175592006235,0,0.2038679709555345,327.7534802135079
0.03839630246978877,0,0.2010207763345227,327.8122903625487
0.032422690126981346,0,0.19763119777950533,327.79348986052617
0.06001482907778295,0.05,0.176129448583749,336.61419474591213
0.059500070042966556,0.05,0.1810941349142967,336.58808241465044
0.2,0,0.019230769230769235,327.28759512440234
0.2,0.006226881481596965,0.02309261430591058,327.7650992851158
0.2,0.005578619501238044,0.017307721780177653,327.6624916632468
0.026398349909312724,0,0.20708159887741434,327.6928082874453
0.050037694291464256,0.05,0.18870796206315102,336.49761767023494
0.044221337665468055,0.05000000000000002,0.18538591260222065,336.4801145650279
0,0.02196736990393556,0.21296206449521,329.75058561724285
0,0.02796152684577166,0.21150916089462712,330.7657232742205
0.1601295227565395,0,0.13141025641025642,328.04807426503544
0.1540763394402041,0,0.13447105212286037,328.08108282605923
0.004620142755305312,0,0.21434960863304667,327.45936612009945
0,0,0.21794871794871795,327.38814904816087
0.11031645349809287,0.05,0.1461231888700226,336.79563486380346
0.10582126295368847,0.05000000000000002,0.14806836690226355,336.7960091236366
0.2,0.016928468089127274,0.051857070328055865,329.1301773609129
0.058128822651410145,0,0.18570943915966168,327.9981521781184
0.1656239297231801,0,0.08367840885055558,327.94752701877536
0.17131971218653158,0,0.08047328064542739,327.8972829516648
0.2,0.01245376296319393,0.033364715791308334,328.459466205193
0.2,0.01809658565956969,0.03782989308014746,329.1940674998587
0.1947627570153012,0.05000000000000001,0.04200614595657533,335.9766030812573
0.1719890387604878,0.05,0.07464975994471915,336.4065722144907
0.17753006458005138,0.05,0.07749600212455063,336.3686958213618
0.2,0.011285645392751516,0.04739189303921673,328.4277625564048
0.100991147721681,0.05,0.16159750402999712,336.7623832738731
0.10299492166970094,0.05,0.15800049906100105,336.7729618598855
0,0.01597321296209946,0.21441496809579286,328.89742729061834
0.009901385293263962,0,0.21084855757659804,327.53258295451616
0.009240285510610626,0,0.21716075572763177,327.48218216557854
0.014521528048569276,0,0.21365970467118314,327.55376145014856
0.17152108768324248,0.04999999999999999,0.09935897435897434,336.492887027263
0.165825305219891,0.04999999999999999,0.10256410256410256,336.54651592170904
0.165825305219891,0.049999999999999996,0.09615384615384615,336.5321742121909
0,0.05,0.20512820512820512,335.93165647943675
0.2,0.02503860678534144,0.030528678083363927,330.1932592533141
0.07365961333899557,0,0.1809809124360703,328.0732358325226
0.06862716757720155,0,0.1819081046090642,328.05446189723034
0.17152108768324248,0,0.09294871794871794,327.933396649705
0.17721687014659399,0,0.09615384615384615,327.8981689728064
0.2,0.04437366532731052,0.04736324521621767,334.42333713133945
0.2,0.04437366532731052,0.053773501626474075,334.46593386073954
0.08693394125690544,0,0.17085297822699708,328.1404629931946
0.09225663189698327,0,0.17487234284316988,328.1307445317542
0.054030634159186755,0,0.19027210142985856,327.957206522429
0.03867144449778264,0.05,0.18860629937998258,336.42391120219963
0.04448780112377885,0.05,0.19192834884091298,336.44445253085354
0.165825305219891,0,0.12820512820512822,328.01295488974785
0.2,0.02183748923921072,0.026719258388366897,329.64938465445493
0.19446265532631796,0.05,0.06752173148386928,336.1407850768048
0.18892531065263587,0.05,0.07094089886517446,336.22226202926385
0.14215732331199077,0,0.14045227606122118,328.1331910479124
0.14251472416497468,0,0.13418635214348903,328.1377175527651
0.177216870146594,0.05,0.08974358974358976,336.4161258504196
0.010950641651605236,0.05,0.19846650088545728,336.11027995637954
0.2,0.04183635431096168,0.032789463045649656,333.67235429160104
0.17152108768324253,0.05,0.11858974358974358,336.51968295539126
0.1715210876832425,0.05,0.11217948717948717,336.51432476647125
0.17152108768324253,0.05,0.125,336.52143670580193
0.14288278558060305,0.05,0.14120396028458182,336.703813020939
0.08086765604233509,0.05,0.1671620092803427,336.7221831576193
0.0799916291484543,0.05,0.17313830527253332,336.6962876133231
0.020459938978941,0,0.21037065177429873,327.6254448303379
0.021121038761594338,0,0.20405845362326502,327.67174802159843
0.026771864444287842,0,0.20084482570138515,327.7345804140518
0.13043202916643343,0,0.14616123995457841,328.1678873508047
0.059295051948127384,0,0.17562968580790284,328.047451453094
0.05382915278413001,0,0.17850382818550642,328.0118515967025
0.058711937299768764,0,0.18066956248378224,328.0238376556462
0.021494553296569456,0,0.1978216804472358,327.71212943613
0.17721687014659399,0.05,0.10897435897435896,336.4589387565911
0.17123407302730326,0,0.07417333724176138,327.8743314526444
0.044622493876222746,0.05,0.1790594748495057,336.5150886122634
0.03352270754085192,0.05,0.18550024840502963,336.4022097716036
0.1207819711782516,0,0.14017528784274902,328.2014490396476
0.14802315612386868,0,0.1375318478354643,328.1096465204651
0.2,0,0.04487179487179488,327.4754488566024
0.2,0,0.051282051282051294,327.5141511339789
0.2,0.005642822696375759,0.04933697216063401,327.90243601884777
0.10179910394175894,0.05,0.16770256868658182,336.7408540647816
0.09932229846126414,0.05000000000000002,0.15361054990350057,336.7853480717027
0.10499869561772088,0.05000000000000002,0.154403494092005,336.7819276181527
0.06950427725362937,0.05,0.17710457239456762,336.6482275947173
0.07038030414751016,0.05,0.171128276402377,336.67734698892946
0.07037771761369238,0,0.17078156682380757,328.10517726717507
0.1369135662161355,0.05,0.14409593702278023,336.7269913031195
0.19421857837742015,0,0.06741800531428271,327.6537230783625
0.2,0.005554183934070785,0.06848593710638062,327.995551889191
0.16598006186367892,0.04999999999999999,0.09010247576888647,336.5141481867626
0.1715210876832425,0.049999999999999996,0.09294871794871795,336.4768154064894
0.17152108768324248,0.04999999999999999,0.10576923076923075,336.50540485593956
0.16582530521989103,0.049999999999999996,0.10897435897435898,336.5572597130823
0.1892254123416191,0.05,0.05824582615839331,336.15067300577135
0,0.044691868505058116,0.20690632737643233,334.4751945921022
0,0.03938373701011623,0.20227419321440315,333.19868559521217
0.19446265532631793,0.05,0.0739319878941257,336.17153308089894
0.2,0.024994334033630543,0.02262221232054053,330.1194170742381
0.05030415774977505,0.05,0.19525039830184338,336.45958129086506
0.2,0.023494094957171113,0.035856166135731116,329.98211258092056
0.07482704872712778,0,0.17489425132669312,328.101847776086
0.15443374029318802,0.05,0.1217948717948718,336.64911051230604
0.1487379578298365,0.05,0.125,336.6840068868018
0.2,0.037754531466442524,0.029953425337705245,332.68708977812327
0.09531475056522426,0.05,0.16080455984149272,336.76372536758373
0.0973185245132442,0.05,0.15720755487249663,336.7753431335158
0.2,0.02772160965590068,0.05406325940543849,330.827713166309
0.2,0.022324100358299254,0.056036986349854837,329.9312358180971
0.17768850236972078,0.05,0.07129978489047117,336.3394877230328
0.1827413742914888,0,0.07393857473112952,327.7840095875502
0.010562485075917298,0,0.20453635942556428,327.57969671435035
0.005281242537958649,0,0.2080374104820129,327.50854959075076
0,0.005537250919644061,0.20872796827585222,327.84240148810466
0.02226317692999437,0.05,0.1919311995746319,336.2680400571228
0.17152108768324248,0,0.10576923076923077,327.95916217370274
0.17152108768324248,0,0.09935897435897435,327.94790391851643
0.165825305219891,0,0.10256410256410256,327.99351395764313
0.1601295227565395,0,0.125,328.0496215459824
0.165825305219891,0,0.1217948717948718,328.01289636369364
0.13094434685166798,0.05,0.14698791376097864,336.7451693602871
0.17721687014659399,0,0.10256410256410256,327.9110374653401
0.2,0.02223546159599428,0.06236543847508862,329.95214706128803
0.2,0.016751190564517328,0.06451397457852344,329.1762226565038
0.18952551403060236,0.05000000000000001,0.04555075345161217,336.06397259320937
0.005747338994159344,0.05,0.18901213066906533,336.1075026365019
0.01724201698247803,0.05,0.18242100739181139,336.27184793048906
0.14303260881313012,0.05,0.12817207894281488,336.7140720950642
0.13078624428031804,0,0.1399612623159245,328.1756469388797
0,0.02825432126309362,0.19946369995179383,330.9022593448271
0,0.022433037011012902,0.20128534085121375,329.90366823125373
0.13128312881569265,0.05,0.14075207529471165,336.7542546627495
0.12007628432421262,0.05,0.147193257967603,336.7766322883166
0.16572461747153555,0,0.08991612750220086,327.9656236971091
0.12567970656995264,0.05,0.14397266663115732,336.76771794622687
0.2,0.027723486684330126,0.04790961643922317,330.78911301852804
0.17737162679038193,0.05,0.08369221935863008,336.39441259449603
0,0.034075605515174336,0.19764205905237392,332.0537406746799
0.12596121528622717,0,0.13696828626000984,328.1926843841595
0.09612270678530221,0.05,0.1669096244980774,336.74315366858076
0.09049905239092788,0.05,0.16292370965444272,336.752933855091
0.07599448411526,0,0.16880759021731592,328.1273473824694
0.12601848853397732,0.05,0.1377368281648903,336.77536072914654
0.17167584432703042,0.05,0.08689734756375828,336.45694576581343
0.13162191077971735,0.05,0.13451623682844466,336.75990898031574
0.1601295227565395,0,0.11858974358974358,328.04797406137413
0.165825305219891,0,0.11538461538461539,328.0096430720842
0.16552324197482465,0,0.07744069019891031,327.9263452514164
0.11450719906590981,0,0.14993030409922797,328.1971369920917
0.19421857837742013,0,0.061007748904026306,327.62318365155824
0,0,0.21153846153846154,327.4336952064873
0.2,0,0.06410256410256412,327.5816886358852
0.01669798064576458,0.05,0.1951709392468303,336.1934237713893
0.11560272707027602,0,0.1433822894254882,328.2066667431932
0.06359472181540751,0,0.1828352967820581,328.03308831489926
0.0651366282000977,0.05,0.17311140996339414,336.64960507396387
0.11341167106154361,0,0.15647831877296775,328.1840878181406
0.2,0.038745453626191584,0.056008338526855765,333.10381850416036
0.12041506628823728,0.05,0.14095741950133597,336.7862635365896
0,0.022286639802351925,0.2073080713226304,329.840724929049
0,0.016611752758932185,0.20310698175063363,329.05796733396
0.165825305219891,0,0.09615384615384616,327.98063528641757
0,0.03938373701011623,0.19586393680414674,333.24136002242
0.02714537897926296,0,0.19460805252535598,327.77319934899504
0.09693066300538014,0.05,0.17301468915466206,336.71909663390215
0.07562398009492263,0.05,0.16914514284135984,336.7015396834813
0.10132607240928407,0.05000000000000001,0.15001354493450447,336.7937401821445
0.165825305219891,0,0.10897435897435898,328.00318321953205
0.11481164404249727,0.05,0.14417801083778164,336.792617402645
0.02293635130910579,0.05,0.17922979589440752,336.34305331948997
0.2,0,0.03846153846153847,327.4334401808317
0.17694490407978183,0,0.07090598428461245,327.81821673913527
0.01584372761387595,0,0.20103530836911565,327.64713657728595
0.16582530521989103,0.05,0.11538461538461539,336.5644055863108
0.015182627831222612,0,0.20734750652014938,327.60209252826894
0.08161125061682761,0,0.16683361361082427,328.1460261317029
0.2,0.02815117882805037,0.018525166252714165,330.63198069459014
0.1549380622052844,0.04999999999999999,0.09014076601660459,336.59321544217124
0.1546859012492362,0.04999999999999999,0.09635243429035356,336.61213381651174
0.14924227974193288,0.04999999999999999,0.09334589422173278,336.63733073350824
0.09387467923107008,0.05,0.15291922518782103,336.78495330110144
0.0992511032714228,0,0.15342406285163218,328.2003754518673
0.10293913609955094,0,0.1578395288481418,328.1892778866767
0.10494007740092112,0,0.1541954014536882,328.19743721000594
0.050613296574929204,0.05,0.17010137590757626,336.59114114447823
0.055314062826356085,0.05,0.17311541224566263,336.6044155154429
0.05019226370404134,0.05000000000000002,0.17613345086601748,336.56298716902955
0.04504352674711062,0.05,0.17302739989106453,336.54511636864993
0.08223950893445736,0.05,0.16075452978271706,336.74711860897435
0,0.028182205435824052,0.1871372515017048,330.9609390005328
0,0.022488265937624423,0.18290524259493515,330.01572099566715
0,0.0279827448546734,0.18086445285780534,330.95606052180585
0.16581537755843687,0,0.07113627890069787,327.89920701600914
0.16020768344277828,0,0.07447267006673382,327.94859921928156
0.2,0.027800841723460264,0.004487208959664831,330.4284497201343
0.2,0.03333333333333333,0,331.4355832388604
0.2,0.027777777777777776,0,330.37541368558766
0.16610751314204908,0,0.06483186760248544,327.8688638117155
0.17152620861091544,0,0.06786892594354894,327.84540829402204
0.17181834419452768,0,0.06156451464533651,327.8132801665135
0.1262001913265134,0.05,0.13124829795804824,336.78016727190686
0.1260632022436271,0.05,0.12464564042842936,336.7822699000715
0.13148492169683107,0.05,0.12791357929882577,336.76397661884084
0.15441073148742268,0,0.09616678258287933,328.05005871554494
0.1601295227565395,0,0.09935897435897435,328.02379319906544
0.1601065139507742,0,0.09296165437775113,328.00941966230374
0.09989697749308549,0.05000000000000001,0.13994312503681677,336.8114690621848
0.0991824300349862,0.05000000000000001,0.13490791508797295,336.8169015851658
0.10439216803748988,0.05000000000000001,0.13799794700457585,336.81274785870704
0.2,0.016689730612349154,0.004487208959664831,328.71736028357395
0.2,0.02222222222222222,0,329.4529522037561
0.2,0.016666666666666663,0,328.66819879336566
0.2,0.03160594849823901,0.006175055417571388,331.15935268093267
0.2,0.03535903982594984,0.004980320531011902,331.913715202999
0.10510671549558917,0.05000000000000001,0.1430331569534197,336.8055224635183
0.10960190603999359,0.05000000000000001,0.14108797892117875,336.8046531312001
0.19523271442437912,0,0.02241475744500802,327.3602729093408
0.2,0,0.025641025641025647,327.33950876562153
0.1668298030505706,0.05,0.06534188589341472,336.4040146070559
0.1722591527101457,0.05,0.06832083539194295,336.3741983686204
0.1665596891009127,0.05,0.07167081044619092,336.4379951886194
0.07165671673387303,0.05,0.15954687648885663,336.72289243760906
0.0730285696259953,0.05,0.153139396991231,336.7448984731987
0.07763403928022633,0.05,0.15694696338697403,336.7478965256162
0.16120224554478782,0.05,0.06871318443565905,336.4641095763865
0.19580272510191543,0,0.017367312269614882,327.31265001376346
0.1910354395262946,0,0.020551300483853667,327.3838429175685
0.2,0.022245286167904707,0.004487208959664831,329.5040509661336
0.0790058921723486,0.05,0.1505394838893484,336.76748216986437
0.0849832147187019,0.05,0.14793957078746584,336.7853342140119
0.08361136182657963,0.05,0.15434705028509144,336.76816896110523
0.2,0.011157239002476088,0.008974417919329661,328.11112407251585
0.2,0.016712794558031645,0.008974417919329661,328.7647740804084
0.2,0.011134175056793599,0.004487208959664831,328.06515252930444
0.19454356051953797,0,0.04822615455784076,327.54935358451223
0.09516390572099073,0.05000000000000001,0.1442870102699811,336.803626347786
0.09043083394889596,0.05,0.14863089550314537,336.7915696059255
0.08971628649079666,0.05,0.14359568555430152,336.80007069852485
0.12059676908077335,0.05,0.1344688892944939,336.79301938416285
0.1099653116250657,0.05,0.1281109185074946,336.8150457004833
0.11535675242010546,0.05,0.12471242021725543,336.807576879074
0.11517504962756939,0.05,0.1312009504240975,336.8063090471742
0.12077847187330942,0.05,0.12798035908765182,336.796056571493
0.16053644035637563,0.04999999999999999,0.08709593570026569,336.54540585252454
0.15509281884907233,0.04999999999999999,0.08408939563164491,336.57210777557395
0.16069119700016354,0.049999999999999996,0.08104456531530602,336.52255028907587
0.15533375344403866,0.04999999999999999,0.07808693930477414,336.5472831991048
0,0.028381666016974706,0.19341005014560428,330.9626904125037
0,0.03387614493402368,0.19136926040847443,332.04960972636576
0.2,0.03135229637418109,0.02233458594771119,331.27052685892056
0.2,0.0319042701557612,0.01733043136615468,331.33179365688807
0.011391564926703013,0.05,0.16666666666666669,336.2776191064017
0.01708734739005452,0.05,0.1634615384615385,336.34972161721726
0.017138903920862356,0.05,0.1697813614382961,336.3274761370086
0.14289561973024384,0.05,0.11515916500293957,336.7109699890622
0.14289561973024384,0.05,0.121569421413196,336.71468731919987
0.13705328163065117,0.05,0.118138842826392,336.7402580429105
0.1603816837125877,0.04999999999999999,0.09314730608522537,336.56497269853736
0.2,0.026073456888365945,0.010662264377236219,330.18993737435784
0.2,0.022268350113587198,0.008974417919329661,329.5534020351372
0.09524922066868244,0,0.1607123176405394,328.18075631254294
0.10093819479818075,0,0.16148365624259542,328.1796611110754
0.09725016197005262,0,0.15706819024608576,328.1912946083411
0,0.039184276428965575,0.18959113816024725,333.23192573876645
0.1601295227565395,0,0.10576923076923077,328.03508253712465
0.2,0,0.03205128205128206,327.38812378443134
0.19523271442437912,0,0.028825013855264436,327.4106265658277
0.1953848793226117,0.05,0.029270600631469648,335.8640887046344
0.1953848793226117,0.05,0.022860344221213236,335.80439942276706
0.2,0.05,0.025641025641025647,335.7729091680936
0.027327189041510117,0,0.18832267516030782,327.8075944669634
0,0.022687726518775077,0.18917804123883464,330.0150928712949
0,0.022560381764893986,0.19523169104502416,329.9608836376039
0.0398947897901799,0.05,0.16992134891611158,336.52297963026285
0.18876213889695806,0,0.05795185217981577,327.65765053273884
0.2,0,0.012820512820512824,327.23227611452825
0.005281242537958649,0,0.20162715407175652,327.5487559288652
0.16093213159512992,0.05,0.07504210898843525,336.4959354794148
0.15443374029318802,0,0.10256410256410256,328.0628382341802
0.15443374029318802,0,0.10897435897435898,328.0725382390733
0.07626218638810406,0.05,0.16335444288459966,336.72442578214395
0.010926105200411618,0,0.1855553482852116,327.68732449352626
0.010744295138164458,0,0.19184072565025972,327.6543404898298
0.016207347738370268,0,0.1884645536390194,327.7191971194577
0.06641304078646057,0.05,0.16153001004987377,336.69799856471445
0.0710185104406916,0.05,0.1653375764456168,336.7016571086276
0.19579993187426453,0.05,0.011127816268776835,335.676717690022
0.19159986374852905,0.05,0.015845376127297257,335.77806925540955
0.19159986374852905,0.05,0.009435119717040844,335.7069458102429
0.18683816462821,0,0.01868784352269931,327.40538503509384
0.19160545020383085,0,0.015503855308460525,327.3356770124223
0.18740817530574627,0,0.013640398347306168,327.35667612037884
0.1486919402183059,0,0.09297459080678432,328.07218111897976
0.1543877226816574,0,0.08976946260165611,328.0340609251451
0.10662716892767908,0,0.16225499484465147,328.17524874734113
0.10862811022904925,0,0.15861086745019787,328.1839440027454
0.10171489542097366,0,0.1675434528488632,328.16054154643746
0.09602592129147533,0,0.16677211424680716,328.16247151015085
0.09680262191426824,0,0.17283191085307495,328.1411763217638
0.12592621316074082,0.05,0.11804298289881049,336.7805749155837
0.13134793261394478,0.05,0.1213109217692069,336.7642466447135
0.01144312145751085,0.05,0.1729864896434243,336.25357655523493
0.017190460451670192,0.05,0.17610118441505374,336.30151824143246
0.12545465870373995,0,0.11724657012155754,328.1972800776985
0.1310759010987626,0,0.12071455137770677,328.18285527321797
0.13104362195104255,0,0.11419118472792485,328.17904688786626
0.13694173391064052,0,0.1177941231519499,328.1613696931092
0.005747338994159343,0.05,0.18260187425880892,336.142505347667
0.2,0.04647015093706095,0.004980320531011902,334.5794882019545
0.2,0.04294030187412191,0.009960641062023804,333.7245298188309
0.2,0.04647015093706096,0.011390576941268315,334.6533260152745
0.1558448019886629,0.05,0.06575555842512715,336.48575261560967
0.1614723594944457,0.05,0.06238425988288283,336.4285378867735
0,0,0.1923076923076923,327.54976884058493
0,0.005537250919644061,0.19590745545533939,327.9213868274408
0,0,0.19871794871794873,327.5142484193007
0.005281242537958649,0,0.19521689766150008,327.58579147689795
0.19160545020383085,0,0.009093598898204113,327.2782904879266
0.19580272510191543,0,0.010957055859358468,327.2562972465786
0.061074068241852256,0.05,0.1643066736685476,336.66637360709063
0.06171227453503369,0.05,0.1585159737117874,336.68779291465404
0.1487379578298365,0.05,0.11217948717948714,336.6768359058919
0.1487379578298365,0.05,0.11858974358974357,336.6822113479636
0.18491039335321405,0.05,0.04277007203179976,336.0934529096668
0.1795845638100807,0.05,0.03973131216302285,336.1236091475411
0.1855325156605246,0.05,0.0364447831169505,336.0373636609907
0.1487379578298365,0.05,0.10576923076923074,336.66788056058664
0.15443374029318802,0.05,0.10897435897435895,336.6383686890794
0.15443374029318802,0.05,0.10256410256410255,336.62761660626796
0.2,0,0.006410256410256412,327.1736794790744
0.19046542884875828,0,0.025598745659246806,327.4299258841206
0.1856981432731374,0,0.028782733873485594,327.4965540487417
0.19046542884875828,0,0.03200900206950322,327.4787195558753
0.2,0.03738474631856635,0.009960641062023804,332.41017570551617
0.2,0.040914595381505395,0.004980320531011902,333.1721821994217
0.10972363823341547,0,0.1520628527764581,328.1986284373521
0.11081916623778168,0,0.1455148381027183,328.20979344910916
0.2,0.005555555555555555,0,327.49863543427745
0.2,0.01111111111111111,0,328.0174332927191
0.2,0.05,0,335.4898398957825
0.2,0.044444444444444446,0,333.9895820040316
0.2,0.006226881481596965,0.02950287071616699,327.8158581806243
0.09587845317909002,0.05000000000000002,0.14932222021882494,336.794371595303
0.06536506983459829,0,0.16676561336471815,328.1028741824519
0.17795861631937868,0.05,0.06497086033769497,336.30497482627106
0.2,0.03941045281118286,0.014940961593035706,332.92496474641183
0.2,0.042940301874121914,0.016370897472280217,333.79256029516915
0.1198979746041574,0,0.12682532216497217,328.2123584148052
0.12551921699918006,0,0.13029330342112141,328.19842732212527
0.12548693785145998,0,0.12376993677133949,328.19953691111056
0.2,0.038306505248022635,0.02494927075614873,332.7677545009271
0.2,0.034553413920311804,0.026144005642708218,331.95556322009827
0.05573509569724395,0.05,0.1670833372872214,336.6306588031617
0.05637330199042538,0.05,0.16129263733046123,336.6539128589884
0.1890871210390759,0,0.045170257833630226,327.58077241264795
0.18431983546345504,0,0.0419439896376126,327.60156109873515
0.18363068155861384,0,0.0485246175196761,327.6487774313022
0,0.005537250919644061,0.20231771186559583,327.88347955281364
0.14289561973024384,0.05,0.10874890859268316,336.70367275569106
0.2,0.05,0.03205128205128206,335.8304106496795
0.16012952275653952,0.049999999999999996,0.09935897435897434,336.58238115680274
0.16012952275653952,0.05,0.10576923076923075,336.5949280529675
0.2,0.04183635431096168,0.02637920663539324,333.6160150717426
0.2,0.0423883280925418,0.02137505205383673,333.7049742168097
0.1862681539506737,0,0.023735288698092452,327.4520110112148
0,0,0.20512820512820515,327.4755572079349
0.10125204457279297,0,0.14977993545717855,328.2079988431214
0,0.03367668435287303,0.18509646176457495,332.0423517112956
0.13705328163065117,0.05,0.11172858641613559,336.7346189214734
0.10061152495118478,0.05000000000000001,0.14497833498566062,336.8037485945111
0.15557468803900504,0.05,0.07208448297790337,336.5191696266874
0.1907697586452234,0.05,0.026489919211657238,335.8931811676291
0,0.011074501839288122,0.1995072186029865,328.42411965856587
0.19118481119687625,0.05,0.02116764766947725,335.8373158344857
0.08842706000087602,0.05,0.15222790047214146,336.7811251279639
0.06043586194867082,0.05,0.17009737362530777,336.64187950881046
0.06577483449327913,0.05,0.16732071000663395,336.6753392146975
0.07098183633616592,0,0.1647916367582265,328.1272492212553
0.07158595505863946,0,0.1588017066926454,328.1464210499495
0.06596918855707183,0,0.16077568329913705,328.12333245369797
0.09187090528305014,0.05,0.1565162301568171,336.77392217915445
0.1953848793226117,0.05,0.03568085704172606,335.9190379431676
0.19579993187426453,0.05,0.017538072679033248,335.74606608658473
0,0.016993787020575447,0.184946032332065,329.21094805105344
0.1487149490240712,0,0.09937191078800754,328.0865848912532
0,0.05,0.1794871794871795,336.0859074001148
0.005747338994159343,0.05,0.17619161784855253,336.1735182276478
0.19454356051953794,0,0.04181589814758435,327.5089933291578
0.19523271442437912,0,0.03523527026552084,327.4576815999052
0.18977627494391708,0,0.03858962995156672,327.5315083817382
0.1428398458702385,0,0.11498680516571855,328.135685603435
0.1428398458702385,0,0.12139706157597493,328.13911808734457
0.1487379578298365,0,0.11858974358974358,328.11068031714007
0.19014763633791287,0.05,0.03922546453676291,336.00927616710413
0.10978360883252963,0.05,0.13459944871433666,336.8117087459634
0.11499334683503332,0.05,0.13768948063093955,336.80132255503116
0.021858173421063772,0,0.18525092571713955,327.7810002766833
0.021676363358816612,0,0.19153630308218766,327.7481194049075
0.05103432944581708,0.05,0.16406930094913508,336.61594295701747
0.2,0.03363165499085552,0.01115537594858329,331.6185729083581
0.2,0.03565736148347203,0.01613569647959519,332.0961216741619
0.16012952275653952,0.05,0.11217948717948717,336.60387703098735
0.011494677988318686,0.05,0.17930631262018193,336.22582158870085
0,0.016739097512813272,0.19705333194444408,329.11196707898364
0.10457387083002595,0.05,0.13150941679773376,336.81815393584725
0,0.04449240792390746,0.18781301591202001,334.547334515911
0.022884794778297954,0.05,0.1729099729176499,336.37095329986425
0.1604998190263905,0,0.06816825876852138,327.9200874349419
0.16079195461000273,0,0.061863847470308944,327.8883706817158
0.15518426049434414,0,0.06520023863634489,327.9373659570609
0.022833238247490117,0.05,0.16659014994089227,336.3951408648713
0.2,0.05,0.012820512820512825,335.6430942952145
0.2,0.04647015093706096,0.017800833351524728,334.7211279274231
0.2,0.05,0.019230769230769235,335.7106676431734
0,0.016866442266694356,0.19099968213825452,329.1629606513481
0.2,0.028195451579761263,0.026431632015537557,330.71062745583293
0.14997630988791377,0.049999999999999996,0.07512931329424226,336.5675447605899
0.14973537529294745,0.04999999999999999,0.08113176962111304,336.59386809981544
0.1599051384540633,0,0.08048621707446058,327.9729603991518
0.15458957992201694,0,0.07751819694228407,327.9929191472665
0.15428703493330193,0,0.08353174395001083,328.015698340327
0.19454356051953794,0,0.05463641096809717,327.5864074414724
0.1548921249107319,0,0.07150464993455732,327.9672512903331
0.2,0.03885847902960275,0.019945116174592218,332.8470461570232
0.2,0.03510538770189192,0.021139851061151703,332.02652898048393
0.17252926665980356,0.05,0.06199191083916673,336.33807873616547
0.10603560540528731,0,0.14764738677994843,328.21023748241856
0.1601295227565395,0,0.11217948717948718,328.04316246584733
0.13719027071353745,0.05,0.12474150035601089,336.74171422423257
0.16000582620241874,0,0.08672393572610584,327.9927325752404
0.010562485075917298,0,0.19812610301530786,327.61824738913157
0.01602553767612311,0,0.1947499310040675,327.68472139687276
0.18908712103907588,0,0.05158051424388663,327.61948424758606
0.2,0.05,0.006410256410256413,335.5694850460842
0.1369740130583606,0,0.12431748980173182,328.16328326350805
0.1907697586452234,0.05,0.03290017562191365,335.95031820644374
0.16709991700022847,0.05,0.059012961340638506,336.366288238908
0.17282936834878682,0.05,0.055707094542642006,336.2981522976357
0.18656969051948794,0.05,0.02479722265992125,335.9236155476551
0.18698474307114077,0.05,0.01947495111774126,335.8668369716179
0.1829807172743782,0,0.06126729339153437,327.72474168471757
0.18330569941649602,0,0.05489595545560523,327.6883337915218
0.19579993187426453,0.05,0.004717559858520422,335.6013333922878
0,0.01120184659316921,0.19345356879679698,328.47270846972253
0.18739979562279357,0.05,0.014152679575561267,335.8066771496479
0.11471873049618184,0,0.13003232374771137,328.220473011531
0.1203399728912045,0,0.1335003050038606,328.2086404242035
0.1428398458702385,0,0.10857654875546213,328.1290243133546
0.1487379578298365,0,0.11217948717948717,328.10583975753644
0.2,0,0,327.1118052180407
0.2,0.005578619501238044,0.004487208959664831,327.5449124172398
0.2,0.02987856366314469,0.012350110835142775,330.89148516617587
0.17756202180551184,0,0.05823023505047087,327.7528984273961
0.17723703966339405,0,0.06460157298640001,327.7875086572979
0.2,0.005578619501238044,0.010897465369921241,327.60534085303317
0.2,0.04591817715548084,0.02921524434333765,334.6831647324819
0.04546455961799849,0.05,0.1669953249326233,336.5717919621272
0.13110818024648263,0,0.1272379180274887,328.18329723617217
0.17214332633664547,0,0.05519317670940737,327.7773191328815
0.17788700394762966,0,0.05185889711454173,327.7151397304703
0.1494944406979811,0.049999999999999996,0.08713422594798381,336.6169024430928
0.15443374029318802,0.05,0.11538461538461536,336.6455295523095
0.1486689314125406,0,0.08657727082556109,328.054559074942
0.2,0.04591817715548084,0.02280498793308124,334.62387436009266
0,0.05,0.1858974358974359,336.05288712171534
0.08705520710875375,0.05,0.15863537996976707,336.76204833947884
0.154433740293188,0,0.11538461538461539,328.07897871972386
0,0.03898481584781492,0.18331833951634774,333.21936438835706
0,0.04449240792390746,0.18140275950176363,334.5809001161752
0.07659860283773354,0,0.16281766015173485,328.1481328939978
0.14957656637868555,0,0.06853662980238083,327.98230146457087
0.0907032306513975,0,0.16275274963063435,328.1715994924802
0.15021724448288015,0.05,0.06912685696737149,336.5379324254163
0.09147993127419039,0,0.16881254623690212,328.15267720511474
0.08615724063411256,0,0.1647931816207293,328.16002276553354
0.1802066861173912,0.05,0.03340602324817359,336.06592165054735
0.17825871800836193,0.05,0.05868604404117024,336.2666433794564
0.1850089893682962,0,0.03536336175554909,327.550819971215
0,0.011329191347050297,0.18739991899060743,328.5182911082201
0.06657330727954537,0,0.15478575323355595,328.1408905995581
0.005463052600205809,0,0.18893152029645194,327.62039285870753
0.11516072878322894,0,0.1367073065865998,328.21530657433914
0.1487379578298365,0,0.10576923076923078,328.097770391762
0.16639964872566132,0,0.058527456304273015,327.83531563853563
0.067051247079642,0.05,0.1557393100931136,336.71758312401465
0.14897147640125558,0,0.08056372381783433,328.03336186869114
0.1736366119596368,0.05,0.04301784120909521,336.2038543987485
0.1683107824165035,0.05,0.0399790813403183,336.225738490094
0.17425873426694735,0.05,0.03669255229424595,336.14883018799213
0.13694173391064052,0,0.11138386674169348,328.15611647872265
0,0.04449240792390746,0.1749925030915072,334.6104758852551
0.1789624415027702,0.05,0.046056601077872114,336.1770351099797
0.2,0.03888888888888889,0,332.6381631183909
0,0.05,0.17307692307692307,336.11493784733005
0.11986569545643734,0,0.12030195551519024,328.2116531333326
0.12064148279042314,0.05,0.12137770155803296,336.7961941892972
0,0.0056645956735251485,0.18985380564914986,327.96456470473055
0.09444935826289143,0.05,0.13925180032113724,336.81059315557604
0.19580272510191543,0,0.0045467994491020566,327.19666685381384
0,0.03347722377172238,0.1788236631206755,332.0319666294699
0.1489901187858847,0.049999999999999996,0.09955756249548176,336.6543234393396
0.028579129104925716,0.05,0.16971876142024606,336.43506897960697
0.11427673220913476,0,0.12335734090882296,328.2221660547685
0.13121094353105853,0.05000000000000001,0.11470826423958803,336.7607190579337
0.14927402138997056,0,0.07455017681010759,328.0092759985675
0,0.03898481584781492,0.17690808310609135,333.2494854793017
0.1861546379678351,0.05,0.030119494202101242,335.9770128777596
0.17855881969734516,0.05,0.052401227744645514,336.22448309259556
0.016389157800617428,0,0.1821791762739713,327.7505637450409
0.005695782463351506,0.05,0.16987179487179488,336.19935784977264
0.09153987358041504,0,0.1563138559233339,328.18995515807404
0.08699388356313009,0,0.15835428791342884,328.17980964474185
0.1432699790921824,0.05,0.1024601473801737,336.691145121068
0.14352214004823058,0.05,0.09624847910642473,336.67593316580536
0.06215673707205201,0.05,0.14544758415555076,336.7206473670949
0.06741980537521149,0.05,0.14928376444299887,336.7345386200619
0.061788178776482516,0.05,0.15190312980566545,336.705653228688
0.06092336550118714,0,0.1576012348837183,328.11333854268094
0.10385814090464623,0,0.12488926266103384,328.2316027849198
0.10917127398153792,0,0.12712917958598557,328.2280006722004
0.10896359913224307,0,0.12111742398387124,328.2278163329091
0.1040658157539411,0,0.13090101826314818,328.2301279029041
0.10961327226858501,0,0.13380416242487397,328.22460189176644
0.05111023368726591,0.05,0.15745645704301314,336.6371562392473
0.08244789354584514,0,0.16039471990352377,328.16724422452575
0.03417469478010904,0.05,0.15384615384615385,336.5322047454881
0.03422480317419313,0.05,0.16017989353063583,336.51492583641715
0.028478912316757532,0.05,0.15705128205128205,336.4767496619576
0.18926207606266154,0.025978509711246704,0,330.1734260363871
0.1954231524771158,0.02767413980269262,0,330.4066227017151
0.19383892358554572,0.031637703241887416,0,331.16505162666715
0.022032778965321527,0,0.1789456746324644,327.8106516991429
0.02226550882846722,0,0.17270646202832016,327.83741252671047
0.016621887663763123,0,0.175939963669827,327.77902386070195
0.19542315247711584,0.016563028691581515,0,328.7016781787283
0.19542315247711584,0.022118584247137064,0,329.4852964045012
0.0990128866228642,0.05000000000000001,0.12889668417393005,336.8205111433046
0.10440432741790395,0.05000000000000001,0.12549818588369088,336.82009245087727
0.15907773314948248,0.05,0.034144554763873465,336.24742845215474
0.15732480753487707,0.05,0.03992240564561294,336.3065846745215
0.15270828290136657,0.05,0.037005142357390525,336.31269525109366
0.0284789123167575,0,0.15705128205128205,327.93351492331726
0.022783129853406005,0,0.16025641025641024,327.88211969636546
0.02819402115496441,0,0.16326212121904768,327.91416004172385
0.13824930564041127,0,0.08645916190675042,328.0998643016225
0.14374772248983028,0,0.08351571948827452,328.0678191754775
0.13882651356711997,0,0.08045416815098794,328.0778657652261
0.15947910060655618,0.05,0.026848785883557786,336.1797530352218
0.16449699269714035,0.05,0.02247028029146453,336.10150180781943
0.16409562524006668,0.05,0.029766049171780207,336.1729333400049
0.03979457300201172,0.05,0.1572538695471476,336.5651575288196
0.045414451223914395,0.05,0.16066158524814134,336.5930702659961
0.03984468139609581,0.05,0.16358760923162957,336.54587892234974
0.17254889167995913,0,0.048810300755156626,327.7375360587223
0.17295445702327272,0,0.04242742480090589,327.6944715058863
0.16721077941228857,0,0.04576170439577153,327.7562515148631
0.11005527055563212,0,0.1404791452637624,328.21772971737823
0.10527170972313775,0,0.14261169394099252,328.21866762141366
0.08469576078229651,0.05,0.14122380366759246,336.7963445986383
0.08942883255439127,0.05,0.13687991843442818,336.8086798680709
0.08412085290948573,0.05,0.12779226942784577,336.8064727845331
0.08897183520586388,0.05,0.12415292040051193,336.81424629216826
0.08914137861798588,0.05,0.13016415131455483,336.8133248431644
0.1432165321746522,0,0.10231535320648344,328.1177633322116
0.1373184202150542,0,0.1051226711927148,328.14645736746064
0.07339712792156479,0.05,0.14668385134111628,336.76012048115183
0.06778836367078098,0.05,0.14282821879288415,336.74781151086853
0.07376568621713428,0.05,0.1402283056910016,336.77165988386434
0.08440830684589112,0.05,0.13450803654771915,336.80339078881207
0.0790869965315127,0.05,0.13736817111936034,336.78952140997285
0.07879954259510732,0.05,0.13065240399948702,336.7941079357695
0.17506146918109472,0.05,0.022101014533614592,336.01054219886606
0.16951488478772453,0.05,0.018091774699371267,336.0179552039454
0.17547652173274755,0.05,0.0167787429914346,335.9527386302472
0.016854617526908817,0,0.16970075106568275,327.80438603357214
0.011391564926703006,0,0.16666666666666666,327.76725594762894
0.011158835063557313,0,0.17290587927081094,327.74330642145367
0.16750353880565347,0.05,0.0526683346738651,336.3235172169086
0.16113408855753755,0.05,0.05552892226738215,336.39024170463216
0.16153771036296255,0.05,0.04918429560060876,336.3455424994159
0.17300992319181635,0.05,0.012061183132914178,335.9233496047506
0.19084630495423163,0.022014946272051916,0,329.51540636353735
0.05652511047332304,0.05,0.14806694951821733,336.68909913542717
0.14987897354597202,0.05,0.06227151935187081,336.50356910148946
0.14954070260906388,0.05,0.05541618173637014,336.4646108170659
0.15550653105175477,0.05,0.05890022080962649,336.44942286257555
0.0727305029443944,0,0.14586090468463542,328.1776231055663
0.06688121223628278,0,0.14828384493284646,328.1555810905723
0.07242259798765699,0,0.15236281298534493,328.16436893286004
0.10907760639697134,0.05,0.11513856553847177,336.81224987172794
0.1146385906041331,0.05,0.11775129816227549,336.8065950631969
0.10979576821294369,0.05,0.1220996875934517,336.8153131724044
0.027501794585767868,0,0.1820174240756327,327.8387561055478
0.027676400130025623,0,0.1757121729909576,327.86673315632964
0.1679071606110785,0.05,0.04632370800709171,336.27666730063737
0.17323299015421184,0.05,0.04936246787586861,336.25304279532816
0.09896035752634427,0,0.13467285694031078,328.22854774687966
0.09972425320849383,0,0.1397085497792667,328.22377248742856
0.10450781404098819,0,0.1375760011020366,328.22502338527374
0.16680521406897494,0,0.052144580350022264,327.79742431603773
0.07303840790113181,0,0.13935899638392596,328.18753374064977
0.07857979365250602,0,0.1434379644364244,328.1957361998624
0.13217368086428358,0,0.09540759808098881,328.1455503708412
0.1258625040779789,0,0.09812802254910126,328.1700792350736
0.13179699455986987,0,0.10166879362996747,328.15982414081026
0.09416190432648604,0.05,0.1325360332012639,336.8168011100418
0.19333333333333336,0.05,0,335.5721190098074
0.13871344682467746,0.05,0.08671976342490384,336.67081389484315
0.13365259264507615,0.05,0.08340271601713192,336.6802536819917
0.13937273233877845,0.049999999999999996,0.08050013113243999,336.64510765164096
0.07937445046791809,0.05,0.1440839382392337,336.7809706897235
0.04878332972824532,0,0.17532937977008767,328.00023748821997
0.049203405836358,0,0.1692807889770653,328.02490780330214
0.04376891895311101,0,0.1723629466988679,327.9842776000297
0.11358567773995794,0,0.11016502795982511,328.2143804445282
0.11393120497454634,0,0.11676118443432403,328.2199943853291
0.11952016822184894,0,0.11370579904069132,328.208103301561
0.19084630495423166,0.01645939071649636,0,328.732923322382
0.13969223762258057,0,0.06947140441946487,328.0308597509255
0.14435281246726026,0,0.071488625472821,328.0198467032696
0.14491599153400586,0,0.06651940874902469,327.9953036300658
0.027909129993171317,0,0.1694729603868133,327.89179469580364
0.1314203082554562,0,0.10792998917894617,328.1709896464853
0.09382281750224203,0.05,0.12051357137317809,336.8181760209204
0.09867379979862018,0.05,0.11687422234584427,336.8182619707896
0.09884334321074217,0.05,0.12288545325988715,336.8209646051793
0.10423478400578196,0.05,0.119486954969648,336.81887486964297
0.17829256929094328,0,0.04547602116029099,327.67346490464985
0.09354081488178521,0,0.15266972852888028,328.1999553403948
0.1323340216168742,0.05,0.09584198060205962,336.72402404115695
0.13780200035452828,0.05,0.09915106399111664,336.7098596145915
0.1319596622549356,0.05,0.10213074181456908,336.7397543664949
0.12510913146915154,0,0.11065041364705862,328.19235208359487
0.03875450817797671,0,0.16939651362764813,327.9651538194626
0.03360491245652281,0,0.16626783218168512,327.942494523563
0.03332002129472972,0,0.17247867134945072,327.91880811660116
0.188016671123505,0.04636078620794362,0,334.6292754604888
0.1866666666666667,0.05,0,335.64701194356667
0.18913326520759788,0.05,0.004717559858520422,335.67904873982513
0.13742764099258975,0.05,0.10543982520362612,336.7239885945719
0.13158530289299708,0.05,0.10841950302707855,336.7519860387537
0.12520805134476848,0.05000000000000002,0.11108186084383057,336.7763635768333
0.09399236091436403,0.05,0.126524802287221,336.8190666136133
0.1446745211133461,0.05,0.07781472221334113,336.6083317648791
0.1444335865183798,0.05,0.08381717854021191,336.6330492882349
0.032970810206214216,0,0.185089173518801,327.8630181705904
0.13767209771370256,0,0.0924641556625129,328.1189866232835
0.13275088879099228,0,0.08940260432522633,328.1281427433588
0.12558241070670706,0.05,0.1047930996313211,336.76587969542805
0.12595677006864558,0.05,0.09850433841881161,336.7518971609439
0.14405026747854527,0,0.07750217248054776,328.04527727131
0.15557188192027166,0.05,0.04570025652735241,336.3618707606114
0.16194133216838758,0.05,0.042839668933835354,336.2967643999276
0.11324015050536954,0,0.10356887148532617,328.2053242323663
0.10827254466306627,0,0.10792511103487339,328.21734498178915
0.1437743010042788,0.049999999999999996,0.09003681083267576,336.6572856259584
0.18143815867777058,0.05,0.015465711283497934,335.88231261214804
0.1849331970818624,0.05,0.009435119717040846,335.7800973912926
0.10365046605535139,0,0.1188775070589195,328.23023326793333
0.16096764491312257,0,0.04880366973684823,327.8151642768037
0.05636579720662413,0,0.14774909723169816,328.1157526044333
0.050715855428265906,0,0.15056457888186048,328.0839240299854
0.05581961046472653,0,0.1540829068827894,328.10044369077076
0,0.011329191347050297,0.180989662580351,328.54887163008124
0.06146955224308475,0,0.15126742523262704,328.1301340064332
0.06177745719982215,0,0.14476551693191755,328.14317163774865
0.10861807189765467,0,0.1145212675093723,328.2243017930298
0.034174694780109,0,0.15384615384615385,327.98083594450696
0.03388980361831591,0,0.16005699301391946,327.96317046619833
0.17897156013683937,0.05,0.010748151424977512,335.85432822022216
0.1401489883000347,0.05,0.06974671716649425,336.59384194874457
0.134847199525467,0.05,0.07243212608559313,336.6297295905174
0.1353825208917569,0.05,0.06768116844651817,336.6042268512467
0.13961366693374477,0.05,0.07449767480556921,336.61870694820675
0.14491545570831246,0.05,0.07181226588647036,336.5803252455751
0.09875268267704942,0,0.12866110133819644,328.23168185020234
0.09854500782775456,0,0.12264934573608212,328.23197155452283
0.1431935233688869,0,0.09591803322526021,328.1048188976466
0.14317051456312158,0,0.089520713244037,328.0886561913171
0.08412117940388023,0,0.14751693248892286,328.19953883737065
0.08783052649214762,0,0.15191539420612837,328.19621599968326
0.0898314677935178,0,0.14827126681167474,328.20567806852654
0.13503166277790088,0,0.06745418336610873,328.0393406591884
0.14025541668932617,0,0.06450218769566855,328.0057736561676
0.13559484184464649,0,0.06248496664231243,328.0137115428765
0.14034603872941642,0.05,0.058140421911918636,336.5293018291495
0.14068430966632456,0.05,0.0649957595274193,336.5668221528052
0.13591784225804676,0.05,0.06293021080744321,336.57656931549894
0.18626945743134746,0.01635575274141121,0,328.7619342243269
0.05126204217016356,0.05,0.14423076923076922,336.6679208442324
0.05118613792871474,0.05,0.15084361313689118,336.6544822016523
0.04556625970681205,0.05,0.1474358974358974,336.6276417857392
0.050169668686368296,0,0.1568983885329517,328.0669176194299
0.022498238691612913,0,0.1664672494241759,327.8610754114871
0.05424922889224269,0,0.17245523739248408,328.03786614871694
0.13769510651946787,0,0.09886147564373612,328.13368999190465
0.04549035546536323,0.05,0.1540487413420194,336.6122996857801
0.038334432069864026,0,0.1754451044206705,327.93994137565926
0.14545077707460236,0.05,0.0670613082473954,336.5539431894443
0.04962348194447069,0,0.16323219818404297,328.04672716189185
0.054669305000355384,0,0.16640664659946172,328.0610297442389
0.05527342372282891,0,0.16041671653388062,328.0819507301255
0.07743524576675107,0,0.15637876644443435,328.16771588186447
0.038159826525606275,0,0.18175035550534563,327.91222438788014
0.03314541575047197,0,0.17878392243412586,327.89250543749705
0.059715128056240074,0,0.1695810950148805,328.07195928554825
0.1380541613105765,0.05,0.09293939571736769,336.6929928253132
0.13299330713097518,0.05,0.08962234830959578,336.7039025179404
0.15516826011484663,0.05,0.05204488319412581,336.4084981490447
0.0603192467787136,0,0.16359116494929937,328.0940989768076
0.03427491156827722,0.05,0.16651363321511783,336.4940262417293
0.16056207956980895,0,0.05518654569109897,327.85457328728194
0.10048814889064339,0,0.1447442426182226,328.2169228528425
0.13332809671770096,0,0.08339761056946385,328.10785890114096
0.1254858177735652,0,0.10438921809807994,328.1827697914812
0.005695782463351503,0,0.16987179487179488,327.70382362739355
0.00546305260020581,0,0.17611100747593916,327.67818880512226
0.01092610520041162,0,0.17914509187495523,327.7162589524875
0.00546305260020581,0,0.18252126388619555,327.65091234035043
0.16911351733065086,0.05,0.025387543579686946,336.09314285138345
0.14477423520078608,0.05,0.05335063301639405,336.47746458136504
0.14511250613769422,0.05,0.06020597063189472,336.5180013656531
0.039870477243460545,0.05,0.15064102564102563,336.5824030861577
0.19542315247711584,0.011007473136025958,0,328.05250658964866
0.13912905855583496,0,0.07444062114326118,328.0539791631418
0.06718911719302019,0,0.14178193663213698,328.1669280439639
0.06208536215655957,0,0.13826360863120807,328.15286573144147
0.17650496159590817,0.05,0.006030591566457089,335.8222041024556
0.18246659854093122,0.05,0.004717559858520423,335.7493779070967
0.09477786050100581,0,0.14398990829547073,328.2166801803005
0.09554175618315537,0,0.14902560113442664,328.2084980704435
0.15095535728676115,0.05,0.04278299323913,336.36881147975794
0.01708734739005451,0,0.16346153846153846,327.8266502636515
0.0674970221497576,0,0.1352800283314275,328.17493145973276
0.108359444580999,0.05,0.10817744348349183,336.80484715465946
0.10351662218980959,0.05,0.11252583291466804,336.8137300841672
0.09401396481885625,0,0.13895421545651482,328.2227879150224
0.0625252953676215,0.05,0.13899203850543604,336.731958900261
0.18270000891367663,0.04272157241588724,0,333.74446834968717
0.18135000445683833,0.04636078620794362,0,334.6971612687191
0,0.0056645956735251485,0.18344354923889347,327.99590721782334
0.06815692196635047,0.05,0.13637267314276946,336.7574017964343
0,0,0.1858974358974359,327.5818733449093
0.08328453647486268,0,0.15395582619622333,328.1850817930816
0.15472451041395657,0,0.05184563507792492,327.8694566532786
0.1551300757572702,0,0.045462759123674173,327.82852995482
0.07827188869576861,0,0.14993987273713388,328.1839183454643
0,0.0056645956735251485,0.17703329282863706,328.02400671404524
0,0,0.1794871794871795,327.6107348323627
0.18000000000000002,0.05,0,335.7145186970602
0.09833733297845972,0,0.1166375901339678,328.22941685984136
0.043348842844998334,0,0.17841153749189026,327.95791074234063
0.05667370216336154,0,0.14124718893098864,328.1271373760499
0.19468333779017166,0.04080523065238806,0,333.1495169660043
0.1343118781591771,0.05,0.07718308372466809,336.65307753331086
0.1806080535744649,0.05,0.026110254367857914,335.99689475680407
0.18102310612611774,0.05,0.020787982825677925,335.9412943074425
0.11955132729167421,0,0.10084844701721371,328.1900038555819
0.11917464098726054,0,0.1071096425661924,328.2011111984282
0.14920243167215574,0.05,0.04856084412086947,336.42105757214546
0.18936667558034329,0.04272157241588724,0,333.67620348672006
0.0390393993397698,0,0.16318567445988252,327.98724148952147
0.0441889950612237,0,0.16631435590584553,328.00779350122616
0.04447388622301679,0,0.16010351673807993,328.02828243438194
0.056449206231874216,0.05,0.1546797934243393,336.6734496571202
0.18320559916588902,0.03547038676888577,0,332.05954189170234
0.18936667558034329,0.03716601686033168,0,332.36748836649383
0.18405001337051494,0.03908235862383086,0,332.85643993996433
0.19084630495423163,0.010903835160940806,0,328.0853456448691
0.1954231524771158,0.005451917580470403,0,327.5353026427738
0.18767784717109146,0.0299420731504415,0,330.90169977334
0.18852226137571737,0.03355404500538659,0,331.6046304226335
0.17466010172402105,0.05,0.02939678341393027,336.08264946945667
0.1199233209744508,0.05,0.11441657950305302,336.7935976119834
0.1488869412581042,0,0.048504724464750876,327.87996573652566
0.028529020710841624,0.05,0.16338502173576405,336.4577196635908
0.022783129853406026,0.05,0.16025641025641027,336.41592195253406
0.18468522853977737,0.020319316180606,0,329.3195446450746
0.18310099964820728,0.024282879619800794,0,329.9474091299253
0.17967087710062565,0,0.032314765396163986,327.5728792606767
0.19468333779017163,0.03524967509683251,0,331.89386946612586
0.154461208515972,0.05,0.03122729147565105,336.2527088861525
0.1687121498735772,0.05,0.032683312460002625,336.1624039467663
0.1823611849612631,0.031858414913940675,0,331.32257113800716
0.163694257782993,0.05,0.037061818052095886,336.2384383201352
0.05689366876889253,0.05,0.14161140386810261,336.70213191619376
0.08906757211136823,0,0.14323557397271883,328.21311827851935
0.19468333779017163,0.04636078620794362,0,334.55400347199276
0.11920515915847846,0.05,0.10745545744807308,336.78666161827755
0.11392042878816075,0.05,0.11079017610729555,336.80127383092764
0.119579518520417,0.05,0.10116669623556361,336.774426874647
0.1613732102564362,0,0.04242079378259748,327.7724737876486
0.1815167707566372,0.028246443058995586,0,330.645527678879
0.17898172319578448,0,0.03889539327822749,327.62493448013987
0.17364361092811392,0,0.035846796918842384,327.64462698943333
0.1676163447556022,0,0.03937882844152078,327.7117972350116
0.13446848371115527,0,0.07242340008990505,328.06300309295875
0.051262042170163516,0,0.14423076923076925,328.0977463935582
0.07347823228072889,0.05,0.13351253857112821,336.7777509397365
0,0,0.17307692307692307,327.6363533029452
0.03932429050156289,0,0.15697483529211687,328.0063186952537
0.11320226697218842,0.05,0.10382905405231563,336.79161318226664
0.103304938820763,0,0.1122813505844206,328.22537585761415
0.13390530464440967,0,0.07739261681370137,328.0846988441876
0.0871090055595147,0.05,0.10551610175845594,336.795126478831
0.09254197214397761,0.05,0.10863034857873367,336.806336069443
0.08780786662969432,0.05,0.11064572870528878,336.8037332661344
0.17248369934019003,0.021251191909749237,0,329.55978879153
0.1785844639399837,0.02078525404517762,0,329.44106501079676
0.1770002350484136,0.024748817484372413,0,330.0769155205382
0.09709396469769513,0,0.10623111229656229,328.2180012517851
0.09192412552834842,0,0.1028988794961726,328.2097565381036
0.09254580966873072,0,0.10810211841487535,328.21824129150264
0.17312968336878015,0.0278473372316806,0,330.64461280938156
0.16666666666666669,0.05,0,335.8302780691249
0.16000000000000003,0.05000000000000001,0,335.87929165035763
0.16330170523924564,0.045847334100306725,0,334.7143775688375
0.022783129853406026,0.05,0.15384615384615385,336.4339135786606
0.01708734739005452,0.05,0.15705128205128205,336.36953155486543
0.12799347382875512,0.05,0.08576684605928721,336.7087518704507
0.12733418831465412,0.05,0.09198647835175104,336.7306585641186
0.06166759400277475,0,0.11901386945818171,328.15670255684176
0.06187647807966715,0,0.12543361083956667,328.15894499264726
0.06707925399597278,0,0.12244054556865754,328.1773328222365
0.1814916169682861,0,0.015024783469166216,327.4186676956758
0.18092160629074983,0,0.020072228644559355,327.46657184663275
0.09797493872844056,0.05,0.11174459539901141,336.81331941764273
0.091843111073798,0.05,0.10350072163190083,336.79719029412274
0.15689042682974438,0,0.03957281296004482,327.78006506668584
0.1801686928315538,0.016821690605982827,0,328.87546856515837
0.07834618654242881,0,0.13657259070417158,328.20345212428373
0.0728048007910546,0,0.13249362265167314,328.1929336652206
0.04502007296491441,0,0.15376970708698867,328.0471369300762
0.0883898509177791,0.05,0.11739932455290036,336.81100105666667
0,0.016747320644974972,0.1728701582539115,329.2314470830775
0,0.011082724971449824,0.16891378850219751,328.5707741718086
0,0.016624087457174735,0.1668322212148347,329.23723399817374
0.1458135835234432,0.05,0.042978374464300986,336.3990861060545
0.14756650913804864,0.05,0.03720052358256151,336.3441160756718
0.09771564883807743,0,0.11143435121526504,328.22479996333385
0.1026832546803807,0,0.10707811166571785,328.21928271385
0.17663503857257895,0.04584733410030672,0,334.6051920837306
0.17432432944070178,0,0.028651705342630895,327.58651773659915
0.1803515956132135,0,0.025119673819952497,327.5123930589957
0.17500504795328964,0,0.021456613766419406,327.5241626481749
0.18246939176858207,0,0.004546799449102056,327.3146355615138
0.1765528334311219,0,0.005931184570962103,327.3745036059814
0.179022225199704,0,0.010477984020064158,327.39773113199703
0.18913605843524878,0,0.0045467994491020566,327.2578439722051
0.19333333333333333,0,0,327.17564862063483
0.04556625970681204,0.05,0.13461538461538458,336.6455436518428
0.05126204217016356,0.05000000000000001,0.13782051282051283,336.6768792189
0.04556625970681205,0.05,0.14102564102564102,336.638390149434
0.034174694780109025,0.05,0.1474358974358974,336.54649702876077
0.03417469478010902,0.05,0.141025641025641,336.55721667872297
0.03987047724346053,0.05,0.14423076923076922,336.5949234096415
0.10281776111962995,0.05,0.1073962059678352,336.80720323190565
0.005695782463351503,0,0.15064102564102563,327.75666976509393
0,0,0.15384615384615385,327.6938508073476
0.005695782463351504,0,0.15705128205128205,327.74223730195405
0.17849063328162967,0.03495693466124887,0,331.99367255421737
0.17933504748625556,0.03856890651619396,0,332.7830740736579
0.1259616082363708,0.05,0.06471411026342803,336.621777077836
0.1304044038809189,0.05,0.06857311817451058,336.62760012502355
0.1254262868700809,0.05,0.06946506790250298,336.648007417818
0.08295688433331617,0.05,0.11428507773262261,336.7995998500008
0.0823749000452314,0.05,0.10753148188501106,336.7901295501884
0.09316749380911299,0,0.1133053573335781,328.2245442298603
0.005695782463351504,0,0.16346153846153846,327.72464718765536
0,0,0.16666666666666666,327.6587525837092
0,0.01687055383277521,0.17890809529298823,329.2226851007041
0,0.01120595815925006,0.17495172554127425,328.56131043458356
0.07259591671416218,0,0.12607388127028812,328.1944457001909
0.06728813807286518,0,0.1288602869500425,328.17774608117213
0,0.022365032749824185,0.1768673055558584,330.02390063822486
0.12928116207080026,0.05,0.04963448262438069,336.5184308868766
0.1359215852712521,0.05,0.04927660312321028,336.49123712919663
0.13149338879988243,0.05,0.054066392018734866,336.5403381916618
0.14417766098933613,0.05,0.03161805392599304,336.31461652482403
0.14242473537473072,0.05,0.03739590480773251,336.3723104932018
0.13903588722601817,0.05,0.03181343515116403,336.3407307335874
0.0836539651837258,0,0.1337861850244172,328.2158888754108
0.08342035807364859,0,0.12692081129216437,328.21849317867606
0.07811257943235159,0,0.12970721697191875,328.2074542382019
0.09336500801018933,0,0.12006533052003332,328.2291865709972
0.0935726828594842,0,0.12607708612214766,328.2302235355852
0.09378035770877906,0,0.132088841724262,328.22841610117104
0.13253273712253955,0.05,0.0436941334666418,336.4641971724666
0.13578431217427886,0.05,0.037753784308902916,336.4049637880368
0.13917316032299137,0.05,0.043336253965471395,336.43427364620896
0.15300334759006384,0.05,0.011578260047412248,336.06538103745015
0.15650167379503194,0.05,0.005789130023706124,335.97542394198354
0.15967330205760677,0.05,0.011819721590163212,336.02458409840176
0.03987047724346052,0.05,0.1314102564102564,336.60921972996465
0.03987047724346053,0.05,0.1378205128205128,336.60387109981474
0.17310566686224382,0,0.011862369141924206,327.4550649318826
0.15280914613901325,0.05,0.026607324340806822,336.221055189074
0.15782703822959743,0.05,0.02222881874871356,336.14679336108435
0.1041245288673103,0.05,0.09865740539127625,336.78985423198867
0.09858284540594126,0.05,0.09787616787561962,336.7888826930894
0.10058847422380125,0.05,0.09426699424589355,336.77982103654347
0.16381427984149824,0,0.029335756042756633,327.6643204152434
0.1644949983540861,0,0.02214066446654514,327.6028428283737
0.15933149641480643,0,0.026487775220203975,327.6698340527196
0.16829706326819005,0,0.032183736865309294,327.65606493102433
0.1689777817807779,0,0.0249886452890978,327.59608679144696
0.16965850029336574,0,0.01779355371288631,327.53186281627944
0.18,0,0,327.29017883857586
0.1337056155289646,0.05,0.05849830141308904,336.5597176678692
0.10765086052268397,0,0.10272187211617063,328.2097755907683
0.04556625970681202,0.05,0.12820512820512817,336.64910647042774
0.11733452171021402,0.05,0.08427547385113393,336.7311718206051
0.11595710346420549,0.05,0.0907933339181945,336.7553428802884
0.11242104882069642,0.05,0.08640292277281178,336.7469852896699
0.10211890004945032,0.05,0.10226657902100234,336.79830527454914
0.10766058351081936,0.05,0.10304781653665898,336.7967360032833
0.16313356132891038,0,0.036530847618968125,327.72155216652294
0.12986908251462903,0.05,0.07332407581358553,336.65238926641126
0.12420996369830799,0.05,0.07568820585574082,336.6805601416399
0.11976716805375989,0.05,0.07182919794465828,336.6741088375353
0.12098349122553281,0.05,0.06560605999142044,336.63993198753127
0,0.011082724971449824,0.1625035320919411,328.59173184068294
0.0972760776582609,0.05,0.10661496845217855,336.80600575940076
0.12865275934285608,0.05,0.07954721376682337,336.6833178640508
0.11457968521819695,0.05,0.09731119398525505,336.77549000084224
0.011391564926703008,0,0.16025641025641027,327.7865037873887
0.011391564926703006,0,0.15384615384615385,327.80255683764364
0.17764621907700373,0.03134496280630378,0,331.26419832934374
0.03417469478010901,0.05,0.13461538461538458,336.5643636953746
0.05126204217016353,0.05000000000000001,0.12499999999999999,336.6840239167636
0.05689366876889251,0.05,0.12879089104758978,336.7135227366073
0.05126204217016354,0.05,0.1314102564102564,336.68224690974375
0.05126204217016351,0,0.13782051282051283,328.10585304874525
0.14468611649381208,0,0.05984210696981471,327.9635961743191
0.1400255416491324,0,0.05782488591645858,327.9728434903987
0.056893668768892514,0.05,0.13520114745784623,336.7096226683124
0.06252529536762148,0.05,0.13258178209517962,336.73798202983085
0.06208536215655956,0,0.13185335222095165,328.15795954807777
0.1755750586308259,0,0.01640916859102626,327.4770632609759
0.0398704772434605,0,0.14423076923076925,328.03508356396077
0.0398704772434605,0,0.15064102564102563,328.0238372291041
0.04556625970681201,0,0.14743589743589744,328.06280737878785
0.13813381200033426,0.05,0.05370851251756445,336.51153339346195
0.09324083321415724,0.05,0.11375997552556652,336.8131107396681
0.04556625970681201,0,0.14102564102564102,328.07250134445036
0,0.04448128413779783,0.16870220219933024,334.63328830008254
0.05667370216336154,0,0.13483693252073226,328.13373761196164
0.056673702163361525,0,0.1284266761104758,328.13709536921226
0.0512620421701635,0,0.13141025641025642,328.1107172252712
0.1849387835371642,0,0.009093598898204113,327.33680132211487
0.17807887368777128,0.011369773025512423,0,328.2450788183342
0.1759890545439888,0.00591785544504202,0,327.7411254816311
0.18208981914378247,0.005451917580470403,0,327.6543275570384
0.18666666666666665,0,0,327.2351064941465
0.034174694780109004,0,0.13461538461538464,328.00964117079087
0.034174694780109,0,0.14102564102564102,328.0032363906524
0.0398704772434605,0,0.13782051282051283,328.04313293686124
0.022783129853406026,0.05,0.1474358974358974,336.44825770966077
0.01708734739005452,0.05,0.15064102564102563,336.38569399738725
0,0.005541362485724912,0.1709953557895603,328.0371472733991
0.16317162826257486,0.05,0.006030591566457089,335.9320209330837
0.18875648581044915,0.005451917580470404,0,327.5970078644473
0.0784620053138076,0.05,0.12398379676488364,336.7946366433394
0.07314069499942917,0.05,0.12684393133652486,336.77972767975444
0.17377566739737027,0.03444348255361197,0,331.92599056330226
0.1692591316891467,0.030945856978988794,0,331.2554316817187
0,0.022241799562023948,0.17082936851678163,330.0291052135051
0,0.022230675775914324,0.16453906762460468,330.0495556543349
0.083887572293803,0,0.14065155875667001,328.2095707616423
0.1746200816019962,0.038055454408557066,0,332.7078955539212
0.056464818086469123,0,0.12200693472909085,328.1362516369119
0,0.03346609998561276,0.17253336222849852,332.05718057472353
0.087375970499384,0,0.10476988561448566,328.2081240422969
0.08799765463976628,0,0.10997312453318842,328.2161130225048
0,0.05,0.16025641025641024,336.1613106314057
0,0.04448128413779784,0.1558816893788174,334.674587299296
0,0.05,0.15384615384615383,336.17905242444294
0.09657721658808127,0.05,0.1014853415053457,336.79632099606386
0.17798504302941726,0.042208120308250344,0,333.66180082403974
0.06218775808632177,0.05,0.12591317486057624,336.7389765340225
0.056556131487592795,0.05,0.12212228381298643,336.7120869725249
0.06185022080502206,0.05,0.11924456762597287,336.73608026213367
0,0.027848387880763537,0.1685362149265516,330.9835149503123
0,0.02783726409465391,0.16224591403437463,331.00278291006026
0.07788002102572282,0.05,0.11723020091727204,336.79058296625834
0.07729803673763803,0.05,0.11047660506966048,336.7825067341465
0,0.027859511666873164,0.17482651581872855,330.96068275727055
0.08883396500129104,0,0.136370200240466,328.22094833372955
0.08282781547041958,0,0.10664089173279873,328.20412323777504
0.15240764340305257,0,0.03672483213749216,327.7849144989801
0.1506472923305784,0,0.04261477830112152,327.83395758138295
0.1511570837620545,0.05,0.0219873572059626,336.1865398726089
0.14766737237569533,0.05,0.026802705565977816,336.25267416888835
0.14252559861237735,0.05,0.026998086791148807,336.2810667416544
0.1061301576851703,0.05,0.09504823176155018,336.77977983585663
0.12299364052653505,0.05,0.08191134380897865,336.7093492931489
0.17333333333333334,0.05,0,335.77535375135915
0.1699683719059123,0.045847334100306725,0,334.6627401945506
0.034174694780109,0,0.14743589743589744,327.9936346485577
0.08353886862140095,0.05,0.1210386735802342,336.8050475947824
0.06714431012245133,0.05,0.11636685143895932,336.7560037855901
0.07222117343004468,0.05,0.11342172825430989,336.77113147928037
0.07280315771812947,0.05,0.12017532410192147,336.77781364369173
0.022783129853406005,0,0.15384615384615385,327.89819939803596
0.022783129853406005,0,0.14743589743589744,327.9110612325989
0.01708734739005451,0,0.15064102564102566,327.8587796712842
0.07238703263726978,0,0.11965413988890317,328.1927298547861
0.06687036991908038,0,0.11602080418727256,328.1736916829259
0,0.005541362485724912,0.15817484296904746,328.07727077707426
0,0.005541362485724912,0.16458509937930388,328.0588257482183
0,0,0.16025641025641024,327.67791841851
0.14256200847170392,0.05,0.048918723622039875,336.4587793576195
0.1740679282317601,0.017287628470554442,0,328.98620632100096
0.011391564926703013,0.05,0.16025641025641027,336.2990989397265
0,0.03345497619950313,0.16624306133632155,332.07883028668357
0.10750757593117884,0.05,0.08853037169448962,336.75964002494356
0.10259410304166122,0.05,0.09065782061616745,336.7691360264261
0.1287274985181266,0.05,0.05939025114108145,336.5828802542516
0.011391564926703013,0.05,0.15384615384615385,336.3170949536789
0.045566259706812,0,0.1346153846153846,328.07898158218325
0.01708734739005451,0,0.15705128205128205,327.84432390102154
0,0.05,0.16666666666666666,336.13993910570133
0,0.04448128413779784,0.16229194578907383,334.6557526660228
0.10206157053999841,0,0.1018748727470151,328.21100775504453
0.14911681629829798,0,0.05518202624396086,327.917704809498
0.1444562414536183,0,0.05316480519060472,327.9282615549485
0.14934669133849177,0,0.061859328023170845,327.95181671884643
0.15495438545415036,0,0.0585229368571349,327.90522488698167
0.022783129853406005,0,0.14102564102564102,327.9206783752586
0.01708734739005451,0,0.14423076923076925,327.8700175744394
0.08860035789121382,0,0.12950482650821318,328.2250645784365
0.15865077790221857,0,0.03368286679641547,327.72856525129146
0.1628449303201816,0.05,0.017850313156620303,336.06723615662315
0.005695782463351507,0.05,0.15064102564102563,336.2583912990583
0.005695782463351506,0.05,0.15705128205128205,336.2422092088016
0,0.03897369206170529,0.17061778221391438,333.27349865934235
0.10966621232867935,0.05,0.0994386429069329,336.7872722211368
0.17197810908797762,0.01183571089008404,0,328.3424483660574
0.005695782463351506,0.05,0.16346153846153846,336.22259839562065
0.16983829492924152,0.05,0.006030591566457089,335.88006788603616
0.16796716363196643,0.01775356633512606,0,329.0941474918546
0.02847891231675751,0.05,0.1378205128205128,336.5143667767812
0.02847891231675752,0.05,0.14423076923076922,336.5054311933271
0,0.03896256827559566,0.1643274813217374,333.2939476060892
0.15416799447552676,0,0.030834885973862802,327.73283648931704
0.011391564926703015,0.05,0.14743589743589744,336.33144347250493
0,0.033443852413393496,0.15995276044414458,332.0969157653498
0,0.03896256827559567,0.157917224911481,333.3138750795983
0.06748184740375104,0.05,0.12303545867356269,336.7603605652854
0.15617497585263868,0.05,0.01760885161386934,336.1109720675604
0.14950502138509575,0.05,0.01736739007111837,336.14916293675736
0.1309397252472088,0.05,0.06382216053543563,336.60065618715856
0.028478912316757504,0,0.14423076923076925,327.95920861264335
0.028478912316757504,0,0.13782051282051283,327.96721957404236
0.06781938468505075,0.05,0.12970406590816608,336.76082656890014
0.1663432565251497,0.05,0.012061183132914178,335.978242117613
0.12374938150728862,0.05,0.060282200869073856,336.60307685965176
0.12651527178904443,0.05,0.05495834174672727,336.562576492767
0.07790369535545918,0,0.12328747559053377,328.2076636867029
0.08302532967149591,0,0.11340086491925394,328.2125048173846
0.12233435501243407,0.05,0.08813097610144249,336.73304115726796
0.14601530999873655,0.05,0.022182738431133588,336.2172108093777
0.08819516884084264,0,0.11673309771964363,328.2226249828782
0.01708734739005452,0.05,0.14423076923076922,336.39820894478265
0.028478912316757532,0.05,0.15064102564102563,336.4929229765625
0.18417963828756498,0.010903835160940808,0,328.1449126856221
0.17327007714515788,0.04169466820061344,0,333.57732064496213
0.16990511571773684,0.03754200230092016,0,332.63090438075454
0.08839268304191897,0,0.12349307090609885,328.2255453439421
0.14931943475265408,0.05,0.03142267270082204,336.2852759090124
0.12095693676642554,0.05,0.09464883616850304,336.75574598552225
0.09647228055731283,0,0.10102787337785954,328.20902072519493
0.16660341047849125,0.04169466820061345,0,333.6315818123031
0.02278312985340602,0.05,0.14102564102564102,336.4589818599171
0.11104363057468788,0.05,0.09292078283987233,336.7691407249681
0.045566259706811996,0,0.1282051282051282,328.0822193412549
0.08322284387257226,0,0.12016083810570916,328.2172947976851
0.0398704772434605,0,0.13141025641025642,328.0479867571398
0.028478912316757504,0,0.15064102564102566,327.94800068928816
0.011391564926703006,0,0.14743589743589744,327.8153920207912
0.11855084488198696,0.05,0.0780523358978961,336.7045221152266
0.0512620421701635,0,0.125,328.11233892313606
0.16861314766055657,0.024349711657057425,0,330.07651271875204
0.11024151208222177,0.05,0.06317047448865253,336.6457617935721
0.11712891737604497,0.05,0.06111878395801401,336.6233938061234
0.11409608593170963,0.05,0.06765775052205895,336.6644524951095
0.16988616676445523,0,0.005931184570962103,327.42302422637925
0,0.02784139730806673,0.15581681452174806,331.0216895780984
0.0674691732175722,0.05,0.10994230878675687,336.7505861835088
0.06187193184652469,0.05,0.11292282177052745,336.731269391473
0.15546510028791827,0.0385656670395086,0,332.9664796656509
0.15319765043187739,0.032848500559262896,0,331.7427507493871
0.15876680552716388,0.03441300113981532,0,332.0315646483546
0.045566259706811996,0,0.12179487179487179,328.08219706486227
0.005695782463351503,0,0.13782051282051283,327.7759101366876
0.011391564926703006,0,0.13461538461538464,327.8314185182068
0.005695782463351504,0,0.13141025641025644,327.7806853528608
0.061502369336147195,0,0.11240338148691986,328.15122720648526
0.056299593419841566,0,0.11539644675782901,328.13226320080815
0,0.03881624881002446,0.13882306162011648,333.3183787802319
0,0.03881624881002446,0.1452333180303729,333.30863438900485
0,0.033224373215036684,0.14092690012248243,332.09270065183495
0.15701699193710228,0,0.02083768099162704,327.6374359850771
0.15470248745939816,0,0.015187586763050112,327.6019575190297
0.1495389855201185,0,0.019534697516708943,327.66631708648697
0.09133897626136901,0.05,0.0889723373317824,336.75998585083653
0.09058136702883636,0.05,0.08267344098750526,336.73740770057645
0.09620893041898246,0.05,0.08351618262969777,336.7447760064131
0.13034421260343204,0.05,0.017654309153148133,336.23955485339405
0.133562808402288,0.049999999999999996,0.011769539435432089,336.1638268844763
0.1367311488639866,0.05,0.017558669459138213,336.2142700250943
0.06716676507100623,0,0.10965634025102036,328.16860561047815
0,0,0.13461538461538464,327.72267267346155
0.09063460191646208,0,0.08235746510117062,328.15593368708386
0.09611722862334518,0,0.08318661553361924,328.16245166944606
0.09526330551589368,0,0.07676026562079677,328.1389941439136
0.12937993341565585,0.04999999999999999,0.038687124273289256,336.43645695527493
0.12612835836391653,0.049999999999999996,0.044627473431028145,336.4926532497575
0.12297555465703283,0.04999999999999999,0.039620464237675596,336.4630786162014
0.1118155439090189,0,0.07943483916727198,328.1431043726771
0.11777731130586572,0,0.0835707256806965,328.14848569601776
0.1187788433227584,0,0.07745858590701532,328.1250529086776
0.14680376835552103,0,0.036961132632393645,327.8141823323674
0.14856411942799522,0,0.03107118646876429,327.76307567625264
0.14296024438046367,0,0.031307486963665775,327.79026780184677
0.06811889940781396,0.05,0.097093223482352,336.7288528954436
0.07287089962028644,0.05,0.100572642949905,336.75296160777697
0.06779403631269308,0.05,0.10351776613455443,336.7415358867933
0.10674996669864617,0.05,0.08223147535021245,336.7381950941935
0.10107888457659593,0.05,0.07806002792761314,336.72412817358827
0.10599235746611353,0.05,0.07593257900593531,336.7130575555021
0,0.0333706926806079,0.15361080700359053,332.0990929095706
0,0.027768237575281123,0.149474861081194,331.02316184777214
0,0.03329753294782229,0.14726885356303648,332.09768787173226
0.13050682557951865,0,0.05284322684273301,327.97884939323416
0.12811318888271497,0,0.058580543314969556,328.017565594856
0.13305083371208257,0,0.057664096742522715,327.9975548948334
0.0739830705622836,0.05,0.09410534755143128,336.74065872771337
0.14311808512454116,0.05,0.017463029765128292,336.18413938621546
0.0894946923971246,0,0.09231240084698283,328.1845322028352
0.0884353314482543,0,0.09854114323073423,328.1979281211903
0.09298348647721871,0,0.09667013711242119,328.1981349104839
0.011391564926703006,0,0.14102564102564102,327.8250251036802
0.01708734739005451,0,0.13782051282051283,327.87802918731916
0,0.05,0.1474358974358974,336.1930840502333
0.005695782463351507,0.05,0.14423076923076922,336.2706376130196
0.1558511849298861,0.0224357495535495,0,329.8548197322193
0.15092801386318974,0.027467394294928442,0,330.72689322156316
0.1486583772945021,0.022086288030593988,0,329.8404761116574
0.05130546425316879,0.05,0.11235650828910915,336.6772939006095
0.051327175294671415,0.05,0.10603476243366373,336.6687074417894
0.05659955357059805,0.05,0.1094787921020956,336.70217061020617
0.05109681750353594,0,0.11838951202873815,328.10983740128523
0.16,0,0,327.4288041189461
0.16321950009778857,0,0.005931184570962103,327.46712282759535
0.16666666666666666,0,0,327.3870177113379
0.022783129853406008,0,0.13461538461538464,327.92709342985063
0.16103425538320476,0.040130167620061025,0,333.2954120832329
0.16433596062245037,0.03597750172036774,0,332.32761585881036
0.14504341728304684,0,0.042851078796023,327.862254061222
0.13806870934599702,0,0.042690289622087145,327.89023674945054
0.14191223332105438,0,0.048343935290815016,327.91076875939206
0,0.01108685818486264,0.15607443257931453,328.60980377973
0,0.01663235388400037,0.1539740221895816,329.2753287237954
0,0.01662822067058755,0.16040312170220816,329.2579266846975
0,0.02223480898932714,0.1581099681119781,330.0693553316159
0.01708734739005452,0.05,0.125,336.41402614130794
0.022783129853406015,0.05,0.1282051282051282,336.46947079981635
0.01708734739005452,0.05,0.1314102564102564,336.4123247046789
0.10405540316678738,0,0.09834628691402535,328.20350212091046
0,0.05,0.141025641025641,336.20355952720445
0.005695782463351507,0.05,0.1378205128205128,336.2793277781615
0.09697115173079665,0,0.08961296544644169,328.18260366305157
0.09148852502391355,0,0.08878381501399307,328.17691601559386
0.0949773191040077,0,0.09314155127943144,328.19103903658726
0.08822117650151187,0.05,0.09904880635998223,336.7838146748068
0.10604923579357636,0,0.0948177010810356,328.19465698713725
0.10756162272707509,0,0.08815165247949239,328.17598736686983
0.10245377843767976,0,0.09044211587889031,328.1852755446222
0.028478912316757504,0,0.125,327.9736610388065
0.034174694780109004,0,0.12820512820512822,328.0128759638171
0.034174694780109004,0,0.1217948717948718,328.0128958647186
0.12317554405334738,0,0.05949698988741639,328.03506067300185
0.12078190735654373,0,0.06523430635965294,328.06892769103894
0.1257195521859113,0,0.0643178597872061,328.05303793019493
0.07254603652516556,0.05,0.10699718560210746,336.76386289084576
0.11475253743886826,0,0.09690282288378295,328.1901470937689
0.11626492437236699,0,0.09023677428223972,328.17120091498606
0.11115708008297168,0,0.09252723768163766,328.1844165036196
0.08348707098722857,0.05,0.10106418648653734,336.78058131031105
0.08388717641928986,0,0.1004121493490473,328.1953530231813
0.07886442305410266,0,0.0971743228976197,328.179220027891
0.07780506210523236,0,0.10340306528137111,328.18905282810107
0.07750866695330651,0,0.10976752921762334,328.1976112815345
0.1310940014089472,0,0.04252950044815129,327.9132928486636
0.13422518537093966,0,0.037036643953359275,327.86556545800397
0,0,0.14743589743589747,327.7066178163108
0.03987047724346052,0.05,0.12499999999999997,336.61104149076965
0,0.03888940854281006,0.15157527147092695,333.31304582533113
0,0.044408124405012225,0.14953973593826336,334.67075164654085
0.1126694670164704,0,0.08586118908009444,328.1637240840017
0.15773255014395915,0.0442828335197543,0,334.34532663264105
0.028478912316757504,0,0.13141025641025644,327.9720380703466
0.07770618115438285,0,0.11652750240407855,328.20443328377337
0.10964469314947295,0,0.09919328628318089,328.2013398830519
0.16304399256527008,0.022785211076505003,0,329.8641671194967
0.16077435599658244,0.017404104812170553,0,329.0955943677442
0.09696653965151511,0.05,0.08981507897397492,336.76639389276716
0.06219679494164557,0.05,0.10649827911832502,336.72412198976804
0.12795209893818632,0,0.08545698019179555,328.13109653392036
0.13678140420114399,0.04999999999999999,0.005884769717716044,336.08196663291614
0.1399497446628426,0.04999999999999999,0.011673899741422168,336.13614792756556
0.10074593222277678,0,0.07758941605324539,328.1433266952931
0.10159985533022828,0,0.08401576596606786,328.16595388592117
0.10670769961962359,0,0.08172530256666992,328.156016681857
0.05128375321166616,0.05,0.11867825414455456,336.68239939226766
0.1462496149502911,0,0.02542109224018736,327.7301858805049
0.14064573990275955,0,0.025657392735088845,327.75620771256376
0.07873507077475608,0.05,0.0975847670189843,336.76246159938813
0,0.00554549569913773,0.1453354870461645,328.1045678336651
0,0.00554549569913773,0.15174574345642092,328.0927219686444
0.11989480765780079,0.05,0.05579492483566743,336.5854385470117
0.15358154836119847,0.017054643289215046,0,329.09204501034935
0.15092582715054298,0.011136787844173025,0,328.3991988512369
0.15811863478592697,0.011486249367128533,0,328.39674400825015
0.05692441666571893,0.05,0.10305424944989316,336.6932934088775
0.0398704772434605,0,0.11858974358974358,328.0479843816487
0.039870477243460496,0,0.125,328.0495930154567
0.08494653736816016,0,0.09418340696529588,328.1833828113394
0.07992378400297295,0,0.09094558051386828,328.16618723043257
0.12415484110227304,0,0.0753992162846836,328.1055153885936
0.11978037533965107,0,0.07134644613333413,328.0985335736848
0.05657784252909542,0.05,0.115800537957541,336.70886927494655
0.16932238787732212,0.00591785544504202,0,327.7898629875778
0.17333333333333334,0,0,327.3408092845477
0.1636899765938602,0.02938135639843637,0,330.99761462111894
0.12737489101147761,0,0.09146197394755803,328.1500994461747
0.16531144242131096,0.01183571089008404,0,328.3892929319789
0.14638874072581448,0.016705181766259538,0,329.08349941966986
0.10183649380912857,0.05,0.08435892427189029,336.74847840397774
0.1128797627599367,0.05,0.07388088847529678,336.6964845590202
0.1195078942326729,0.05,0.0454640565199683,336.51606891765175
0.1226606979395566,0.05,0.05047106571332084,336.5438380488945
0.11604023380831295,0.05,0.051307648802261005,336.56414016071363
0.15546291357527148,0.005568393922086513,0,327.84763375099567
0.1306571970152789,0,0.06340141321475927,328.034632547474
0.005695782463351506,0.05,0.1314102564102564,336.28425121220755
0.011391564926703013,0.05,0.1282051282051282,336.3521003075247
0.011391564926703013,0.05,0.1346153846153846,336.3487878721872
0.11166343958816377,0.05,0.08010402642853462,336.72475305061795
0.14633668092339716,0.049999999999999996,0.011578260047412248,336.10362316007536
0.09295528201579514,0.05,0.09703342623342709,336.78411492595194
0.1518534899978226,0,0.025184791745285873,327.7011169871045
0.07762289983275891,0.05,0.10405206241745803,336.7733871593586
0,0.05,0.1346153846153846,336.21047885535626
0,0.044408124405012225,0.13671922311775053,334.69097151473915
0.09496091083365513,0.05,0.093424252603701,336.7760660861453
0.07278230874004513,0,0.10016523882994352,328.1706036386434
0.06775955537485792,0,0.09692741237851592,328.1487756694019
0.06746316022293207,0,0.10329187631476813,328.1603002726369
0.0954513211864498,0.05,0.07721728628542061,336.7194655121176
0.10032127534406327,0.05,0.07176113158333598,336.69608533525746
0,0.044408124405012225,0.14312947952800695,334.6826396550497
0.15106588347729247,0.0442828335197543,0,334.3867175934649
0.14439921681062579,0.04428283351975429,0,334.42281203217874
0.1487984336212516,0.038565667039508596,0,333.0057375824033
0.01708734739005452,0.05,0.13782051282051283,336.40705230583717
0.011391564926703015,0.05,0.14102564102564102,336.34190447463686
0.14666666666666667,0.049999999999999996,0,335.961043138038
0.15333333333333335,0.05,0,335.9228156552528
0.14983500712836526,0.05,0.005789130023706125,336.01630700574384
0.06179876448807304,0,0.10603891755066766,328.14450460116984
0,0.01109099139827546,0.14964533306668798,328.624585071351
0,0.01663648709741319,0.14754492267695504,329.28944011546724
0.1361386623518228,0.05,0.027093726485158728,336.3107531801632
0.1411998933079895,0,0.037197433127295135,327.8404031044133
0.09846611318410181,0,0.0974992875448698,328.20244516464305
0.15812082149857373,0.02781685581788395,0,330.74703487200753
0.08600589831703047,0,0.08795466458154447,328.16821260224884
0.022783129853406005,0,0.12820512820512822,327.93031163352856
0.03417469478010901,0.05,0.12820512820512817,336.56797827746936
0.03417469478010902,0.05,0.12179487179487175,336.56800881719585
0.062095159639998884,0,0.09967445361441543,328.13456273046074
0.14316834046169857,0.049999999999999996,0.005789130023706125,336.0518935473941
0.028478912316757518,0.05,0.12499999999999997,336.5213936778807
0.12953083888178768,0,0.07333984666235188,328.0827215897098
0.128529306864895,0,0.07945198643603307,328.10921740693055
0.1557414936808048,0,0.0046282010960440045,327.4988089064288
0.15896099377859338,0,0.010559385667006108,327.5362704556341
0.13999999999999999,0.049999999999999996,0,335.99397409871335
0.02847891231675751,0.05,0.1314102564102564,336.51958331783857
0.10941976967706929,0.05,0.05214423189120116,336.5793372223343
0.11327434352655713,0.05,0.05663150792460758,336.60319555105775
0.11281707592591159,0,0.07332269939359079,328.1182496855121
0.03970525257683294,0,0.11197925561848175,328.04200765134095
0.034174694780109004,0,0.11538461538461539,328.0097008734952
0.13493752538400455,0,0.048183146116879155,327.936645193243
0.10638693823273394,0.05,0.0586831984552461,336.6234110183769
0.1514829873616096,0,0.009256402192088009,327.5653531292682
0.13263150846739516,0.049999999999999996,0.03274677511555037,336.3752609907729
0.12973428359319977,0.049999999999999996,0.028027066449545068,336.3435149945225
0.13748153351656847,0,0.05300401601666886,327.956018768599
0.028478912316757504,0,0.1185897435897436,327.97206911514155
0.1251563731191657,0,0.06928707651100241,328.0774645386603
0.1300940179485333,0,0.06837062993855557,328.0596604098628
0,0.022165782469954355,0.1453389151587975,330.0866317565976
0,0.027695077842495523,0.14313290764063996,331.0210519353869
0.12315330908538036,0,0.08151135605836479,328.1304796908739
0.1332414374776274,0.05,0.02237401781915343,336.2770278867654
0.16218049387638195,0,0.01649057023796821,327.5697661953013
0.08933334744350903,0.05,0.09258151096150849,336.76864522747525
0.1058537765121721,0,0.07529895265384745,328.1327404649173
0.08571141287122291,0.05,0.08812959568958989,336.749911900634
0.08459924192922574,0.05,0.09459689108806361,336.76717542712623
0.16643900019557717,0,0.011862369141924206,327.50147572670636
0.06252165803676644,0.05,0.10007373646612258,336.7133418934288
0.022783129853406005,0,0.1217948717948718,327.9303227774221
0.11982275095014913,0.049999999999999996,0.034613455044323053,336.4297069862087
0.12332990483457676,0.04999999999999999,0.02896040641393141,336.37140530257005
0.12622712970877215,0.04999999999999999,0.03368011507993671,336.4049197416467
0.017087347390054512,0,0.13141025641025644,327.88284394928496
0.02847891231675752,0.05,0.11858974358974357,336.51961999555465
0.10720868063788647,0.05,0.06970944105269747,336.6831702776849
0.12796281744695473,0,0.04802235694294331,327.9575950380786
0.12556918075015105,0,0.05375967341517984,327.9979497886817
0.12257610115867167,0,0.08751634981412726,328.15107788790016
0.16265572121065547,0.00591785544504202,0,327.83417847434276
0.039870477243460524,0.05,0.11858974358974356,336.60927920920653
0.034174694780109025,0.05,0.11538461538461536,336.5644553145543
0.139628373738182,0.05,0.022278378125143508,336.2495422533612
0.11635509052578918,0.049999999999999996,0.04045704732661576,336.48450278997234
0,0.00554549569913773,0.13892523063590811,328.1132539784272
0,0.01109099139827546,0.14323507665643156,328.63550979242916
0,0,0.14102564102564105,327.71622510501544
0.005695782463351503,0,0.14423076923076925,327.7678698110201
0.11381860794280427,0,0.0672105596199096,328.0903084506943
0.13735636933293213,0,0.03154378745856726,327.81441286609964
0.11288743010142924,0.05,0.046300639608908456,336.5343795353475
0.04560968178981728,0.05,0.10915138008398094,336.6389278490746
0.04556625970681202,0.05,0.12179487179487176,336.649135409943
0.14393511047258695,0,0.01977099801161043,327.69421568635204
0.07248591358811929,0,0.10652970276619572,328.1806451669776
0.07218951843619345,0,0.11289416670244795,328.1874674299181
0.1268370587190044,0.049999999999999996,0.023307357783539772,336.30802125829837
0.022783129853406022,0.05,0.12179487179487179,336.4694769378059
0.07984724171675325,0.05,0.09111747162051059,336.7476783961102
0.12106371422517294,0,0.0941823984156705,328.17242539183377
0.10685530852906477,0,0.06918681288016626,328.1064638779273
0.022783129853406015,0.05,0.13461538461538458,336.46601181097316
0,0.022238942202739958,0.15168086859935154,330.0858643614709
0.056430763905139854,0,0.10242149485031496,328.1165102661591
0.05613436875321401,0,0.10878595878656717,328.12486940434223
0.07384166968891542,0,0.09393649644619209,328.15970825281687
0.04558797074831465,0.05,0.11547312593942635,336.64577211308983
0.03989218828496315,0.05,0.11226799773429814,336.6041771399963
0.011391564926703008,0,0.12820512820512825,327.83461508181927
0.14722448104241437,0,0.013884603288132014,327.62843678746464
0.1004599458108908,0,0.09397070171188006,328.1945301044522
0.05093159283690838,0,0.1117790240574763,328.1039305190722
0.1033541067883986,0.05,0.06522216501929104,336.6623270560179
0.01708734739005451,0,0.12500000000000003,327.88446186033667
0.05076636817028082,0,0.10516853608621449,328.0946182764969
0.09989200911532531,0,0.07116306614042293,328.11739397273806
0.04540103504018444,0,0.11518438382360995,328.077957938783
0.04523581037355688,0,0.10857389585234811,328.0703134523415
0,0.011082870209064092,0.130305176251151,328.64667303436227
0,0.011082870209064092,0.12389491984089458,328.64781346526775
0,0.016624305313596138,0.12815007206903417,329.30776752869093
0.08346448102565135,0.05,0.06355780615903008,336.63823451902294
0.0867501860806536,0.05,0.06994856982906687,336.67721271080654
0.07996464144894877,0.05,0.06904228895193232,336.659733820702
0.09025002565735618,0.05,0.06446408703616463,336.6534332936962
0.06852125632411055,0.05,0.09182958797486873,336.71621620321406
0.14879624690860482,0.005568393922086513,0,327.8824533657596
0.1464975770066641,0.0330314976921693,0,331.81695420368146
0,0.016632426502807503,0.14107997247431475,329.2989263482661
0,0.02216172187534867,0.13887396495615723,330.0951333066188
0.011391564926703013,0.05,0.12179487179487178,336.35240433500894
0.005695782463351506,0.05,0.11858974358974358,336.28468101696353
0.01139156492670301,0.05,0.11538461538461536,336.3489222264436
0,0.016652855413169868,0.11534098398671525,329.3080398010628
0,0.011097145258850957,0.1174903757997351,328.64713799711063
0,0.011111420308637822,0.11108583175857566,328.6431804933135
0.023104346373060275,0.05,0.08997635915311021,336.4198268526643
0.01708734739005452,0.05,0.08653846153846155,336.3500840826569
0.022728133430646752,0.05,0.0840579630034401,336.3966497267536
0.03438591845424474,0.05000000000000001,0.08501536208306733,336.500306181156
0.028368919471238988,0.05,0.08157746446841865,336.43830021609136
0.03400970551183122,0.05,0.07909696593339721,336.47503555066993
0.03986555562458848,0,0.10549355941973812,328.03468647816766
0.10909843019804077,0,0.03939970621382436,327.93654429729224
0.1057690600065814,0,0.04527238217294888,327.97791345969864
0.11198296020133147,0,0.04471538922461003,327.96888455280344
0.011391564926703002,0.05,0.10256410256410253,336.3312627752768
0.005695782463351501,0.05,0.10576923076923075,336.2705626202955
0.005695782463351501,0.05,0.09935897435897435,336.2581736496576
0.12011473753447735,0.05,0.011658272409612314,336.2035257504971
0.11333333333333334,0.05,0.011547005383792538,336.2149473669883
0.11666666666666668,0.05,0.005773502691896269,336.1412868428672
0.01708734739005451,0,0.1185897435897436,327.8828219214621
0.022783129853406008,0,0.11538461538461539,327.9270685460833
0,0.038833442876169515,0.13248175803992954,333.3279760851314
0,0.033258761347326804,0.12824429296210854,332.1095321909758
0,0.038850636942314574,0.1261404544597426,333.3343754524719
0.011391564926703008,0,0.12179487179487182,327.83459382173845
0.005695782463351504,0,0.12500000000000003,327.78226441081165
0.02912134535606603,0.05000000000000001,0.09341425676775889,336.48357113614423
0.029121345356066024,0.05,0.09982451317801527,336.4993767372539
0.023104346373060268,0.05,0.09638661556336661,336.43754521871864
0.13333333333333333,0.04999999999999999,0,336.0216018346225
0.12666666666666668,0.049999999999999996,0,336.04412761643556
0.13103247671874585,0.0444658306526607,0,334.5270328543116
0.11531233039279085,0,0.038842713265485516,327.92521229291356
0.11864170058425022,0,0.032970037306361,327.8776713965772
0.11242780038950015,0,0.033527030254699844,327.89130649843963
0.017087347390054516,0.05,0.09294871794871795,336.36971521365604
0.01139156492670301,0.05,0.09615384615384615,336.3170105507285
0.011391564926703015,0.05,0.08974358974358976,336.2991973073631
0,0,0.11538461538461539,327.7226120917283
0,0,0.1217948717948718,327.7258318555329
0.005695782463351504,0,0.11858974358974361,327.7806438988689
0,0.005555710154318911,0.11323522357159552,328.11630022929336
0.03476213139665826,0.05000000000000001,0.09093375823273744,336.52239997529824
0.04083794543925657,0.05000000000000001,0.08703041681373193,336.554876792015
0.041214158381670085,0.05,0.09294881296340203,336.57561109412126
0.07287219392078541,0.05,0.07721564095724558,336.67856850547906
0.07833400815895847,0.05,0.07949140053380814,336.70322928132924
0.0747877843948768,0.05,0.08357807653646476,336.7094833087536
0.0629051003152018,0,0.08756691559566725,328.10755528388256
0.05716606118706423,0,0.08892401292937421,328.0883381979724
0.062462808280961075,0,0.09292571265394507,328.12059653252
0,0,0.12820512820512822,327.725852049444
0,0.027568895777805302,0.10460634648529862,330.9949095625336
0,0.033105170761310344,0.10892852963075389,332.0679981145977
0,0.02765428810388606,0.11109357636088246,331.01960389222893
0.13111814641670483,0,0.03201920407449851,327.8393554175761
0.13752786701276315,0.027833388560741263,0,330.85685537864043
0.14422794043797646,0.027650391427834854,0,330.7942952805241
0.1397975035814508,0.03321449482507571,0,331.8863156971311
0.13550183585368064,0.005533202114776835,0,327.93578906938524
0.13100367170736132,0.01106640422955367,0,328.4747387004167
0.128835169187014,0.005533202114776835,0,327.9572109836205
0.028800128836411774,0.05000000000000001,0.10600200017875122,336.5085688708257
0.02278312985340601,0.05,0.10897435897435895,336.4589960558234
0.023104346373060265,0.05,0.102796871973623,336.4517025659559
0.09996130995204193,0.05,0.04645802953860144,336.5449038011888
0.10310123317773169,0.05,0.052292434785209306,336.5848292618059
0.0967826966783941,0.05,0.05244063767921746,336.5857868459908
0.08036607603721367,0,0.08558678345559047,328.1514507209412
0.07828523278146102,0,0.07914276093121705,328.12537557741257
0.07472625375739687,0,0.08321890232963647,328.1310640668074
0.1448163206949429,0,0.009256402192088009,327.59724681976104
0.1490748270141381,0,0.0046282010960440045,327.5334561361732
0.14240816034747145,0,0.0046282010960440045,327.5637145520115
0.13860968821454359,0,0.009646563369564331,327.626481495945
0.08696432060235393,0.05,0.05807332336612784,336.61239323708537
0.09374986523405876,0.05,0.058979604243262394,336.62531189632733
0.04002585867234403,0,0.0990078632209945,328.0240306718729
0.045763762062274616,0,0.09533945869313411,328.0491462568312
0.040393507313306216,0,0.09225912226052413,328.0106783480656
0.06320119509416487,0.05,0.09310952569669832,336.6988883283069
0.017087347390054516,0.05,0.11858974358974358,336.41231035804054
0.12528362259556103,0,0.021026736982494316,327.7690604717885
0.12240305573414428,0,0.015810227238936908,327.7310681661413
0.11908209472848888,0,0.02178187740087025,327.7889996184938
0,0.05,0.12179487179487179,336.21424959217126
0,0.04442531847115729,0.12396766312730718,334.7012435471486
0,0.04442531847115729,0.11755740671705078,334.6988165258377
0.11841936934702568,0,0.043860153144346284,327.9535228613486
0.09318246226014104,0,0.07031624309642337,328.1114500669694
0.10666666666666665,0,0.02309401076758503,327.81564603692004
0.11288056686141673,0,0.022537017819246184,327.80507468634437
0.10999999999999997,0,0.017320508075688773,327.7641607300753
0.11620152786707214,0,0.01656536765731284,327.74954648753555
0.046610435366869964,0.05,0.09600968231382076,336.61949421006756
0.04728997242426839,0.05,0.08904547154439652,336.6038581280048
0.05268624940946827,0.05,0.09210634089481526,336.64466700634443
0.0797633685497725,0,0.06862259700842424,328.08583479159466
0.08184421180552515,0,0.07506661953279764,328.11707928310096
0.08647291540495677,0,0.0694694200524238,328.1009303399216
0,0.022118013120381017,0.10677139321542721,330.0826627198375
0.08024959863304984,0.05,0.08585383611302733,336.7316490607583
0.15333333333333332,0,0,327.4662048879421
0.01708734739005451,0,0.11217948717948718,327.8779953823308
0.022783129853406005,0,0.10897435897435898,327.9206277144881
0.05200671235206984,0.05,0.09907055166423949,336.65888347535844
0.05760395372311736,0.05,0.0960900386804689,336.681154643101
0.045930898309471536,0.05,0.102973893083245,336.6307377895473
0.03481712781941753,0.05,0.10302964138314348,336.55240771037296
0.035138344339071786,0.05000000000000001,0.09685215438240756,336.5413169330969
0.04053462132427166,0.05,0.09991302373282628,336.58827428664983
0.011391564926703006,0,0.10897435897435898,327.8249522529325
0.01708734739005451,0,0.10576923076923078,327.8699822429431
0,0.027708211314034892,0.13032665385781272,331.0360819697568
0,0.022174855346888046,0.12606771117332996,330.1052693574855
0,0.02772540538017995,0.12398535027762578,331.04039719932445
0.06820184740909864,0,0.0915686153202381,328.1371783928536
0.10621390019475008,0,0.03408402320303869,327.90107674628933
0,0.005541435104532046,0.119639767612755,328.1194283196134
0,0.005541435104532046,0.1260500240230114,328.12046798606303
0.0896067512477705,0,0.051774668585897105,328.01384115212335
0.09595569750180437,0,0.051379134118509584,328.01613875632984
0.09307116749851366,0,0.04606345110772391,327.9820798970401
0.01708734739005451,0.05,0.09935897435897434,336.38578532583807
0.07428396172315616,0,0.08857769938791428,328.1465413597971
0.034495911299763274,0.05,0.10920712838387941,336.56012050419207
0.04021340480461741,0.05,0.10609051073356221,336.5979147050515
0.13481121608161573,0,0.014664925643084654,327.68579972634944
0.12860458360121643,0,0.015055086820560976,327.7087257658923
0.13152184551178833,0,0.02055132036656307,327.747293240668
0.1248557784927199,0,0.043004917064082535,327.93397588582764
0.12152640830126052,0,0.04887759302320705,327.97881136820087
0.1097758354939137,0,0.06232847922793681,328.07170221100546
0.11673913490765318,0,0.06035222596768014,328.05237485505324
0.11269636245876265,0,0.05547014557570734,328.03229501678925
0.11913277160445684,0,0.0546149094954436,328.01721504476853
0.1324030557341443,0,0.01003672454704065,327.6518792188625
0,0.02218913039667491,0.11966316713217051,330.1062990348165
0.1028845300032907,0,0.03995669916216321,327.94401144765834
0.005695782463351502,0.05,0.11217948717948717,336.27943258310023
0.011391564926703004,0.05,0.10897435897435895,336.3419119937773
0.13772847799218765,0,0.02016115918908675,327.7226729401432
0.028478912316757518,0.05,0.11217948717948716,336.51438302094056
0.11327425031671637,0.05,0.023084823731900222,336.33667689724365
0.12005565451786039,0.049999999999999996,0.023196090757719997,336.324952212681
0.11654850063343275,0.049999999999999996,0.028849139388111636,336.3857348871412
0.05113401681124301,0,0.0984197951257441,328.08401447819
0.05150166545220519,0,0.09167105416527373,328.0698086079442
0,0.022157661280742987,0.1324090147535169,330.10025776158227
0,0.03301977843522959,0.10244129975517005,332.0399934118769
0,0.038679852290153055,0.1067557382983185,333.2804553720377
0.10281253608017424,0,0.06430473248819346,328.0858042345355
0.10573306304502317,0,0.05744639883596401,328.04956896903843
0.11321516730009941,0.04999999999999999,0.034622642080007884,336.44212049269817
0.10974750687573948,0.05,0.04046623436230058,336.4943097860571
0.10313992322568975,0.05,0.04047542139798542,336.49916496509854
0.10660758365004969,0.049999999999999996,0.03463182911569271,336.4495821821444
0.09942011375254753,0,0.0456679166403364,327.98200430978534
0.10230464375583824,0,0.050983599651122063,328.0144210977045
0.14209836019603828,0.038748664172415,0,333.0820676855527
0.135398286770825,0.03893166130532141,0,333.1535558278572
0,0.0331905630873911,0.11541575950633773,332.0923839953746
0.017087347390054512,0.05,0.11217948717948717,336.4070664506722
0.07264541050164422,0,0.07677487980526305,328.10258782868004
0.13313325194929948,0.016634798151640182,0,329.1288286233185
0.13763141609561882,0.011101596036863347,0,328.4553561220369
0.139760996337557,0.01666998995894986,0,329.1084321374383
0.13533055948103134,0.022234093356190723,0,329.92262089226705
0,0.05,0.1282051282051282,336.21412381489944
0.12953486120040547,0,0.005018362273520325,327.61320819747993
0.1333333333333333,0,0,327.55191047303794
0.12666666666666665,0,0,327.57163439350705
0.10627984645137953,0.05,0.046309826644593294,336.5415800210275
0,0.016667130462956734,0.1089364399455558,329.3032528837886
0.12433700504069464,0.01106640422955367,0,328.49351204006507
0.005695782463351506,0.05,0.125,336.2862257057212
0,0.005541435104532046,0.13246028043326782,328.118308082619
0.12356280840228802,0.05,0.017543042127328358,336.25908717758784
0.14101784856201505,0,0.014274764465608334,327.65903673354006
0.05679841254610204,0,0.09567275388984457,328.1042252680353
0.1376991433854125,0.0444658306526607,0,334.5012687841831
0.12798696245471236,0,0.03751206056929052,327.8883782523243
0,0.027691017247889832,0.13666795743799967,331.0285688026302
0.11999999999999995,0,0,327.58701174562316
0.11666666666666661,0,0.005773502691896257,327.64989173632455
0.12286819453373878,0,0.0050183622735203255,327.6304858683031
0.12174873953848506,0,0.03798747718522177,327.90733467199397
0.09303517053695542,0,0.05823746777073904,328.0529353420047
0.08632562368177116,0,0.05739064472673948,328.04149019899205
0.13620152786707213,0,0.005018362273520325,327.5915839583037
0.028745132413652508,0.05,0.08749586061808877,336.4625240942897
0.10865359000987213,0,0.05058806518373456,328.0086881762472
0.12689614173562136,0.05,0.011769539435432089,336.1868978641858
0.045396113421312424,0,0.10208819965360448,328.06112431788824
0.05760835322130494,0,0.08356521587109639,328.07385297724574
0.03433499782786455,0,0.10889891918587176,328.0042476616018
0.03449530087562009,0,0.10241322298712813,327.995459816587
0.0897540429709561,0,0.06385344391158143,328.07875842448567
0.028639215364513047,0,0.10569379098074357,327.96022758296334
0.0993841167909893,0,0.05784193330335153,328.05325978693753
0.08866577655474497,0.05,0.07631100540828606,336.7093775078883
0,0.016638580363383,0.1217455280278747,329.3095446826969
0.09653558374925682,0,0.04035223362955072,327.9464602263744
0.14666666666666667,0,0,327.499216843032
0.14212958024193817,0.005568393922086513,0,327.9128841666174
0.13999999999999999,0,0,327.52783998421586
0,0.044425318471157285,0.13037791953756359,334.700151386188
0.11576113372283348,0,0.027753527562803592,327.8429115751785
0,0.03327595541347186,0.12190298938192157,332.1131510542078
0,0.038850636942314574,0.11973019804948618,333.33291481484974
0,0.05,0.11538461538461538,336.2108561871717
0.06864413944333936,0,0.08620981826196028,328.12327071633547
0.06908643147758008,0,0.08085102120368245,328.10705263984755
0.0633473923494425,0,0.08220811853738942,328.0922036352752
0.14195830386928882,0.0222692851635004,0,329.90107677528505
0.09646358982614037,0,0.06470026695558098,328.0874529488764
0.028478912316757504,0,0.11217948717948718,327.96720059133884
0,0.011086930803669775,0.13677012645379127,328.6427799609245
0.12487992350047752,0,0.03249462069042976,327.860441594402
0.08304449611577183,0,0.06300662086758185,328.065488078816
0.12870281509277384,0.022198901548881045,0,329.93962877736067
0.0461314107032368,0,0.08859071773266375,328.03356612383504
0.02294343290116155,0,0.10248866277561536,327.91213490963054
0,0.01662836590820182,0.13461502227167443,329.3050354860074
0.08392505506127781,0,0.08151064205717105,328.1445385533191
0.08855375866070943,0,0.0759134425767972,328.1303246241468
0,0.03876524461623382,0.11324296817390234,333.3084945044156
0,0.04433992614507653,0.11107017684146693,334.6707429638025
0.053365786466866696,0.05,0.08514213012539101,336.6260580347475
0.058283490780515784,0.05,0.08912582791104467,336.6646233747416
0.13011473753447733,0.049999999999999996,0.005884769717716044,336.10731599072545
0.12436581005207918,0.04446583065266071,0,334.5476949703441
0.12873162010415834,0.03893166130532141,0,333.17745623220526
0.02278312985340602,0.05,0.11538461538461536,336.4660005588652
0.10954723352808339,0,0.028310520511142436,327.85501480139743
0.11678140420114401,0.05,0.017431775101508583,336.27341323196185
0.11000000000000001,0.05000000000000001,0.017320508075688808,336.28253301651586
0.12196266158990562,0,0.026998387144427656,327.82537568201695
0.017087347390054505,0.05,0.10576923076923074,336.39829441920295
0.04691375948185487,0.05,0.08312707539472641,336.5813064815908
0,0.027739680429966815,0.1175808062364663,331.0406793999805
0.1257363890674776,0,0.010036724547040651,327.6710572083928
0.05868584769681237,0.05,0.08386219240356141,336.648707045221
0.06360355201046146,0.05,0.08784589018921507,336.6846118174319
0.011391564926703006,0,0.11538461538461539,327.8313663374638
0.040461732496843046,0.05,0.08111202066406181,336.53096565356503
0.0764184176848671,0.05,0.07312896495458895,336.6706748975065
0,0.05,0.10256410256410256,336.19315576512054
0.11333333333333329,0,0.011547005383792514,327.7089413978086
0.09353573071235843,0.05,0.07085485070620143,336.689329882325
0.1330974301562375,0.033397491957982126,0,331.95083522973613
0.11508999915556634,0,0.04973282910347081,327.9958424142571
0,0.05,0.10897435897435898,336.20376548006266
0,0.044339926145076536,0.10465992043121053,334.6613048865387
0.08188023192304014,0.05,0.0754047245311515,336.6939277850729
0.10994091698338304,0.05,0.028858326423796467,336.39569258248855
0.08379582239713153,0.05,0.08176716011037069,336.7239871450503
0.03465560392337563,0,0.09592752678838451,327.9833373384508
0,0.022203405446461773,0.11325862309101105,330.10404667650744
0.02879951841226859,0,0.09920809478199993,327.9499199414664
0.09364277345270433,0.05,0.046606232432609584,336.5436931260635
0.09046416017905651,0.05,0.052588840573225604,336.5822099748893
0.1033333333333333,0,0.02886751345948128,327.8632531736038
0.12820088450613293,0,0.026522970528496413,327.80587716536894
0,0.03867985229015306,0.10034548188806208,333.26866992461896
0.005695782463351503,0,0.11217948717948718,327.7758288691942
0.06892361324040713,0.05,0.08656595246738547,336.7010701196062
0.06400590892675805,0.05,0.0825822546817318,336.66782591517847
0.06932597015670372,0.05,0.0813023169599022,336.68341464461986
0.13443910742236023,0,0.026047553912565163,327.7825222740704
0.10333333333333332,0.05,0.028867513459481298,336.4006984607925
0.10006840173339634,0.05,0.05883140134925424,336.6266286849954
0,0.044339926145076536,0.09824966402095413,334.64834780144173
0.09999999999999998,0,0.03464101615137753,327.90698214012633
0,0.033241567281181744,0.1345855965422955,332.1027153901848
0.09703557028906101,0.05,0.06537036791329918,336.66327034978343
0.10666666666666666,0.05,0.023094010767585053,336.34417878144865
0.14425916048387633,0.011136787844173025,0,328.4314373117688
0.005695782463351507,0.05,0.09294871794871795,336.24217829392586
0.126505507561042,0.016599606344330504,0,329.14468887731033
0.12344807086781069,0.05,0.005884769717716044,336.1275633944387
0.11953486120040545,0,0.010791864965416582,327.691931342528
0.09682138672635215,0.05,0.040623624291993565,336.50032048594954
0.07620438952570836,0,0.07269873840684364,328.0955152125958
0.13090012262450568,0.027798196753431585,0,330.8750108948359
0.12000000000000002,0.05,0,336.0615514441526
0,0.05,0.09615384615384615,336.17902704234524
0.09999999999999998,0.05,0.034641016151377546,336.45209205454745
0.0743854274785802,0.05,0.08884171204394803,336.72632571392273
0.1221685025203473,0.005533202114776835,0,327.9742863295026
0.051869314093167376,0,0.08492231320480335,328.05200066575895
0.03776880940963978,0.05,0.06967571847470894,336.4614120372972
0.04186745672824738,0.05,0.066239594372458,336.4730428824681
0.04220700014904642,0.05,0.07222471772889531,336.50502878583967
0.10644707417106275,0.03323358551473454,0,331.9747424256242
0.1020720289781963,0.03881253381290946,0,333.1952517955271
0.09976901276352616,0.033204015923993836,0,331.97075661731253
0.03259430026239444,0,0.06547570127013244,327.8631967088844
0.03320350704973218,0,0.07146854910725778,327.8940635518435
0.03698363278985108,0,0.0682198480306757,327.9046707288565
0,0.05,0.08974358974358974,336.1612266906753
0,0.04438326199800216,0.09202656074966196,334.64347380007143
0,0.044383261998002174,0.08561630433940556,334.6234272260082
0.05725352101724949,0.05,0.039928896234572596,336.3912257990642
0.06077541819745408,0.05,0.03442551289690987,336.3627491195141
0.06400044411725138,0.05,0.04011333302947481,336.4231302144995
0.10666666666666666,0.05,0.011547005383792538,336.22247160037375
0.06090428537822819,0.05,0.06742971419345495,336.5870887262009
0.0573394324710989,0.05,0.06193169709893598,336.5404960811676
0.06408635557110079,0.05,0.06211613389383819,336.572083946664
0.07679325961824784,0.05,0.0631911837328231,336.62109371727206
0.07043980759467432,0.05,0.06265365881333065,336.5989646608096
0.07362187778754692,0.05,0.0573400785137139,336.577924488633
0.02251731000593473,0.05,0.07816150073554562,336.3719549477257
0.028158096046526963,0.05,0.07568100220052418,336.4124528623927
0,0.05,0.08333333333333334,336.1398034160784
0,0.044383261998002174,0.07920604792914916,334.5997577290178
0,0.05,0.07692307692307693,336.11475721855436
0.005695782463351506,0.05,0.08012820512820513,336.19928821211147
0.011391564926703006,0,0.08333333333333334,327.767223242555
0.005695782463351503,0,0.08653846153846154,327.7246161825056
0.011391564926703006,0,0.08974358974358973,327.78649383678544
0.08029309919495042,0.05,0.05770670093992086,336.5977183500506
0.09666666666666668,0.05,0.017320508075688766,336.2874769611254
0.09333333333333332,0.05,0.02309401076758501,336.34414481565335
0.09000000000000001,0.05,0.017320508075688745,336.28240222874587
0.06725773740180171,0.05,0.0679672391129474,336.61605541538444
0.011391564926703008,0,0.10256410256410257,327.81534337017325
0.005695782463351504,0,0.10576923076923078,327.7678397707944
0.06057785361604297,0,0.07753589505070607,328.06489445640256
0.057808314882643416,0,0.07286367156402271,328.0350583238204
0.0548388144879054,0,0.07889299238441304,328.04543408731445
0.09666666666666664,0,0.017320508075688773,327.768556695235
0.09333333333333331,0,0.011547005383792514,327.715538661901
0.08999999999999998,0,0.017320508075688773,327.76415105014127
0.09000000000000001,0.05,0.005773502691896248,336.1509778876819
0.08666666666666668,0.05,0,336.07398057898143
0.09333333333333335,0.05,0,336.0815683467708
0.03759283957718882,0,0.07421269586780103,327.93399258825843
0.041372965317307726,0,0.07096399479121895,327.9436083635556
0.09666666666666665,0,0.02886751345948128,327.8632337869592
0.08333333333333334,0.05,0.005773502691896248,336.14084078760453
0.08666666666666667,0.05,0.011547005383792497,336.21448268975246
0.08000000000000002,0.05,0.011547005383792516,336.20205221942655
0.0771217173642495,0.05,0.05185559572081165,336.55267305586915
0.07363366397123068,0.05,0.04587298758019563,336.50115831805994
0.08030488537863419,0.05,0.04623961000640261,336.5213455000217
0.02823759168806478,0,0.08048708514240925,327.894177826796
0.03381271383706992,0,0.07746139694438312,327.9220493239673
0.02819903231021775,0,0.07448961088622366,327.8714741113536
0,0,0.08974358974358974,327.67789739818426
0,0,0.09615384615384616,327.6938550844083
0.005695782463351503,0,0.09294871794871794,327.74223032273284
0.011391564926703013,0.05,0.08333333333333334,336.27773050014565
0.01118074150199099,0.05,0.07743687106543884,336.2523514537738
0.04585044734113489,0,0.08243534111799661,328.01284879142065
0.04963057308125379,0,0.07918664004141453,328.0214061379199
0.09015472005968551,0.05,0.040623624291993565,336.49544013532926
0.09333333333333334,0.05,0.034641016151377546,336.44961077176976
0.005695782463351503,0,0.08012820512820513,327.7037606522772
0.011353005548855974,0,0.07733585907714774,327.74592178718683
0.10333333333333333,0.05,0.017320508075688787,336.28752055704877
0.0866666666666667,0.05,0.02309401076758501,336.33663572026404
0.06354735401078099,0,0.07150657423031574,328.0521267505099
0.06077781527738144,0,0.06683435074363239,328.02087337527695
0.05377457956396961,0.05,0.056433680004417015,336.48951006642375
0.0605215026639715,0.05,0.056618116799319225,336.5240256570737
0.09548685221581366,0.005527113041596334,0,327.99742783645917
0.09999999999999999,0,0,327.60675196192886
0.10215081948531732,0.0055375592533634015,0,327.99903397761864
0.016876523965342494,0.05,0.08064199927056706,336.3265418782997
0.11982115785934534,0.016603963482917074,0,329.1612444794787
0,0.011111420308637824,0.10467557534831926,328.63449639751866
0,0.005555710154318912,0.10682496716133912,328.1087735243757
0.0319850934750567,0,0.059482853433007105,327.82944879508983
0.036374426002513345,0,0.06222700019355036,327.8724677986193
0.046697947814625884,0,0.061853477841134805,327.93134053427934
0.050361332464078236,0,0.06742164605763538,327.97698572006175
0.05190618922127748,0,0.06155983018413331,327.956456053437
0.12424269109862628,0.027753417802595957,0,330.88661916146333
0.03437464056127373,0,0.08977215017371737,327.96588704151503
0.04011254395120431,0,0.08610374564585699,327.9915945333905
0.06987587176824467,0,0.07210265631857969,328.075832908829
0.06631689274418053,0,0.07617879771699909,328.0808531720334
0,0.033063114288155226,0.09621819648387792,332.0354760751711
0,0.02760635606588941,0.09203308954148168,330.9736449419475
0,0.033106450141080865,0.08999509321258577,332.02753747034285
0.0668133757818765,0,0.056669119785261055,327.99171183251434
0.06379559552962896,0,0.06175173526444672,328.0078125402262
0.07012411328709267,0,0.062347817352710666,328.0318088801633
0.10422284846351364,0.027683426399606192,0,330.9045477581364
0.10199862275596452,0.022133267284477842,0,329.9725572033485
0.10867668416350111,0.02216283687521855,0,329.97336659580844
0.01708734739005451,0,0.09294871794871795,327.84430993893164
0.022943432901161548,0,0.08966814995510253,327.8831204280744
0.01708734739005451,0,0.08653846153846154,327.8266456265664
0.02266246953905965,0,0.0835127733404354,327.8623765943289
0.11536103386519778,0.022158479736631986,0,329.9642033405239
0.11313680815764866,0.016608320621503636,0,329.1731846763261
0.11765265533899799,0.011070761368140235,0,328.5082743174523
0.005695782463351506,0.05,0.08653846153846154,336.22254471448224
0.07361118942537524,0.05,0.06850476403243985,336.64027044688476
0.11333333333333334,0.05,0,336.0740635486891
0.09999999999999999,0.05,0.023094010767585032,336.34667736677915
0.09666666666666665,0.05,0.028867513459481277,336.40070809092066
0.08000000000000003,0.05,0.023094010767585032,336.32412817798956
0.08333333333333338,0.05,0.02886751345948128,336.38568848715227
0,0.016661254898115204,0.10258628627303099,329.2925486770979
0,0.011105544743796294,0.09832542167579443,328.62194317061346
0.07343485079230881,0,0.06802651492016029,328.0682048407077
0.07025847273248473,0.05,0.028795679041325403,336.3506738339062
0.07333333333333336,0.05,0.02309401076758505,336.3066143191007
0.07666666666666672,0.05,0.028867513459481298,336.3706626051988
0.08348805339301887,0.05,0.040623624291993565,336.48553055910764
0.0866666666666667,0.05,0.034641016151377546,336.44210026339067
0,0.016649503768432147,0.08988597892798136,329.26151704201584
0,0.02210626199069796,0.09407108587037759,330.05514008038625
0,0.016655379333273677,0.09623613260050617,329.2786367298403
0.005695782463351504,0,0.09935897435897437,327.7566343173284
0,0,0.10256410256410256,327.70665710858106
0.1264399986303581,0.0333527130071465,0,331.9632558604331
0,0.011099669178954764,0.09197526800326962,328.6061822031414
0.11000000000000001,0.05,0.005773502691896269,336.1513050118282
0.06718361213163607,0.05,0.03449734731506576,336.3898040644583
0.06385027879830271,0.05,0.02872384462316951,336.32590058763486
0.11758525957274689,0.027708638851760333,0,330.8934261174217
0.12204538356689444,0.022154122598045417,0,329.9504246799184
0.10999999999999996,0,0.005773502691896257,327.65865868727457
0.07981263576063151,0,0.04600072968111668,327.9637841209904
0.07661038534470802,0,0.040289512202943495,327.91948368717453
0.07322077068941601,0,0.045938008254509444,327.94790080817774
0.07666666666666669,0.05,0.0057735026918962675,336.12596904954836
0.07333333333333336,0.05,0.011547005383792535,336.1846154324863
0.07645263104455635,0,0.06294389944097462,328.05178136554804
0.07973375861055568,0,0.05732792330013225,328.0299326578226
0.0731418935393402,0,0.05726520187352501,328.0140268523969
0.09666666666666666,0.05,0.005773502691896248,336.1561986988691
0.10333333333333333,0.05,0.005773502691896269,336.15637387009184
0.1,0.05,0.011547005383792518,336.2248777850289
0.011391564926703006,0,0.09615384615384615,327.80252799026596
0.11090090987105022,0.0277129959903469,0,330.90442783646427
0.11312513557859934,0.03326315510547525,0,331.9736931898201
0.07040863805143338,0.05,0.0401851674476307,336.44775890287343
0.10666666666666663,0,0.011547005383792514,327.7155414127355
0.0604785469370468,0.05,0.04561671636713753,336.4496935188354
0.06722547003704869,0.05,0.045801153162039754,336.4789558862565
0.05260007347599181,0,0.0731573192210242,328.01276330908513
0.05556957387072983,0,0.06712799840063388,328.000311295201
0.048908366927111556,0.05,0.05688663981548016,336.4647882216795
0.052473219834240845,0.05,0.06238465690999912,336.517592623484
0.04760700719738279,0.05,0.06283761672106225,336.4917998005297
0.09097370443162733,0.011054226083192668,0,328.5181436838314
0.09763767170113101,0.011064672294959735,0,328.5231450793148
0.08986891708259015,0,0.040352233629550725,327.94200566484255
0.086404500831847,0,0.04606345110772392,327.975319169547
0.022306486581222702,0.05,0.07226503846765112,336.34414434148755
0.027818552625727924,0.05,0.06969587884408684,336.3818327756452
0.016665700540630473,0.05,0.07474553700267257,336.29988384673237
0.07681683198561537,0.05,0.04025700186578659,336.46760311626844
0.07359180606581807,0.05,0.034569181733221654,336.4120745344237
0.08000000000000007,0.05,0.034641016151377546,336.42956052941014
0.11104171185953313,0.04442105170182509,0,334.562539572411
0.11770837852619981,0.04442105170182509,0,334.55189009470695
0.022623910161212613,0,0.0775152990842498,327.84111236668184
0.02258535078336558,0,0.07151782482806421,327.817018131889
0,0.011099669178954765,0.08556501159301323,328.58760465721514
0,0.005549834589477383,0.08765430066830149,328.0663606011971
0.06119868066726619,0.05,0.07795805375958272,336.6374018785219
0.05839145240777435,0.05,0.07333385283743363,336.60409178858197
0.06371151363772003,0.05,0.07205391511560402,336.6220834189573
0.03810835283043882,0.05,0.07566084183114626,336.49165216322297
0.04230861528716924,0,0.05910933108059155,327.8928189779292
0.04076375852996999,0,0.06497114695409362,327.9129504168756
0.048659027134058244,0.05,0.07423977245955991,336.55555668413774
0.04456037981545065,0.05,0.07767589656181086,336.5448811638195
0.070450495956846,0.05,0.05148897329460468,336.53022613478475
0.028518555050166684,0,0.08664246175707638,327.91625393336193
0,0.03876652399600433,0.08148901893522138,333.23356452196384
0.017048788012207477,0,0.08054098728227593,327.8068208867143
0.017010228634360445,0,0.07454351302609034,327.7841661397167
0.08666666666666664,0,0.02309401076758503,327.8090608795075
0.09333333333333331,0,0.023094010767585025,327.8156234236309
0,0.02764969191881505,0.08580998627018954,330.9625697454328
0.04824280457182513,0,0.05599166196763272,327.90876256838897
0.08000000000000002,0.05,0,336.061476522302
0.01708734739005451,0,0.09935897435897435,327.858755477724
0.06651874189721188,0.05,0.07667811603775311,336.6541920584302
0.11548415281865063,0.005537559253363401,0,327.9872552821088
0.07666666666666667,0.05,0.01732050807568878,336.25741750694016
0.0379192827597126,0,0.056365184320048285,327.8517610363061
0,0.005555710154318912,0.1004147107510827,328.0980304643918
0.106452458455952,0.016612677760090202,0,329.18050946785246
0.11096830563730131,0.011075118506726801,0,328.51842118951856
0.08,0,0.034641016151377546,327.88731988913156
0.0832022504159235,0,0.04035223362955073,327.9331454152164
0.08666666666666666,0,0.03464101615137754,327.8982796608908
0.09000000000000001,0.05,0.028867513459481277,336.3957129018371
0.08436365045199654,0.044391482111084374,0,334.5485162713232
0.0910303171186632,0.04439148211108438,0,334.55750579997283
0.06370357285684411,0.05,0.05130453649970248,336.503605815378
0.0672684257639734,0.05,0.05680255359422144,336.5531297495253
0.08333333333333334,0.05,0.017320508075688766,336.2724130261501
0.10430163897063466,0.011075118506726801,0,328.52361981292654
0,0,0.10897435897435898,327.71624277768774
0.09754478705597705,0.027653856808865486,0,330.89963263569274
0.09533465548646086,0.022122821072710776,0,329.969999783851
0.09333333333333335,0.05,0.011547005383792497,336.2222528332277
0.06710633303484512,0,0.06743043283189634,328.0465510352684
0,0.03872318814307869,0.09412237861676995,333.2639742555809
0.06013221088017662,0,0.056183567047946144,327.9645718103121
0.057114430627929084,0,0.061266182527131806,327.97880807753126
0.12207418857827895,0.03888688235448579,0,333.18576410973515
0.04739183206934021,0,0.0734509668780257,327.98770479928646
0.09539396757065971,0.03878296422216875,0,333.18741101947063
0.07642302110533952,0,0.05164922573268263,327.9906761497248
0.03409367719917183,0,0.08361677355905026,327.9454577033539
0.08872730090399306,0.03878296422216875,0,333.181936018851
0.02879951841226859,0,0.0927978383717435,327.93535099870263
0.09769698378532986,0.044391482111084374,0,334.56157903973224
0.05345104597847673,0,0.055698014310631226,327.93290453650155
0.04978766132902438,0,0.05012984609413065,327.88316275218773
0.04515309105742663,0,0.06771529371463687,327.95089664985886
0.10875009038573288,0.038842103403650165,0,333.19805752746777
0.09978849118644835,0.01660223154832314,0,329.18116614178837
0,0.03876652399600433,0.08789927534547778,333.25585731842045
0.09312452391694469,0.016591785336556072,0,329.1772961538527
0.005657223085504472,0,0.07413073087201955,327.68098248139273
0.055878619437320524,0.05,0.07923799148141232,336.61708155809754
0.083792938771653,0.05,0.05222221814701863,336.57000100257056
0.016454877115918448,0.05,0.06884907473477808,336.27010998795464
0.021966943160423667,0.05,0.0662799151112138,336.31139851647276
0.09999999999999998,0,0.023094010767585025,327.81783593949996
0.07000000000000002,0.05,0.0173205080756888,336.2374156711158
0.03742926598884075,0.05,0.06369059511827162,336.42783079254355
0.10666666666666667,0.05,0,336.08162634252824
0.016971669256513413,0,0.06854603876990475,327.7586813855733
0.021976143996027844,0,0.06552497699093887,327.7855960929033
0.08999999999999998,0,0.028867513459481284,327.8588783171122
0.010969918077278967,0.05,0.07154040879754436,336.2238565801918
0.083014886176555,0,0.05171194715928987,328.00443278305204
0,0.005549834589477383,0.08124404425804509,328.0458515951208
0,0.005549834589477383,0.09406455707855789,328.0836282172722
0.044470176187704914,0.05,0.05433764056129378,336.42123750284776
0.05020972665684033,0.05,0.05093566290989805,336.43413068196963
0.02294343290116155,0,0.09607840636535893,327.89923705563905
0.039831580589102404,0,0.07994836903118986,327.96953167749007
0,0.033149785994006496,0.08377198994129362,332.0161775973924
0.04316881645797615,0.05,0.06028861746687589,336.44896317308786
0.027589825522880012,0,0.06849676304909832,327.84177020579887
0.10333333333333332,0,0.005773502691896257,327.66307182335333
0.005484959038639483,0.05,0.07423174286031065,336.172072323725
0,0,0.08333333333333334,327.6586983219592
0,0,0.07692307692307694,327.63625785573294
0.05603807274137014,0.05,0.06788267400451808,336.5660036555779
0.05101240680046247,0.05,0.07969095129247546,336.59252088954685
0.053525239770916305,0.05,0.07378681264849676,336.5812689189952
0.08333333333333331,0,0.028867513459481284,327.850117159171
0.09333333333333332,0,0.03464101615137753,327.9048337445556
0.06314999113242414,0,0.051100951568760475,327.9472956704319
0.06983115603412404,0,0.05158650430607539,327.97257125214134
0.09309095135598958,0.03317444633325313,0,331.9617357648853
0,0.022149597843623595,0.08784798259908544,330.0443495603073
0.10437504519286644,0.04442105170182509,0,334.5682397394178
0.10666666666666665,0,0,327.6045257046981
0.10881748615198397,0.005537559253363401,0,327.99532153729933
0.03367016209103218,0.05,0.07311184257695988,336.4465412021899
0.03333061867023314,0.05,0.06712671922052256,336.414705734882
0.027479009204928885,0.05,0.06371075548764951,336.34787157006997
0.07006496566129355,0.05,0.07259144003509649,336.64875498707346
0.05117186010451208,0.05,0.06833563381558122,336.5420292196843
0.05695664975684221,0.05,0.05112009970480026,336.4715739977729
0.1033333333333333,0,0.017320508075688773,327.7685599218796
0.0436117063292213,0,0.07669966795460778,327.9797819828852
0.056468826230724266,0,0.05061539883144556,327.917492837114
0.038730625718569514,0.05,0.05773961821268951,336.4030369917733
0.11541675705239957,0.038842103403650165,0,333.18927067659604
0,0.027563020212963772,0.09825619281277381,330.9812988703399
0,0.02211213755553949,0.10042123954290241,330.07050527039524
0.11978256710447872,0.03330793405631087,0,331.9708751804611
0.09666666666666665,0,0.005773502691896257,327.6630722991635
0.08697610678603769,0.05,0.046606232432609584,336.5364137076006
0.1,0.05,0,336.08423982566995
0.09999999999999998,0,0.011547005383792514,327.71774124654274
0.06692513939915137,0.05,0.023022176349429158,336.2841227715021
0.04630564746765402,0.05,0.06878859362664436,336.5151654185201
0.03299107524943411,0.05,0.06114159586408524,336.3795291487463
0.011314446171008944,0,0.07133838482096216,327.7217903246729
0.11333333333333329,0,0,327.59794563259624
0.08646055664744103,0.016581339124789003,0,329.16889950404544
0.026980618735542274,0,0.06250391521197299,327.8091852294088
0.043853472044368486,0,0.053247515207089466,327.869665688672
0.053731623837044905,0.05,0.04543227957223532,336.41501965321595
0.09088081978647339,0.02764341059709842,0,330.89386112276173
0.08867068821695721,0.022112374860943713,0,329.96291570248184
0.05106091821263131,0.04434300626351187,0,334.41489726383725
0.046666666666666676,0.05,0,335.92233582351327
0.04439425154596466,0.04434300626351186,0,334.37508564051444
0.07666666666666666,0,0.02886751345948129,327.8368420119982
0.07335972009315406,0,0.03425114557773433,327.8688832326242
0.07,0.05,0.005773502691896267,336.1058788369169
0.06669305342648738,0,0.022704140193941826,327.7594614282095
0.0600176773815071,0,0.022410058078256842,327.7326837563447
0.06338610685297479,0,0.028087772312194868,327.7909575459175
0.0253142133495135,0.025602770862321975,0,330.2397476728717
0.027100932488252683,0.03167868556477208,0,331.369335731801
0.021836759208085747,0.030490613213132865,0,331.09406986626277
0.05736342170779886,0.05,0.02856483906935199,336.29523239989913
0.06043828230864751,0.05,0.022863170795611638,336.25570530747046
0.010795531034385705,0.0037487604507432694,0,327.46062545549074
0.014924395402104745,0.007497520901486539,0,327.80498205264877
0.008257728735438079,0.007497520901486539,0,327.74535980634306
0,0.005540105643147679,0.068444335490007,327.99423204880236
0,0.011080211286295358,0.06637585046719346,328.51003828660026
0,0.011080211286295358,0.07278610687744988,328.53858859149045
0.07974788045993664,0.033127121955500834,0,331.9318776944196
0.08420928433844692,0.027619748408222275,0,330.8806274377265
0.0864194159079631,0.033150784144376985,0,331.9491892015746
0.06435878167063672,0.04436781992220823,0,334.48496384825785
0.06871756334127345,0.038735639844416456,0,333.1236020265388
0.0710254483373034,0.044367819922208236,0,334.5091192796126
0.005524195309306268,0.03198973584272011,0,331.22761513187777
0,0.03333333333333334,0,331.43601948671954
0,0.027777777777777783,0,330.37548976471044
0.026387865699232824,0,0.04640920384014419,327.7150075346678
0.02197868606171425,0,0.04109326046932329,327.64722658857573
0.021667562434984605,0,0.047993918993212245,327.6887347911877
0.055482264756960706,0.005359278206970003,0,327.88552787380564
0.06215836289373747,0.005505667053939281,0,327.92501849658964
0.05764062765069821,0.010864945260909285,0,328.4110409765787
0,0.011289820255272809,0.04718187232755388,328.42682514785525
0,0.005644910127636404,0.042821705394546175,327.86166178982234
0,0.011857455213254892,0.04016822062439082,328.4422026533024
0.029419258662905345,0,0.024371195350491495,327.57998212820996
0.025334674506568587,0,0.02935559843482075,327.5892373971047
0.03278871896221186,0,0.029834538295028072,327.6458106351337
0,0.024847045068920187,0.030413264586317452,330.16078706373645
0,0.029449170391533656,0.025442891374750302,330.9336317768458
0,0.03105645488098492,0.030325445021562505,331.2827120147657
0.005960210016975106,0,0.02885632208897371,327.42206714485496
0.011920420033950212,0,0.032071618536921774,327.5004043872722
0.011920420033950212,0,0.025661362126665362,327.45146274519
0.06666666666666665,0,0,327.5518393767163
0.06882502956040415,0.005505667053939281,0,327.9480290792667
0.06666666666666667,0.05,0,336.02146913874304
0.07333333333333335,0.05,0,336.04399907665123
0.07002638675982073,0,0.028477642885838077,327.8160800027468
0.005120342368306838,0.04999999999999999,0.010687291810838781,335.6832020712674
0.010240684736613676,0.04999999999999999,0.014964327211421153,335.788762388797
0.005120342368306838,0.049999999999999996,0.01709754822109519,335.75167329216356
0.04003608479499824,0,0.010120570350086497,327.52627435478007
0.036711460839978526,0,0.004641149773875221,327.4543385865104
0.03342292167995706,0,0.009282299547750441,327.47696047111833
0.07769211500397008,0.044367819922208236,0,334.52822221870986
0.04429786284725479,0.010718556413940006,0,328.328979401633
0.04644679427088219,0.01607783462091001,0,328.9646648187526
0.039966178964655485,0.015598227683627,0,328.8656235567662
0.037254529363385164,0.05,0.025565258874562343,336.14445625440493
0.04382195121787526,0.05,0.02637653558149873,336.19772917181064
0.04046321246256866,0.05,0.03114305766512998,336.2183631693692
0.043424396054911545,0,0.036918934134867146,327.76346912366694
0.04660602869196796,0,0.04352439011449889,327.825560969044
0.0500365283421139,0,0.037971576226604645,327.805991792536
0.01652647870570732,0.05,0.06302954296503085,336.240268332394
0.059899325880870206,0,0.045062584943551316,327.8976946036181
0.06658049078257008,0,0.04554813768086623,327.9253802694831
0.06332982553101615,0,0.039509771055657075,327.8741660443945
0.01771505728527921,0.03620169390766243,0,332.22541604651474
0.022979230565446148,0.03738976625930165,0,332.5364110995758
0.026972482040283262,0,0.05618144700409816,327.77634033081927
0,0.03290868142769673,0.07711809427044644,331.94160445411785
0,0.027639962972485346,0.07942053391240786,330.93816833273434
0,0.027398858406175574,0.07276663824156068,330.8674718363392
0.0733333333333333,0,0.011547005383792525,327.6825116531825
0.07666666666666665,0,0.005773502691896262,327.6367066633918
0.06999999999999998,0,0.005773502691896262,327.61908165094144
0.03674754563497677,0,0.014761720123961715,327.5479264808793
0.03013438251993559,0,0.013923449321625661,327.49670414759026
0.0335038428192421,0,0.019386792266162238,327.56690549171725
0.053315914576706085,0,0.010958841152422554,327.6042152128156
0.046649247910039424,0,0.010958841152422554,327.57115797699026
0.04997387186505914,0,0.01643826172863383,327.6370803631026
0,0.016934730382909213,0.051542039260561584,329.12898281624945
0,0.017502365340891293,0.04452838755739852,329.1600248987242
0,0.02217104241733967,0.04977607028495186,329.86968703150535
0.02604979836359883,0,0.018907852405954915,327.51067996664807
0.005657223085504471,0,0.06131021805150672,327.6235136343893
0.011306309475749933,0,0.05860566020283092,327.6617353029296
0.005649086390245463,0,0.0549877498436319,327.59026012039266
0.05772758487929797,0.04434300626351186,0,334.4492809465793
0.05333333333333333,0.05,0,335.96082523633567
0.03694572105500607,0.05,0.004803220431142359,335.9174268156779
0.0302790543883394,0.05,0.004803220431142359,335.86570531351174
0.033333333333333354,0.05,0,335.829556946752
0.07533733011352123,0.022067266684410513,0,329.93062332372904
0.07753774889042046,0.027596086219346127,0,330.86262880884686
0.07087592623501095,0.027574640231689075,0,330.8403524015814
0.005649086390245462,0,0.04216723702311907,327.51322012746874
0,0,0.044871794871794886,327.47542753061884
0.005649086390245462,0,0.04857749343337549,327.55335864025466
0,0.022547145604442397,0.019641323896552352,329.6976202580634
0,0.02185453062941587,0.01375193685359945,329.5360293634517
0,0.027149270927055866,0.014670950684985206,330.41622134236303
0.039999999999999994,0,0,327.42883849376636
0.04214893142362739,0.005359278206970003,0,327.81703729330434
0.035668316117400685,0.004879671269686994,0,327.73881500547634
0,0.027742152332814185,0.004277641007404566,330.41562804197997
0,0.022150971332295027,0.008555282014809132,329.53087227038026
0,0.02218659677725863,0.004277641007404566,329.49267579292246
0.07333333333333332,0,0.023094010767585042,327.7825487902048
0.07666666666666665,0,0.017320508075688783,327.7421129988198
0.06999999999999998,0,0.017320508075688787,327.7244402237516
0,0.022139868897293892,0.08145853024130377,330.02156941154146
0.06644514822057143,0.03307864610792832,0,331.88269194508564
0.0642447294436722,0.02754982657299271,0,330.81277798724585
0,0.027445711629935025,0.009474295846194886,330.4171889476024
0.05017980957616282,0.05,0.0056144971380787485,336.0140453080566
0.05369295248565897,0.05,0.011228994276157497,336.0997071278287
0.047026285818992306,0.05,0.011228994276157497,336.0615594564777
0.029743854144087162,0,0.03467154180564165,327.6605412711453
0.03719789859973043,0,0.03515048166584898,327.7137171541538
0.02005004006934656,0.02441469851068276,0,329.99700068539437
0.016572585927918805,0.029302540861493642,0,330.82245409369165
0.016963532561254407,0,0.06222357056202994,327.7289813193429
0.04666666666666665,0,0,327.46622587848776
0.015177254986331575,0.02328378769173903,0,329.7710022834836
0,0.03549802723440269,0.007880216370512269,331.9754046164828
0,0.03303689263045418,0.005196654838790319,331.4339842048931
0,0.035794467937281846,0.00268356153172195,331.9814546594784
0.04356116387384327,0,0.04836139362511248,327.83916433858656
0.04336070875001795,0,0.015599990926297772,327.59471855271676
0.04011700593428328,0,0.020225063068498295,327.61559959855754
0.032365105768419625,0.0328667579164113,0,331.6482516903065
0.028243403845613087,0.038577838610940864,0,332.8510562456038
0.07999999999999997,0,0.011547005383792521,327.69794465101234
0.011048390618612536,0.025090582796551318,0,330.02628467914286
0.005524195309306268,0.02643418028716455,0,330.1989459433438
0.005524195309306268,0.020878624731608994,0,329.30819270485404
0.08199915276893074,0.022088712672067565,0,329.94899489572197
0.07979873399203151,0.01655989313713195,0,329.15443276732503
0,0.0055555555555555575,0,327.49870539487216
0.004128864367719039,0.009304316006298826,0,327.8755665545401
0,0.011111111111111115,0,328.01751781324975
0,0.029515722145368566,0.03566094731387079,331.03067739412353
0.027224775443345447,0.05,0.009606440862284718,335.8972744772432
0.030837163165018167,0.05,0.014409661293427078,335.9817058977291
0.025678451144985615,0.05,0.013883476262867091,335.9318477222951
0,0.005644910127636404,0.04923196180480259,327.90195849351477
0,0.011289820255272809,0.053592128737810295,328.46548376677185
0.005960210016975106,0,0.03526657849923012,327.46917946733276
0,0,0.03846153846153847,327.4334927421507
0.020000000000000018,0.05,0,335.71345341927093
0.024121701922806552,0.04428891930547043,0,334.20612348859197
0.026666666666666686,0.05,0,335.7745685964723
0.03781724754102808,0.010238949476656996,0,328.24034762672585
0.073136911336622,0.016538447149474896,0,329.13539698733746
0.06867550745811171,0.02204582069675346,0,329.90768270846894
0.08666666666666664,0,0.011547005383792514,327.70894181590387
0.08999999999999998,0,0.005773502691896257,327.65866512936617
0.08333333333333331,0,0.005773502691896257,327.6498998839833
0.05059268646283706,0.05,0.02747068732542536,336.249356159942
0.054004682952492264,0.05,0.03333136115298324,336.32037121764006
0,0.022222222222222227,0,329.45287599274565
0.032510368468616116,0.05,0.05596225516743414,336.3447318821715
0.03824991893775152,0.05,0.05256027751603841,336.3668418107378
0.04184928680210452,0.038631925568982296,0,332.9647245161605
0.037455035256139885,0.04428891930547044,0,334.3138882129549
0.023378127506645197,0,0.00464114977387522,327.36191942010754
0.026666666666666665,0,0,327.34082253703474
0.019999999999999997,0,0,327.2903373741133
0.017999600712033298,0,0.004117728649829512,327.3145691716136
0.030788368589473217,0.04428891930547044,0,334.2630692642343
0,0.02726255832435453,0.05972088170602192,330.778232204377
0,0.02733495638806233,0.05386549150768202,330.7571681881366
0,0.03249887035878499,0.05795491273041219,331.76379553499396
0,0.006212545085618486,0.02298754087087029,327.7630458854571
0,0,0.019230769230769235,327.2876609091422
0,0.005519930110591957,0.01709815382791739,327.6559433498681
0.031336632234801376,0.009759342539373987,0,328.14850476032456
0.017912807964720927,0.05,0.03742939123830036,336.0808245884673
0.012356247336292574,0.05,0.033119744250301036,335.9866548034469
0.01853437100443886,0.05,0.030448847144682323,336.0280399933267
0,0.0383567129270926,0.05591558098493073,333.01374193051834
0,0.044214555495400196,0.05387624923944926,334.4259933363353
0,0.0441421574316924,0.059731639437789155,334.4428703197557
0.031692785304531484,0,0.05459673185103012,327.80116886997774
0,0.01863763525685546,0.030501084151072402,329.2130447371391
0,0.012425090171236972,0.033154568921227756,328.45455871657146
0,0.012425090171236972,0.026744312510971344,328.4048404947894
0.0469608885920831,0.05,0.04433812782830869,336.36800936732374
0.04398946940688692,0.05,0.04915829986464267,336.3836444073515
0,0.03829600748313057,0.01680356608783705,332.6871349403429
0,0.03520158653152353,0.013076871209302588,331.96682606262533
0,0.04105358278995824,0.014290472780768679,333.30832508366535
0.006666666666666665,0,0,327.1755274263733
0.0041288643677190396,0.0037487604507432694,0,327.3989210769974
0.05664924791003941,0,0.016732343844318813,327.6706677955874
0.053342301336526815,0,0.022115975962571855,327.70143860554504
0.02721076027279971,0.05,0.04055199823098206,336.1926869385887
0.026589197233081778,0.05,0.047532542324600094,336.2389198773748
0.02225100259890135,0.05,0.04248096678145022,336.16248367239643
0.021965214207262072,0,0.02389225549028417,327.5208344181077
0,0.016559790331775872,0.0128329230222137,328.78175217192046
0,0.01659541577673947,0.008555282014809132,328.7454974942742
0.08430703776496068,0.01105422608319267,0,328.5097861216885
0.07764521510955116,0.011032780095535617,0,328.4946310530439
0,0.03842911099080039,0.04364993437633442,332.9485796276925
0,0.0442145554954002,0.04746599282919285,334.38342675183947
0,0.038429110990800396,0.05006019078659084,332.99322943559145
0,0.045755288231016544,0.029309977716371748,334.6415562172623
0,0.04575528823101655,0.035720234126628156,334.69601559017224
0,0.0415105764620331,0.03297892979171786,333.59449993576277
0,0.03852541942969456,0.07483512326437422,333.1509778336478
0,0.011089940232625061,0.07917555923523154,328.5647695334314
0,0.005540105643147679,0.0748545919002634,328.0213402323866
0.015907313729202937,0.04680832072501051,0,334.78961867862654
0.013333333333333345,0.05,0,335.64703026843404
0.009240647062536264,0.04680832072501051,0,334.7191270705656
0.021577520424792513,0.05,0.019229871546618836,335.95046006840016
0.020519739124953064,0.049999999999999996,0.013357291232307103,335.87829522917235
0,0.05,0.00641025641025641,335.57040294112903
0,0.04690557904839296,0.00909381794197836,334.74450546560416
0,0.04690557904839296,0.00268356153172195,334.6684814234906
0,0.034184399221816944,0.04090863004142413,331.99748906350555
0,0.03996984372641675,0.03831443208402614,333.26758664812587
0,0.05,0.01282051282051282,335.6432726488442
0,0.04690557904839296,0.01550407435223477,334.8141682796188
0.018857528642639614,0.043100846953831214,0,333.8557491550413
0.014764842371842533,0.03990916767884173,0,333.0383916690046
0.022038544750212538,0.05,0.060460383341466584,336.28005595368813
0.01659808029549619,0.05,0.05721001119528365,336.2072621506522
0.02211014634000141,0.05,0.05464085157171937,336.24554886472254
0.0570262858189923,0.05,0.01700249696805376,336.1801298579179
0.06351314290949615,0.05,0.01716150252187128,336.2112489307883
0.06017980957616282,0.05,0.011387999829975015,336.1332859566228
0.02584398482381546,0.05,0.030680250651498205,336.09860268872626
0.03315359864319206,0.05,0.03091165415831409,336.1620437474071
0.030182179457995884,0.05,0.03573182619464807,336.1791951385585
0.05665795728835303,0,0.005479420576211277,327.56774305905327
0.04999129062168637,0,0.005479420576211277,327.5369663308182
0.01747658970459941,0.05,0.024576266830370584,335.9632682152731
0.011298466036453125,0.05,0.02083690752573289,335.8612347046259
0.016418808404759965,0.05,0.018703686516058853,335.8942710236178
0,0.017945020281828927,0.024611697108119498,329.06989114273495
0,0.0172524053068024,0.0187223100651666,328.92612695432877
0.07999999999999999,0,0,327.58702525437974
0.07549169622707082,0.005505667053939281,0,327.9666513045645
0.07333333333333332,0,0,327.57162649423753
0.010626477395675071,0,0.020153537918290398,327.39550171725887
0.016586687412650177,0,0.02336883436623846,327.47328782185014
0.016955395865995395,0,0.055901102354155116,327.69607642025153
0.021968007300768835,0,0.059202508783064045,327.7543236104933
0.021959870605509822,0,0.052880040575189226,327.71984629522245
0,0.02188903538465442,0.06841518221267492,329.9286235951026
0,0.016725121413931763,0.06432576098994475,329.1717346117783
0,0.021993839869143147,0.06202332134798333,329.91303153065064
0.0633333333333333,0,0.005773502691896262,327.59706828111183
0.05999999999999998,0,0,327.5276639018159
0,0.05,0.0641025641025641,336.05334731633866
0,0.05,0.05769230769230769,336.0169749031822
0.04673016904932446,0,0.021063333870834353,327.65986344394634
0.041752898103394664,0.021674142386077105,0,329.72293832083705
0,0.05,0.05128205128205128,335.97649154208926
0.005556560628428353,0.05,0.04918144185979419,336.0318580370704
0.005556560628428353,0.05,0.0555916982700506,336.0737235811596
0.02162943955918342,0.05,0.049461510875068254,336.2068916606867
0.01729124492500299,0.05,0.04440993533191839,336.1285084049348
0.04685489570505748,0,0.0313661202469729,327.74201183669396
0.05346702799225984,0,0.032418762338710404,327.78269229030036
0.0393043220582444,0.03292084487445273,0,331.70883805569383
0.034910070512279755,0.03857783861094087,0,332.903832619687
0.022334982784067356,0.004879671269686994,0,327.6437580332425
0.02900164945073402,0.004879671269686994,0,327.693445580878
0.017569506424195674,0,0.03577731709850238,327.5752835523459
0.017258382797466033,0,0.04267797562239134,327.6195499477893
0.03740458501950826,0.05,0.015220938000363466,336.04128741222297
0.034045846264201665,0.05,0.019987460083994713,336.0655704971915
0.05999129062168636,0,0.01125292326810754,327.63567154008723
0,0.05,0.019230769230769232,335.7097811284603
0.006178123668146286,0.05,0.022970128535406927,335.8233953185641
0,0.05,0.02564102564102564,335.77256283170465
0.037059001935907145,0.0272704501512442,0,330.61746727802165
0.03057838662968044,0.02679084321396119,0,330.48614475331607
0.05096452951392145,0.010718556413940006,0,328.3645281794512
0.05312289240765895,0.016224223467879287,0,329.01819979022355
0.023612387721672734,0.05,0.004803220431142359,335.80785698442384
0.018453675701640183,0.05,0.004277035400582372,335.7523465902396
0.01666968188528506,0.05,0.05139047942553643,336.1710914427294
0,0.006212545085618486,0.0293977972811267,327.81387410591435
0,0.034051295714147126,0.020472518163183157,331.7973484589262
0,0.03244401122469586,0.015589964516370958,331.4223281086545
0.05999999999999999,0.05,0,335.99388670857746
0,0.02784188590208239,0.020560337727938104,330.59502834917816
0.02675625501329039,0,0.00928229954775044,327.4307083445999
0.011314446171008942,0,0.06492812841070573,327.69321209304314
0.005657223085504471,0,0.06772047446176313,327.65386033443883
0,0.03565858020359838,0.025355071809995355,332.1828456194503
0.005484959038639482,0.05,0.06782148645005423,336.14161508110664
0.010969918077278965,0.05,0.06513015238728795,336.1917578920467
0,0.05,0.07051282051282051,336.0859414214627
0,0.044142157431692405,0.06614189584804557,334.47790306172413
0.02706990401389977,0.05,0.052711883021251196,336.2783008647563
0.027550610794717757,0.05,0.0578912237179023,336.3150281000615
0.03749179327737248,0.05,0.035963229701463956,336.2382937349653
0.02994491554400856,0.05,0.02533385536774646,336.0849886925748
0.04869211439321944,0.021728229344118537,0,329.77142219348383
0.0553682125299962,0.021874618191087814,0,329.8277789473218
0,0,0.07051282051282054,327.61059179345483
0.006178123668146286,0.05,0.029380384945663335,335.8833727684833
0.006178123668146286,0.05,0.03579064135591975,335.9384303234898
0.01333333333333333,0,0,327.23505957918024
0.01746219770105237,0.0037487604507432694,0,327.5180754761101
0.011298172780490926,0,0.052283191994956096,327.6270536799551
0.06666666666666664,0,0.011547005383792525,327.6626603884237
0,0,0.025641025641025647,327.33959912827464
0.005960210016975106,0,0.0224460656787173,327.3716272142476
0,0,0.06410256410256412,327.5817011780811
0.04371205052732588,0.05,0.037740592746719336,336.29608686312366
0.0407406313421297,0.05,0.04256076478305332,336.31386966593556
0.0633246239550197,0,0.017026425960003803,327.699787749137
0.019797180485119727,0.008628431720430263,0,327.9505887078008
0.017259378186172104,0.012377192171173532,0,328.316587856901
0.030044794173311858,0,0.00464114977387522,327.4102880648275
0.033333333333333326,0,0,327.3869895769191
0.011787009034973511,0.049999999999999996,0.004277035400582371,335.68419343316344
0.006666666666666672,0.05,0,335.57293646378207
0.022289809688443893,0,0.03419260194543433,327.60186873103044
0.04351314290949616,0.05,0.005614497138078748,335.9730127956795
0.040458863964502205,0.05,0.010417717569221108,336.0094397054654
0.01173468429657464,0.05,0.04010028834391907,336.03680180802144
0.05684647624282948,0.05,0.0056144971380787485,336.04964987985295
0,0.005519930110591957,0.004277641007404566,327.53809178159224
0,0,0,327.11174091569234
0.09333333333333332,0,0,327.6045344683312
0,0.02213013995096419,0.0750690778835221,329.99544344461845
0,0.05,0.03205128205128205,335.83042464003637
0,0.016631041221703072,0.004277641007404566,328.7076394939092
0,0.01666666666666667,0,328.66817817082506
0,0.05,0,335.49117200531487
0.005120342368306838,0.049999999999999996,0.004277035400582371,335.6083696222721
0.06333333333333332,0.05,0.005773502691896267,336.08073613202794
0.03348556365842878,0.01511862074634399,0,328.76337120328577
0.028791667490941253,0.020714928511511084,0,329.4893634426511
0.027004948352202074,0.01463901380906098,0,328.6579077583114
0.04399821822573191,0.027324537109285632,0,330.67200239703874
0,0.05,0.038461538461538464,335.88336655345546
0.005556560628428353,0.05,0.042771185449537785,335.9859397374983
0,0.05,0.04487179487179487,335.93195542551365
0.03452037409217631,0.05,0.04078340173779794,336.25456470944005
0.088820185549147,0.005527113041596334,0,327.99214030858894
0,0.011185015770784085,0.05998398960250188,328.48946355218544
0,0.005644910127636405,0.055642218215059006,327.93901816455934
0,0.016630045875772742,0.07710707421241801,329.21585345419226
0,0.006212545085618487,0.03580805369138312,327.86137471824196
0.06666666666666668,0.05,0.011547005383792535,336.1619124528741
0.040000000000000015,0.05,0,335.87841847011003
0.04881559809029405,0.005359278206970004,0,327.85350537457407
0.01690735140328035,0.05,0.008554070801164744,335.7882115899362
0.0220660634233129,0.05,0.009080255831724731,335.84459019243417
0.023527494210774318,0.019526856159871868,0,329.27548524026764
0.04037953123678685,0,0.04175593764548073,327.77868577748694
0.037334666418662156,0,0.04659294115609431,327.7910383941039
0.019377328930711795,0,0.012876607073534243,327.406864441612
0.021377728218678494,0,0.008758878423704732,327.3852982168402
0.0159992014240666,0,0.008235457299659023,327.336988397153
0,0.0415105764620331,0.026568673381461447,333.5385231033618
0,0.038284314863384794,0.06818122759352703,333.06476381740214
0,0.03242647229507719,0.06381030292875209,331.78157618378015
0,0.038284314863384794,0.06177097118327062,333.03107074662165
0.055455169758595955,0.03868601252702373,0,333.05595120966115
0.010240684736613676,0.04999999999999999,0.008554070801164743,335.7183284266207
0.015361027104920516,0.049999999999999996,0.012831106201747114,335.8210484183604
0.011609296407220568,0,0.03897227706081073,327.5464827425286
0.013998802136099898,0,0.012353185949488532,327.3575950507315
0.06997010543786208,0,0.03989964162930028,327.89900508957345
0,0.005540105643147679,0.06203407907975059,327.9638993121227
0,0.02323976057946893,0.025530710939505253,329.858600558673
0.012356247336292573,0.05,0.02670948784004462,335.92948160685285
0.031548954906980134,0.05,0.04560357377413192,336.2671760927936
0.011814627458405854,0.04361664145002102,0,333.91376929035937
0.005147960791739182,0.04361664145002102,0,333.8392092250742
0.03687330311854861,0,0.024850135210698815,327.6336331812058
0,0,0.0512820512820513,327.51412528643925
0.02475585572532369,0,0.01340002819757995,327.453234140565
0.020671271568986935,0,0.018384431281909207,327.4651716650066
0.043486466233589795,0,0.025688406013034872,327.6797990615975
0.040242763417855126,0,0.0303134781552354,327.6968872160564
0.05053942872848845,0.05,0.016843491414236245,336.1440584525048
0.05395142521814365,0.05,0.022704165241794118,336.2223355108961
0.04718068997318185,0.05,0.021610013497867488,336.17296093285586
0.00809817570517586,0.03435361212328617,0,331.7349695669538
0.002573980395869591,0.035697209613899404,0,331.95928587598763
0.0820557654559666,0.03875930203329261,0,333.165515710889
0.07538423000794013,0.03873563984441646,0,333.14433045908254
0,0.0379591618383512,0.010563777902234218,332.5459386371731
0,0.03825560254123036,0.0053671230634439,332.55600344133785
0.01067215610104545,0.036717488403852236,0,332.26901953534497
0.048788503091929294,0.03868601252702373,0,333.02024531641877
0.07999999999999999,0,0.023094010767585035,327.79802275132533
0.011048390618612536,0.030646138352106875,0,331.0230933342018
0.0046662673786999655,0,0.004117728649829511,327.1971010361038
0.05333333333333331,0,0,327.4991676811709
0.05664866062931626,0,0.03902421831834216,327.844070294374
0.024669965568134715,0.009759342539373987,0,328.0996148279751
0.050937434515556684,0.027378624067327065,0,330.7211664198406
0.057613532652333446,0.02752501291429634,0,330.7803449560457
0,0,0.05769230769230771,327.5495860096119
0.08333333333333331,0,0.017320508075688777,327.7553499409497
0.022635301724631962,0.05,0.025102451860930575,336.01839949402597
0.026736232444825064,0.05,0.019756056577178827,336.00295479549345
0.005147960791739182,0.03806108589446547,0,332.5092477985709
0.002573980395869591,0.04125276516945496,0,333.2249673445689
0,0.01662031692944304,0.07071762185463634,329.18800293304474
0.04332462395501971,0,0.005479420576211276,327.5017440205449
0.0046662673786999655,0,0.016938241470342334,327.3135848385045
0.009332534757399931,0,0.014645713709915433,327.33689621903426
0.032029661687798125,0.05,0.05078291447078303,336.3072808635206
0.011113121256856706,0.05,0.04708083243753711,336.081848033923
0.03762697458918737,0,0.0514790627380713,327.8223703987072
0,0.01807000029887338,0.03751473585423547,329.1880455390208
0.009332534757399931,0,0.008235457299659021,327.2790524144502
0.03140047713400627,0,0.04971061026905313,327.7709475778609
0.026680173869758045,0,0.051295325422121174,327.7466446162458
0,0.01682992589842049,0.05793390012525318,329.15206123951316
0.04624353834806916,0.032974931832494156,0,331.7640533248659
0,0.03257126842249279,0.0520995225320723,331.7428312073841
0.011041519667067836,0.05,0.059310620617540735,336.16000908961826
0.005484959038639482,0.05,0.061411230039797815,336.1073795304559
0.03527228279716796,0.021194535448794096,0,329.60775642749104
0,0.016639774822102445,0.08349652657019968,329.24035815718264
0.07098339245414165,0.011011334107878561,0,328.4749069411322
0.015292744774375039,0,0.017861010157863497,327.4167636714376
0.06431672578747497,0.011011334107878561,0,328.45306125067856
0.06647508868121248,0.016517001161817844,0,329.1117921640827
0.059798990544435715,0.016370612314848564,0,329.06724223866695
0,0.03888888888888889,0,332.63742099737857
0,0.044444444444444446,0,333.989138503577
0,0.0413500234928374,0.0026835615317219496,333.2498100437148
0,0,0.012820512820512825,327.2322326688232
0,0.005519930110591957,0.010687897417660979,327.598623444479
0.017880630050925318,0,0.028876658574613426,327.52716750196936
0.016947259170736386,0,0.04957863414628029,327.65996668829933
0.06671944018630813,0,0.03386127500409112,327.84608612853884
0,0.011732475196210443,0.020854925468018443,328.2797124297928
0,0.011039860221183913,0.014965538425065544,328.1539737707942
0,0,0.006410256410256413,327.1735926710066
0.03776921215693353,0.05,0.0473809368193873,336.3279928776262
0.01133293404536663,0,0.004117728649829511,327.25796228279563
0.011298172780490926,0,0.04587293558469969,327.58871144285166
0,0.045755288231016544,0.02289972130611534,334.5821769494396
0,0.03990329197258184,0.021686119734649248,333.1075906167262
0.050098598520792154,0,0.026741048104772378,327.72314895271563
0.011113121256856706,0.05,0.053491088847793515,336.12509576100865
0,0.044214555495400196,0.041055736418936443,334.3368074118609
0.02213216326918709,0.013508102990117257,0,328.48553807509495
0,0.03572513195743329,0.03557312774911584,332.2842011932644
0,0.03726586469304965,0.030237625456807554,332.5788195902269
0,0,0.03205128205128206,327.38820973927756
0.07307634501191018,0.03310345976662469,0,331.9098012434202
0.03415303378160574,0,0.039987485176462556,327.72768305504826
0.012386593103157118,0.011246281352229806,0,328.15105710372933
0,0.02740735445177013,0.048010101309342135,330.73292049307236
0.05321816097917032,0,0.044577032206236405,327.86548168614473
0,0.040716737145178865,0.00805068459516585,333.15966583229783
0.056710730807994505,0,0.02779369019650988,327.76205467680256
0,0.03274045192757502,0.010393309677580637,331.42942041220476
0.04723394770753046,0.05,0.03223720940905661,336.2722425675918
0.004128864367719039,0.014859871561854383,0,328.48405997128043
0.009653059677025306,0.019071829626796707,0,329.08849240725215
0,0.0271577538398658,0.0661127425707135,330.7931480120144
0.060079160279462196,0,0.03347140443044791,327.81892857687575
0,0.02273867737532175,0.042762418581788794,329.912022346549
0.05048278577228769,0.05,0.038834744490645966,336.346531705181
0.007721941187608772,0.040424962175031526,0,333.0859052544693
0.022872565638619283,0.05,0.035500422687832184,336.112974905433
0.026698989325962468,0,0.039508545316255236,327.67240786995393
0.0046662673786999655,0,0.010527985060085922,327.2569488160529
0.05318275463789393,0.03302901879053559,0,331.8138974978229
0.002573980395869591,0.04680832072501051,0,334.6409648086894
0,0.043811158096785915,0.01177737947370031,333.96412984756466
0,0.043811158096785915,0.0053671230634439,333.8913126991515
0.018654709127759333,0.018395945340928144,0,329.0763011977041
0.05981395142923268,0.03305383244923196,0,331.8507240298866
0.062086366549934706,0.038710826185720096,0,333.09220592653224
0,0.04414215743169239,0.07255215225830197,334.50915749566025
0,0.023306312333303835,0.035748766878625736,329.9513362194145
0.06204431066677296,0.02202100703805709,0,329.8796431781323
0,0.03264366648620059,0.04624413233373241,331.71868320095024
0.043972006873998354,0.05,0.016032214707299854,336.09540493048155
0,0.02209864435363187,0.05563146048329175,329.89403441520005
0.04061326811869176,0.05,0.0207987367909311,336.12199771314135
0.013622371014482127,0.03301001463267294,0,331.5145358150857
0.031108168963481043,0,0.04482448868707614,327.7387849187397
0.03389144211001212,0.05,0.00960644086228472,335.95185595821755
0,0.044148003741565287,0.01801716765930314,334.1162859469448
0,0.03266757686138696,0.07046419859959926,331.8634039829138
0,0.011039860221183913,0.008555282014809132,328.09476220033486
0.08215351888248033,0.005527113041596335,0,327.98249470513315
0.008257728735438077,0.013053076457042095,0,328.3116862822485
0.013781924044744345,0.01726503452198442,0,328.8805366201629
0,0.02797498940975221,0.04099644960617907,330.7865490406849
0.08666666666666666,0,0,327.59795889914824
0,0.011075485666147515,0.004277641007404566,328.0569416681518
